id_acidente;codloga;logradouroA;codlogb;logradouroB;alt_num;referencia;data;cod_acid;tipo_acidente;dp;numero_BO;sentido;pista;automovel;moto;onibus;caminhao;bicicleta;moto_taxi;onibus_fretado;onibus_urbano;microonibus;van;vuc;caminhonete;carreta;jipe;outros;sem_informacao;carroca;princ_a;paiA;princ_b;paiB;cod_distrito;distrito;vit_ferida;vit_morta
D011300420;2476;ATILIO INNOCENTI, RUA PROF;;;165;;06/01/2013 14:25;2;CH;15;120; ; ;3;0;0;0;0;0;0;0;0;0;0;0;0;0;0;0;0;2476;ATILIO INNOCENTI, RUA PROF;;;34;ITAIM BIBI;1;0
D011300379;33683;PAULO VI, AV;11935;LISBOA, RUA;0;;06/01/2013 14:47;2;CO;14;116; ; ;1;1;0;0;0;0;0;0;0;0;0;0;0;0;0;0;0;11935;LISBOA, RUA;33683;PAULO VI, AV;63;PINHEIROS;2;0
D011300766;17295;RODRIGUES, RUA DOS;;;481;;06/01/2013 15:00;2;CO;28;183; ; ;1;1;0;0;0;0;0;0;0;0;0;0;0;0;0;0;0;17295;RODRIGUES, RUA DOS;;;50;LIMAO;1;0
D011301430;62008;BELISARIO BENITEZ, RUA;;;60;;06/01/2013 15:30;2;QM;62;214; ; ;0;1;0;0;0;0;0;0;0;0;0;0;0;0;0;0;0;62008;BELISARIO BENITEZ, RUA;;;49;LIBERDADE;1;0
D011301143;20543;ALTO DE VILA PIRAJUSSARA, AV;;;726;;06/01/2013 15:40;2;CT;47;248; ; ;1;1;0;0;0;0;0;0;0;0;0;0;0;0;0;0;0;20543;ALTO DE VILA PIRAJUSSARA, AV;;;29;FREGUESIA DO O;1;0
D011300388;17590;SAGARANA, RUA;;;82;;06/01/2013 17:00;4;AT;14;223; ; ;1;0;0;0;0;0;0;0;0;0;0;0;0;0;0;0;0;17590;SAGARANA, RUA;;;39;JAGUARA;1;0
D011301387;2516;AUGUSTO CARLOS BAUMAN, RUA;;;591;;06/01/2013 17:30;2;CF;32;151; ; ;1;1;0;0;0;0;0;0;0;0;0;0;0;0;0;0;0;2516;AUGUSTO CARLOS BAUMAN, RUA;;;36;ITAQUERA;1;0
D011301314;15507;TEOTONIO VILELA, AV SEN;;;7000;;06/01/2013 19:10;4;AT;101;153; ; ;1;0;0;0;0;0;0;0;0;0;0;0;0;0;0;0;0;15507;TEOTONIO VILELA, AV SEN;;;23;CIDADE DUTRA;1;0
D011301575;99894;CACHOEIRA MORENA, RUA;;;832;;06/01/2013 19:28;4;AT;54;274; ; ;1;0;0;0;0;0;0;0;0;0;0;0;0;0;0;0;0;99894;CACHOEIRA MORENA, RUA;;;25;CIDADE TIRADENT;1;0
D011301257;12196;ESTRELA SOLITARIA, RUA;;;176;;06/01/2013 19:28;4;AT;98;231; ; ;0;1;0;0;0;0;0;0;0;0;0;0;0;0;0;0;0;12196;ESTRELA SOLITARIA, RUA;;;29;FREGUESIA DO O;1;0
D011301554;46936;JACU-PESSEGO/NOVA TRABALHADORE, AV;;;15000;;06/01/2013 21:30;2;CO;53;131; ; ;1;0;0;0;0;0;0;0;1;0;0;0;0;0;0;0;0;46936;JACU-PESSEGO/NOVA TRABALHADORE, AV;;;46;JOSE BONIFACIO;1;0
D011300201;9715;JABAQUARA, AV;;;1259;;06/01/2013 22:16;4;AT;16;213;C; ;0;0;0;0;0;0;0;1;0;0;0;0;0;0;0;0;0;9715;JABAQUARA, AV;;;79;SAUDE;1;0
D011300474;16337;ELISEU DE ALMEIDA, AV;11612;LAUDO FERREIRA DE CAMARGO, AV MIN;0;;07/01/2013 00:29;2;CH;34;393; ; ;1;0;0;0;0;0;0;0;0;0;0;0;0;0;0;0;0;11612;LAUDO FERREIRA DE CAMARGO, AV MIN;16337;ELISEU DE ALMEIDA, AV;96;VILA SONIA;1;0
D011301576;45523;IGARAPE DA MISSAO, RUA;;;663;;07/01/2013 01:16;2;QM;54;281; ; ;0;1;0;0;0;0;0;0;0;0;0;0;0;0;0;0;0;45523;IGARAPE DA MISSAO, RUA;;;25;CIDADE TIRADENT;1;0
D011300381;16919;REBOUCAS, AV;;;623;;07/01/2013 01:50;2;SI;14;163; ; ;2;1;0;0;0;0;0;0;0;0;0;0;0;0;0;0;0;16919;REBOUCAS, AV;;;44;JARDIM PAULISTA;1;0
D011301207;12134;ANTONIO RAMOS ROSA, RUA;;;188;;07/01/2013 06:02;4;AT;92;84; ; ;0;1;0;0;0;0;0;0;0;0;0;0;0;0;0;0;0;12134;ANTONIO RAMOS ROSA, RUA;;;45;JARDIM SAO LUIS;1;0
D011300520;35449;BANDEIRANTES, VIA DOS;;;23000;;07/01/2013 06:24;2;CT;46;89; ; ;1;0;0;0;0;0;0;0;0;0;0;1;0;0;0;0;0;35449;BANDEIRANTES, VIA DOS;;;64;PIRITUBA;1;0
D011300904;36927;SAVERIO VALENTE, RUA;;;42;;07/01/2013 06:40;2;CH;74;76; ; ;0;1;0;0;0;0;0;0;0;0;0;0;0;0;0;0;0;36927;SAVERIO VALENTE, RUA;;;52;MARSILAC;1;0
D011300715;16496;PORANGATU, RUA;;;320;;07/01/2013 07:19;2;CH;19;60; ; ;1;0;0;0;0;0;0;0;0;0;0;0;0;0;0;0;0;16496;PORANGATU, RUA;;;36;ITAQUERA;1;0
D011301208;2208;ARISTODEMO GAZZOTTI, RUA;;;500;;07/01/2013 07:25;2;CH;92;89; ; ;0;1;0;0;0;0;0;0;0;0;0;0;0;0;0;0;0;2208;ARISTODEMO GAZZOTTI, RUA;;;45;JARDIM SAO LUIS;1;0
D011300056;5245;CONSOLACAO, RUA DA;;;2195;;07/01/2013 07:46;2;CO;4;127; ; ;1;1;0;0;0;0;0;0;0;0;0;0;0;0;0;0;0;5245;CONSOLACAO, RUA DA;;;26;CONSOLACAO;1;0
D011301611;9580;ITAQUERA, AV;;;2100;;07/01/2013 07:50;2;CO;66;83; ; ;0;1;0;0;0;0;0;0;0;0;0;0;0;0;0;1;0;9580;ITAQUERA, AV;;;24;CIDADE LIDER;1;0
D011301739;16838;RAIMUNDO PEREIRA DE MAGAL., AV;;;0;NADA CONSTA ;07/01/2013 08:00;2;CH;72;1460; ; ;1;0;0;0;0;0;0;0;0;0;0;0;0;0;0;0;0;16838;RAIMUNDO PEREIRA DE MAGAL., AV;;;31;GUAIANASES;1;1
D011300658;36061;LUIZ DUMONT VILLARES, AV;;;707;;07/01/2013 08:00;2;CO;9;128; ; ;1;1;0;0;0;0;0;0;0;0;0;0;0;0;0;0;0;36061;LUIZ DUMONT VILLARES, AV;;;22;CIDADE ADEMAR;1;0
D011300087;19583;VERGUEIRO, RUA;;;1835;;07/01/2013 08:30;2;CO;5;231; ; ;1;0;0;0;1;0;0;0;0;0;0;0;0;0;0;0;0;19583;VERGUEIRO, RUA;;;33;IPIRANGA;1;0
D011301277;9220;INTERLAGOS, AV;19931;WASHINGTON LUIS, AV;0;;07/01/2013 08:30;4;AT;99;62; ; ;1;0;0;0;0;0;0;0;0;0;0;0;0;0;0;0;0;9220;INTERLAGOS, AV;19931;WASHINGTON LUIS, AV;72;SANTO AMARO;1;0
D011301090;6238;NACOES UNIDAS, AV DAS;;;18700;;07/01/2013 08:40;2;CO;11;198; ; ;1;1;0;0;0;0;0;0;0;0;0;0;0;0;0;0;0;13014;MARGINAL DO RIO PINHEIROS, AV;;;90;VILA LEOPOLDINA;1;0
D011300762;3771;INAJAR DE SOUZA, AV;;;1067;;07/01/2013 09:00;2;CO;28;89; ; ;1;1;0;0;0;0;0;0;0;0;0;0;0;0;0;0;0;3771;INAJAR DE SOUZA, AV;;;50;LIMAO;2;0
D011300283;449;ALBA, RUA;;;998;;07/01/2013 09:30;2;CO;35;170; ; ;1;1;0;0;0;0;0;0;0;0;0;0;0;0;0;0;0;449;ALBA, RUA;;;37;JABAQUARA;1;0
D011300057;16957;REGO FREITAS, RUA;;;377;;07/01/2013 09:50;4;AT;4;135; ; ;1;0;0;0;0;0;0;0;0;0;0;0;0;0;0;0;0;16957;REGO FREITAS, RUA;;;7;BELA VISTA;1;0
D011301015;12381;LUTECIA, RUA;14861;ODETE GOMES BARRETO, RUA;0;;07/01/2013 10:00;2;CO;31;111; ; ;1;0;0;0;0;0;0;0;0;0;0;1;0;0;0;0;0;12381;LUTECIA, RUA;14861;ODETE GOMES BARRETO, RUA;20;CARRAO;1;0
D011300142;10177;JOAO BOEMER, RUA;6432;EMIDIO PIEDADE, RUA CEL;0;;07/01/2013 10:47;2;CO;12;110; ; ;1;1;0;0;0;0;0;0;0;0;0;0;0;0;0;0;0;6432;EMIDIO PIEDADE, RUA CEL;10177;JOAO BOEMER, RUA;57;PARI;1;0
D011301508;37209;NAGIB FARAH MALUF, AV;37190;FRANCISCO ALBANI, RUA;0;;07/01/2013 11:00;2;CL;103;86; ; ;1;1;0;0;0;0;0;0;0;0;0;0;0;0;0;0;0;37190;FRANCISCO ALBANI, RUA;37209;NAGIB FARAH MALUF, AV;46;JOSE BONIFACIO;1;0
D011300763;9420;ITABERABA, AV;;;1200;;07/01/2013 11:30;2;CO;28;115; ; ;0;1;0;0;0;0;0;0;0;0;0;0;0;0;0;1;0;9420;ITABERABA, AV;;;29;FREGUESIA DO O;1;0
D011301471;98912;JOSE PINHEIRO BORGES, AV;;;0;PROXIMO  - R.DR LUIZ ;07/01/2013 12:00;2;QM;65;72; ; ;0;1;0;0;0;0;0;0;0;0;0;0;0;0;0;0;0;98912;JOSE PINHEIRO BORGES, AV;;;36;ITAQUERA;2;0
D011301000;43408;ABEL FERREIRA, AV VER;6932;FEIJO, AV REG;0;;07/01/2013 12:30;2;CL;30;98; ; ;0;1;0;0;0;0;0;0;0;0;0;1;0;0;0;0;0;6932;FEIJO, AV REG;43408;ABEL FERREIRA, AV VER;87;VILA FORMOSA;1;0
D011300999;75645;JOAO DE OLIVEIRA TORRES, RUA PROF;78707;ANTONIO ALVES BARRIL, RUA;0;;07/01/2013 12:30;2;CO;30;97; ; ;1;1;0;0;0;0;0;0;0;0;0;0;0;0;0;0;0;75645;JOAO DE OLIVEIRA TORRES, RUA PROF;78707;ANTONIO ALVES BARRIL, RUA;87;VILA FORMOSA;1;0
D011300002;7610;FREDERICO ALVARENGA, RUA;;;62;;07/01/2013 13:10;2;CO;1;154; ; ;1;1;0;0;0;0;0;0;0;0;0;0;0;0;0;0;0;7610;FREDERICO ALVARENGA, RUA;;;80;SE;1;0
D011300790;6843;EVARISTO ROQUE, RUA;;;288;;07/01/2013 13:26;2;QM;38;102; ; ;0;1;0;0;0;0;0;0;0;0;0;0;0;0;0;0;0;6843;EVARISTO ROQUE, RUA;;;13;CACHOEIRINHA;1;0
D011300626;16726;QUEIROZ FILHO, AV;;;0;PROXIMO  - PCA APECAT;07/01/2013 13:51;2;CO;91;145; ; ;1;1;0;0;0;0;0;0;0;0;0;0;0;0;0;0;0;16726;QUEIROZ FILHO, AV;;;14;CAMBUCI;1;0
D011300602;13014;MARGINAL DO RIO PINHEIROS, AV;;;15000;;07/01/2013 13:55;2;CT;89;137; ; ;1;1;0;0;0;0;0;0;0;0;0;0;0;0;0;0;0;13014;MARGINAL DO RIO PINHEIROS, AV;;;40;JAGUARE;2;0
D011300816;2455;ATALIBA LEONEL, AV GAL;;;3705;;07/01/2013 14:40;2;CO;39;88; ; ;1;1;0;0;0;0;0;0;0;0;0;0;0;0;0;0;0;2455;ATALIBA LEONEL, AV GAL;;;88;VILA GUILHERME;1;0
D011300627;14172;MONTE PASCAL, RUA;;;210;;07/01/2013 15:00;2;CH;91;152; ; ;1;0;0;0;0;0;0;0;0;0;0;0;0;0;0;0;0;14172;MONTE PASCAL, RUA;;;48;LAPA;1;0
D011301499;5408;COSME DEODATO TADEU, RUA PROF;;;432;;07/01/2013 15:00;4;AT;68;312; ; ;0;1;0;0;0;0;0;0;0;0;0;0;0;0;0;0;0;5408;COSME DEODATO TADEU, RUA PROF;;;45;JARDIM SAO LUIS;1;0
D011301514;17135;RIO DAS PEDRAS, AV;;;1033;;07/01/2013 15:08;4;AT;41;124; ; ;0;1;0;0;0;0;0;0;0;0;0;0;0;0;0;0;0;17135;RIO DAS PEDRAS, AV;;;27;CURSINO;1;0
D011300253;19100;BANDEIRANTES, AV DOS;19251;TUPINIQUINS, AL DOS;0;;07/01/2013 15:15;2;CO;27;220; ; ;0;1;0;1;0;0;0;0;0;0;0;0;0;0;0;0;0;19100;BANDEIRANTES, AV DOS;19251;TUPINIQUINS, AL DOS;15;CAMPO BELO;1;0
D011300990;43408;ABEL FERREIRA, AV VER;;;999;;07/01/2013 16:28;2;CO;29;69; ; ;1;1;0;0;0;0;0;0;0;0;0;0;0;0;0;0;0;43408;ABEL FERREIRA, AV VER;;;46;JOSE BONIFACIO;1;0
D011301163;15507;TEOTONIO VILELA, AV SEN;;;1140;;07/01/2013 16:30;2;CO;48;90; ; ;2;1;0;0;0;0;0;0;0;0;0;0;0;0;0;0;0;15507;TEOTONIO VILELA, AV SEN;;;23;CIDADE DUTRA;2;0
D011300058;5245;CONSOLACAO, RUA DA;;;867;;07/01/2013 16:30;2;CO;4;153; ; ;0;1;0;0;0;0;0;1;0;0;0;1;0;0;0;0;0;5245;CONSOLACAO, RUA DA;;;26;CONSOLACAO;1;0
D011300422;11870;LIMA BARROS, RUA;3220;BENTO DE ANDRADE, RUA;0;;07/01/2013 16:30;2;CO;15;175; ; ;1;1;0;0;0;0;0;0;0;0;0;0;0;0;0;0;0;3220;BENTO DE ANDRADE, RUA;11870;LIMA BARROS, RUA;53;MOEMA;2;0
D011300498;67351;NELSON BRISSAC, RUA;67176;JOAO PAIS MALIO, PCA;0;;07/01/2013 16:49;2;CO;37;167; ; ;0;2;0;0;0;0;0;0;0;0;0;0;0;0;0;0;0;67176;JOAO PAIS MALIO, PCA;67351;NELSON BRISSAC, RUA;17;CAMPO LIMPO;1;0
D011300354;20307;JACOMO ZANELA, PCA;;;0;NADA CONSTA ;07/01/2013 17:00;4;AT;7;133; ; ;0;0;1;0;0;0;0;0;0;0;0;0;0;0;0;0;0;20307;JACOMO ZANELA, PCA;;;14;CAMBUCI;1;0
D011301016;4502;CARRAO, AV CONS;;;2463;;07/01/2013 17:30;2;SI;31;118; ; ;1;1;0;0;0;0;0;0;0;0;0;0;0;0;0;0;0;4502;CARRAO, AV CONS;;;20;CARRAO;1;0
D011301091;10270;JOAO DIAS, AV;;;71;;07/01/2013 17:40;4;AT;11;232; ; ;0;0;0;0;0;0;0;1;0;0;0;0;0;0;0;0;0;10270;JOAO DIAS, AV;;;72;SANTO AMARO;1;0
D011300254;19100;BANDEIRANTES, AV DOS;;;4800;;07/01/2013 18:30;2;CO;27;224; ; ;1;1;0;0;0;0;0;0;0;0;0;0;0;0;0;0;0;19100;BANDEIRANTES, AV DOS;;;24;CIDADE LIDER;1;0
D011301594;17824;SAPOPEMBA, AV;63256;CANDIDO XAVIER, RUA;0;;07/01/2013 18:45;2;CF;55;341; ; ;0;1;1;0;0;0;0;0;0;0;0;0;0;0;0;0;0;17824;SAPOPEMBA, AV;63256;CANDIDO XAVIER, RUA;77;SAO RAFAEL;2;0
D011300906;6361;ELISIO TEIXEIRA LEITE, AV;;;6999;;07/01/2013 18:50;2;QD;74;181; ; ;0;0;1;0;0;0;0;0;0;0;0;0;0;0;0;0;0;6361;ELISIO TEIXEIRA LEITE, AV;;;29;FREGUESIA DO O;1;0
D011300692;3813;CAETANO ALVARES, AV ENG;14242;MOREIRA DE BARROS, RUA CONS;0;;07/01/2013 19:05;2;CT;13;186; ; ;1;1;0;0;0;0;0;0;0;0;0;0;0;0;0;0;0;3813;CAETANO ALVARES, AV ENG;13197;MARIA CUSTODIA, RUA DONA;51;MANDAQUI;1;0
D011300499;20956;NINA STOCCO, RUA PROFA;61114;ARNALDO D'AVILA FLORENCE, RUA;0;;07/01/2013 19:45;2;CO;37;181; ; ;1;1;0;0;0;0;0;0;0;0;0;0;0;0;0;0;0;4388;CARLOS MARINHO, RUA;20956;NINA STOCCO, RUA PROFA;17;CAMPO LIMPO;2;0
D011301612;9017;INACIO V. ZUASNABAR, RUA;;;6;;07/01/2013 21:40;2;SI;66;146; ; ;1;1;0;0;0;0;0;0;0;0;0;0;0;0;0;0;0;9017;INACIO V. ZUASNABAR, RUA;;;38;JACANA;1;0
D011300383;6819;EUSEBIO MATOSO, AV;2149;ARCOVERDE, RUA CARD;0;;07/01/2013 21:40;4;AT;14;177; ; ;0;0;0;0;0;0;0;0;0;0;0;0;0;0;0;1;0;2149;ARCOVERDE, RUA CARD;6819;EUSEBIO MATOSO, AV;63;PINHEIROS;1;0
D011300644;5309;CORIFEU DE AZEVEDO MARQUES, AV;;;2400;;07/01/2013 21:45;4;AT;93;162; ; ;0;1;0;0;0;0;0;0;0;0;0;0;0;0;0;0;0;5309;CORIFEU DE AZEVEDO MARQUES, AV;;;12;BUTANTA;1;0
D011300382;7086;FERREIRA DE ARAUJO, RUA;;;107;;07/01/2013 21:53;2;CO;14;174; ; ;0;1;2;0;0;0;0;0;0;0;0;0;0;0;0;0;0;7086;FERREIRA DE ARAUJO, RUA;;;63;PINHEIROS;1;0
D011301579;37161;NOVA GUAIANAZES, RUA;;;395;;07/01/2013 22:20;4;AT;54;340;B; ;0;1;0;0;0;0;0;0;0;0;0;0;0;0;0;0;0;37161;NOVA GUAIANAZES, RUA;;;50;LIMAO;1;0
D011301694;75435;ARRAIAS DO ARAGUAIA, AV;;;10;;07/01/2013 22:39;4;AT;69;242; ; ;0;1;0;0;0;0;0;0;0;0;0;0;0;0;0;0;0;75435;ARRAIAS DO ARAGUAIA, AV;;;27;CURSINO;1;1
D011301074;43408;ABEL FERREIRA, AV VER;;;2880;;07/01/2013 23:00;2;CH;58;54; ; ;0;1;0;0;0;0;0;0;0;0;0;0;0;0;0;0;0;43408;ABEL FERREIRA, AV VER;;;46;JOSE BONIFACIO;1;0
D011301268;852;ALVARENGA, ES DO;;;4700;;08/01/2013 01:15;2;CO;98;875; ; ;0;1;0;0;0;0;0;0;0;0;0;0;1;0;0;0;0;852;ALVARENGA, ES DO;;;59;PEDREIRA;1;0
D011300603;7180;FLAVIO AMERICO MAURANO, RUA DR;;;59;;08/01/2013 02:58;2;CH;89;191; ; ;1;0;0;0;0;0;0;0;0;0;0;0;0;0;0;0;0;7180;FLAVIO AMERICO MAURANO, RUA DR;;;55;MORUMBI;4;0
D011301695;9044;RAGUEB CHOHFI, AV;;;4285;;08/01/2013 05:24;2;CO;49;79; ; ;1;1;0;0;0;0;0;0;0;0;0;0;0;0;0;0;0;9044;RAGUEB CHOHFI, AV;;;32;IGUATEMI;0;1
D011301472;98912;JOSE PINHEIRO BORGES, AV;;;0;PROXIMO  - R.DR LUIZ ;08/01/2013 06:20;2;CO;65;82; ; ;1;1;0;0;0;0;0;0;0;0;0;0;0;0;0;0;0;98912;JOSE PINHEIRO BORGES, AV;;;36;ITAQUERA;1;0
D011300059;16957;REGO FREITAS, RUA;5245;CONSOLACAO, RUA DA;0;;08/01/2013 06:40;2;CO;4;161; ; ;1;1;0;0;0;0;0;0;0;0;0;0;0;0;0;0;0;5245;CONSOLACAO, RUA DA;16957;REGO FREITAS, RUA;67;REPUBLICA;2;0
D011300521;18262;SILVIO DE CAMPOS, AV DR;;;360;;08/01/2013 06:45;2;CT;46;116; ; ;2;0;0;0;0;0;0;0;0;0;0;0;0;0;0;0;0;18262;SILVIO DE CAMPOS, AV DR;;;  ;;1;0
D011301209;12403;M'BOI MIRIM, ES;;;3300;;08/01/2013 07:00;2;CL;92;118; ; ;0;1;1;0;0;0;0;0;0;0;0;0;0;0;0;0;0;12403;M'BOI MIRIM, ES;;;42;JARDIM ANGELA;1;0
D011300143;10177;JOAO BOEMER, RUA;9554;ITAPIRACABA, RUA;0;;08/01/2013 07:00;2;CO;12;126; ; ;0;2;0;0;0;0;0;0;0;0;0;0;0;0;0;0;0;9554;ITAPIRACABA, RUA;10177;JOAO BOEMER, RUA;8;BELEM;2;0
D011300060;19721;VILABOIM, PCA;;;41;;08/01/2013 07:00;2;CO;4;163; ; ;1;1;0;0;0;0;0;0;0;0;0;0;0;0;0;0;0;19721;VILABOIM, PCA;;;7;BELA VISTA;1;0
D011301315;3509;BELMIRA MARIN, AV DONA;;;960;;08/01/2013 07:10;2;CO;101;186; ; ;1;1;0;0;0;0;0;0;0;0;0;0;0;0;0;0;0;3509;BELMIRA MARIN, AV DONA;;;30;GRAJAU;1;0
D011300660;5567;CRUZEIRO DO SUL, AV;4219;ZAKI NARCHI, AV;0;;08/01/2013 07:45;2;CO;9;164; ; ;1;1;0;0;0;0;0;0;0;0;0;0;0;0;0;0;0;4219;ZAKI NARCHI, AV;5567;CRUZEIRO DO SUL, AV;71;SANTANA;1;0
D011301714;19100;BANDEIRANTES, AV DOS;;;6000;;08/01/2013 07:59;2;CH;27;246; ; ;0;1;0;0;0;0;0;0;0;0;0;0;0;0;0;0;0;19100;BANDEIRANTES, AV DOS;;;24;CIDADE LIDER;0;1
D011300465;8000;GIOVANNI GRONCHI, AV;1081;AMERICO, RUA STO;0;;08/01/2013 08:55;2;CO;34;194; ; ;1;1;0;0;0;0;0;0;0;0;0;0;0;0;0;0;0;1081;AMERICO, RUA STO;8000;GIOVANNI GRONCHI, AV;96;VILA SONIA;1;0
D011300284;99916;MARIA MALUF, CV;;;0;NADA CONSTA ;08/01/2013 09:15;2;CO;35;226; ; ;0;1;0;0;0;0;0;0;0;0;0;1;0;0;0;0;0;99916;MARIA MALUF, CV;;;27;CURSINO;1;0
D011300003;7664;FURTADO, RUA CONS;;;100;;08/01/2013 09:20;2;CO;1;182; ; ;1;1;0;0;0;0;0;0;0;0;0;0;0;0;0;0;0;7664;FURTADO, RUA CONS;;;80;SE;1;0
D011300464;4934;CIDADE JARDIM, PCA;;;0;NADA CONSTA ;08/01/2013 09:30;2;CO;34;150; ; ;1;1;0;0;0;0;0;0;0;0;0;0;0;0;0;0;0;4934;CIDADE JARDIM, PCA;;;55;MORUMBI;1;0
D011301274;20048;YERVANT KISSAJIKIAN, AV;;;3702;;08/01/2013 09:50;2;CO;98;900012; ; ;1;1;0;0;0;0;0;0;0;0;0;0;0;0;0;0;0;20048;YERVANT KISSAJIKIAN, AV;;;29;FREGUESIA DO O;1;0
D011300385;16919;REBOUCAS, AV;;;2259;;08/01/2013 10:05;4;AT;14;183; ; ;1;0;0;0;0;0;0;0;0;0;0;0;0;0;0;0;0;16919;REBOUCAS, AV;;;44;JARDIM PAULISTA;1;0
D011300522;99847;VIOLETA SILVESTRE, RUA;;;20;;08/01/2013 10:15;4;AT;46;129; ; ;0;0;1;0;0;0;0;0;0;0;0;0;0;0;0;0;0;99847;VIOLETA SILVESTRE, RUA;;;62;PERUS;1;0
D011300355;5072;CLELIA, RUA;19600;VESPASIANO, RUA;0;;08/01/2013 10:25;2;CO;7;148; ; ;0;2;0;0;0;0;0;0;0;0;0;0;0;0;0;0;0;5072;CLELIA, RUA;19600;VESPASIANO, RUA;48;LAPA;1;0
D011301473;60359;SALIM JORGE ID, RUA;;;300;;08/01/2013 10:40;2;CO;65;85; ; ;1;1;0;0;0;0;0;0;0;0;0;0;0;0;0;0;0;60359;SALIM JORGE ID, RUA;;;51;MANDAQUI;1;0
D011300227;19583;VERGUEIRO, RUA;;;6303;;08/01/2013 10:40;2;CO;17;114; ; ;0;1;0;0;0;0;0;0;0;0;0;1;0;0;0;0;0;19583;VERGUEIRO, RUA;;;33;IPIRANGA;1;0
D011300817;19201;TUCURUVI, AV;896;ALVARO MACHADO PEDROSA, AV;0;;08/01/2013 11:00;2;CO;39;118; ; ;1;1;0;0;0;0;0;0;0;0;0;0;0;0;0;0;0;896;ALVARO MACHADO PEDROSA, AV;19201;TUCURUVI, AV;84;TUCURUVI;1;0
D011300625;12436;MACEDO SOARES, AV EMB;;;0;PROXIMO  - VD ATILIO ;08/01/2013 11:20;2;CO;91;54; ; ;1;1;0;0;0;0;0;0;0;0;0;0;0;0;0;0;0;29772;MARGINAL DO RIO TIETE, AV;;;48;LAPA;3;0
D011300144;6642;ESTADO, AV DO;;;2434;;08/01/2013 11:30;2;CT;12;132; ; ;1;1;0;0;0;0;0;0;0;0;0;0;0;0;0;0;0;6642;ESTADO, AV DO;;;9;BOM RETIRO;1;0
D011300732;70413;JOAO CREFF, RUA IRMAO;;;128;;08/01/2013 12:25;2;CH;20;210; ; ;1;0;0;0;0;0;0;0;0;0;0;0;0;0;0;0;0;70413;JOAO CREFF, RUA IRMAO;;;8;BELEM;1;0
D011300500;34682;CAMPO LIMPO, ES DO;;;3907;;08/01/2013 12:30;2;CO;37;188; ; ;1;1;0;0;0;0;0;0;0;0;0;0;0;0;0;0;0;34682;CAMPO LIMPO, ES DO;;;17;CAMPO LIMPO;1;0
D011301533;9044;RAGUEB CHOHFI, AV;;;960;;08/01/2013 12:30;2;CO;49;376; ; ;0;1;0;1;0;0;0;0;0;0;0;0;0;0;0;0;0;9044;RAGUEB CHOHFI, AV;;;32;IGUATEMI;1;0
D011301001;6305;ELEONORA CINTRA, RUA;12101;LUCILIA DE QUEIROZ, RUA;0;;08/01/2013 12:56;2;CO;30;128;C; ;1;0;1;1;0;0;0;0;0;0;0;0;0;0;0;0;0;6305;ELEONORA CINTRA, RUA;12101;LUCILIA DE QUEIROZ, RUA;  ;;5;0
D011301556;6927;HARRY DANHENBERG, RUA;;;600;;08/01/2013 13:20;2;CO;53;159; ; ;1;1;0;0;0;0;0;0;0;0;0;0;0;0;0;0;0;6927;HARRY DANHENBERG, RUA;;;24;CIDADE LIDER;1;0
D011300171;14947;OLIMPIO DA SILVEIRA, AV GAL;;;46;;08/01/2013 14:00;2;CO;77;109; ; ;0;1;0;0;0;0;0;0;0;0;0;1;0;0;0;0;0;14947;OLIMPIO DA SILVEIRA, AV GAL;;;19;CAPAO REDONDO;2;0
D011301210;21293;LUIS PENIDO BURNIER, RUA ALM;;;140;;08/01/2013 14:00;2;CO;92;134; ; ;0;1;0;0;0;0;0;0;0;0;0;0;0;0;0;0;0;21293;LUIS PENIDO BURNIER, RUA ALM;;;29;FREGUESIA DO O;1;0
D011301669;52333;MARCILAC A EVANG DE SOUZA, ES ENG;;;3068;;08/01/2013 14:20;2;CF;25;55;B; ;0;1;1;0;0;0;0;0;0;0;0;0;0;0;0;0;0;52333;MARCILAC A EVANG DE SOUZA, ES ENG;;;52;MARSILAC;0;1
D011301557;99246;ARICANDUVA, ES;;;10300;;08/01/2013 14:50;2;CO;53;161; ; ;2;1;0;0;0;0;0;0;0;0;0;1;0;0;0;1;0;99246;ARICANDUVA, ES;;;46;JOSE BONIFACIO;1;0
D011300661;1661;ANTONIO DE CARVALHO, RUA CEL;19414;URUPIARA, RUA;0;;08/01/2013 15:10;2;CO;9;180; ; ;1;0;0;0;0;0;0;0;0;0;0;1;0;0;0;0;0;1661;ANTONIO DE CARVALHO, RUA CEL;19414;URUPIARA, RUA;71;SANTANA;1;0
D011300307;11922;LINS DE VASCONCELOS, AV;;;1951;;08/01/2013 15:15;4;AT;36;254; ; ;0;1;0;0;0;0;0;0;0;0;0;0;0;0;0;0;0;11922;LINS DE VASCONCELOS, AV;;;92;VILA MARIANA;1;0
D011300061;4120;CANECA, RUA FREI;;;1332;;08/01/2013 15:20;4;AT;4;186; ; ;1;0;0;0;0;0;0;0;0;0;0;0;0;0;0;0;0;4120;CANECA, RUA FREI;;;26;CONSOLACAO;1;0