id_acidente;codloga;logradouroA;codlogb;logradouroB;alt_num;referencia;data;cod_acid;tipo_acidente;dp;numero_BO;sentido;pista;automovel;moto;onibus;caminhao;bicicleta;moto_taxi;onibus_fretado;onibus_urbano;microonibus;van;vuc;caminhonete;carreta;jipe;outros;sem_informacao;carroca;princ_a;paiA;princ_b;paiB;cod_distrito;distrito;vit_ferida;vit_morta
D011300432;3999;CAMPEVAS, RUA;;;706;;08/01/2013 16:10;2;CT;23;111; ; ;1;1;0;0;0;0;0;0;0;0;0;0;0;0;0;0;0;3999;CAMPEVAS, RUA;;;61;PERDIZES;1;0
D011301497;14913;COPENHAGUE, RUA;;;1;;08/01/2013 16:15;2;QD;68;237; ; ;0;0;0;0;0;0;0;1;0;0;0;0;0;0;0;0;0;14913;COPENHAGUE, RUA;;;50;LIMAO;1;0
D011300146;4736;CELSO GARCIA, AV;;;162;;08/01/2013 16:48;2;CT;12;152; ; ;0;0;1;1;0;0;0;0;0;0;0;0;0;0;0;0;0;4736;CELSO GARCIA, AV;;;82;TATUAPE;1;0
D011301014;14782;NOVA JERUSALEM, RUA;2673;AZEVEDO SOARES, RUA;0;;08/01/2013 17:50;2;CO;31;84; ; ;1;1;0;0;0;0;0;0;0;0;0;0;0;0;0;0;0;2673;AZEVEDO SOARES, RUA;14782;NOVA JERUSALEM, RUA;20;CARRAO;1;0
D011300605;13014;MARGINAL DO RIO PINHEIROS, AV;;;16800;;08/01/2013 18:10;2;CT;89;211; ; ;1;1;0;0;0;0;0;0;0;0;0;0;0;0;0;0;0;13014;MARGINAL DO RIO PINHEIROS, AV;;;40;JAGUARE;1;0
D011301144;79177;AFONSO SANCHES, RUA;;;300;;08/01/2013 18:20;2;QD;47;353; ; ;0;0;1;0;0;0;0;0;0;0;0;0;0;0;0;0;0;79177;AFONSO SANCHES, RUA;;;29;FREGUESIA DO O;1;0
D011300819;13727;MATSU INAGUE, RUA;;;105;;08/01/2013 18:22;4;AT;39;128; ; ;0;1;0;0;0;0;0;0;0;0;0;0;0;0;0;0;0;13727;MATSU INAGUE, RUA;;;22;CIDADE ADEMAR;1;0
D011300337;19100;BANDEIRANTES, AV DOS;;;821;;08/01/2013 18:25;2;CO;96;104; ; ;1;1;0;0;0;0;0;0;0;0;0;0;0;0;0;0;0;19100;BANDEIRANTES, AV DOS;;;24;CIDADE LIDER;1;0
D011301614;2181;ARICANDUVA, AV;;;11000;;08/01/2013 19:00;2;CO;66;166; ; ;1;0;1;1;0;0;0;0;0;0;0;0;0;0;0;0;0;2181;ARICANDUVA, AV;;;60;PENHA;1;0
D011300389;2149;ARCOVERDE, RUA CARD;;;3084;;08/01/2013 19:30;2;CO;14;229; ; ;1;0;1;0;0;0;0;0;0;0;0;0;0;0;0;0;0;2149;ARCOVERDE, RUA CARD;;;44;JARDIM PAULISTA;1;0
D011301366;12595;MANGAL, RUA;16974;RENATO, RUA;0;;08/01/2013 19:30;2;CF;24;315; ; ;2;0;0;0;0;0;0;0;0;0;0;0;0;0;0;0;0;12595;MANGAL, RUA;16974;RENATO, RUA;60;PENHA;1;0
D011300101;17083;RICARDO JAFET, AV DR;;;994;;08/01/2013 19:40;2;CO;6;185; ; ;1;1;0;0;0;0;0;0;0;0;0;0;0;0;0;0;0;17083;RICARDO JAFET, AV DR;;;37;JABAQUARA;1;0
D011300693;29018;LIMAO, PTE DO;;;0;NADA CONSTA ;08/01/2013 19:43;2;CT;13;275; ; ;3;0;0;0;0;0;0;0;0;0;0;0;0;0;0;0;0;15038;ORDEM E PROGRESSO, AV;;;44;JARDIM PAULISTA;1;0
D011301031;19708;VILA EMA, AV;;;1819;;08/01/2013 20:57;2;CF;42;160; ; ;2;0;0;0;0;0;0;0;0;0;0;0;0;0;0;0;0;19708;VILA EMA, AV;;;26;CONSOLACAO;1;0
D011300150;19516;VAUTIER, AV;;;388;;08/01/2013 21:00;2;SI;12;249; ; ;0;1;0;0;0;0;0;0;0;0;0;0;0;0;0;0;0;19516;VAUTIER, AV;;;25;CIDADE TIRADENT;1;0
D011300528;26792;ERNESTO BOTTONI, RUA;;;17000;;08/01/2013 22:00;2;CH;46;259; ; ;0;1;0;0;0;0;0;0;0;0;0;0;0;0;0;0;0;26792;ERNESTO BOTTONI, RUA;;;52;MARSILAC;1;0
D011301042;4736;CELSO GARCIA, AV;;;5680;;08/01/2013 22:09;2;CT;52;329;B; ;1;1;0;0;0;0;0;0;0;0;0;0;0;0;0;0;0;4736;CELSO GARCIA, AV;;;82;TATUAPE;1;0
D011300023;18993;TIRADENTES, AV;;;0;NADA CONSTA ;08/01/2013 22:10;2;CO;2;150; ; ;2;0;0;0;0;0;0;0;0;0;0;0;0;0;0;0;0;18993;TIRADENTES, AV;;;9;BOM RETIRO;1;0
D011301205;76320;CONSTELACAO DO CARANGUEJO, RUA;;;665;;08/01/2013 22:30;2;CL;85;900004; ; ;1;1;0;0;0;0;0;0;0;0;0;0;0;0;0;0;0;76320;CONSTELACAO DO CARANGUEJO, RUA;;;32;IGUATEMI;1;0
D011301067;18337;SIQUEIRA BUENO, RUA;19018;TOBIAS BARRETO, RUA;0;;08/01/2013 22:36;2;CO;57;189;B; ;2;0;0;0;0;0;0;0;0;0;0;0;0;0;0;0;0;18337;SIQUEIRA BUENO, RUA;19018;TOBIAS BARRETO, RUA;  ;;1;0
D011300387;16919;REBOUCAS, AV;;;170;;09/01/2013 00:12;2;CO;14;213; ; ;1;1;0;0;0;0;0;0;0;0;0;0;0;0;0;0;0;16919;REBOUCAS, AV;;;44;JARDIM PAULISTA;1;0
D011301032;7545;FRANCISCO REBELO, RUA;16826;RAIMUNDO, RUA S;0;;09/01/2013 01:41;2;CO;42;162; ; ;1;0;0;1;0;0;0;0;0;0;0;0;0;0;0;0;0;7545;FRANCISCO REBELO, RUA;16826;RAIMUNDO, RUA S;95;VILA PRUDENTE;1;0
D011301043;16050;VELHA DA PENHA, ES;;;346;;09/01/2013 01:48;2;CH;52;336; ; ;0;1;0;0;0;0;0;0;0;0;0;0;0;0;0;0;0;16050;VELHA DA PENHA, ES;;;27;CURSINO;1;0
D011301581;45354;SARA KUBITSCHEK, RUA;;;300;;09/01/2013 02:23;2;CH;54;406; ; ;0;1;0;0;0;0;0;0;0;0;0;0;0;0;0;0;0;45354;SARA KUBITSCHEK, RUA;;;25;CIDADE TIRADENT;1;0
D011300553;13019;ESCOLA POLITECNICA, AV;;;500;;09/01/2013 03:20;4;AT;51;215; ; ;0;0;0;0;0;0;0;0;0;0;0;0;0;0;0;1;0;13019;ESCOLA POLITECNICA, AV;;;40;JAGUARE;1;0
D011300733;14767;NOVA CANTAREIRA, AV;;;5090;;09/01/2013 03:30;2;QM;20;228; ; ;0;1;0;0;0;0;0;0;0;0;0;0;0;0;0;0;0;14767;NOVA CANTAREIRA, AV;;;83;TREMEMBE;1;0
D011301365;954;AMADOR BUENO DA VEIGA, AV;;;2774;;09/01/2013 05:20;2;QD;24;306; ; ;0;0;1;0;0;0;0;0;0;0;0;0;0;0;0;0;0;954;AMADOR BUENO DA VEIGA, AV;;;60;PENHA;1;0
D011301278;9220;INTERLAGOS, AV;6238;NACOES UNIDAS, AV DAS;0;;09/01/2013 05:50;2;CO;99;99; ; ;1;1;0;0;0;0;0;0;0;0;0;0;0;0;0;0;0;6238;NACOES UNIDAS, AV DAS;9220;INTERLAGOS, AV;16;CAMPO GRANDE;1;0
D011301164;15507;TEOTONIO VILELA, AV SEN;3962;CAMBUCI DO VALE, RUA;0;;09/01/2013 07:12;2;CL;48;108;B; ;1;1;0;0;0;0;0;0;0;0;0;0;0;0;0;0;0;3962;CAMBUCI DO VALE, RUA;15507;TEOTONIO VILELA, AV SEN;23;CIDADE DUTRA;1;0
D011300286;66;ABRAAO DE MORAIS, AV PROF;;;0;PROXIMO  - VD ALIOMAR;09/01/2013 07:50;2;CO;35;259; ; ;1;1;0;0;0;0;0;0;0;0;0;0;0;0;0;0;0;66;ABRAAO DE MORAIS, AV PROF;;;79;SAUDE;1;0
D011301030;18408;SOLIDONIO LEITE, RUA;;;1070;;09/01/2013 08:00;2;SI;42;110; ; ;1;1;0;0;0;0;0;0;0;0;0;0;0;0;0;0;0;18408;SOLIDONIO LEITE, RUA;;;26;CONSOLACAO;1;0
D011300580;15626;PAULA FERREIRA, AV;;;2840;;09/01/2013 08:35;4;AT;87;149; ; ;0;0;0;0;0;0;0;1;0;0;0;0;0;0;0;0;0;15626;PAULA FERREIRA, AV;;;64;PIRITUBA;1;0
D011300024;6642;ESTADO, AV DO;;;297;;09/01/2013 08:40;2;QM;2;167; ; ;0;1;0;0;0;0;0;0;0;0;0;0;0;0;0;0;0;6642;ESTADO, AV DO;;;9;BOM RETIRO;2;0
D011300764;5947;EDGAR FACO, AV GAL;;;777;;09/01/2013 09:00;2;CO;28;122; ; ;0;2;0;0;0;0;0;0;0;0;0;0;0;0;0;0;0;5947;EDGAR FACO, AV GAL;;;64;PIRITUBA;2;0
D011301330;8368;GUARAPIRANGA, AV;;;900;;09/01/2013 09:30;2;QM;102;87; ; ;0;1;0;0;0;0;0;0;0;0;0;0;0;0;0;0;0;8368;GUARAPIRANGA, AV;;;45;JARDIM SAO LUIS;1;0
D011300415;8714;HENRIQUE SCHAUMANN, RUA;;;777;;09/01/2013 10:00;2;CO;14;900014; ; ;1;1;0;0;0;0;0;0;0;0;0;0;0;0;0;0;0;8714;HENRIQUE SCHAUMANN, RUA;;;63;PINHEIROS;1;0
D011301211;99095;GUARAPIRANGA, ES DE;;;435;;09/01/2013 10:31;2;CO;92;164; ; ;1;1;0;0;0;0;0;0;0;0;0;0;0;0;0;0;0;8368;GUARAPIRANGA, AV;;;45;JARDIM SAO LUIS;1;0
D011301632;4752;LUIS PIRES DE MINAS, AV;;;743;;09/01/2013 10:40;4;AT;69;291; ; ;0;1;0;0;0;0;0;0;0;0;0;0;0;0;0;0;0;4752;LUIS PIRES DE MINAS, AV;;;75;SAO MATEUS;1;0
D011301212;21601;DEOCLECIANO DE OLIVEIRA FILHO, RUA;78290;LAET DE TOLEDO CESAR, RUA;0;;09/01/2013 11:07;2;SI;92;171; ; ;1;1;0;0;0;0;0;0;0;0;0;0;0;0;0;0;0;21601;DEOCLECIANO DE OLIVEIRA FILHO, RUA;78290;LAET DE TOLEDO CESAR, RUA;  ;;1;0
D011300791;15426;PARADA PINTO, AV;;;2035;;09/01/2013 11:10;2;CO;38;177;B; ;1;1;0;0;0;0;0;0;0;0;0;0;0;0;0;0;0;15426;PARADA PINTO, AV;;;8;BELEM;1;0
D011300843;4715;CELESTINO BOURROUL, AV PROF;;;644;;09/01/2013 11:16;2;SI;40;77; ; ;0;1;0;0;0;0;0;0;1;0;0;0;0;0;0;0;0;4715;CELESTINO BOURROUL, AV PROF;;;50;LIMAO;1;0
D011300062;14804;NOVE DE JULHO, AV;;;851;;09/01/2013 11:55;4;AT;4;200; ; ;1;0;0;0;0;0;0;0;0;0;0;0;0;0;0;0;0;14804;NOVE DE JULHO, AV;;;63;PINHEIROS;1;0
D011301426;15467;PARANAGUA, AV;;;2028;;09/01/2013 13:00;2;CO;62;140; ; ;1;1;0;0;0;0;0;0;0;0;0;0;0;0;0;0;0;15467;PARANAGUA, AV;;;49;LIBERDADE;1;0
D011300449;1427;ANHANGUERA, RUA;;;14500;;09/01/2013 13:10;2;CO;33;276; ; ;1;1;0;0;0;0;0;0;0;0;0;0;0;0;0;0;0;1427;ANHANGUERA, RUA;;;70;SANTA CECILIA;1;0
D011300501;3079;BELEZAS, AV DAS;;;513;;09/01/2013 13:30;2;CO;37;196; ; ;1;1;0;0;0;0;0;0;0;0;0;0;0;0;0;0;0;3079;BELEZAS, AV DAS;;;85;VILA ANDRADE;1;0
D011300212;5902;DIOGO DE FARIA, RUA DR;;;826;;09/01/2013 13:50;4;AT;16;819; ; ;1;0;0;0;0;0;0;0;0;0;0;0;0;0;0;0;0;5902;DIOGO DE FARIA, RUA DR;;;92;VILA MARIANA;1;0
D011301215;21326;GERALDO FRAGA DE OLIVEIRA, RUA;;;300;;09/01/2013 14:00;2;CO;92;221; ; ;1;1;0;0;0;0;0;0;0;0;0;0;0;0;0;0;0;21326;GERALDO FRAGA DE OLIVEIRA, RUA;;;29;FREGUESIA DO O;1;0
D011300202;6013;DOMINGOS DE MORAIS, RUA;;;2564;;09/01/2013 14:30;4;AT;16;336; ; ;1;0;0;0;0;0;0;0;0;0;0;0;0;0;0;0;0;6013;DOMINGOS DE MORAIS, RUA;;;92;VILA MARIANA;1;0
D011300327;11681;LEON TOLSTOI, LGO;;;24;;09/01/2013 14:40;4;AT;95;138; ; ;0;0;0;0;0;0;0;0;0;0;0;0;0;0;0;1;0;11681;LEON TOLSTOI, LGO;;;18;CANGAIBA;1;0
D011300255;10918;JOSE DINIZ, AV VER;10076;JESUINO MACIEL, RUA DR;0;;09/01/2013 14:52;4;AT;27;300; ; ;0;1;0;0;0;0;0;0;0;0;0;0;0;0;0;0;0;10076;JESUINO MACIEL, RUA DR;10918;JOSE DINIZ, AV VER;15;CAMPO BELO;1;0
D011301516;9134;INCONFIDENCIA MINEIRA, AV;8479;GUILHERME CRISTIANO FRENDER, RUA ENG;0;;09/01/2013 15:00;2;CO;41;176;B; ;1;1;0;0;0;0;0;0;0;0;0;0;0;0;0;0;0;8479;GUILHERME CRISTIANO FRENDER, RUA ENG;9134;INCONFIDENCIA MINEIRA, AV;4;ARICANDUVA;1;0
D011300820;12716;MANUEL GAYA, RUA;;;172;;09/01/2013 15:09;2;CO;39;147; ; ;1;1;0;0;0;0;0;0;0;0;0;0;0;0;0;0;0;12716;MANUEL GAYA, RUA;;;83;TREMEMBE;1;0
D011301049;15275;PACHECO E CHAVES, RUA CAP;;;368;;09/01/2013 15:15;4;AT;56;167; ; ;1;0;0;0;0;0;0;0;0;0;0;0;0;0;0;0;0;15275;PACHECO E CHAVES, RUA CAP;;;26;CONSOLACAO;1;0
D011300792;15426;PARADA PINTO, AV;;;2920;;09/01/2013 15:20;2;CO;38;189; ; ;3;0;0;0;0;0;0;0;0;0;0;0;0;0;0;0;0;15426;PARADA PINTO, AV;;;8;BELEM;2;0
D011300581;6939;FEIZ ZARZUR, RUA COMEN;;;476;;09/01/2013 15:30;2;QM;87;166; ; ;0;1;0;0;0;0;0;0;0;0;0;0;0;0;0;0;0;6939;FEIZ ZARZUR, RUA COMEN;;;64;PIRITUBA;1;0
D011301259;17315;RODRIGUES DE MEDEIROS, RUA;;;214;;09/01/2013 16:09;2;CO;98;356;C; ;0;1;0;0;0;0;0;0;0;0;0;1;0;0;0;0;0;17315;RODRIGUES DE MEDEIROS, RUA;;;29;FREGUESIA DO O;1;0
D011301331;19615;MAURO PAES DE ALMEIDA, RUA DR;;;0;NADA CONSTA ;09/01/2013 16:10;2;CO;102;118; ; ;1;1;0;0;0;0;0;0;0;0;0;0;0;0;0;0;0;19615;MAURO PAES DE ALMEIDA, RUA DR;;;32;IGUATEMI;1;0
D011300604;13014;MARGINAL DO RIO PINHEIROS, AV;;;0;PROXIMO  - RAIA DA US;09/01/2013 16:15;2;CO;89;204; ; ;2;1;0;0;0;0;0;0;0;0;0;0;0;0;0;0;0;13014;MARGINAL DO RIO PINHEIROS, AV;;;40;JAGUARE;1;0
D011300131;3653;BRESSER, RUA;;;2400;;09/01/2013 16:30;2;QM;8;578; ; ;0;1;0;0;0;0;0;0;0;0;0;0;0;0;0;0;0;3653;BRESSER, RUA;;;10;BRAS;1;0
D011300120;6642;ESTADO, AV DO;14213;MOOCA, RUA DA;0;;09/01/2013 16:30;4;AT;8;216; ; ;0;0;0;1;0;0;0;0;0;0;0;0;0;0;0;0;0;6642;ESTADO, AV DO;7122;FIGUEIRA, RUA DA;14;CAMBUCI;1;0
D011300629;6238;NACOES UNIDAS, AV DAS;;;4849;;09/01/2013 16:35;2;CO;91;220; ; ;0;0;0;0;0;0;0;0;0;0;0;3;0;0;0;0;0;13014;MARGINAL DO RIO PINHEIROS, AV;;;90;VILA LEOPOLDINA;2;0
D011301388;18803;TEODORO, RUA S;;;500;;09/01/2013 16:50;2;CO;32;231; ; ;0;1;0;0;0;0;0;0;0;0;0;1;0;0;0;0;0;18803;TEODORO, RUA S;;;51;MANDAQUI;1;0
D011301503;98912;JOSE PINHEIRO BORGES, AV;;;0;PROXIMO  - R JOAO SIL;09/01/2013 17:00;2;CO;68;408; ; ;2;0;0;0;0;0;0;0;0;0;0;1;0;0;0;0;0;98912;JOSE PINHEIRO BORGES, AV;;;36;ITAQUERA;1;0
D011300866;33642;MASAO WATANABE, AV;;;152;;09/01/2013 18:30;2;QM;72;258; ; ;0;1;0;0;0;0;0;0;0;0;0;0;0;0;0;0;0;33642;MASAO WATANABE, AV;;;8;BELEM;1;0
D011301613;9580;ITAQUERA, AV;;;2200;;09/01/2013 19:11;2;CO;66;149; ; ;2;0;0;0;0;0;0;0;0;0;0;0;0;0;0;0;0;9580;ITAQUERA, AV;;;24;CIDADE LIDER;1;0
D011301050;19708;VILA EMA, AV;;;1209;;09/01/2013 19:24;2;CO;56;172; ; ;0;1;0;0;1;0;0;0;0;0;0;0;0;0;0;0;0;19708;VILA EMA, AV;;;26;CONSOLACAO;1;0
D011300502;34682;CAMPO LIMPO, ES DO;;;0;PROXIMO  - SHOPPING C;09/01/2013 19:25;2;QD;37;254; ; ;0;0;0;0;0;0;0;1;0;0;0;0;0;0;0;0;0;34682;CAMPO LIMPO, ES DO;;;17;CAMPO LIMPO;1;0
D011301732;4385;CARLOS MARCHAIS, AL;;;90;;09/01/2013 21:00;4;AT;47;429; ; ;1;0;0;0;0;0;0;0;0;0;0;0;0;0;0;0;0;4385;CARLOS MARCHAIS, AL;;;42;JARDIM ANGELA;0;1
D011300425;6897;FARIA LIMA, AV BRIG;12326;JUSCELINO KUBITSCHEK, AV PRES;0;;09/01/2013 22:00;2;CO;15;255; ; ;3;0;0;0;0;0;0;0;0;0;0;0;0;0;0;0;0;6897;FARIA LIMA, AV BRIG;12326;JUSCELINO KUBITSCHEK, AV PRES;34;ITAIM BIBI;2;0
D011300531;1429;ANHANGUERA, VIA;;;0;QUILOMETRO  - 18,5;09/01/2013 22:00;2;CT;46;299; ; ;3;0;0;0;0;0;0;0;0;0;0;0;0;0;0;0;0;1429;ANHANGUERA, VIA;;;73;SAO DOMINGOS;1;0
D011300749;18151;SEZEFREDO FAGUNDES, AV CEL;;;180;;09/01/2013 22:30;2;QM;20;614; ; ;0;1;0;0;0;0;0;0;0;0;0;0;0;0;0;0;0;18151;SEZEFREDO FAGUNDES, AV CEL;;;22;CIDADE ADEMAR;1;0
D011300572;16878;RAPOSO TAVARES, VIA;;;0;QUILOMETRO  - 17,1;09/01/2013 22:50;4;AT;75;231; ; ;1;0;0;0;0;0;0;0;0;0;0;0;0;0;0;0;0;16878;RAPOSO TAVARES, VIA;;;13;CACHOEIRINHA;1;0
D011300943;4128;CANGAIBA, AV;;;2369;;10/01/2013 02:45;2;QM;10;389; ; ;0;1;0;0;0;0;0;0;0;0;0;0;0;0;0;0;0;4128;CANGAIBA, AV;;;18;CANGAIBA;1;0
D011300689;19884;VOLUNTARIOS DA PATRIA, RUA;;;1;;10/01/2013 05:45;2;CT;13;133; ; ;2;0;0;0;0;0;0;0;0;0;0;0;0;0;0;0;0;19884;VOLUNTARIOS DA PATRIA, RUA;;;8;BELEM;1;0
D011300466;14267;MORUMBI, AV;11687;LEBRET, AV PDE;0;;10/01/2013 06:05;2;CO;34;196; ; ;1;1;0;0;0;0;0;0;0;0;0;0;0;0;0;0;0;11687;LEBRET, AV PDE;14267;MORUMBI, AV;55;MORUMBI;1;0
D011301400;41893;JOSE DE AMENABAR, RUA;;;370;;10/01/2013 06:19;2;CO;50;419; ; ;1;0;0;0;0;0;0;1;0;0;0;0;0;0;0;0;0;41893;JOSE DE AMENABAR, RUA;;;54;MOOCA;1;0
D011300911;15425;CANTIDIO SAMPAIO, AV DEP;;;6570;;10/01/2013 06:20;2;CH;74;562; ; ;1;0;0;0;0;0;0;0;0;0;0;0;0;0;0;0;0;15425;CANTIDIO SAMPAIO, AV DEP;;;41;JARAGUA;3;0
D011301348;10785;JOSE ARTUR NOVA, AV DR;;;2371;;10/01/2013 06:30;4;AT;22;170; ; ;0;0;0;0;0;0;0;0;0;0;0;0;0;0;0;1;0;10785;JOSE ARTUR NOVA, AV DR;;;43;JARDIM HELENA;1;0
D011300147;6642;ESTADO, AV DO;;;2255;;10/01/2013 06:45;4;AT;12;195; ; ;1;0;0;0;0;0;0;0;0;0;0;0;0;0;0;0;0;6642;ESTADO, AV DO;;;9;BOM RETIRO;1;0
D011301002;34122;MELO FREIRE, RUA;35652;PIRES DO RIO, VD;0;;10/01/2013 07:02;2;CO;30;160; ; ;1;1;0;0;0;0;0;0;0;0;0;0;0;0;0;0;0;34122;MELO FREIRE, RUA;35652;PIRES DO RIO, VD;  ;;1;0
D011300667;13172;MARIA CANDIDA, RUA;;;2150;;10/01/2013 07:10;2;CO;9;363; ; ;0;1;0;0;0;0;0;0;0;0;0;1;0;0;0;0;0;13172;MARIA CANDIDA, RUA;;;  ;;1;0
D011300735;14767;NOVA CANTAREIRA, AV;;;2811;;10/01/2013 07:33;2;QM;20;262;B; ;0;1;0;0;0;0;0;0;0;0;0;0;0;0;0;0;0;14767;NOVA CANTAREIRA, AV;;;83;TREMEMBE;1;0
D011300063;14804;NOVE DE JULHO, AV;;;0;NADA CONSTA ;10/01/2013 08:00;2;CO;4;224; ; ;1;1;0;0;0;0;0;0;0;0;0;0;0;0;0;0;0;14804;NOVE DE JULHO, AV;;;63;PINHEIROS;1;0
D011300257;19100;BANDEIRANTES, AV DOS;;;3725;;10/01/2013 08:00;2;CO;27;345; ; ;1;1;0;0;0;0;0;0;0;0;0;1;0;0;0;0;0;19100;BANDEIRANTES, AV DOS;;;24;CIDADE LIDER;2;0
D011301509;41386;LUIZ MATHEUS ALPIOVEZZA, RUA;;;1558;;10/01/2013 08:00;2;CO;103;141; ; ;1;1;0;0;0;0;0;0;0;0;0;0;0;0;0;0;0;41386;LUIZ MATHEUS ALPIOVEZZA, RUA;;;47;LAJEADO;1;0
D011300971;7645;FRONTIN, AV CD DE;;;0;PROXIMO  - VD.DONA MA;10/01/2013 08:10;2;CL;21;108;C; ;1;1;0;0;0;0;0;0;0;0;0;0;0;0;0;0;0;7645;FRONTIN, AV CD DE;;;93;VILA MATILDE;1;0
D011300266;9334;IRERE, AV;;;2030;;10/01/2013 08:30;4;AT;27;740; ; ;1;0;0;0;0;0;0;0;0;0;0;0;0;0;0;0;0;9334;IRERE, AV;;;79;SAUDE;1;0
D011300867;15425;CANTIDIO SAMPAIO, AV DEP;;;2613;;10/01/2013 08:40;2;CL;72;273; ; ;0;1;0;0;0;0;0;1;0;0;0;0;0;0;0;0;0;15425;CANTIDIO SAMPAIO, AV DEP;;;41;JARAGUA;1;0
D011300885;6224;EDU CHAVES, AV;17339;ROLAND GARROS, AV;0;;10/01/2013 08:58;4;AT;73;322; ; ;1;0;0;0;0;0;0;0;0;0;0;0;0;0;0;0;0;6224;EDU CHAVES, AV;17339;ROLAND GARROS, AV;38;JACANA;1;0
D011300694;17799;SANTOS DUMONT, AV;3637;BRAZ LEME, AV;0;;10/01/2013 09:10;2;QM;13;312; ; ;0;1;0;0;0;0;0;0;0;0;0;0;0;0;0;0;0;3637;BRAZ LEME, AV;17799;SANTOS DUMONT, AV;71;SANTANA;1;0
D011300467;17822;SAPETUBA, RUA;6105;DRAUSIO, RUA;0;;10/01/2013 09:30;2;CO;34;197; ; ;1;1;0;0;0;0;0;0;0;0;0;0;0;0;0;0;0;6105;DRAUSIO, RUA;17822;SAPETUBA, RUA;12;BUTANTA;1;0
D011301390;9587;SERRA DE SAO DOMINGOS, RUA;;;555;;10/01/2013 09:45;4;AT;32;252; ; ;0;0;0;0;0;0;0;0;0;0;0;0;0;0;0;1;0;9587;SERRA DE SAO DOMINGOS, RUA;;;36;ITAQUERA;1;0
D011300765;5947;EDGAR FACO, AV GAL;;;441;;10/01/2013 09:55;2;CO;28;152; ; ;1;1;0;0;0;0;0;0;0;0;0;0;0;0;0;0;0;5947;EDGAR FACO, AV GAL;;;64;PIRITUBA;1;0
D011300230;11379;JUNTAS PROVISORIAS, AV;6642;ESTADO, AV DO;0;;10/01/2013 10:40;2;SI;17;189; ; ;1;1;0;0;0;0;0;0;0;0;0;0;0;0;0;0;0;10648;JORDAO, RUA BRIG;11379;JUNTAS PROVISORIAS, AV;48;LAPA;1;0
D011300093;10512;JOAQUIM, RUA S;;;0;NADA CONSTA ;10/01/2013 11:00;4;AT;5;262; ; ;0;1;0;0;0;0;0;0;0;0;0;0;0;0;0;0;0;10512;JOAQUIM, RUA S;;;47;LAJEADO;1;0
D011300695;3241;BENTO PICKEL, RUA DOM;;;418;;10/01/2013 11:15;4;AT;13;336; ; ;1;0;0;0;0;0;0;0;0;0;0;0;0;0;0;0;0;3241;BENTO PICKEL, RUA DOM;;;21;CASA VERDE;1;0
D011301718;16055;PENSILVANIA, RUA;17064;RIBEIRO DO VALE, RUA;0;;10/01/2013 11:30;4;AT;16;542; ; ;1;0;0;0;0;0;0;0;0;0;0;0;0;0;0;0;0;16055;PENSILVANIA, RUA;17064;RIBEIRO DO VALE, RUA;  ;;0;1
D011300433;4561;CASTELO BRANCO, AV PRES;7396;JOSE GOMES FALCAO, RUA;0;;10/01/2013 12:00;2;CO;23;153; ; ;0;1;0;1;0;0;0;0;0;0;0;0;0;0;0;0;0;4561;CASTELO BRANCO, AV PRES;7396;JOSE GOMES FALCAO, RUA;6;BARRA FUNDA;1;0
D011300172;8023;GLETE, AL;15358;PALMEIRAS, RUA DAS;0;;10/01/2013 12:15;4;AT;77;146; ; ;1;0;0;0;0;0;0;0;0;0;0;0;0;0;0;0;0;8023;GLETE, AL;15358;PALMEIRAS, RUA DAS;70;SANTA CECILIA;1;0
D011300868;49404;CRUZ DO MONTE CASTELO, RUA SANTA;;;0;PROXIMO  - AV.DEP.CAN;10/01/2013 12:15;4;AT;72;283; ; ;0;0;0;0;0;0;0;0;0;0;0;0;0;0;0;1;0;49404;CRUZ DO MONTE CASTELO, RUA SANTA;;;11;BRASILANDIA;1;0
D011300099;11922;LINS DE VASCONCELOS, AV;;;2398;;10/01/2013 12:20;2;QM;6;150; ; ;0;1;0;0;0;0;0;0;0;0;0;0;0;0;0;0;0;11922;LINS DE VASCONCELOS, AV;;;92;VILA MARIANA;1;0
D011301094;34348;MARGINAL ESQUERD RIO PINHEIROS, AV;;;0;ACESSO  - PTE JOAO D;10/01/2013 12:30;2;CO;11;373; ; ;2;0;0;0;0;0;0;0;0;0;0;0;0;0;0;0;0;13014;MARGINAL DO RIO PINHEIROS, AV;;;40;JAGUARE;1;0
D011300317;5618;CURSINO, AV DO;;;6800;;10/01/2013 12:30;2;CO;83;76; ; ;0;1;0;0;0;0;0;0;0;0;0;1;0;0;0;0;0;5618;CURSINO, AV DO;;;27;CURSINO;1;0
D011301260;4253;CARDOSO JARROS, RUA;;;35;;10/01/2013 12:52;4;AT;98;388;B; ;1;0;0;0;0;0;0;0;0;0;0;0;0;0;0;0;0;4253;CARDOSO JARROS, RUA;;;29;FREGUESIA DO O;1;0
D011300822;19201;TUCURUVI, AV;;;520;;10/01/2013 13:30;2;CO;39;171; ; ;1;1;0;0;0;0;0;0;0;0;0;0;0;0;0;0;0;19201;TUCURUVI, AV;;;22;CIDADE ADEMAR;1;0