id_acidente;codloga;logradouroA;codlogb;logradouroB;alt_num;referencia;data;cod_acid;tipo_acidente;dp;numero_BO;sentido;pista;automovel;moto;onibus;caminhao;bicicleta;moto_taxi;onibus_fretado;onibus_urbano;microonibus;van;vuc;caminhonete;carreta;jipe;outros;sem_informacao;carroca;princ_a;paiA;princ_b;paiB;cod_distrito;distrito;vit_ferida;vit_morta
D011300890;3199;BENJAMIN PEREIRA, RUA;;;478;;13/01/2013 14:56;2;CH;73;419; ; ;0;0;0;0;0;0;0;0;0;0;0;1;0;0;0;0;0;3199;BENJAMIN PEREIRA, RUA;;;38;JACANA;1;0
D011300573;16878;RAPOSO TAVARES, VIA;;;16500;;13/01/2013 15:00;2;SI;75;301; ; ;1;0;0;0;0;0;0;0;0;0;0;0;0;0;0;0;0;16878;RAPOSO TAVARES, VIA;;;13;CACHOEIRINHA;1;0
D011300007;7610;FREDERICO ALVARENGA, RUA;69149;ALEXANDRIA, RUA;0;;13/01/2013 15:13;4;AT;1;318; ; ;1;0;0;0;0;0;0;0;0;0;0;0;0;0;0;0;0;7610;FREDERICO ALVARENGA, RUA;69149;ALEXANDRIA, RUA;80;SE;1;0
D011300350;2235;ARMANDO DE ARRUDA PEREIRA, AV ENG;;;5000;;13/01/2013 15:25;4;AT;97;344; ; ;0;0;0;0;0;0;0;0;0;0;0;1;0;0;0;0;0;2235;ARMANDO DE ARRUDA PEREIRA, AV ENG;;;37;JABAQUARA;1;0
D011300833;17339;ROLAND GARROS, AV;;;1467;;13/01/2013 15:50;2;CH;39;431; ; ;4;0;0;0;0;0;0;0;0;0;0;0;0;0;0;0;0;17339;ROLAND GARROS, AV;;;22;CIDADE ADEMAR;3;0
D011301652;6374;MATIAS OLIMPIO, RUA;;;191;;13/01/2013 15:50;2;CH;70;442; ; ;1;0;0;0;0;0;0;0;0;0;0;0;0;0;0;0;0;6374;MATIAS OLIMPIO, RUA;;;56;PARELHEIROS;2;0
D011301262;15880;PEDRO DE AVOS, AV;;;296;;13/01/2013 17:30;2;CH;98;521; ; ;2;0;0;0;0;0;0;0;0;0;0;0;0;0;0;0;0;15880;PEDRO DE AVOS, AV;;;0;NULL;2;0
D011300312;10630;PEDRO ALVARES CABRAL, AV;;;120;;13/01/2013 17:43;4;AT;36;424; ; ;0;1;0;0;0;0;0;0;0;0;0;0;0;0;0;0;0;10630;PEDRO ALVARES CABRAL, AV;;;53;MOEMA;1;0
D011301235;79059;JULIO LOURENCO PINTO, RUA;;;186;;13/01/2013 17:53;2;SI;92;548; ; ;1;1;0;0;0;0;0;0;0;0;0;0;0;0;0;0;0;79059;JULIO LOURENCO PINTO, RUA;;;32;IGUATEMI;1;0
D011300110;17083;RICARDO JAFET, AV DR;;;1900;;13/01/2013 18:00;2;CT;6;323; ; ;2;0;0;0;0;0;0;0;0;0;0;0;0;0;0;0;0;17083;RICARDO JAFET, AV DR;;;37;JABAQUARA;1;0
D011300891;45241;FILHOS DA TERRA, RUA DOS;;;788;;13/01/2013 18:40;2;QM;73;435; ; ;1;1;0;0;0;0;0;0;0;0;0;0;0;0;0;0;0;45241;FILHOS DA TERRA, RUA DOS;;;83;TREMEMBE;1;0
D011300260;26500;VICENTE RAO, AV PROF.;10918;JOSE DINIZ, AV VER;0;;13/01/2013 18:40;2;CO;27;427; ; ;1;1;0;0;0;0;0;0;0;0;0;0;0;0;0;0;0;10918;JOSE DINIZ, AV VER;26500;VICENTE RAO, AV PROF.;  ;;2;0
D011301370;3438;MATEUS LOURENCO DE CARVALHO, RUA;;;328;;13/01/2013 19:00;2;CH;24;473; ; ;2;0;0;0;0;0;0;0;0;0;0;0;0;0;0;0;0;3438;MATEUS LOURENCO DE CARVALHO, RUA;;;18;CANGAIBA;1;0
D011301449;69713;PALMEIRA DE LEQUE, RUA;;;15;;13/01/2013 19:03;4;AT;63;321; ; ;1;0;0;0;0;0;0;0;0;0;0;0;0;0;0;0;0;69713;PALMEIRA DE LEQUE, RUA;;;53;MOEMA;1;0
D011300177;8771;HIGIENOPOLIS, AV;13596;MARTIM FRANCISCO, RUA;0;;13/01/2013 20:27;4;AT;77;238; ; ;1;0;0;0;0;0;0;0;0;0;0;0;0;0;0;0;0;8771;HIGIENOPOLIS, AV;13596;MARTIM FRANCISCO, RUA;26;CONSOLACAO;1;0
D011301149;9529;ITAPECERICA, ES DE;;;6250;;13/01/2013 20:34;2;CT;47;547; ; ;1;0;0;0;0;0;0;0;0;0;0;1;0;0;0;0;0;9529;ITAPECERICA, ES DE;;;29;FREGUESIA DO O;1;0
D011300892;40517;DIVA RODRIGUES DE OLIVEIRA, RUA;;;212;;13/01/2013 20:40;4;AT;73;444; ; ;0;0;0;1;0;0;0;0;0;0;0;0;0;0;0;0;0;40517;DIVA RODRIGUES DE OLIVEIRA, RUA;;;22;CIDADE ADEMAR;1;0
D011301392;36069;CARLOS MAZER, RUA;;;0;PROXIMO  - AV JACU-PE;13/01/2013 21:00;2;CO;32;327; ; ;3;0;0;0;0;0;0;0;0;0;0;0;0;0;0;0;0;36069;CARLOS MAZER, RUA;;;51;MANDAQUI;1;0
D011301437;14917;OLAVO EGIDIO DE SOUZA ARANHA, AV;;;299;;13/01/2013 21:00;4;AT;62;480; ; ;0;0;0;0;0;0;0;0;0;0;0;0;0;0;0;1;0;14917;OLAVO EGIDIO DE SOUZA ARANHA, AV;;;49;LIBERDADE;2;0
D011300982;11098;JOSE MASCARENHAS, RUA;;;398;;13/01/2013 21:20;2;CT;21;515; ; ;1;1;0;0;0;0;0;0;0;0;0;0;0;0;0;0;0;11098;JOSE MASCARENHAS, RUA;;;38;JACANA;1;0
D011300392;5885;DIOGENES RIBEIRO DE LIMA, AV;9862;JAIME FONSECA RODRIGUES, RUA ARQ;0;;13/01/2013 22:00;2;SI;14;384; ; ;1;0;1;0;0;0;0;0;0;0;0;0;0;0;0;0;0;5885;DIOGENES RIBEIRO DE LIMA, AV;9862;JAIME FONSECA RODRIGUES, RUA ARQ;2;ALTO DE PINHEIR;1;0
D011301068;18901;TEREZINHA, RUA;;;540;;13/01/2013 22:10;2;CO;57;266;C; ;1;1;0;0;0;0;0;0;0;0;0;0;0;0;0;0;0;18901;TEREZINHA, RUA;;;0;NULL;1;0
D011300450;33234;MARGINAL DIREITA DO TIETE, AV;;;1200;;13/01/2013 22:15;2;CH;33;312; ; ;0;0;0;0;0;0;0;0;0;0;0;1;0;0;0;0;0;29772;MARGINAL DO RIO TIETE, AV;;;39;JAGUARA;1;0
D011300124;8798;HIPODROMO, RUA;;;220;;13/01/2013 22:38;4;AT;8;329; ; ;1;0;0;0;0;0;0;0;0;0;0;0;0;0;0;0;0;8798;HIPODROMO, RUA;;;10;BRAS;1;0
D011300207;9433;ITACIRA, AV;;;867;;13/01/2013 23:14;2;CO;16;543;B; ;2;0;0;0;0;0;0;0;0;0;0;0;0;0;0;0;0;9433;ITACIRA, AV;;;79;SAUDE;1;0
D011301169;9220;INTERLAGOS, AV;;;200;;14/01/2013 00:30;2;CO;48;303; ; ;2;0;0;0;0;0;0;1;0;0;0;0;0;0;0;0;0;9220;INTERLAGOS, AV;;;16;CAMPO GRANDE;1;0
D011301634;98857;JIM BACKUS, RUA;;;100;;14/01/2013 00:33;4;AT;69;449; ; ;0;0;0;0;0;0;0;0;0;0;0;0;0;0;0;1;0;98857;JIM BACKUS, RUA;;;78;SAPOPEMBA;1;0
D011301616;71986;SAUL BORGES CARNEIRO, RUA;;;16;;14/01/2013 01:58;2;SI;66;297; ; ;0;1;0;0;0;0;0;0;0;0;0;0;0;0;0;1;0;71986;SAUL BORGES CARNEIRO, RUA;;;38;JACANA;1;0
D011301701;17820;TITO, AV MAL;;;1850;;14/01/2013 02:30;2;CH;62;220; ; ;1;0;0;0;0;0;0;0;0;0;0;0;0;0;0;0;0;17820;TITO, AV MAL;;;  ;;1;1
D011301617;2181;ARICANDUVA, AV;75433;LATINOS, AV DOS;0;;14/01/2013 02:50;2;QM;66;302; ; ;0;1;0;0;0;0;0;0;0;0;0;0;0;0;0;0;0;2181;ARICANDUVA, AV;75433;LATINOS, AV DOS;4;ARICANDUVA;1;0
D011300665;6856;EZEQUIEL FREIRE, RUA;14916;OLAVO EGIDIO, RUA DR;0;;14/01/2013 04:00;2;CO;9;304; ; ;2;0;0;0;0;0;0;0;0;0;0;0;0;0;0;0;0;6856;EZEQUIEL FREIRE, RUA;14916;OLAVO EGIDIO, RUA DR;71;SANTANA;2;0
D011300470;569;ALCIDES SANGIRARDI, AV;;;0;NADA CONSTA ;14/01/2013 06:00;2;CO;34;269; ; ;2;0;0;0;0;0;0;0;0;0;0;0;0;0;0;0;0;13014;MARGINAL DO RIO PINHEIROS, AV;;;55;MORUMBI;1;0
D011301367;14094;MOGI DAS CRUZES, ES DE;;;0;PROXIMO  - AV JAIME T;14/01/2013 06:20;2;CT;24;350;C; ;1;1;0;0;0;0;0;0;0;0;0;0;0;0;0;0;0;14094;MOGI DAS CRUZES, ES DE;;;65;PONTE RASA;1;0
D011301263;1391;ANGELO CRISTIANINI, AV;7764;GARCIA DE AVILA, AV;0;;14/01/2013 06:30;2;CO;98;535; ; ;0;1;0;0;0;0;0;1;0;0;0;0;0;0;0;0;0;1391;ANGELO CRISTIANINI, AV;7764;GARCIA DE AVILA, AV;22;CIDADE ADEMAR;2;0
D011300524;1429;ANHANGUERA, VIA;;;22;;14/01/2013 07:10;2;CO;46;208; ; ;1;1;0;0;0;0;0;0;0;0;0;0;0;0;0;0;0;1429;ANHANGUERA, VIA;;;73;SAO DOMINGOS;1;0
D011301218;8368;GUARAPIRANGA, AV;;;1806;;14/01/2013 07:12;4;AT;92;245; ; ;0;0;0;0;0;0;0;1;0;0;0;0;0;0;0;0;0;8368;GUARAPIRANGA, AV;;;45;JARDIM SAO LUIS;1;0
D011301416;66958;SALINAS DE MOSSORO, RUA;63214;AGOSTINHO ALVES MARINHO, RUA;0;;14/01/2013 07:30;2;CO;59;202; ; ;2;0;0;0;0;0;0;0;0;0;0;0;0;0;0;0;0;63214;AGOSTINHO ALVES MARINHO, RUA;66958;SALINAS DE MOSSORO, RUA;  ;;2;0
D011301162;17772;SANT'ANNA, AV COMEN;;;0;PROXIMO  - EST DE ITA;14/01/2013 07:40;2;CO;47;900014; ; ;1;1;0;0;0;0;0;0;0;0;0;0;0;0;0;0;0;17772;SANT'ANNA, AV COMEN;;;29;FREGUESIA DO O;1;0
D011300192;7691;GABRIEL MONTEIRO DA SILVA, AL;3581;BRASIL, AV;0;;14/01/2013 08:15;2;CT;78;422; ; ;1;0;0;1;0;0;0;0;0;0;0;0;0;0;0;0;0;3581;BRASIL, AV;7691;GABRIEL MONTEIRO DA SILVA, AL;44;JARDIM PAULISTA;1;0
D011300290;8940;IBIRAJA, RUA;18363;SOARES DE AVELLAR, RUA;0;;14/01/2013 08:30;2;CO;35;556; ; ;1;1;0;0;0;0;0;0;0;0;0;0;0;0;0;0;0;8940;IBIRAJA, RUA;18363;SOARES DE AVELLAR, RUA;  ;;1;0
D011300314;6013;DOMINGOS DE MORAIS, RUA;4639;CAVALCANTI, RUA CAP;0;;14/01/2013 08:40;2;CO;36;591;C; ;0;2;0;0;0;0;0;0;0;0;0;0;0;0;0;0;0;4639;CAVALCANTI, RUA CAP;6013;DOMINGOS DE MORAIS, RUA;92;VILA MARIANA;1;0
D011300825;19599;VERTENTES, RUA DAS;11360;JULIO XAVIER JUNIOR, RUA;0;;14/01/2013 09:55;2;CO;39;225; ; ;1;0;0;1;0;0;0;0;0;0;0;0;0;0;0;0;0;11360;JULIO XAVIER JUNIOR, RUA;19599;VERTENTES, RUA DAS;38;JACANA;2;0
D011301082;3072;BELEM, RUA;;;419;;14/01/2013 10:05;4;AT;81;112;B; ;0;1;0;0;0;0;0;0;0;0;0;0;0;0;0;0;0;3072;BELEM, RUA;;;8;BELEM;1;0
D011300526;76382;ANTONIO CARDOSO NOGUEIRA, RUA;;;800;;14/01/2013 10:30;2;CO;46;236; ; ;0;1;0;0;0;0;0;1;0;0;0;0;0;0;0;0;0;76382;ANTONIO CARDOSO NOGUEIRA, RUA;;;41;JARAGUA;1;0
D011300065;5245;CONSOLACAO, RUA DA;;;2239;;14/01/2013 10:40;4;AT;4;323; ; ;0;0;0;0;0;0;0;1;0;0;0;0;0;0;0;0;0;5245;CONSOLACAO, RUA DA;;;26;CONSOLACAO;1;0
D011300719;8478;GUILHERME COTCHING, AV;;;1920;;14/01/2013 10:50;2;CH;19;281; ; ;0;0;1;0;0;0;0;0;0;0;0;1;0;0;0;0;0;8478;GUILHERME COTCHING, AV;;;91;VILA MARIA;1;0
D011301048;24338;LUIZ IGNACIO ANHAIA MELLO, AV PROF;;;0;PROXIMO  - ESTACAO ME;14/01/2013 10:50;2;CO;56;166; ; ;1;1;0;0;0;0;0;0;0;0;0;0;0;0;0;0;0;24338;LUIZ IGNACIO ANHAIA MELLO, AV PROF;;;26;CONSOLACAO;1;0
D011300103;11922;LINS DE VASCONCELOS, AV;;;400;;14/01/2013 12:08;4;AT;6;228; ; ;1;0;0;0;0;0;0;0;0;0;0;0;0;0;0;0;0;11922;LINS DE VASCONCELOS, AV;;;92;VILA MARIANA;1;0
D011301535;13671;MATEO BEI, AV;;;2831;;14/01/2013 12:20;2;CO;49;660; ; ;1;1;0;0;0;0;0;0;0;0;0;0;0;0;0;0;0;13671;MATEO BEI, AV;;;75;SAO MATEUS;1;0
D011300640;6238;NACOES UNIDAS, AV DAS;;;6000;;14/01/2013 12:20;2;CO;91;90023; ; ;1;1;0;0;0;0;0;0;0;0;0;0;0;0;0;0;0;13014;MARGINAL DO RIO PINHEIROS, AV;;;90;VILA LEOPOLDINA;1;0
D011300471;18470;PIRAJUSSARA, AV;;;5171;;14/01/2013 12:41;2;CO;34;289; ; ;1;1;0;0;0;0;0;0;0;0;0;0;0;0;0;0;0;18470;PIRAJUSSARA, AV;;;13;CACHOEIRINHA;1;0
D011300962;15304;PAES DE BARROS, AV;;;3405;;14/01/2013 12:52;4;AT;18;92; ; ;1;0;0;0;0;0;0;0;0;0;0;0;0;0;0;0;0;15304;PAES DE BARROS, AV;;;16;CAMPO GRANDE;1;0
D011300794;15186;ODASSI NAZZALI, RUA;;;216;;14/01/2013 13:45;4;AT;38;260; ; ;0;0;1;0;0;0;0;0;0;0;0;0;0;0;0;0;0;15186;ODASSI NAZZALI, RUA;;;48;LAPA;1;0
D011301350;4653;CAVOA, RUA;1527;ESPIRITO SANTO DO DOURADO, RUA;0;;14/01/2013 14:30;2;CL;22;252; ; ;2;0;0;0;0;0;0;0;0;0;0;0;0;0;0;0;0;1527;ESPIRITO SANTO DO DOURADO, RUA;4653;CAVOA, RUA;86;VILA CURUCA;1;0
D011300700;2233;ARMANDO COELHO SILVA, RUA;7677;GABRIEL COVELLI, RUA;0;;14/01/2013 14:40;2;CO;13;458; ; ;1;1;0;0;0;0;0;0;0;0;0;0;0;0;0;0;0;2233;ARMANDO COELHO SILVA, RUA;7677;GABRIEL COVELLI, RUA;21;CASA VERDE;1;0
D011301019;19965;WINIFRED, RUA;16990;RENATO RINALDI, RUA;0;;14/01/2013 15:00;2;QM;31;241; ; ;0;1;0;0;0;0;0;0;0;0;0;0;0;0;0;0;0;16990;RENATO RINALDI, RUA;19965;WINIFRED, RUA;  ;;1;0
D011300632;6238;NACOES UNIDAS, AV DAS;;;2000;;14/01/2013 16:15;2;CO;91;337; ; ;1;0;0;0;1;0;0;0;0;0;0;0;0;0;0;0;0;13014;MARGINAL DO RIO PINHEIROS, AV;;;90;VILA LEOPOLDINA;1;0
D011301052;24338;LUIZ IGNACIO ANHAIA MELLO, AV PROF;;;2100;;14/01/2013 16:24;2;QD;56;277; ; ;0;0;1;0;0;0;0;0;0;0;0;0;0;0;0;0;0;24338;LUIZ IGNACIO ANHAIA MELLO, AV PROF;;;26;CONSOLACAO;1;0
D011300105;637;ALEXANDRE LEVI, RUA;;;150;;14/01/2013 16:30;4;AT;6;234; ; ;0;0;0;0;0;0;0;0;0;0;0;1;0;0;0;0;0;637;ALEXANDRE LEVI, RUA;;;12;BUTANTA;1;0
D011300027;13733;MAUA, RUA;36104;ROMERO ZANDER, VD ENG;0;;14/01/2013 16:39;2;CO;2;271; ; ;1;1;0;0;0;0;0;0;0;0;0;0;0;0;0;0;0;7204;FLORENCIO DE ABREU, RUA;13733;MAUA, RUA;80;SE;2;0
D011301461;17125;RIO EIRO, RUA;;;21;;14/01/2013 17:15;4;AT;64;376; ; ;1;0;0;0;0;0;0;0;0;0;0;0;0;0;0;0;0;17125;RIO EIRO, RUA;;;49;LIBERDADE;1;0
D011300525;35449;BANDEIRANTES, VIA DOS;;;21;;14/01/2013 17:25;2;QM;46;226; ; ;0;1;0;0;0;0;0;0;0;0;0;0;0;0;0;0;0;35449;BANDEIRANTES, VIA DOS;;;64;PIRITUBA;1;0
D011300453;8002;GIOVANI RECORDATI, RUA DR;;;140;;14/01/2013 18:00;2;CO;33;447; ; ;1;0;0;0;1;0;0;0;0;0;0;0;0;0;0;0;0;8002;GIOVANI RECORDATI, RUA DR;;;73;SAO DOMINGOS;1;0
D011300066;16204;PIAUI, RUA;17557;SABARA, RUA;0;;14/01/2013 18:00;2;CO;4;350; ; ;3;0;0;0;0;0;0;0;0;0;0;0;0;0;0;0;0;16204;PIAUI, RUA;17557;SABARA, RUA;26;CONSOLACAO;1;0
D011300106;6872;FABIO PRADO, AV PREF;41400;CAROLINA RIBEIRO, RUA PROFA;0;;14/01/2013 18:11;2;CH;6;237; ; ;1;0;0;0;0;0;0;0;0;0;0;0;0;0;0;0;0;6872;FABIO PRADO, AV PREF;41400;CAROLINA RIBEIRO, RUA PROFA;92;VILA MARIANA;1;0
D011300209;5618;CURSINO, AV DO;3523;BOSQUE DA SAUDE, AV;0;;14/01/2013 18:15;2;CO;16;579; ; ;2;0;0;0;0;0;0;0;0;0;0;0;0;0;0;0;0;3523;BOSQUE DA SAUDE, AV;5618;CURSINO, AV DO;27;CURSINO;1;0
D011301250;13357;MARIA COELHO AGUIAR, AV;;;50;;14/01/2013 18:21;2;QM;92;900001; ; ;0;1;0;0;0;0;0;0;0;0;0;0;0;0;0;0;0;13357;MARIA COELHO AGUIAR, AV;;;45;JARDIM SAO LUIS;1;0
D011300046;16593;PRESTES MAIA, AV;;;0;PROXIMO  - SEN QUEIRO;14/01/2013 19:29;2;SI;3;389; ; ;1;1;0;0;0;0;0;0;0;0;0;0;0;0;0;0;0;16593;PRESTES MAIA, AV;;;9;BOM RETIRO;1;0
D011300028;1421;ANHAIA, RUA;;;360;;14/01/2013 19:30;4;AT;2;272; ; ;1;0;0;0;0;0;0;0;0;0;0;0;0;0;0;0;0;1421;ANHAIA, RUA;;;9;BOM RETIRO;1;0
D011300393;6238;NACOES UNIDAS, AV DAS;;;750;;14/01/2013 19:31;2;CO;14;420; ; ;1;1;0;0;0;0;0;0;0;0;0;0;0;0;0;0;0;13014;MARGINAL DO RIO PINHEIROS, AV;;;90;VILA LEOPOLDINA;1;0
D011300741;14767;NOVA CANTAREIRA, AV;;;1400;;14/01/2013 19:50;2;CO;20;421; ; ;1;1;0;0;0;0;0;0;0;0;0;0;0;0;0;0;0;14767;NOVA CANTAREIRA, AV;;;83;TREMEMBE;1;0
D011300152;3812;CAETANO, RUA S;;;905;;14/01/2013 19:51;4;AT;12;353; ; ;0;0;0;0;0;0;0;0;0;0;0;0;0;0;0;1;0;3812;CAETANO, RUA S;;;5;ARTUR ALVIM;1;0
D011300952;43777;CARVALHO PINTO, AV GOV;;;2546;;14/01/2013 20:00;4;AT;10;949;B; ;0;1;0;0;0;0;0;0;0;0;0;0;0;0;0;0;0;43777;CARVALHO PINTO, AV GOV;;;41;JARAGUA;1;0
D011300872;15425;CANTIDIO SAMPAIO, AV DEP;;;4000;;14/01/2013 20:43;4;AT;72;410; ; ;0;1;0;0;0;0;0;0;0;0;0;0;0;0;0;0;0;15425;CANTIDIO SAMPAIO, AV DEP;;;41;JARAGUA;1;0
D011300540;37026;MARIO COVAS, RUA;;;0;PROXIMO  - R ANHANGUE;14/01/2013 21:30;2;CH;46;455; ; ;1;0;0;0;0;0;0;0;0;0;0;0;0;0;0;0;0;37026;MARIO COVAS, RUA;;;54;MOOCA;1;0
D011301700;76402;INACIO DE OLIVEIRA CAMPOS, RUA;;;709;;14/01/2013 23:00;2;CF;53;327; ; ;0;1;0;0;0;0;0;0;1;0;0;0;0;0;0;0;0;76402;INACIO DE OLIVEIRA CAMPOS, RUA;;;50;LIMAO;0;2
D011301373;9632;ITINGUCU, RUA;;;2009;;15/01/2013 06:50;4;AT;24;572;C; ;1;0;0;0;0;0;0;0;0;0;0;0;0;0;0;0;0;9632;ITINGUCU, RUA;;;60;PENHA;1;0
D011301280;9220;INTERLAGOS, AV;;;285;;15/01/2013 07:33;4;AT;99;189;C; ;0;1;0;0;0;0;0;0;0;0;0;0;0;0;0;0;0;9220;INTERLAGOS, AV;;;16;CAMPO GRANDE;1;0
D011300339;8341;GUARAIUVA, RUA;7237;FLORIDA, RUA;0;;15/01/2013 07:58;2;CV;96;213; ; ;1;2;0;1;0;0;0;0;0;0;0;0;0;0;0;0;0;7237;FLORIDA, RUA;8341;GUARAIUVA, RUA;34;ITAIM BIBI;1;0
D011301332;2483;ATLANTICA ANT. ROBERT KENNEDY, AV;;;2000;;15/01/2013 08:30;2;CO;102;152; ; ;1;1;0;0;0;0;0;0;0;0;0;0;0;0;0;0;0;2483;ATLANTICA ANT. ROBERT KENNEDY, AV;;;23;CIDADE DUTRA;1;0
D011301686;10649;JORDAO, RUA CEL;;;0;PROXIMO  - R CASSIO D;15/01/2013 09:10;4;AT;2;528; ; ;0;1;0;0;0;0;0;0;0;0;0;0;0;0;0;0;0;10649;JORDAO, RUA CEL;;;  ;;0;1
D011300857;8409;JOAQUIM FERREIRA DA ROCHA, RUA;;;1163;;15/01/2013 09:50;2;CO;45;121; ; ;1;0;0;1;0;0;0;0;0;0;0;0;0;0;0;0;0;8409;JOAQUIM FERREIRA DA ROCHA, RUA;;;11;BRASILANDIA;1;0
D011300742;10945;JOSE ERMIRIO DE MORAES, AV SEN;;;4040;;15/01/2013 10:00;2;CH;20;441;C; ;1;0;0;0;0;0;0;0;0;0;0;0;0;0;0;0;0;10945;JOSE ERMIRIO DE MORAES, AV SEN;;;83;TREMEMBE;1;0
D011301219;12403;M'BOI MIRIM, ES;;;1563;;15/01/2013 10:50;4;AT;92;285; ; ;0;1;0;0;0;0;0;0;0;0;0;0;0;0;0;0;0;12403;M'BOI MIRIM, ES;;;42;JARDIM ANGELA;1;0
D011301220;8368;GUARAPIRANGA, AV;;;115;;15/01/2013 11:10;2;CO;92;288; ; ;0;1;0;0;0;0;0;0;0;0;0;1;0;0;0;0;0;8368;GUARAPIRANGA, AV;;;45;JARDIM SAO LUIS;1;0
D011300554;16878;RAPOSO TAVARES, VIA;;;0;QUILOMETRO  - 11200;15/01/2013 11:30;4;AT;51;223; ; ;0;1;0;0;0;0;0;0;0;0;0;0;0;0;0;0;0;16878;RAPOSO TAVARES, VIA;;;13;CACHOEIRINHA;1;0
D011300571;8603;HEITOR ANTONIO EIRAS GARCIA, AV ENG;;;4109;;15/01/2013 12:00;2;CO;75;162; ; ;1;0;0;0;1;0;0;0;0;0;0;0;0;0;0;0;0;8603;HEITOR ANTONIO EIRAS GARCIA, AV ENG;;;68;RIO PEQUENO;1;0
D011300527;27955;FORTUNATA TADIELLO NATUCCI, AV;;;500;;15/01/2013 12:40;2;SI;46;245; ; ;0;1;0;1;0;0;0;0;0;0;0;0;0;0;0;0;0;27955;FORTUNATA TADIELLO NATUCCI, AV;;;3;ANHANGUERA;1;0
D011300770;3771;INAJAR DE SOUZA, AV;;;20;;15/01/2013 12:50;4;AT;28;231; ; ;0;0;1;0;0;0;0;0;0;0;0;0;0;0;0;0;0;3771;INAJAR DE SOUZA, AV;;;50;LIMAO;1;0
D011300795;44645;DIREITOS HUMANOS, AV;19337;ULTRAMARINO, AV;0;;15/01/2013 12:50;2;CO;38;276; ; ;1;1;0;0;0;0;0;0;0;0;0;0;0;0;0;0;0;19337;ULTRAMARINO, AV;44645;DIREITOS HUMANOS, AV;51;MANDAQUI;1;0
D011300424;17003;REPUBLICA DO LIBANO, AV;;;510;;15/01/2013 13:30;4;AT;15;209; ; ;0;1;0;0;0;0;0;0;0;0;0;0;0;0;0;0;0;17003;REPUBLICA DO LIBANO, AV;;;9;BOM RETIRO;1;0
D011301510;13207;MARIA DE CAMARGO, RUA DONA;;;124;;15/01/2013 13:50;2;CO;103;165; ; ;1;0;0;0;0;0;0;0;0;0;0;1;0;0;0;0;0;13207;MARIA DE CAMARGO, RUA DONA;;;36;ITAQUERA;2;0
D011300125;3653;BRESSER, RUA;1783;ANTONIO MARCELO, RUA CEL;0;;15/01/2013 14:08;2;CO;8;378; ; ;1;0;0;0;1;0;0;0;0;0;0;0;0;0;0;0;0;1783;ANTONIO MARCELO, RUA CEL;3653;BRESSER, RUA;10;BRAS;1;0
D011300633;6238;NACOES UNIDAS, AV DAS;;;2200;;15/01/2013 15:51;4;AT;91;372; ; ;0;1;0;0;0;0;0;0;0;0;0;0;0;0;0;0;0;13014;MARGINAL DO RIO PINHEIROS, AV;;;90;VILA LEOPOLDINA;1;0
D011300771;5947;EDGAR FACO, AV GAL;;;700;;15/01/2013 16:47;4;AT;28;235; ; ;0;0;0;0;0;0;0;0;0;0;0;0;0;0;0;1;0;5947;EDGAR FACO, AV GAL;;;64;PIRITUBA;1;0
D011300893;48349;CANARIOS CARMINS, RUA DOS;;;0;PROXIMO  - R COLIBRIS;15/01/2013 17:00;4;AT;73;518; ; ;0;1;0;0;0;0;0;0;0;0;0;0;0;0;0;0;0;48349;CANARIOS CARMINS, RUA DOS;;;87;VILA FORMOSA;1;0
D011300586;15188;OTAVIANO ALVES DE LIMA, AV;;;6000;;15/01/2013 17:30;2;CT;87;286; ; ;0;0;2;1;0;0;0;0;0;0;0;0;0;0;0;0;0;29772;MARGINAL DO RIO TIETE, AV;;;23;CIDADE DUTRA;2;0
D011300265;19931;WASHINGTON LUIS, AV;4567;CASTRO, RUA VISC DE;0;;15/01/2013 17:30;2;CO;27;632; ; ;0;2;0;0;0;0;0;0;0;0;0;0;0;0;0;0;0;4567;CASTRO, RUA VISC DE;19931;WASHINGTON LUIS, AV;15;CAMPO BELO;1;0
D011300609;8000;GIOVANNI GRONCHI, AV;;;4300;;15/01/2013 18:00;2;QD;89;381; ; ;0;0;1;0;0;0;0;0;0;0;0;0;0;0;0;0;0;8000;GIOVANNI GRONCHI, AV;;;55;MORUMBI;1;0
D011300977;44742;BERNARDINO BRITO FONSECA DE CA, AV;;;2500;;15/01/2013 18:15;2;CO;21;266;C; ;1;1;0;0;0;0;0;0;0;0;0;0;0;0;0;0;0;44742;BERNARDINO BRITO FONSECA DE CA, AV;;;93;VILA MATILDE;1;0
D011301676;20575;RIO CLARO, ES DO;;;19213;;15/01/2013 18:20;2;CO;49;752; ; ;0;1;1;0;0;0;0;0;0;0;0;0;0;0;0;0;0;20575;RIO CLARO, ES DO;;;  ;;0;1
D011300472;16337;ELISEU DE ALMEIDA, AV;;;3200;;15/01/2013 18:55;2;CT;34;354; ; ;1;0;0;0;0;0;0;0;0;0;0;1;0;0;0;0;0;16337;ELISEU DE ALMEIDA, AV;;;0;NULL;1;0
D011300969;5836;DIANOPOLIS, RUA;;;1497;;15/01/2013 18:58;2;CL;18;900019; ; ;1;1;0;0;0;0;0;0;0;0;0;0;0;0;0;0;0;5836;DIANOPOLIS, RUA;;;54;MOOCA;1;0