id_acidente;codloga;logradouroA;codlogb;logradouroB;alt_num;referencia;data;cod_acid;tipo_acidente;dp;numero_BO;sentido;pista;automovel;moto;onibus;caminhao;bicicleta;moto_taxi;onibus_fretado;onibus_urbano;microonibus;van;vuc;caminhonete;carreta;jipe;outros;sem_informacao;carroca;princ_a;paiA;princ_b;paiB;cod_distrito;distrito;vit_ferida;vit_morta
D011301422;2185;ARICANGA, RUA;;;367;;15/01/2013 19:02;4;AT;59;657; ; ;0;0;0;0;0;0;0;0;0;0;0;0;0;0;0;1;0;2185;ARICANGA, RUA;;;86;VILA CURUCA;1;0
D011300703;3637;BRAZ LEME, AV;;;268;;15/01/2013 20:04;2;CO;13;498; ; ;1;1;0;0;0;0;0;0;0;0;0;0;0;0;0;0;0;3637;BRAZ LEME, AV;;;21;CASA VERDE;1;0
D011300648;13019;ESCOLA POLITECNICA, AV;;;0;NADA CONSTA ;15/01/2013 20:10;2;CL;93;380; ; ;0;1;0;0;0;0;0;0;0;0;0;1;0;0;0;0;0;13019;ESCOLA POLITECNICA, AV;;;40;JAGUARE;1;0
D011300983;2181;ARICANDUVA, AV;12612;MANILHA, RUA;0;;15/01/2013 20:10;2;CT;21;607;C; ;0;0;0;2;0;0;0;0;0;0;0;0;0;0;0;0;0;2181;ARICANDUVA, AV;2440;ASTARTE, RUA;20;CARRAO;2;0
D011300090;12165;LUIS ANTONIO, AV BRIG;;;683;;15/01/2013 21:10;4;AT;5;376; ; ;0;0;0;0;0;0;0;1;0;0;0;0;0;0;0;0;0;12165;LUIS ANTONIO, AV BRIG;;;7;BELA VISTA;1;0
D011301236;13357;MARIA COELHO AGUIAR, AV;;;0;NADA CONSTA ;15/01/2013 21:40;2;CT;92;552; ; ;1;0;0;0;0;0;0;1;0;0;0;0;0;0;0;0;0;13357;MARIA COELHO AGUIAR, AV;;;45;JARDIM SAO LUIS;1;0
D011301734;12403;M'BOI MIRIM, ES;;;10243;;15/01/2013 21:50;2;CH;47;623; ; ;4;0;0;0;0;0;0;0;0;0;0;0;0;0;0;0;0;12403;M'BOI MIRIM, ES;;;42;JARDIM ANGELA;2;1
D011301478;12156;LUIZ AYRES, RUA DR;;;0;NADA CONSTA ;15/01/2013 23:00;2;QM;65;317; ; ;0;1;0;0;0;0;0;0;0;0;0;0;0;0;0;0;0;12156;LUIZ AYRES, RUA DR;;;5;ARTUR ALVIM;1;0
D011300873;15425;CANTIDIO SAMPAIO, AV DEP;;;3644;;15/01/2013 23:00;4;AT;72;442; ; ;1;0;0;0;0;0;0;0;0;0;0;0;0;0;0;0;0;15425;CANTIDIO SAMPAIO, AV DEP;;;41;JARAGUA;1;0
D011300949;10207;JOAO CESARIO, RUA CAP;16052;PENHA DE FRANCA, AV;0;;16/01/2013 01:42;2;CO;10;612; ; ;0;1;1;0;0;0;0;0;0;0;0;0;0;0;0;0;0;10207;JOAO CESARIO, RUA CAP;16052;PENHA DE FRANCA, AV;10;BRAS;1;0
D011300394;16017;PEDROSO DE MORAIS, AV;;;1956;;16/01/2013 01:50;2;CH;14;456; ; ;0;0;0;1;0;0;0;0;0;0;0;0;0;0;0;0;0;16017;PEDROSO DE MORAIS, AV;;;45;JARDIM SAO LUIS;3;0
D011301141;9529;ITAPECERICA, ES DE;;;4542;;16/01/2013 06:40;2;CO;47;91; ; ;2;0;0;0;0;0;0;0;0;0;0;0;0;0;0;0;0;9529;ITAPECERICA, ES DE;;;29;FREGUESIA DO O;3;0
D011300743;14767;NOVA CANTAREIRA, AV;;;3659;;16/01/2013 07:06;4;AT;20;463;B; ;1;0;0;0;0;0;0;0;0;0;0;0;0;0;0;0;0;14767;NOVA CANTAREIRA, AV;;;83;TREMEMBE;1;0
D011301555;16173;PESSEGO, ES DO;;;3141;;16/01/2013 07:15;2;CO;53;155; ; ;2;0;0;0;0;0;0;0;0;0;0;0;0;0;0;0;0;16173;PESSEGO, ES DO;;;0;NULL;1;0
D011301100;6238;NACOES UNIDAS, AV DAS;;;19000;;16/01/2013 07:58;2;CO;11;565; ; ;1;1;0;0;0;0;0;0;0;0;0;0;0;0;0;0;0;13014;MARGINAL DO RIO PINHEIROS, AV;;;90;VILA LEOPOLDINA;1;0
D011301615;2181;ARICANDUVA, AV;;;5555;;16/01/2013 08:00;2;CL;66;258; ; ;0;1;0;0;0;0;0;0;0;0;0;1;0;0;0;0;0;2181;ARICANDUVA, AV;;;60;PENHA;1;0
D011301536;2181;ARICANDUVA, AV;;;8500;;16/01/2013 08:06;2;CO;49;764; ; ;1;1;0;1;0;0;0;0;0;0;0;0;0;0;0;0;0;2181;ARICANDUVA, AV;;;60;PENHA;2;0
D011300845;6450;EMILIO CARLOS, AV DEP;17386;ROQUE DE MORAIS, RUA;0;;16/01/2013 08:30;4;AT;40;162; ; ;1;0;0;0;0;0;0;0;0;0;0;0;0;0;0;0;0;6450;EMILIO CARLOS, AV DEP;17386;ROQUE DE MORAIS, RUA;  ;;1;0
D011300069;13632;MARTINS FONTES, RUA;;;270;;16/01/2013 09:00;2;CO;4;422; ; ;1;1;0;0;0;0;0;0;0;0;0;0;0;0;0;0;0;13632;MARTINS FONTES, RUA;;;67;REPUBLICA;1;0
D011300126;543;ALCANTARA MACHADO, AV;;;4000;;16/01/2013 10:20;2;CT;8;403; ; ;1;1;0;0;0;0;0;0;0;0;0;0;0;0;0;0;0;543;ALCANTARA MACHADO, AV;;;10;BRAS;1;0
D011301570;35713;ITALIA GIUSTI, RUA;;;100;;16/01/2013 10:30;2;CL;53;900006; ; ;1;0;1;0;0;0;0;0;0;0;0;0;0;0;0;0;0;35713;ITALIA GIUSTI, RUA;;;50;LIMAO;1;0
D011300917;35880;APARECIDA, RUA NSRA;;;214;;16/01/2013 10:30;4;AT;90;193; ; ;0;1;0;0;0;0;0;0;0;0;0;0;0;0;0;0;0;35880;APARECIDA, RUA NSRA;;;76;SAO MIGUEL;1;0
D011300559;16878;RAPOSO TAVARES, VIA;;;0;NADA CONSTA ;16/01/2013 10:30;2;CT;51;473; ; ;1;1;0;0;0;0;0;0;0;0;0;0;0;0;0;0;0;16878;RAPOSO TAVARES, VIA;;;13;CACHOEIRINHA;1;0
D011300668;6238;NACOES UNIDAS, AV DAS;;;880;;16/01/2013 11:26;2;CO;9;393; ; ;0;1;0;0;0;0;0;0;0;0;0;1;0;0;0;0;0;13014;MARGINAL DO RIO PINHEIROS, AV;;;90;VILA LEOPOLDINA;1;0
D011301719;1247;ANCHIETA, VIA;;;592;;16/01/2013 11:30;2;CL;95;227; ; ;0;1;0;1;0;0;0;0;0;0;0;0;0;0;0;0;0;1247;ANCHIETA, VIA;;;33;IPIRANGA;0;1
D011301463;3994;CAMPANELLA, AV;;;1848;;16/01/2013 11:40;2;QD;64;479; ; ;0;0;0;0;0;0;0;1;0;0;0;0;0;0;0;0;0;3994;CAMPANELLA, AV;;;36;ITAQUERA;1;0
D011301281;14743;SABARA, AV NSRA DO;;;3375;;16/01/2013 12:28;2;CO;99;214; ; ;1;1;0;0;0;0;0;0;0;0;0;0;0;0;0;0;0;14743;SABARA, AV NSRA DO;;;16;CAMPO GRANDE;1;0
D011301561;16173;PESSEGO, ES DO;;;100;;16/01/2013 12:30;2;CO;53;394; ; ;1;1;0;0;0;0;0;0;0;0;0;0;0;0;0;0;0;16173;PESSEGO, ES DO;;;0;NULL;1;0
D011300008;11818;LIBERDADE, AV DA;;;456;;16/01/2013 12:45;4;AT;1;398; ; ;0;0;0;0;0;0;0;0;0;0;0;1;0;0;0;0;0;11818;LIBERDADE, AV DA;;;49;LIBERDADE;1;0
D011301451;13881;MIGUEL, AV S;;;8000;;16/01/2013 12:59;4;AT;63;404; ; ;0;0;0;0;0;0;0;0;0;0;0;0;0;0;0;1;0;13881;MIGUEL, AV S;;;65;PONTE RASA;1;0
D011300288;13915;MIGUEL ESTEFANO, AV;2883;BARRETO MUNIZ, RUA;0;;16/01/2013 13:00;2;CO;35;513; ; ;1;1;0;0;0;0;0;0;0;0;0;0;0;0;0;0;0;2883;BARRETO MUNIZ, RUA;13915;MIGUEL ESTEFANO, AV;27;CURSINO;1;0
D011301688;18423;AMALIA MATARAZZO, RUA CDSSA;;;496;;16/01/2013 13:01;4;AT;38;295; ; ;1;0;0;1;0;0;0;0;0;0;0;0;0;0;0;0;0;18423;AMALIA MATARAZZO, RUA CDSSA;;;8;BELEM;1;1
D011300587;15626;PAULA FERREIRA, AV;;;705;;16/01/2013 13:01;2;QM;87;303; ; ;0;1;0;0;0;0;0;0;0;0;0;0;0;0;0;0;0;15626;PAULA FERREIRA, AV;;;64;PIRITUBA;1;0
D011300716;4775;CEREJEIRAS, AV DAS;;;1300;;16/01/2013 13:12;4;AT;19;188; ; ;0;1;0;0;0;0;0;0;0;0;0;0;0;0;0;0;0;4775;CEREJEIRAS, AV DAS;;;94;VILA MEDEIROS;2;0
D011301192;35320;LEAO DE ARAUJO NOVAES, RUA DR;;;160;;16/01/2013 13:43;4;AT;85;312; ; ;0;0;0;0;0;0;0;0;0;0;0;1;0;0;0;0;0;35320;LEAO DE ARAUJO NOVAES, RUA DR;;;32;IGUATEMI;1;0
D011301328;17110;RIO BONITO, AV DO;;;1260;;16/01/2013 16:20;2;CO;102;70; ; ;2;0;0;0;0;0;0;0;0;0;0;0;0;0;0;0;0;17110;RIO BONITO, AV DO;;;32;IGUATEMI;3;0
D011300107;6642;ESTADO, AV DO;18847;TERESA CRISTINA, AV;0;;16/01/2013 16:50;2;CO;6;282; ; ;0;1;0;0;0;0;0;0;0;0;0;1;0;0;0;0;0;6642;ESTADO, AV DO;18847;TERESA CRISTINA, AV;33;IPIRANGA;1;0
D011301221;13357;MARIA COELHO AGUIAR, AV;;;408;;16/01/2013 17:30;2;SI;92;327; ; ;1;1;0;0;0;0;0;0;0;0;0;0;0;0;0;0;0;13357;MARIA COELHO AGUIAR, AV;;;45;JARDIM SAO LUIS;1;0
D011300151;6432;EMIDIO PIEDADE, RUA CEL;8048;GODOI PRETO, RUA;0;;16/01/2013 18:25;2;CO;12;328; ; ;1;1;0;0;0;0;0;0;0;0;0;0;0;0;0;0;0;6432;EMIDIO PIEDADE, RUA CEL;8048;GODOI PRETO, RUA;57;PARI;1;0
D011300895;8320;GUAPIRA, AV;;;3000;;16/01/2013 18:30;4;AT;73;586; ; ;0;1;0;0;0;0;0;0;0;0;0;0;0;0;0;0;0;8320;GUAPIRA, AV;;;38;JACANA;1;0
D011300261;35829;MOREIRA GUIMARAES, AV;4882;CHIBARAS, AV;0;;16/01/2013 18:45;4;AT;27;542; ; ;0;0;0;0;0;0;0;1;0;0;0;0;0;0;0;0;0;4882;CHIBARAS, AV;35829;MOREIRA GUIMARAES, AV;47;LAJEADO;1;0
D011300589;16838;RAIMUNDO PEREIRA DE MAGAL., AV;;;5500;;16/01/2013 19:00;2;CH;87;308; ; ;0;1;0;0;1;0;0;0;0;0;0;0;0;0;0;0;0;16838;RAIMUNDO PEREIRA DE MAGAL., AV;;;31;GUAIANASES;3;0
D011301020;12612;MANILHA, RUA;2181;ARICANDUVA, AV;0;;16/01/2013 19:17;2;CT;31;282; ; ;1;0;1;0;0;0;0;0;0;0;0;0;0;0;0;0;0;2181;ARICANDUVA, AV;2440;ASTARTE, RUA;20;CARRAO;1;0
D011301360;8964;IBRAHIM, RUA PDE;;;10;;16/01/2013 19:24;2;CT;22;708; ; ;2;0;0;0;0;0;0;0;0;0;0;0;0;0;0;0;0;8964;IBRAHIM, RUA PDE;;;72;SANTO AMARO;4;0
D011300796;9170;INES, AV STA;;;3000;;16/01/2013 20:00;2;CO;38;303; ; ;1;1;0;0;0;0;0;0;0;0;0;0;0;0;0;0;0;9170;INES, AV STA;;;51;MANDAQUI;1;0
D011301307;17195;RIVIERA, ES DA;;;2431;;16/01/2013 20:35;2;CF;100;678; ; ;1;1;0;0;0;0;0;0;0;0;0;0;0;0;0;0;0;17195;RIVIERA, ES DA;;;32;IGUATEMI;1;0
D011301101;10270;JOAO DIAS, AV;;;718;;16/01/2013 21:29;4;AT;11;582; ; ;0;0;0;0;0;0;0;1;0;0;0;0;0;0;0;0;0;10270;JOAO DIAS, AV;;;72;SANTO AMARO;1;0
D011300359;19102;TRAJANO, RUA;10575;JOAQUIM MACHADO, RUA;0;;16/01/2013 21:30;2;CO;7;406; ; ;1;2;0;0;0;0;0;0;0;0;0;0;0;0;0;0;0;10575;JOAQUIM MACHADO, RUA;19102;TRAJANO, RUA;48;LAPA;2;0
D011300009;6708;ESTUDANTES, RUA DOS;7664;FURTADO, RUA CONS;0;;16/01/2013 22:27;4;AT;1;419; ; ;0;1;0;0;0;0;0;0;0;0;0;0;0;0;0;0;0;6708;ESTUDANTES, RUA DOS;7664;FURTADO, RUA CONS;80;SE;1;0
D011301340;16247;PINEDO, AV DE;;;186;;16/01/2013 22:40;4;AT;102;588; ; ;1;0;0;0;0;0;0;0;0;0;0;0;0;0;0;0;0;16247;PINEDO, AV DE;;;32;IGUATEMI;1;0
D011301393;5745;DAVID DOMINGUES FERREIRA, AV;17553;GERALDO VIEIRA DE CASTRO, RUA;0;;16/01/2013 23:19;2;CL;32;413; ; ;1;1;0;0;0;0;0;0;0;0;0;0;0;0;0;0;0;5745;DAVID DOMINGUES FERREIRA, AV;17553;GERALDO VIEIRA DE CASTRO, RUA;47;LAJEADO;1;0
D011300884;13133;MARIA AMALIA LOPES AZEVEDO, RUA;;;3862;;17/01/2013 01:40;2;CO;73;295; ; ;1;1;0;0;0;0;0;0;0;0;0;0;0;0;0;0;0;13133;MARIA AMALIA LOPES AZEVEDO, RUA;;;83;TREMEMBE;1;0
D011300395;18813;TEODORO SAMPAIO, RUA;15114;OSCAR FREIRE, RUA;0;;17/01/2013 02:10;2;CO;14;492; ; ;1;0;0;1;0;0;0;0;0;0;0;0;0;0;0;0;0;15114;OSCAR FREIRE, RUA;18813;TEODORO SAMPAIO, RUA;  ;;2;0
D011301452;46936;JACU-PESSEGO/NOVA TRABALHADORE, AV;36386;SUGAYA, RUA AGRIM;0;;17/01/2013 02:28;2;CH;63;419; ; ;0;1;0;0;0;0;0;0;0;0;0;0;0;0;0;0;0;16173;PESSEGO, ES DO;46936;JACU-PESSEGO/NOVA TRABALHADORE, AV;58;PARQUE DO CARMO;1;0
D011300210;9159;INDIANOPOLIS, AV;;;1888;;17/01/2013 03:50;2;CO;16;700; ; ;1;1;0;0;0;0;0;0;0;0;0;0;0;0;0;0;0;9159;INDIANOPOLIS, AV;;;79;SAUDE;1;0
D011301720;6238;NACOES UNIDAS, AV DAS;;;15169;;17/01/2013 04:00;2;CT;6;71; ; ;1;1;0;0;0;0;0;0;0;0;0;0;0;0;0;0;0;13014;MARGINAL DO RIO PINHEIROS, AV;;;90;VILA LEOPOLDINA;0;1
D011300513;9529;ITAPECERICA, ES DE;;;3800;;17/01/2013 04:30;2;CO;37;690; ; ;1;1;0;0;0;0;0;0;0;0;0;0;0;0;0;0;0;9529;ITAPECERICA, ES DE;;;29;FREGUESIA DO O;1;0
D011301104;3516;MARIO VILAS BOAS RODRIGUES, AV DR;;;117;;17/01/2013 05:40;2;CO;11;641; ; ;0;1;0;0;0;0;0;0;0;0;0;1;0;0;0;0;0;3516;MARIO VILAS BOAS RODRIGUES, AV DR;;;72;SANTO AMARO;2;0
D011300241;43154;TANCREDO NEVES, AV PRES;14705;SAUDE, RUA NSRA DA;0;;17/01/2013 06:17;2;CT;26;446; ; ;0;0;0;0;0;0;0;0;0;0;0;2;0;0;0;0;0;3482;BOQUEIRAO, RUA DO;14705;SAUDE, RUA NSRA DA;69;SACOMA;3;0
D011301167;16151;JOAO GOULART, AV PRES;;;710;;17/01/2013 06:30;4;AT;48;216; ; ;1;0;0;0;0;0;0;0;0;0;0;0;0;0;0;0;0;16151;JOAO GOULART, AV PRES;;;32;IGUATEMI;1;0
D011300590;6939;FEIZ ZARZUR, RUA COMEN;;;599;;17/01/2013 06:40;4;AT;87;314; ; ;0;1;0;0;0;0;0;0;0;0;0;0;0;0;0;0;0;6939;FEIZ ZARZUR, RUA COMEN;;;64;PIRITUBA;3;0
D011301102;19844;VITOR MANZINI, AV;;;500;;17/01/2013 06:55;2;CO;11;597; ; ;1;1;0;0;0;0;0;0;0;0;0;0;0;0;0;0;0;19844;VITOR MANZINI, AV;;;29;FREGUESIA DO O;2;0
D011300262;19931;WASHINGTON LUIS, AV;;;0;ACESSO  - AV PROF VI;17/01/2013 07:00;2;CO;27;554; ; ;1;1;0;0;0;0;0;0;0;0;0;0;0;0;0;0;0;19931;WASHINGTON LUIS, AV;;;30;GRAJAU;1;0
D011301264;852;ALVARENGA, ES DO;;;2065;;17/01/2013 07:00;2;CO;98;653; ; ;0;2;0;0;0;0;0;0;0;0;0;0;0;0;0;0;0;852;ALVARENGA, ES DO;;;59;PEDREIRA;2;0
D011300772;5947;EDGAR FACO, AV GAL;;;300;;17/01/2013 07:38;2;CO;28;240; ; ;2;1;0;0;0;0;0;0;0;0;0;0;0;0;0;0;0;5947;EDGAR FACO, AV GAL;;;64;PIRITUBA;1;0
D011301296;13035;MIGUEL YUNES, RUA;;;581;;17/01/2013 07:50;2;CO;99;900023; ; ;1;1;0;0;0;0;0;0;0;0;0;0;0;0;0;0;0;13035;MIGUEL YUNES, RUA;;;16;CAMPO GRANDE;1;0
D011300194;9642;ITU, AL;8562;HADDOCK LOBO, RUA;0;;17/01/2013 08:00;2;CO;78;472; ; ;0;1;0;0;0;0;0;0;0;0;0;1;0;0;0;0;0;8562;HADDOCK LOBO, RUA;9642;ITU, AL;44;JARDIM PAULISTA;1;0
D011300802;9170;INES, AV STA;3285;TOME AFONSO DE MOURA, RUA;0;;17/01/2013 08:30;2;CT;38;494; ; ;3;0;0;0;0;0;0;0;0;0;0;0;0;0;0;0;0;3285;TOME AFONSO DE MOURA, RUA;9170;INES, AV STA;51;MANDAQUI;1;0
D011301395;26046;ITALINA, RUA;;;244;;17/01/2013 08:35;2;CO;32;761; ; ;1;1;0;0;0;0;0;0;0;0;0;0;0;0;0;0;0;26046;ITALINA, RUA;;;51;MANDAQUI;1;0
D011301417;19412;CARAIPE DAS AGUAS, RUA;39037;POMBO-CORREIO, RUA DO;0;;17/01/2013 08:40;2;QM;59;249; ; ;0;1;0;0;0;0;0;0;0;0;0;0;0;0;0;0;0;19412;CARAIPE DAS AGUAS, RUA;39037;POMBO-CORREIO, RUA DO;86;VILA CURUCA;1;0
D011300108;17083;RICARDO JAFET, AV DR;;;1100;;17/01/2013 08:50;2;CO;6;298; ; ;1;1;0;0;0;0;0;0;0;0;0;0;0;0;0;0;0;17083;RICARDO JAFET, AV DR;;;37;JABAQUARA;1;0
D011300340;12193;LUIS CARLOS BERRINI, AV ENG;;;10;;17/01/2013 09:00;2;CT;96;247; ; ;0;1;0;0;0;0;0;0;0;0;0;1;0;0;0;0;0;12193;LUIS CARLOS BERRINI, AV ENG;;;34;ITAIM BIBI;1;0
D011300717;5626;CURUCA, RUA;14448;NAZARE DA MATA, RUA;0;;17/01/2013 09:15;2;CO;19;210; ; ;2;0;0;0;0;0;0;0;0;0;0;0;0;0;0;0;0;5626;CURUCA, RUA;14448;NAZARE DA MATA, RUA;91;VILA MARIA;3;0
D011301222;8368;GUARAPIRANGA, AV;;;1126;;17/01/2013 09:16;2;CL;92;344; ; ;1;1;0;0;0;0;0;0;0;0;0;0;0;0;0;0;0;8368;GUARAPIRANGA, AV;;;45;JARDIM SAO LUIS;1;0
D011300894;3199;BENJAMIN PEREIRA, RUA;;;0;NADA CONSTA ;17/01/2013 09:20;2;CO;73;582; ; ;1;1;0;0;0;0;0;0;0;0;0;0;0;0;0;0;0;3199;BENJAMIN PEREIRA, RUA;;;38;JACANA;1;0
D011300744;10945;JOSE ERMIRIO DE MORAES, AV SEN;;;3000;;17/01/2013 09:45;2;CO;20;509; ; ;2;0;0;0;0;0;0;0;0;0;0;0;0;0;0;0;0;10945;JOSE ERMIRIO DE MORAES, AV SEN;;;83;TREMEMBE;1;0
D011300529;7153;FIORELLI PECCICACCO, RUA;;;80;;17/01/2013 10:15;2;CO;46;274; ; ;1;1;0;0;0;0;0;0;0;0;0;0;0;0;0;0;0;7153;FIORELLI PECCICACCO, RUA;;;62;PERUS;1;0
D011301462;9806;PIRES DO RIO, AV;;;4342;;17/01/2013 11:00;4;AT;64;474; ; ;1;0;0;0;0;0;0;0;0;0;0;0;0;0;0;0;0;9806;PIRES DO RIO, AV;;;76;SAO MIGUEL;1;0
D011300745;19884;VOLUNTARIOS DA PATRIA, RUA;;;2786;;17/01/2013 12:30;2;CO;20;514; ; ;1;1;0;0;0;0;0;0;0;0;0;0;0;0;0;0;0;19884;VOLUNTARIOS DA PATRIA, RUA;;;8;BELEM;1;0
D011301493;1076;AMERICANO FREIRE, RUA GAL;;;461;;17/01/2013 12:35;2;SI;68;174; ; ;0;2;0;0;0;0;0;0;0;0;0;0;0;0;0;0;0;1076;AMERICANO FREIRE, RUA GAL;;;47;LAJEADO;1;0
D011301103;11350;ALEXANDRE DUMAS, RUA;;;1981;;17/01/2013 12:40;4;AT;11;604; ; ;1;0;0;0;0;0;0;0;0;0;0;0;0;0;0;0;0;11350;ALEXANDRE DUMAS, RUA;;;72;SANTO AMARO;1;0
D011300555;296;AFRANIO PEIXOTO, AV;;;280;;17/01/2013 12:40;2;CO;51;282; ; ;3;0;0;0;0;0;0;0;0;0;0;0;0;0;0;0;0;296;AFRANIO PEIXOTO, AV;;;12;BUTANTA;1;0
D011301578;99385;ANTONIO CARLOS MINGUEZ LOPES, RUA;;;1352;;17/01/2013 13:00;2;CH;54;317; ; ;0;0;0;0;0;0;0;0;0;0;0;1;0;0;0;0;0;99385;ANTONIO CARLOS MINGUEZ LOPES, RUA;;;25;CIDADE TIRADENT;1;0
D011300396;18813;TEODORO SAMPAIO, RUA;4200;CAPOTE VALENTE, RUA;0;;17/01/2013 13:37;2;CO;14;509; ; ;1;1;0;0;0;0;0;0;0;0;0;0;0;0;0;0;0;4200;CAPOTE VALENTE, RUA;18813;TEODORO SAMPAIO, RUA;44;JARDIM PAULISTA;1;0
D011300634;12436;MACEDO SOARES, AV EMB;;;0; - PTE DOS RE;17/01/2013 13:39;2;CO;91;429; ; ;0;1;0;0;0;0;0;0;0;0;0;1;0;0;0;0;0;29772;MARGINAL DO RIO TIETE, AV;;;48;LAPA;1;0
D011300109;13860;MESQUITA, RUA;5886;DIOGO, RUA CEL;0;;17/01/2013 13:40;2;CO;6;308; ; ;1;1;0;0;0;0;0;0;0;0;0;0;0;0;0;0;0;5886;DIOGO, RUA CEL;13860;MESQUITA, RUA;92;VILA MARIANA;1;0
D011300289;8816;GUSTAVO DA SILVEIRA, RUA;;;650;;17/01/2013 13:47;2;CO;35;548; ; ;1;1;0;0;0;0;0;0;0;0;0;0;0;0;0;0;0;8816;GUSTAVO DA SILVEIRA, RUA;;;37;JABAQUARA;1;0
D011300242;14710;MERCES, RUA NSRA DAS;;;1250;;17/01/2013 14:00;4;AT;26;458; ; ;0;1;0;0;0;0;0;0;0;0;0;0;0;0;0;0;0;14710;MERCES, RUA NSRA DAS;;;69;SACOMA;2;0
D011300847;10540;JOAQUIM DE FREITAS, RUA CEL;17245;ROCHA LIMA, RUA;0;;17/01/2013 14:22;2;CO;40;200;C; ;1;1;0;0;0;0;0;0;0;0;0;0;0;0;0;0;0;10540;JOAQUIM DE FREITAS, RUA CEL;17245;ROCHA LIMA, RUA;50;LIMAO;1;0
D011300967;15304;PAES DE BARROS, AV;11389;JAPURUCHITA, RUA;0;;17/01/2013 14:30;4;AT;18;287; ; ;1;0;0;0;0;0;0;0;0;0;0;0;0;0;0;0;0;11389;JAPURUCHITA, RUA;15304;PAES DE BARROS, AV;54;MOOCA;1;0
D011300611;73704;AFONSO VIDAL, RUA;61669;ITAPAIUNA, RUA;0;;17/01/2013 14:58;2;SI;89;406; ; ;1;0;0;0;0;0;0;0;0;0;0;1;0;0;0;0;0;61669;ITAPAIUNA, RUA;73704;AFONSO VIDAL, RUA;85;VILA ANDRADE;1;0
D011300178;989;AMARAL GURGEL, RUA;;;0;PROXIMO  - R. MQ. DE ;17/01/2013 15:00;4;AT;77;372; ; ;1;0;0;0;0;0;0;0;0;0;0;0;0;0;0;0;0;989;AMARAL GURGEL, RUA;;;67;REPUBLICA;1;0
D011300439;6471;SAO VICENTE, AV MARQ DE;;;435;;17/01/2013 15:00;2;CO;23;402; ; ;1;0;0;0;0;0;0;1;0;0;0;0;0;0;0;0;0;6471;SAO VICENTE, AV MARQ DE;;;6;BARRA FUNDA;1;0
D011300070;1991;ARACAJU, RUA;;;201;;17/01/2013 15:30;2;CO;4;436; ; ;2;0;0;0;0;0;0;0;0;0;0;0;0;0;0;0;0;1991;ARACAJU, RUA;;;26;CONSOLACAO;1;0
D011301174;15507;TEOTONIO VILELA, AV SEN;;;1380;;17/01/2013 16:16;4;AT;48;402; ; ;1;0;0;0;0;0;0;0;0;0;0;0;0;0;0;0;0;15507;TEOTONIO VILELA, AV SEN;;;23;CIDADE DUTRA;1;0
D011300397;16919;REBOUCAS, AV;10387;JOAO MOURA, RUA;0;;17/01/2013 16:20;2;CO;14;521; ; ;1;1;0;0;0;0;0;0;0;0;0;0;0;0;0;0;0;10387;JOAO MOURA, RUA;16919;REBOUCAS, AV;44;JARDIM PAULISTA;1;0
D011300193;3581;BRASIL, AV;;;1299;;17/01/2013 16:33;2;CO;78;440; ; ;1;1;0;0;0;0;0;0;0;0;0;0;0;0;0;0;0;3581;BRASIL, AV;;;63;PINHEIROS;1;0
D011300798;27689;LUIS CARLOS GENTILE DE LAET, RUA;;;1655;;17/01/2013 16:46;2;CO;38;323; ; ;1;1;0;0;0;0;0;0;0;0;0;0;0;0;0;0;0;27689;LUIS CARLOS GENTILE DE LAET, RUA;;;22;CIDADE ADEMAR;1;0
D011300896;42220;USHIKICHI KAMYIA, RUA;;;684;;17/01/2013 17:15;2;QM;73;599; ; ;0;1;0;0;0;0;0;0;0;0;0;0;0;0;0;0;0;42220;USHIKICHI KAMYIA, RUA;;;38;JACANA;1;0
D011301403;19158;MONTE CAMBERELA, RUA;;;12;;17/01/2013 17:23;4;AT;50;747; ; ;1;0;0;0;0;0;0;0;0;0;0;0;0;0;0;0;0;19158;MONTE CAMBERELA, RUA;;;54;MOOCA;3;0
D011300507;34682;CAMPO LIMPO, ES DO;;;2417;;17/01/2013 17:30;2;CO;37;481; ; ;1;1;0;0;0;0;0;0;0;0;0;0;0;0;0;0;0;34682;CAMPO LIMPO, ES DO;;;17;CAMPO LIMPO;1;0
D011300780;17171;RIO VERDE, RUA;5947;EDGAR FACO, AV GAL;0;;17/01/2013 17:30;2;CO;28;572; ; ;2;0;0;0;0;0;0;0;0;0;0;0;0;0;0;0;0;5947;EDGAR FACO, AV GAL;27358;FUAD LUTFALLA, AV;64;PIRITUBA;1;0
D011300319;62142;GIOVANNI CARNOVALI, RUA;;;190;;17/01/2013 17:36;4;AT;83;135; ; ;1;0;0;0;0;0;0;0;0;0;0;0;0;0;0;0;0;62142;GIOVANNI CARNOVALI, RUA;;;21;CASA VERDE;1;0
D011301677;5565;CRUZEIRO, RUA;9885;JAMES HOLLAND, RUA;0;;17/01/2013 17:45;4;AT;23;283; ; ;1;0;0;0;0;0;0;0;0;0;0;0;0;0;0;0;0;5565;CRUZEIRO, RUA;9885;JAMES HOLLAND, RUA;70;SANTA CECILIA;0;1