id_acidente;codloga;logradouroA;codlogb;logradouroB;alt_num;referencia;data;cod_acid;tipo_acidente;dp;numero_BO;sentido;pista;automovel;moto;onibus;caminhao;bicicleta;moto_taxi;onibus_fretado;onibus_urbano;microonibus;van;vuc;caminhonete;carreta;jipe;outros;sem_informacao;carroca;princ_a;paiA;princ_b;paiB;cod_distrito;distrito;vit_ferida;vit_morta
D011300748;3813;CAETANO ALVARES, AV ENG;;;4579;;20/01/2013 22:30;2;SI;20;613; ; ;1;1;0;0;0;0;0;0;0;0;0;0;0;0;0;0;0;3813;CAETANO ALVARES, AV ENG;;;21;CASA VERDE;2;0
D011300243;43154;TANCREDO NEVES, AV PRES;14705;SAUDE, RUA NSRA DA;0;;20/01/2013 23:20;4;AT;26;555; ; ;1;0;0;0;0;0;0;0;0;0;0;0;0;0;0;0;0;3482;BOQUEIRAO, RUA DO;14705;SAUDE, RUA NSRA DA;69;SACOMA;1;0
D011300180;5797;DEODORO, PCA MAL;;;132;;21/01/2013 00:30;4;AT;77;382; ; ;0;1;0;0;0;0;0;0;0;0;0;0;0;0;0;0;0;5797;DEODORO, PCA MAL;;;11;BRASILANDIA;1;0
D011301725;3509;BELMIRA MARIN, AV DONA;;;936;;21/01/2013 02:55;2;CH;11;943; ; ;1;0;0;0;0;0;0;0;0;0;0;0;0;0;0;0;0;3509;BELMIRA MARIN, AV DONA;;;  ;;1;1
D011301722;14214;FELIPE CARRILLO PUERTO, AV;;;108;;21/01/2013 03:40;2;QM;47;828; ; ;0;1;0;0;0;0;0;0;0;0;0;0;0;0;0;0;0;14214;FELIPE CARRILLO PUERTO, AV;;;29;FREGUESIA DO O;1;1
D011301733;15507;TEOTONIO VILELA, AV SEN;;;8000;;21/01/2013 04:11;4;AT;85;153; ; ;0;0;0;0;0;0;0;0;0;0;0;0;0;0;0;1;0;15507;TEOTONIO VILELA, AV SEN;;;23;CIDADE DUTRA;0;1
D011300516;99949;CARLOS CALDEIRA FILHO, AV;;;5000;;21/01/2013 05:45;2;CO;37;839; ; ;1;1;0;0;0;0;0;0;0;0;0;0;0;0;0;0;0;99949;CARLOS CALDEIRA FILHO, AV;;;19;CAPAO REDONDO;1;0
D011300706;719;ALFREDO PUJOL, RUA;1359;ANGELICA, RUA SOROR;0;;21/01/2013 06:10;2;CO;13;667; ; ;0;1;0;0;0;0;0;0;0;0;0;0;0;0;0;1;0;719;ALFREDO PUJOL, RUA;1359;ANGELICA, RUA SOROR;21;CASA VERDE;1;0
D011300848;14736;O, AV NSRA DO;;;1056;;21/01/2013 07:22;4;AT;40;218; ; ;0;0;1;0;0;0;0;0;0;0;0;0;0;0;0;0;0;14736;O, AV NSRA DO;;;50;LIMAO;1;0
D011300806;64137;FRANCISCO MACHADO DA SILVA, AV;;;853;;21/01/2013 07:40;4;AT;38;559; ; ;1;0;0;0;0;0;0;0;0;0;0;0;0;0;0;0;0;64137;FRANCISCO MACHADO DA SILVA, AV;;;13;CACHOEIRINHA;1;0
D011300047;16725;QUEIROS, AV SEN;7204;FLORENCIO DE ABREU, RUA;0;;21/01/2013 07:40;4;AT;3;527; ; ;0;0;0;0;0;0;0;0;0;0;0;1;0;0;0;0;0;7204;FLORENCIO DE ABREU, RUA;16725;QUEIROS, AV SEN;80;SE;1;0
D011300981;2181;ARICANDUVA, AV;;;6470;;21/01/2013 07:50;2;CO;21;343;C; ;0;1;0;0;0;0;0;0;0;0;0;0;0;0;0;1;0;2181;ARICANDUVA, AV;;;60;PENHA;1;0
D011300718;541;ALCANTARA, RUA;967;AMAMBAI, RUA;0;;21/01/2013 08:25;2;CO;19;258; ; ;1;0;0;0;0;0;0;0;0;0;0;1;0;0;0;0;0;541;ALCANTARA, RUA;967;AMAMBAI, RUA;91;VILA MARIA;1;0
D011300556;19817;VITAL BRASIL, AV;;;579;;21/01/2013 08:30;4;AT;51;337; ; ;0;1;0;0;0;0;0;0;0;0;0;0;0;0;0;0;0;19817;VITAL BRASIL, AV;;;13;CACHOEIRINHA;1;0
D011300683;14270;MORVAN DIAS DE FIGUEIREDO, AV;;;1000;;21/01/2013 08:30;2;QM;9;90031; ; ;0;1;0;0;0;0;0;0;0;0;0;0;0;0;0;0;0;29772;MARGINAL DO RIO TIETE, AV;;;0;NULL;1;0
D011300950;43777;CARVALHO PINTO, AV GOV;13848;MERCEDES LOPES, RUA;0;;21/01/2013 08:30;4;AT;10;798; ; ;1;0;0;0;0;0;0;0;0;0;0;0;0;0;0;0;0;13848;MERCEDES LOPES, RUA;43777;CARVALHO PINTO, AV GOV;60;PENHA;2;0
D011301076;14196;MONTEMAGNO, AV;33464;ESTEVAO PIMENTEL, RUA DOM;0;;21/01/2013 08:37;2;CO;58;158; ; ;1;1;0;0;0;0;0;0;0;0;0;0;0;0;0;0;0;14196;MONTEMAGNO, AV;33464;ESTEVAO PIMENTEL, RUA DOM;87;VILA FORMOSA;1;0
D011301269;852;ALVARENGA, ES DO;;;205;;21/01/2013 09:00;2;CO;98;893;C; ;1;0;0;0;0;0;0;0;0;0;0;0;0;0;0;1;0;852;ALVARENGA, ES DO;;;59;PEDREIRA;1;0
D011300801;7592;FRANKLIN DO AMARAL, RUA;;;748;;21/01/2013 09:00;2;CO;38;366; ; ;1;0;0;0;0;0;0;0;0;0;0;1;0;0;0;0;0;7592;FRANKLIN DO AMARAL, RUA;;;13;CACHOEIRINHA;1;0
D011300075;33667;LESTE-OESTE, LIG;;;1781;;21/01/2013 09:07;2;QM;4;509; ; ;0;1;0;0;0;0;0;0;0;0;0;0;0;0;0;0;0;33667;LESTE-OESTE, LIG;;;2;ALTO DE PINHEIR;1;0
D011300158;10485;JOAO TEODORO, RUA;13967;MILLER, RUA;0;;21/01/2013 09:20;2;CO;12;387; ; ;0;0;0;0;1;0;0;0;0;0;0;1;0;0;0;0;0;10485;JOAO TEODORO, RUA;13967;MILLER, RUA;10;BRAS;1;0
D011301145;76220;RUBENS AYROLLA, RUA;12403;M'BOI MIRIM, ES;0;;21/01/2013 09:35;2;SI;47;426; ; ;1;1;0;0;0;0;0;0;0;0;0;0;0;0;0;0;0;12403;M'BOI MIRIM, ES;21465;JOSE GARCIA LOPES FILHO, RUA;42;JARDIM ANGELA;1;0
D011300159;18993;TIRADENTES, AV;6642;ESTADO, AV DO;0;;21/01/2013 10:15;2;CO;12;391; ; ;1;1;0;0;0;0;0;0;0;0;0;0;0;0;0;0;0;6642;ESTADO, AV DO;18993;TIRADENTES, AV;9;BOM RETIRO;1;0
D011300750;14767;NOVA CANTAREIRA, AV;7244;FLORINEIA, RUA;0;;21/01/2013 10:30;2;SI;20;624; ; ;0;1;0;0;0;0;0;0;0;0;0;1;0;0;0;0;0;7244;FLORINEIA, RUA;14767;NOVA CANTAREIRA, AV;71;SANTANA;1;0
D011300067;989;AMARAL GURGEL, RUA;18102;SERTORIO, RUA MAJ;0;;21/01/2013 10:30;2;QD;4;376; ; ;0;0;1;0;0;0;0;0;0;0;0;0;0;0;0;0;0;989;AMARAL GURGEL, RUA;18102;SERTORIO, RUA MAJ;  ;;1;0
D011301022;11325;JULIO COLACO, RUA;;;862;;21/01/2013 10:45;2;CO;31;378; ; ;1;1;0;0;0;0;0;0;0;0;0;0;0;0;0;0;0;11325;JULIO COLACO, RUA;;;20;CARRAO;1;0
D011300672;5567;CRUZEIRO DO SUL, AV;;;2357;;21/01/2013 11:15;2;CO;9;487; ; ;2;0;0;0;0;0;0;0;0;0;0;0;0;0;0;0;0;5567;CRUZEIRO DO SUL, AV;;;5;ARTUR ALVIM;1;0
D011300403;16017;PEDROSO DE MORAIS, AV;;;900;;21/01/2013 11:22;2;CO;14;627; ; ;1;1;0;0;0;0;0;0;0;0;0;0;0;0;0;0;0;16017;PEDROSO DE MORAIS, AV;;;45;JARDIM SAO LUIS;1;0
D011301618;17135;RIO DAS PEDRAS, AV;;;1041;;21/01/2013 11:30;2;QM;66;342; ; ;0;1;0;0;0;0;0;0;0;0;0;0;0;0;0;0;0;17135;RIO DAS PEDRAS, AV;;;27;CURSINO;1;0
D011301003;1967;APUCARANA, RUA;2673;AZEVEDO SOARES, RUA;0;;21/01/2013 11:30;4;AT;30;394; ; ;1;0;0;0;0;0;0;0;0;0;0;0;0;0;0;0;0;1967;APUCARANA, RUA;2673;AZEVEDO SOARES, RUA;82;TATUAPE;1;0
D011300614;9710;JOSE HOR. MEIRELLES TEIXEIRA, RUA PROF;69906;CUSTODIO DE OLIVEIRA, RUA;0;;21/01/2013 11:30;2;SI;89;530; ; ;1;1;0;0;0;0;0;0;0;0;0;0;0;0;0;0;0;9710;JOSE HOR. MEIRELLES TEIXEIRA, RUA PROF;73454;JOAO BALDINATO, RUA;96;VILA SONIA;1;0
D011300476;7500;FRANCISCO MORATO, AV PROF;;;4799;;21/01/2013 12:38;2;CO;34;416; ; ;1;1;0;0;0;0;0;0;0;0;0;0;0;0;0;0;0;7500;FRANCISCO MORATO, AV PROF;;;12;BUTANTA;1;0
D011301336;2483;ATLANTICA ANT. ROBERT KENNEDY, AV;;;0;PROXIMO  - LARGO DO S;21/01/2013 12:40;2;CO;102;356; ; ;1;1;0;0;0;0;0;0;0;0;0;0;0;0;0;0;0;2483;ATLANTICA ANT. ROBERT KENNEDY, AV;;;23;CIDADE DUTRA;1;0
D011300436;29337;PACAEMBU, VD;;;0;NADA CONSTA ;21/01/2013 12:50;4;AT;23;333;C; ;1;0;0;0;0;0;0;0;0;0;0;0;0;0;0;0;0;29337;PACAEMBU, VD;;;35;ITAIM PAULISTA;1;0
D011301124;39797;PEDRINHO ROSCHEL, RUA;37890;ALICE BASTIDE, RUA;0;;21/01/2013 12:52;2;CO;25;167; ; ;0;0;0;1;1;0;0;0;0;0;0;0;0;0;0;0;0;37890;ALICE BASTIDE, RUA;39797;PEDRINHO ROSCHEL, RUA;56;PARELHEIROS;1;0
D011301306;12403;M'BOI MIRIM, ES;;;5600;;21/01/2013 13:00;2;CF;100;625; ; ;0;0;1;0;0;0;0;0;0;0;0;0;0;0;0;0;0;12403;M'BOI MIRIM, ES;;;42;JARDIM ANGELA;1;0
D011301113;1652;ANTONIO DAS CHAGAS, RUA;;;100;;21/01/2013 13:11;2;CO;11;770; ; ;2;1;0;0;0;0;0;0;0;0;0;0;0;0;0;0;0;1652;ANTONIO DAS CHAGAS, RUA;;;72;SANTO AMARO;2;0
D011300160;15438;PARAIBA, RUA;14224;MORAIS, RUA CEL;0;;21/01/2013 13:31;2;CO;12;399; ; ;1;1;0;0;0;0;0;0;0;0;0;0;0;0;0;0;0;14224;MORAIS, RUA CEL;15438;PARAIBA, RUA;57;PARI;1;0
D011301495;5408;COSME DEODATO TADEU, RUA PROF;;;1137;;21/01/2013 14:00;4;AT;68;214;B; ;0;1;0;0;0;0;0;0;0;0;0;0;0;0;0;0;0;5408;COSME DEODATO TADEU, RUA PROF;;;45;JARDIM SAO LUIS;1;0
D011300360;7077;FERREIRA ALVES, RUA MIN;;;1031;;21/01/2013 14:30;2;SI;7;470; ; ;1;1;0;0;0;0;0;0;0;0;0;0;0;0;0;0;0;7077;FERREIRA ALVES, RUA MIN;;;61;PERDIZES;1;0
D011301550;9044;RAGUEB CHOHFI, AV;24421;FORTE DO TRIUNFO, RUA;0;;21/01/2013 14:30;2;CO;49;900026; ; ;1;1;0;0;0;0;0;0;0;0;0;0;0;0;0;0;0;9044;RAGUEB CHOHFI, AV;24421;FORTE DO TRIUNFO, RUA;75;SAO MATEUS;1;0
D011300951;4128;CANGAIBA, AV;;;1710;;21/01/2013 14:49;4;AT;10;809; ; ;0;1;0;0;0;0;0;0;0;0;0;0;0;0;0;0;0;4128;CANGAIBA, AV;;;18;CANGAIBA;1;0
D011301125;38542;HERMANN VAN IHERING (EST JACEG, AV PROF;;;0;PROXIMO  - EST DO JAC;21/01/2013 14:50;2;CP;25;169; ; ;0;0;0;0;0;0;0;0;0;0;0;1;0;0;0;0;0;38542;HERMANN VAN IHERING (EST JACEG, AV PROF;;;56;PARELHEIROS;1;0
D011301532;9044;RAGUEB CHOHFI, AV;;;4513;;21/01/2013 15:45;2;CO;49;215;C; ;1;1;0;0;0;0;0;0;0;0;0;0;0;0;0;0;0;9044;RAGUEB CHOHFI, AV;;;32;IGUATEMI;1;0
D011301527;12725;MANUEL MACHADO, RUA CEL;;;0;PROXIMO  - R ITAYUTIB;21/01/2013 16:00;2;CO;44;557; ; ;0;1;0;0;0;0;0;0;0;0;0;1;0;0;0;0;0;12725;MANUEL MACHADO, RUA CEL;;;50;LIMAO;1;0
D011300161;3787;CACHOEIRA, RUA;;;0;NADA CONSTA ;21/01/2013 16:25;4;AT;12;410; ; ;0;0;0;1;0;0;0;0;0;0;0;0;0;0;0;0;0;3787;CACHOEIRA, RUA;;;57;PARI;1;0
D011300437;8615;HEITOR PENTEADO, RUA;;;600;;21/01/2013 16:30;2;CO;23;342; ; ;0;0;0;0;1;0;0;1;0;0;0;0;0;0;0;0;0;8615;HEITOR PENTEADO, RUA;;;61;PERDIZES;1;0
D011301496;40167;CLAUSETTI, RUA;;;1;;21/01/2013 16:40;2;CO;68;232; ; ;1;1;0;0;0;0;0;0;0;0;0;0;0;0;0;0;0;40167;CLAUSETTI, RUA;;;50;LIMAO;1;0
D011300737;14499;MERE MARIE ANAIS DE SION, RUA;;;274;;21/01/2013 16:45;2;CO;20;294; ; ;2;0;0;0;0;0;0;0;0;0;0;0;0;0;0;0;0;14499;MERE MARIE ANAIS DE SION, RUA;;;22;CIDADE ADEMAR;1;0
D011300623;13014;MARGINAL DO RIO PINHEIROS, AV;;;0;ACESSO  - AV MORUMBI;21/01/2013 16:45;2;QM;89;1149; ; ;0;1;0;0;0;0;0;0;0;0;0;0;0;0;0;0;0;13014;MARGINAL DO RIO PINHEIROS, AV;;;40;JAGUARE;1;0
D011300370;11367;JUNDIAI, RUA BR DE;;;0;NADA CONSTA ;21/01/2013 16:50;4;AT;91;591; ; ;0;0;0;0;0;0;0;0;0;0;0;0;0;0;0;1;0;11367;JUNDIAI, RUA BR DE;;;14;CAMBUCI;1;0
D011301038;19206;TUIUTI, RUA;13637;MARTINS PENA, RUA;0;;21/01/2013 17:00;2;SI;52;186; ; ;2;0;0;0;0;0;0;0;0;0;0;0;0;0;0;0;0;13637;MARTINS PENA, RUA;19206;TUIUTI, RUA;82;TATUAPE;2;0
D011300776;5947;EDGAR FACO, AV GAL;;;101;;21/01/2013 17:10;2;CT;28;340; ; ;1;0;1;0;0;0;0;0;0;0;0;0;0;0;0;0;0;5947;EDGAR FACO, AV GAL;;;64;PIRITUBA;1;0
D011300919;14524;NEVIO BARACHO DOS SANTOS, AL SSARG;;;500;;21/01/2013 17:30;2;CO;90;265; ; ;1;0;0;1;0;0;0;0;0;0;0;0;0;0;0;0;0;14524;NEVIO BARACHO DOS SANTOS, AL SSARG;;;91;VILA MARIA;1;0
D011301057;8955;IBITIRAMA, RUA;;;875;;21/01/2013 17:30;2;CO;56;439; ; ;1;1;0;0;0;0;0;0;0;0;0;0;0;0;0;0;0;8955;IBITIRAMA, RUA;;;95;VILA PRUDENTE;1;0
D011300129;543;ALCANTARA MACHADO, AV;18184;SILVA JARDIM, RUA;0;;21/01/2013 17:30;2;SI;8;547; ; ;0;2;0;0;0;0;0;0;0;0;0;0;0;0;0;0;0;543;ALCANTARA MACHADO, AV;18184;SILVA JARDIM, RUA;8;BELEM;2;0
D011300361;19004;TITO, RUA;3872;CAIO GRACO, RUA;0;;21/01/2013 17:50;4;AT;7;474; ; ;1;0;0;0;0;0;0;0;0;0;0;0;0;0;0;0;0;3872;CAIO GRACO, RUA;19004;TITO, RUA;48;LAPA;1;0
D011301266;20048;YERVANT KISSAJIKIAN, AV;;;4020;;21/01/2013 17:52;2;CT;98;841; ; ;0;1;0;0;0;0;0;0;0;0;0;1;0;0;0;0;0;20048;YERVANT KISSAJIKIAN, AV;;;29;FREGUESIA DO O;1;0
D011300488;99621;JANIO QUADROS, TN PRS;;;0;NADA CONSTA ;21/01/2013 17:56;2;QM;34;645; ; ;0;1;0;0;0;0;0;0;0;0;0;0;0;0;0;0;0;99621;JANIO QUADROS, TN PRS;;;13;CACHOEIRINHA;1;0
D011301604;17824;SAPOPEMBA, AV;;;16243;;21/01/2013 18:00;2;CL;55;1023; ; ;0;1;0;0;0;0;0;0;0;0;0;1;0;0;0;0;0;17824;SAPOPEMBA, AV;;;33;IPIRANGA;1;0
D011300986;1702;ANTONIO ESTEVAO DE CARVALHO, AV;11574;LAMARTINE, AV GAL;0;;21/01/2013 18:20;2;CL;21;831; ; ;0;2;0;0;0;0;0;0;0;0;0;0;0;0;0;0;0;1702;ANTONIO ESTEVAO DE CARVALHO, AV;11574;LAMARTINE, AV GAL;93;VILA MATILDE;2;0
D011300112;12452;MACHADO DE ASSIS, RUA;;;610;;21/01/2013 18:30;2;CO;6;382; ; ;1;1;0;0;0;0;0;0;0;0;0;0;0;0;0;0;0;12452;MACHADO DE ASSIS, RUA;;;92;VILA MARIANA;1;0
D011301267;98780;JAIR RIBEIRO DA SILVA, AV;;;0;PROXIMO  - AV CUPECE;21/01/2013 19:00;2;SI;98;846; ; ;0;1;0;0;0;0;0;0;0;0;0;0;0;0;0;0;0;98780;JAIR RIBEIRO DA SILVA, AV;;;23;CIDADE DUTRA;1;0
D011300726;28370;CARMOPOLIS DE MINAS, RUA;;;0;PROXIMO  - R MATIAS F;21/01/2013 19:05;2;QM;19;644; ; ;0;1;0;0;0;0;0;0;0;0;0;0;0;0;0;0;0;28370;CARMOPOLIS DE MINAS, RUA;;;36;ITAQUERA;1;0
D011301726;24876;GASPAR JOSE RAPOSO, RUA;;;52;;21/01/2013 20:00;4;AT;26;718; ; ;0;1;0;0;0;0;0;0;0;0;0;0;0;0;0;0;0;24876;GASPAR JOSE RAPOSO, RUA;;;32;IGUATEMI;1;1
D011301245;13929;MIGUEL LOPES, RUA;;;600;;21/01/2013 20:26;2;CO;92;870; ; ;1;1;0;0;0;0;0;0;0;0;0;0;0;0;0;0;0;13929;MIGUEL LOPES, RUA;;;19;CAPAO REDONDO;1;0
D011300077;16044;PENAFORTE MENDES, RUA DR;;;548;;21/01/2013 20:54;4;AT;4;555; ; ;1;0;0;0;0;0;0;0;0;0;0;0;0;0;0;0;0;16044;PENAFORTE MENDES, RUA DR;;;34;ITAIM BIBI;1;0
D011301538;13671;MATEO BEI, AV;;;2423;;21/01/2013 21:00;4;AT;49;1026;C; ;1;0;0;0;0;0;0;0;0;0;0;0;0;0;0;0;0;13671;MATEO BEI, AV;;;75;SAO MATEUS;1;0
D011301293;13035;MIGUEL YUNES, RUA;64629;JOSE MARTINS COELHO, RUA;0;;21/01/2013 21:40;2;SI;99;782; ; ;2;0;0;0;0;0;0;0;0;0;0;0;0;0;0;0;0;13035;MIGUEL YUNES, RUA;73884;CAMILO LOPES DE SOUZA, RUA;  ;;4;0
D011300567;22307;DOMINGOS ROSOLIA, RUA;;;242;;21/01/2013 21:45;2;CO;75;98; ; ;1;1;0;0;0;0;0;0;0;0;0;0;0;0;0;0;0;22307;DOMINGOS ROSOLIA, RUA;;;13;CACHOEIRINHA;2;0
D011300013;15584;PASSOS, AV PREF;;;100;;21/01/2013 22:41;4;AT;1;551; ; ;0;0;0;0;0;0;0;0;0;0;0;0;0;0;0;1;0;15584;PASSOS, AV PREF;;;80;SE;1;0
D011301359;62020;FRANCISCO CASSOLA, RUA;;;46;;21/01/2013 23:05;2;CO;22;574; ; ;2;0;0;0;0;0;0;0;0;0;0;0;0;0;0;0;0;62020;FRANCISCO CASSOLA, RUA;;;53;MOEMA;2;0
D011301056;8955;IBITIRAMA, RUA;11368;JUNDIAPEBA, RUA;0;;21/01/2013 23:17;2;CO;56;430; ; ;1;1;0;0;0;0;0;0;0;0;0;0;0;0;0;0;0;8955;IBITIRAMA, RUA;11368;JUNDIAPEBA, RUA;95;VILA PRUDENTE;1;0
D011300236;6642;ESTADO, AV DO;;;8000;;22/01/2013 03:43;2;CH;17;938; ; ;0;1;0;1;0;0;0;0;0;0;0;0;0;0;0;0;0;6642;ESTADO, AV DO;;;9;BOM RETIRO;1;0
D011300216;7355;EDUARDO SAIGH, VD DR;;;0;NADA CONSTA ;22/01/2013 05:30;2;CO;16;942; ; ;2;0;0;0;0;0;0;0;0;0;0;0;0;0;0;0;0;7355;EDUARDO SAIGH, VD DR;;;92;VILA MARIANA;1;0
D011301644;17824;SAPOPEMBA, AV;;;11900;;22/01/2013 05:30;2;CO;69;1040; ; ;1;1;0;0;0;0;0;0;0;0;0;0;0;0;0;0;0;17824;SAPOPEMBA, AV;;;33;IPIRANGA;1;0
D011300707;17799;SANTOS DUMONT, AV;;;1318;;22/01/2013 06:40;2;CT;13;706; ; ;1;1;0;0;0;0;0;0;0;0;0;0;0;0;0;0;0;17799;SANTOS DUMONT, AV;;;15;CAMPO BELO;1;0
D011300636;72443;POLICARPO DA CRUZ, RUA;15330;PALADINO, RUA MAJ;0;;22/01/2013 06:45;2;CO;91;539; ; ;0;1;0;1;0;0;0;0;0;0;0;0;0;0;0;0;0;15330;PALADINO, RUA MAJ;72443;POLICARPO DA CRUZ, RUA;90;VILA LEOPOLDINA;1;0
D011301334;8368;GUARAPIRANGA, AV;;;1320;;22/01/2013 07:00;2;CO;102;226; ; ;1;1;0;0;0;0;0;0;0;0;0;0;0;0;0;0;0;8368;GUARAPIRANGA, AV;;;45;JARDIM SAO LUIS;2;0
D011301654;24338;LUIZ IGNACIO ANHAIA MELLO, AV PROF;;;7361;;22/01/2013 07:15;2;CO;70;476; ; ;1;1;0;0;0;0;0;0;0;0;0;0;0;0;0;0;0;24338;LUIZ IGNACIO ANHAIA MELLO, AV PROF;;;26;CONSOLACAO;2;0
D011300751;19884;VOLUNTARIOS DA PATRIA, RUA;;;4760;;22/01/2013 07:20;2;CO;20;654;B; ;1;1;0;0;0;0;0;0;0;0;0;0;0;0;0;0;0;19884;VOLUNTARIOS DA PATRIA, RUA;;;8;BELEM;1;0
D011301653;24338;LUIZ IGNACIO ANHAIA MELLO, AV PROF;;;10000;;22/01/2013 07:25;2;CT;70;470; ; ;1;1;0;0;0;0;0;0;0;0;0;0;0;0;0;0;0;24338;LUIZ IGNACIO ANHAIA MELLO, AV PROF;;;26;CONSOLACAO;1;0
D011301521;75421;JOSE HIGINO NEVES, AV;;;650;;22/01/2013 07:28;2;CL;44;219; ; ;1;1;0;0;0;0;0;0;0;0;0;0;0;0;0;0;0;75421;JOSE HIGINO NEVES, AV;;;50;LIMAO;1;0
D011300651;34348;MARGINAL ESQUERD RIO PINHEIROS, AV;;;4500;;22/01/2013 07:45;2;CL;93;482; ; ;1;2;0;0;0;0;0;0;0;0;0;0;0;0;0;0;0;13014;MARGINAL DO RIO PINHEIROS, AV;;;40;JAGUARE;1;0
D011301004;9572;ITAPURA, RUA;34122;MELO FREIRE, RUA;0;;22/01/2013 07:50;2;CO;30;414; ; ;1;1;0;0;0;0;0;0;0;0;0;0;0;0;0;0;0;9572;ITAPURA, RUA;34122;MELO FREIRE, RUA;82;TATUAPE;1;0
D011300032;19147;TRES RIOS, RUA;;;218;;22/01/2013 08:00;4;AT;2;397; ; ;0;1;0;0;0;0;0;0;0;0;0;0;0;0;0;0;0;19147;TRES RIOS, RUA;;;11;BRASILANDIA;1;0
D011301723;14743;SABARA, AV NSRA DO;;;3777;;22/01/2013 08:40;4;AT;11;91; ; ;0;1;0;0;0;0;0;0;0;0;0;0;0;0;0;0;0;14743;SABARA, AV NSRA DO;;;16;CAMPO GRANDE;1;1
D011300673;14916;OLAVO EGIDIO, RUA DR;11257;JOVITA, RUA;0;;22/01/2013 09:11;2;CO;9;511; ; ;0;2;0;0;0;0;0;0;0;0;0;0;0;0;0;0;0;11257;JOVITA, RUA;14916;OLAVO EGIDIO, RUA DR;71;SANTANA;3;0
D011300076;2497;AUGUSTA, RUA;;;843;;22/01/2013 09:12;2;CO;4;551;C; ;0;0;0;0;0;0;0;1;0;0;0;1;0;0;0;0;0;2497;AUGUSTA, RUA;;;26;CONSOLACAO;1;0
D011300438;8615;HEITOR PENTEADO, RUA;;;833;;22/01/2013 10:05;4;AT;23;350; ; ;1;0;0;0;0;0;0;0;0;0;0;0;0;0;0;0;0;8615;HEITOR PENTEADO, RUA;;;61;PERDIZES;1;0
D011300827;16657;NATALINO RIGHETO, RUA DR;;;0;NADA CONSTA ;22/01/2013 10:20;2;CO;39;298; ; ;1;1;0;0;0;0;0;0;0;0;0;0;0;0;0;0;0;16657;NATALINO RIGHETO, RUA DR;;;22;CIDADE ADEMAR;1;0
D011301132;17458;JOSE EID MALUF, RUA;;;346;;22/01/2013 10:38;2;CH;43;96; ; ;0;1;0;0;0;0;0;0;0;0;0;0;0;0;0;0;0;17458;JOSE EID MALUF, RUA;;;29;FREGUESIA DO O;2;0
D011300428;6808;EUROPA, AV;;;158;;22/01/2013 10:56;4;AT;15;339; ; ;0;1;0;0;0;0;0;0;0;0;0;0;0;0;0;0;0;6808;EUROPA, AV;;;63;PINHEIROS;1;0
D011300561;473;ALBERTO BONFIGLIOLI, AV COMEN;;;648;;22/01/2013 11:00;2;CH;51;520; ; ;1;1;0;0;0;0;0;0;0;0;0;0;0;0;0;0;0;473;ALBERTO BONFIGLIOLI, AV COMEN;;;12;BUTANTA;1;0
D011301418;67021;RIO MANUEL ALVES, RUA;;;57;;22/01/2013 11:15;4;AT;59;324; ; ;0;0;0;1;0;0;0;0;0;0;0;0;0;0;0;0;0;67021;RIO MANUEL ALVES, RUA;;;0;NULL;1;0
D011301574;37222;PALANQUE, ES DO;;;0;PROXIMO  - AV RAGUEB ;22/01/2013 11:15;4;AT;54;224; ; ;1;0;0;0;0;0;0;0;0;0;0;0;0;0;0;0;0;37222;PALANQUE, ES DO;;;50;LIMAO;1;0
D011301432;24146;JOSE LUIZ DE BRITO, RUA;;;139;;22/01/2013 11:30;4;AT;62;332; ; ;0;0;0;1;0;0;0;0;0;0;0;0;0;0;0;0;0;24146;JOSE LUIZ DE BRITO, RUA;;;28;ERMELINO MATARA;1;0
D011300309;12651;MANUEL DA NOBREGA, RUA;;;2061;;22/01/2013 12:30;2;CO;36;325; ; ;1;1;0;0;0;0;0;0;0;0;0;0;0;0;0;0;0;12651;MANUEL DA NOBREGA, RUA;;;53;MOEMA;1;0
D011300078;5245;CONSOLACAO, RUA DA;;;2259;;22/01/2013 12:50;4;AT;4;557;C; ;0;1;0;0;0;0;0;0;0;0;0;0;0;0;0;0;0;5245;CONSOLACAO, RUA DA;;;26;CONSOLACAO;1;0
D011300797;14242;MOREIRA DE BARROS, RUA CONS;44645;DIREITOS HUMANOS, AV;0;;22/01/2013 13:20;2;CO;38;304; ; ;1;1;0;0;0;0;0;0;0;0;0;0;0;0;0;0;0;14242;MOREIRA DE BARROS, RUA CONS;44645;DIREITOS HUMANOS, AV;51;MANDAQUI;2;0
D011301114;10270;JOAO DIAS, AV;;;1900;;22/01/2013 13:30;2;CO;11;838; ; ;1;1;0;0;0;0;0;0;0;0;0;0;0;0;0;0;0;10270;JOAO DIAS, AV;;;72;SANTO AMARO;1;0
D011301229;10270;JOAO DIAS, AV;;;0;NADA CONSTA ;22/01/2013 13:30;2;SI;92;469;B; ;0;1;0;0;0;0;0;0;0;0;0;0;0;0;0;1;0;10270;JOAO DIAS, AV;;;72;SANTO AMARO;1;0
D011300494;34682;CAMPO LIMPO, ES DO;;;5530;;22/01/2013 13:55;4;AT;37;101; ; ;0;1;0;0;0;0;0;0;0;0;0;0;0;0;0;0;0;34682;CAMPO LIMPO, ES DO;;;17;CAMPO LIMPO;1;0