id_acidente;codloga;logradouroA;codlogb;logradouroB;alt_num;referencia;data;cod_acid;tipo_acidente;dp;numero_BO;sentido;pista;automovel;moto;onibus;caminhao;bicicleta;moto_taxi;onibus_fretado;onibus_urbano;microonibus;van;vuc;caminhonete;carreta;jipe;outros;sem_informacao;carroca;princ_a;paiA;princ_b;paiB;cod_distrito;distrito;vit_ferida;vit_morta
D011301007;18068;SERRA DE BRAGANCA, RUA;14178;MONTE SERRAT, RUA;0;;24/01/2013 07:38;4;AT;30;476; ; ;1;0;0;0;0;0;0;0;0;0;0;0;0;0;0;0;0;14178;MONTE SERRAT, RUA;18068;SERRA DE BRAGANCA, RUA;82;TATUAPE;2;0
D011300294;2235;ARMANDO DE ARRUDA PEREIRA, AV ENG;;;357;;24/01/2013 07:40;2;CO;35;764; ; ;1;1;0;0;0;0;0;0;0;0;0;0;0;0;0;0;0;2235;ARMANDO DE ARRUDA PEREIRA, AV ENG;;;37;JABAQUARA;1;0
D011300479;14267;MORUMBI, AV;11687;LEBRET, AV PDE;0;;24/01/2013 08:00;2;CO;34;485; ; ;1;1;0;0;0;0;0;0;0;0;0;0;0;0;0;0;0;11687;LEBRET, AV PDE;14267;MORUMBI, AV;55;MORUMBI;2;0
D011301233;2208;ARISTODEMO GAZZOTTI, RUA;11242;JOSEFINA MORETTI, RUA;0;;24/01/2013 08:10;2;CO;92;531; ; ;1;1;0;0;0;0;0;0;0;0;0;0;0;0;0;0;0;2208;ARISTODEMO GAZZOTTI, RUA;11242;JOSEFINA MORETTI, RUA;45;JARDIM SAO LUIS;1;0
D011300033;17799;SANTOS DUMONT, AV;;;250;;24/01/2013 08:20;2;CO;2;440; ; ;1;1;0;0;0;0;0;0;0;0;0;0;0;0;0;0;0;17799;SANTOS DUMONT, AV;;;15;CAMPO BELO;1;0
D011300296;19907;VALDOMIRO DE LIMA, AV GAL;;;286;;24/01/2013 08:30;4;AT;35;843; ; ;1;0;0;0;0;0;0;0;0;0;0;0;0;0;0;0;0;19907;VALDOMIRO DE LIMA, AV GAL;;;42;JARDIM ANGELA;1;0
D011300269;15887;PEDRO BUENO, AV;;;936;;24/01/2013 09:18;2;CO;27;843; ; ;0;1;0;0;0;0;0;0;0;0;0;1;0;0;0;0;0;15887;PEDRO BUENO, AV;;;30;GRAJAU;1;0
D011300365;19102;TRAJANO, RUA;13810;MELVIN JONES, PCA;0;;24/01/2013 09:20;4;AT;7;564; ; ;0;1;0;0;0;0;0;0;0;0;0;0;0;0;0;0;0;13810;MELVIN JONES, PCA;14698;LAPA, RUA NSRA DA;48;LAPA;1;0
D011300622;17520;HERBERT SPENCER, RUA;;;1904;;24/01/2013 09:30;4;AT;89;962; ; ;1;0;0;0;0;0;0;0;0;0;0;0;0;0;0;0;0;17520;HERBERT SPENCER, RUA;;;13;CACHOEIRINHA;1;0
D011300367;17086;RICARDO MEDINA FILHO, AV;;;333;;24/01/2013 10:15;2;CH;7;572; ; ;3;0;0;0;0;0;0;0;0;0;0;0;0;0;0;0;0;17086;RICARDO MEDINA FILHO, AV;;;14;CAMBUCI;1;0
D011301286;14743;SABARA, AV NSRA DO;;;3975;;24/01/2013 11:00;2;CO;99;353; ; ;1;1;0;0;0;0;0;0;0;0;0;0;0;0;0;0;0;14743;SABARA, AV NSRA DO;;;16;CAMPO GRANDE;1;0
D011300195;6651;ESTADOS UNIDOS, RUA;2497;AUGUSTA, RUA;0;;24/01/2013 11:05;2;CO;78;623;C; ;1;1;0;0;0;0;0;0;0;0;0;0;0;0;0;0;0;2497;AUGUSTA, RUA;6651;ESTADOS UNIDOS, RUA;44;JARDIM PAULISTA;1;0
D011300333;9349;FRATERNO DE MELO ALMADA, RUA;;;35;;24/01/2013 11:30;2;CO;95;335; ; ;1;1;0;0;0;0;0;0;0;0;0;0;0;0;0;0;0;9349;FRATERNO DE MELO ALMADA, RUA;;;18;CANGAIBA;1;0
D011300617;8000;GIOVANNI GRONCHI, AV;;;4363;;24/01/2013 11:55;4;AT;89;626; ; ;1;0;0;0;0;0;0;0;0;0;0;0;0;0;0;0;0;8000;GIOVANNI GRONCHI, AV;;;55;MORUMBI;1;0
D011301517;10503;JOAO XXIII, AV;;;1500;;24/01/2013 12:18;2;CF;41;202;B; ;2;0;0;1;0;0;0;0;0;0;0;0;0;0;0;0;0;10503;JOAO XXIII, AV;;;4;ARICANDUVA;1;0
D011301596;17824;SAPOPEMBA, AV;;;25826;;24/01/2013 12:50;4;AT;55;424; ; ;1;0;0;0;0;0;0;0;0;0;0;0;0;0;0;0;0;17824;SAPOPEMBA, AV;;;33;IPIRANGA;1;0
D011300537;18262;SILVIO DE CAMPOS, AV DR;;;428;;24/01/2013 13:10;4;AT;46;417; ; ;0;1;0;0;0;0;0;0;0;0;0;0;0;0;0;0;0;18262;SILVIO DE CAMPOS, AV DR;;;  ;;1;0
D011300368;4561;CASTELO BRANCO, AV PRES;;;8000;;24/01/2013 13:10;2;CO;7;578; ; ;0;1;0;0;0;0;0;0;0;0;0;1;0;0;0;0;0;29772;MARGINAL DO RIO TIETE, AV;;;6;BARRA FUNDA;1;0
D011300356;16903;RAUL POMPEIA, RUA;;;1937;;24/01/2013 13:23;2;CT;7;163; ; ;1;1;0;0;0;0;0;0;0;0;0;0;0;0;0;0;0;16903;RAUL POMPEIA, RUA;;;19;CAPAO REDONDO;2;0
D011300115;17083;RICARDO JAFET, AV DR;;;1700;;24/01/2013 13:30;2;CO;6;456; ; ;1;1;0;0;0;0;0;0;0;0;0;0;0;0;0;0;0;17083;RICARDO JAFET, AV DR;;;37;JABAQUARA;1;0
D011301410;16703;MANUEL RODRIGUES SANTIAGO, RUA;;;180;;24/01/2013 13:35;2;SI;50;1016; ; ;1;0;0;0;0;0;0;1;0;0;0;0;0;0;0;0;0;16703;MANUEL RODRIGUES SANTIAGO, RUA;;;54;MOOCA;1;0
D011301115;32119;SUZANA RODRIGUES, PCA;;;0;PROXIMO  - AV ADOLFO ;24/01/2013 13:50;4;AT;11;902; ; ;0;0;0;0;0;0;0;1;0;0;0;0;0;0;0;0;0;32119;SUZANA RODRIGUES, PCA;;;  ;;1;0
D011301234;16053;JOSE BARROS MAGALDI, RUA;;;1166;;24/01/2013 14:00;2;SI;92;547; ; ;1;1;0;0;0;0;0;0;0;0;0;0;0;0;0;0;0;16053;JOSE BARROS MAGALDI, RUA;;;32;IGUATEMI;1;0
D011300082;989;AMARAL GURGEL, RUA;13167;MARIA BORBA, RUA;0;;24/01/2013 14:00;2;CH;4;628; ; ;0;1;0;0;0;0;0;0;0;0;0;0;0;0;0;0;0;989;AMARAL GURGEL, RUA;13167;MARIA BORBA, RUA;67;REPUBLICA;1;0
D011301008;185;ADELINO, RUA PDE;;;2667;;24/01/2013 15:05;2;CO;30;500; ; ;2;1;0;0;0;0;0;0;0;0;0;0;0;0;0;0;0;185;ADELINO, RUA PDE;;;8;BELEM;1;0
D011300538;20291;TURISTICA DO JARAGUA, ES;37746;JOSE DE MATOS, RUA COMEN;0;;24/01/2013 15:15;2;CO;46;423; ; ;1;1;0;0;0;0;0;0;0;0;0;0;0;0;0;0;0;20291;TURISTICA DO JARAGUA, ES;37746;JOSE DE MATOS, RUA COMEN;41;JARAGUA;1;0
D011300196;3581;BRASIL, AV;2484;ATLANTICA, RUA;0;;24/01/2013 15:40;2;CO;78;639; ; ;2;0;0;0;0;0;0;0;0;0;0;0;0;0;0;0;0;2484;ATLANTICA, RUA;3581;BRASIL, AV;44;JARDIM PAULISTA;2;0
D011301705;18370;SOARES NEIVA, RUA TTCEL;;;314;;24/01/2013 16:30;4;AT;31;449; ; ;1;0;0;0;0;0;0;0;0;0;0;0;0;0;0;0;0;18370;SOARES NEIVA, RUA TTCEL;;;  ;;0;1
D011301467;21253;AGUIA DE HAIA, AV;;;162;;24/01/2013 16:51;4;AT;64;856; ; ;0;0;0;0;0;0;0;0;0;0;0;0;0;0;0;1;0;21253;AGUIA DE HAIA, AV;;;0;NULL;1;0
D011300618;8000;GIOVANNI GRONCHI, AV;;;0;NADA CONSTA ;24/01/2013 16:54;2;CO;89;635; ; ;1;1;0;0;0;0;0;0;0;0;0;0;0;0;0;0;0;8000;GIOVANNI GRONCHI, AV;;;55;MORUMBI;1;0
D011301639;73046;MANUEL QUIRINO DE MATTOS, RUA;;;1200;;24/01/2013 17:26;2;QM;69;813; ; ;0;0;0;0;1;0;0;0;0;0;0;0;0;0;0;0;0;73046;MANUEL QUIRINO DE MATTOS, RUA;;;78;SAPOPEMBA;1;0
D011300372;13605;MARTINELLI, AV COMEN;;;0;PROXIMO  - ERMANO MAR;24/01/2013 18:15;2;CO;7;676; ; ;1;1;0;0;0;0;0;0;0;0;0;0;0;0;0;0;0;13605;MARTINELLI, AV COMEN;;;6;BARRA FUNDA;1;0
D011301389;17563;SABBADO D'ANGELO, RUA;;;0;NADA CONSTA ;24/01/2013 18:15;2;CO;32;236; ; ;0;0;1;0;0;0;0;0;0;0;0;0;0;0;0;1;0;17563;SABBADO D'ANGELO, RUA;;;36;ITAQUERA;1;0
D011301044;13805;MELO PEIXOTO, RUA;;;998;;24/01/2013 18:40;2;CL;52;720; ; ;0;1;0;0;0;0;0;0;0;0;0;1;0;0;0;0;0;13805;MELO PEIXOTO, RUA;;;82;TATUAPE;1;0
D011300429;12165;LUIS ANTONIO, AV BRIG;;;5013;;24/01/2013 18:50;2;CO;15;431; ; ;1;1;0;0;0;0;0;0;0;0;0;0;0;0;0;0;0;12165;LUIS ANTONIO, AV BRIG;;;7;BELA VISTA;1;0
D011300480;7500;FRANCISCO MORATO, AV PROF;;;3000;;24/01/2013 18:50;2;CO;34;500; ; ;1;1;0;0;0;0;0;0;0;0;0;0;0;0;0;0;0;7500;FRANCISCO MORATO, AV PROF;;;12;BUTANTA;1;0
D011300408;2149;ARCOVERDE, RUA CARD;;;121;;24/01/2013 18:50;4;AT;14;753; ; ;1;0;0;0;0;0;0;0;0;0;0;0;0;0;0;0;0;2149;ARCOVERDE, RUA CARD;;;44;JARDIM PAULISTA;1;0
D011300092;19764;VINTE E TRES DE MAIO, AV;;;0;NADA CONSTA ;24/01/2013 19:00;2;CL;5;745; ; ;1;1;0;0;0;0;0;0;0;0;0;0;0;0;0;0;0;19764;VINTE E TRES DE MAIO, AV;;;17;CAMPO LIMPO;1;0
D011300886;49291;ANDRE CORSINI, RUA SANTO;;;0;PROXIMO  - R USHIKICH;24/01/2013 19:15;4;AT;73;343; ; ;1;0;0;0;0;0;0;0;0;0;0;0;0;0;0;0;0;49291;ANDRE CORSINI, RUA SANTO;;;83;TREMEMBE;1;0
D011301661;17824;SAPOPEMBA, AV;;;8700;;24/01/2013 19:30;4;AT;70;817;C; ;0;1;0;0;0;0;0;0;0;0;0;0;0;0;0;0;0;17824;SAPOPEMBA, AV;;;33;IPIRANGA;1;0
D011300489;12502;MAGALHAES DE CASTRO, AV;;;12000;;24/01/2013 19:30;2;CO;34;663; ; ;1;1;0;0;0;0;0;0;0;0;0;0;0;0;0;0;0;13014;MARGINAL DO RIO PINHEIROS, AV;;;12;BUTANTA;1;0
D011301605;17824;SAPOPEMBA, AV;;;23000;;24/01/2013 20:00;2;CF;55;1193; ; ;1;1;0;0;0;0;0;0;0;0;0;0;0;0;0;0;0;17824;SAPOPEMBA, AV;;;33;IPIRANGA;2;0
D011300708;21876;CAMPO DE BAGATELLE, PCA;27187;OLAVO FONTOURA, AV;0;;24/01/2013 20:00;2;CO;13;801; ; ;1;1;0;0;0;0;0;0;0;0;0;0;0;0;0;0;0;21876;CAMPO DE BAGATELLE, PCA;27187;OLAVO FONTOURA, AV;71;SANTANA;1;0
D011300954;6371;ELISABETH DE ROBIANO, AV CDSSA;;;1400;;24/01/2013 20:00;2;CO;10;950; ; ;1;1;0;0;0;0;0;0;0;0;0;0;0;0;0;0;0;29772;MARGINAL DO RIO TIETE, AV;;;82;TATUAPE;1;0
D011301247;35858;GUIDO CALOI, AV;;;25;;24/01/2013 20:30;2;QM;92;1004; ; ;0;1;0;0;0;0;0;0;0;0;0;0;0;0;0;0;0;35858;GUIDO CALOI, AV;;;32;IGUATEMI;1;0
D011300315;14251;MORGADO DE MATEUS, RUA;;;333;;24/01/2013 20:46;2;CO;36;861; ; ;2;0;0;0;0;0;0;0;0;0;0;0;0;0;0;0;0;14251;MORGADO DE MATEUS, RUA;;;9;BOM RETIRO;2;0
D011301587;40369;FIDELIS, ES DOS;;;126;;24/01/2013 21:00;4;AT;54;1206; ; ;0;1;0;0;0;0;0;0;0;0;0;0;0;0;0;0;0;40369;FIDELIS, ES DOS;;;32;IGUATEMI;1;0
D011300034;7216;FLORES, RUA GAL;18412;SOLON, RUA;0;;24/01/2013 21:30;2;CO;2;451; ; ;0;2;0;0;0;0;0;0;0;0;0;0;0;0;0;0;0;7216;FLORES, RUA GAL;18412;SOLON, RUA;9;BOM RETIRO;1;0
D011301401;18940;TIBURCIO DE SOUSA, RUA;;;900;;24/01/2013 22:30;2;QM;50;572; ; ;0;1;0;0;0;0;0;0;0;0;0;0;0;0;0;0;0;18940;TIBURCIO DE SOUSA, RUA;;;35;ITAIM PAULISTA;2;0
D011301621;23678;ALZIRO ZARUR, AV;;;200;;24/01/2013 22:30;2;CO;66;424; ; ;2;0;0;0;0;0;0;0;0;0;0;0;0;0;0;0;0;23678;ALZIRO ZARUR, AV;;;0;NULL;1;0
D011300409;2149;ARCOVERDE, RUA CARD;5596;CUNHA GAGO, RUA;0;;24/01/2013 23:05;4;AT;14;765; ; ;0;0;1;0;0;0;0;0;0;0;0;0;0;0;0;0;0;2149;ARCOVERDE, RUA CARD;5596;CUNHA GAGO, RUA;26;CONSOLACAO;1;0
D011300968;15304;PAES DE BARROS, AV;;;134;;24/01/2013 23:10;2;CH;18;506; ; ;1;0;0;0;0;0;0;0;0;0;0;0;0;0;0;0;0;15304;PAES DE BARROS, AV;;;16;CAMPO GRANDE;1;0
D011300324;62965;MEMORIAL DE AIRES, RUA;;;302;;24/01/2013 23:50;4;AT;83;683; ; ;0;0;0;0;0;0;0;0;0;0;0;0;0;0;0;1;0;62965;MEMORIAL DE AIRES, RUA;;;69;SACOMA;1;0
D011300597;28906;MANOEL BARBOSA, RUA;;;200;;25/01/2013 00:05;2;SI;87;773; ; ;1;0;0;0;0;0;0;0;0;0;0;1;0;0;0;0;0;28906;MANOEL BARBOSA, RUA;;;4;ARICANDUVA;3;0
D011300638;20600;ERNESTO IGEL, AV;;;48;;25/01/2013 00:35;2;CO;91;625; ; ;1;1;0;0;0;0;0;0;0;0;0;0;0;0;0;0;0;20600;ERNESTO IGEL, AV;;;14;CAMBUCI;1;0
D011301394;9806;PIRES DO RIO, AV;;;2841;;25/01/2013 01:10;2;CO;32;614; ; ;0;0;0;0;0;0;0;0;0;0;0;0;0;0;0;2;0;9806;PIRES DO RIO, AV;;;76;SAO MIGUEL;1;0
D011301735;7742;CATLEIAS, RUA;;;100;;25/01/2013 01:30;4;AT;53;703; ; ;1;0;0;0;0;0;0;0;0;0;0;0;0;0;0;0;0;7742;CATLEIAS, RUA;;;  ;;0;1
D011300987;7645;FRONTIN, AV CD DE;;;2000;;25/01/2013 01:31;2;QM;21;952; ; ;0;1;0;0;0;0;0;0;0;0;0;0;0;0;0;0;0;7645;FRONTIN, AV CD DE;;;93;VILA MATILDE;2;0
D011301378;10982;JOSE GARCIA TERRA, RUA;;;170;;25/01/2013 01:39;2;CO;24;862; ; ;1;1;0;0;0;0;0;0;0;0;0;0;0;0;0;0;0;10982;JOSE GARCIA TERRA, RUA;;;65;PONTE RASA;1;0
D011300915;70128;LITORAL PARANAENSE, RUA;16838;RAIMUNDO PEREIRA DE MAGAL., AV;0;;25/01/2013 02:30;2;CO;74;706; ; ;1;1;0;0;0;0;0;0;0;0;0;0;0;0;0;0;0;5350;CORREDOR, ES DO;16838;RAIMUNDO PEREIRA DE MAGAL., AV;41;JARAGUA;2;0
D011300941;954;AMADOR BUENO DA VEIGA, AV;;;2155;;25/01/2013 03:00;2;CH;10;281; ; ;1;0;0;0;0;0;0;0;0;0;0;0;0;0;0;0;0;954;AMADOR BUENO DA VEIGA, AV;;;60;PENHA;1;0
D011300830;2455;ATALIBA LEONEL, AV GAL;;;3714;;25/01/2013 03:00;2;CH;39;347; ; ;1;0;0;0;0;0;0;0;0;0;0;0;0;0;0;0;0;2455;ATALIBA LEONEL, AV GAL;;;88;VILA GUILHERME;1;0
D011300562;13019;ESCOLA POLITECNICA, AV;;;2157;;25/01/2013 03:05;2;CH;51;605; ; ;1;0;0;0;0;0;0;0;0;0;0;0;0;0;0;0;0;13019;ESCOLA POLITECNICA, AV;;;40;JAGUARE;1;0
D011300481;7500;FRANCISCO MORATO, AV PROF;;;939;;25/01/2013 03:28;2;CO;34;504; ; ;1;1;0;0;0;0;0;0;0;0;0;0;0;0;0;0;0;7500;FRANCISCO MORATO, AV PROF;;;12;BUTANTA;2;0
D011300852;6450;EMILIO CARLOS, AV DEP;;;1012;;25/01/2013 04:00;2;CH;40;344; ; ;1;0;0;0;0;0;0;0;0;0;0;0;0;0;0;0;0;6450;EMILIO CARLOS, AV DEP;;;50;LIMAO;2;0
D011300169;4561;CASTELO BRANCO, AV PRES;;;0;SOB  - PTE VL.GUI;25/01/2013 04:13;2;CH;12;900030; ; ;1;0;0;0;0;0;0;0;0;0;0;0;0;0;0;0;0;29772;MARGINAL DO RIO TIETE, AV;;;6;BARRA FUNDA;1;0
D011300482;855;ALVARENGA, RUA;;;624;;25/01/2013 04:30;2;CH;34;507; ; ;1;0;0;0;0;0;0;0;0;0;0;0;0;0;0;0;0;855;ALVARENGA, RUA;;;55;MORUMBI;6;0
D011301433;16490;PONTE RASA, RUA;;;100;;25/01/2013 04:30;2;CH;62;365; ; ;1;0;0;0;0;0;0;0;0;0;0;0;0;0;0;0;0;16490;PONTE RASA, RUA;;;0;NULL;4;0
D011300181;1356;ANGELICA, AV;;;160;;25/01/2013 05:00;4;AT;77;395; ; ;0;0;0;0;0;0;0;0;0;0;0;0;0;0;0;1;0;1356;ANGELICA, AV;;;70;SANTA CECILIA;1;0
D011301126;37964;BARRAGEM, ES DA;;;3414;;25/01/2013 05:30;2;CF;25;220;C; ;0;1;0;0;0;0;0;0;0;0;0;1;0;0;0;0;0;37964;BARRAGEM, ES DA;;;76;SAO MIGUEL;1;0
D011301133;12107;JOSE NABANTINO RAMOS, RUA;;;96;;25/01/2013 06:35;2;CH;43;107; ; ;1;0;0;0;0;0;0;0;0;0;0;0;0;0;0;0;0;12107;JOSE NABANTINO RAMOS, RUA;;;29;FREGUESIA DO O;1;0
D011301565;16173;PESSEGO, ES DO;;;2750;;25/01/2013 06:45;2;CT;53;545; ; ;2;0;0;0;0;0;0;0;0;0;0;0;0;0;0;0;0;16173;PESSEGO, ES DO;;;0;NULL;1;0
D011300132;185;ADELINO, RUA PDE;;;600;;25/01/2013 07:05;2;CH;8;639; ; ;2;0;0;0;0;0;0;0;0;0;0;0;0;0;0;0;0;185;ADELINO, RUA PDE;;;8;BELEM;1;0
D011301198;15507;TEOTONIO VILELA, AV SEN;;;6710;;25/01/2013 07:11;2;CH;85;481;B; ;1;0;0;0;0;0;0;0;0;0;0;0;0;0;0;0;0;15507;TEOTONIO VILELA, AV SEN;;;23;CIDADE DUTRA;3;0
D011300285;66;ABRAAO DE MORAIS, AV PROF;;;2500;;25/01/2013 07:30;2;SI;35;256; ; ;0;1;0;0;0;0;0;0;0;0;0;0;0;0;0;0;0;66;ABRAAO DE MORAIS, AV PROF;;;79;SAUDE;1;0
D011300523;46890;ALEXIOS JAFET (ESTR.CAMPINAS), AV;;;385;;25/01/2013 08:15;2;SI;46;169; ; ;0;1;0;0;0;0;0;0;0;0;0;1;0;0;0;0;0;46890;ALEXIOS JAFET (ESTR.CAMPINAS), AV;;;41;JARAGUA;1;0
D011300240;43154;TANCREDO NEVES, AV PRES;;;1200;;25/01/2013 08:37;2;CO;26;260; ; ;1;1;0;0;0;0;0;0;0;0;0;0;0;0;0;0;0;43154;TANCREDO NEVES, AV PRES;;;18;CANGAIBA;1;0
D011300595;15188;OTAVIANO ALVES DE LIMA, AV;;;0;ACESSO  - VIA BANDEI;25/01/2013 08:45;2;CO;87;436; ; ;1;1;0;0;0;0;0;0;0;0;0;0;0;0;0;0;0;29772;MARGINAL DO RIO TIETE, AV;;;23;CIDADE DUTRA;1;0
D011301524;72670;INACIO MONTEIRO, RUA;;;420;;25/01/2013 08:58;2;CF;44;260; ; ;2;0;0;0;0;0;0;0;0;0;0;0;0;0;0;0;0;72670;INACIO MONTEIRO, RUA;;;50;LIMAO;1;0
D011301541;46304;TRISTEZA DO JECA, TV;;;307;;25/01/2013 11:52;2;QM;49;1210; ; ;0;1;0;0;0;0;0;0;0;0;0;0;0;0;0;0;0;46304;TRISTEZA DO JECA, TV;;;32;IGUATEMI;1;0
D011300778;27358;FUAD LUTFALLA, AV;;;420;;25/01/2013 12:27;2;QM;28;356; ; ;0;1;0;0;0;0;0;0;0;0;0;0;0;0;0;0;0;27358;FUAD LUTFALLA, AV;;;4;ARICANDUVA;1;0
D011301354;21594;KUMAKI AOKI, AV;;;364;;25/01/2013 12:50;4;AT;22;454; ; ;0;1;0;0;0;0;0;0;0;0;0;0;0;0;0;0;0;21594;KUMAKI AOKI, AV;;;53;MOEMA;2;0
D011301379;9083;IMPATA, RUA;14393;NAME, RUA;0;;25/01/2013 13:00;2;CO;24;878;B; ;1;1;0;0;0;0;0;0;0;0;0;0;0;0;0;0;0;9083;IMPATA, RUA;14393;NAME, RUA;60;PENHA;1;0
D011300295;3585;JOAO BARRETO DE MENEZES, AV;8816;GUSTAVO DA SILVEIRA, RUA;0;;25/01/2013 13:45;2;CO;35;823; ; ;1;1;0;0;0;0;0;0;0;0;0;0;0;0;0;0;0;3585;JOAO BARRETO DE MENEZES, AV;8816;GUSTAVO DA SILVEIRA, RUA;37;JABAQUARA;1;0
D011300619;8000;GIOVANNI GRONCHI, AV;535;MANOEL ANTONIO PINTO, RUA;0;;25/01/2013 14:00;2;CT;89;665; ; ;1;2;0;0;0;0;0;0;0;0;0;0;0;0;0;0;0;8000;GIOVANNI GRONCHI, AV;30384;AFONSO DE OLIVEIRA SANTOS, RUA;55;MORUMBI;2;0
D011300879;41766;CLARA NUNES, RUA;;;0;NADA CONSTA ;25/01/2013 14:30;2;CO;72;861; ; ;1;1;0;0;0;0;0;0;0;0;0;0;0;0;0;0;0;41766;CLARA NUNES, RUA;;;40;JAGUARE;1;0
D011300799;9170;INES, AV STA;;;680;;25/01/2013 14:33;2;QM;38;354; ; ;0;1;0;0;0;0;0;0;0;0;0;0;0;0;0;0;0;9170;INES, AV STA;;;51;MANDAQUI;2;0
D011301659;21357;BOURHAN HELOU, RUA PROF;;;309;;25/01/2013 15:00;4;AT;70;646; ; ;1;0;0;0;0;0;0;0;0;0;0;0;0;0;0;0;0;21357;BOURHAN HELOU, RUA PROF;;;56;PARELHEIROS;1;0
D011301597;17824;SAPOPEMBA, AV;;;14111;;25/01/2013 15:04;2;CL;55;448; ; ;1;0;1;0;0;0;0;0;0;0;0;0;0;0;0;0;0;17824;SAPOPEMBA, AV;;;33;IPIRANGA;1;0
D011300600;8000;GIOVANNI GRONCHI, AV;1536;JOSE MARIOTO FERREIRA, RUA MAJ;0;;25/01/2013 15:41;2;CO;89;119; ; ;1;1;0;0;0;0;0;0;0;0;0;0;0;0;0;0;0;1536;JOSE MARIOTO FERREIRA, RUA MAJ;8000;GIOVANNI GRONCHI, AV;96;VILA SONIA;1;0
D011301177;15507;TEOTONIO VILELA, AV SEN;;;1217;;25/01/2013 16:30;4;AT;48;610; ; ;0;1;0;0;0;0;0;0;0;0;0;0;0;0;0;0;0;15507;TEOTONIO VILELA, AV SEN;;;23;CIDADE DUTRA;1;0
D011300456;1427;ANHANGUERA, RUA;;;11000;;25/01/2013 16:30;2;CT;33;792; ; ;2;0;0;0;0;0;0;0;0;0;0;0;0;0;0;0;0;1427;ANHANGUERA, RUA;;;70;SANTA CECILIA;1;0
D011300862;11665;LAZARO AMANCIO DE BARROS, ES;;;442;;25/01/2013 16:30;2;CO;45;736; ; ;0;2;0;0;0;0;0;0;0;0;0;0;0;0;0;0;0;11665;LAZARO AMANCIO DE BARROS, ES;;;11;BRASILANDIA;1;0
D011300512;99949;CARLOS CALDEIRA FILHO, AV;;;3901;;25/01/2013 17:05;2;CT;37;670; ; ;1;1;0;0;0;0;0;0;0;0;0;0;0;0;0;0;0;99949;CARLOS CALDEIRA FILHO, AV;;;19;CAPAO REDONDO;1;0
D011300620;8000;GIOVANNI GRONCHI, AV;;;3757;;25/01/2013 17:50;4;AT;89;673; ; ;0;1;0;0;0;0;0;0;0;0;0;0;0;0;0;0;0;8000;GIOVANNI GRONCHI, AV;;;55;MORUMBI;2;0
D011301490;99438;SETE ESTRELAS, RUA;;;442;;25/01/2013 17:55;2;SI;67;1058; ; ;1;1;0;0;0;0;0;0;0;0;0;0;0;0;0;0;0;99438;SETE ESTRELAS, RUA;;;  ;;1;0
D011301037;15032;ORATORIO, AV DO;;;3195;;25/01/2013 18:00;2;CO;42;565; ; ;1;0;0;0;0;0;0;0;0;0;0;0;0;0;0;1;0;15032;ORATORIO, AV DO;;;26;CONSOLACAO;1;0
D011300351;32522;FRANCISCO DE PAULA Q. RIBEIRO, AV;;;400;;25/01/2013 18:00;2;CO;97;696; ; ;1;1;0;0;0;0;0;0;0;0;0;0;0;0;0;0;0;32522;FRANCISCO DE PAULA Q. RIBEIRO, AV;;;42;JARDIM ANGELA;1;0
D011300270;16511;PORTO ALEGRE, RUA CD DE;;;896;;25/01/2013 18:00;2;CO;27;883; ; ;3;1;0;0;0;0;0;0;0;0;0;0;0;0;0;0;0;16511;PORTO ALEGRE, RUA CD DE;;;30;GRAJAU;2;0
D011300219;8636;HELEN KELLER, RUA;;;160;;25/01/2013 18:12;4;AT;16;1107; ; ;0;0;0;0;0;0;0;1;0;0;0;0;0;0;0;0;0;8636;HELEN KELLER, RUA;;;92;VILA MARIANA;1;0
D011301155;9529;ITAPECERICA, ES DE;;;6840;;25/01/2013 18:20;2;SI;47;1031; ; ;2;0;0;0;0;0;0;0;0;0;0;0;0;0;0;0;0;9529;ITAPECERICA, ES DE;;;29;FREGUESIA DO O;2;0
D011300539;37026;MARIO COVAS, RUA;;;0;PROXIMO  - VIA ANHANG;25/01/2013 18:30;2;CH;46;446; ; ;1;0;0;0;0;0;0;0;0;0;0;0;0;0;0;0;0;37026;MARIO COVAS, RUA;;;54;MOOCA;1;0
D011301727;8000;GIOVANNI GRONCHI, AV;;;0;NADA CONSTA ;25/01/2013 19:30;4;AT;16;1129; ; ;0;1;0;0;0;0;0;0;0;0;0;0;0;0;0;0;0;8000;GIOVANNI GRONCHI, AV;;;55;MORUMBI;0;1
D011300785;3771;INAJAR DE SOUZA, AV;;;2000;;25/01/2013 21:10;4;AT;28;845; ; ;1;0;0;0;0;0;0;0;0;0;0;0;0;0;0;0;0;3771;INAJAR DE SOUZA, AV;;;50;LIMAO;1;0
D011300245;1323;ANDRE NUNES, PCA;;;122;;25/01/2013 21:25;2;CO;26;699; ; ;1;1;0;0;0;0;0;0;0;0;0;0;0;0;0;0;0;1323;ANDRE NUNES, PCA;;;69;SACOMA;1;0
D011301606;17824;SAPOPEMBA, AV;;;0;ACESSO  - RODOANEL;25/01/2013 21:39;2;CT;55;1224; ; ;2;0;0;0;0;0;0;0;0;0;0;0;0;0;0;0;0;17824;SAPOPEMBA, AV;;;33;IPIRANGA;1;0