id_acidente;codloga;logradouroA;codlogb;logradouroB;alt_num;referencia;data;cod_acid;tipo_acidente;dp;numero_BO;sentido;pista;automovel;moto;onibus;caminhao;bicicleta;moto_taxi;onibus_fretado;onibus_urbano;microonibus;van;vuc;caminhonete;carreta;jipe;outros;sem_informacao;carroca;princ_a;paiA;princ_b;paiB;cod_distrito;distrito;vit_ferida;vit_morta
D011300133;4543;CASSANDOCA, AV;;;102;;25/01/2013 22:20;2;SI;8;649; ; ;2;0;0;0;0;0;0;0;0;0;0;0;0;0;0;0;0;4543;CASSANDOCA, AV;;;54;MOOCA;2;0
D011301542;9044;RAGUEB CHOHFI, AV;;;4905;;25/01/2013 22:50;2;CO;49;1225; ; ;2;0;0;0;0;0;0;0;0;0;0;0;0;0;0;0;0;9044;RAGUEB CHOHFI, AV;;;32;IGUATEMI;1;0
D011300679;14270;MORVAN DIAS DE FIGUEIREDO, AV;12457;MACHADOS, RUA DOS;0;;25/01/2013 23:00;2;CO;9;772; ; ;2;0;0;0;0;0;0;0;0;0;0;0;0;0;0;0;0;12457;MACHADOS, RUA DOS;14270;MORVAN DIAS DE FIGUEIREDO, AV;  ;;3;0
D011301411;16652;ANTONIO JOAO DE MEDEIROS, RUA;64691;ILHA DO ARVOREDO, RUA;0;;25/01/2013 23:00;2;CH;50;4069; ; ;1;0;0;0;0;0;0;0;0;0;0;0;0;0;0;0;0;16652;ANTONIO JOAO DE MEDEIROS, RUA;64691;ILHA DO ARVOREDO, RUA;35;ITAIM PAULISTA;1;0
D011300786;6361;ELISIO TEIXEIRA LEITE, AV;;;606;;25/01/2013 23:24;2;CH;28;846; ; ;1;0;0;0;0;0;0;0;0;0;0;0;0;0;0;0;0;6361;ELISIO TEIXEIRA LEITE, AV;;;29;FREGUESIA DO O;1;0
D011300271;19100;BANDEIRANTES, AV DOS;;;2100;;25/01/2013 23:40;2;CO;27;892; ; ;1;0;0;0;0;0;0;0;0;0;0;1;0;0;0;0;0;19100;BANDEIRANTES, AV DOS;;;24;CIDADE LIDER;1;0
D011301180;15507;TEOTONIO VILELA, AV SEN;;;1122;;25/01/2013 23:50;4;AT;48;1183; ; ;0;0;1;0;0;0;0;0;0;0;0;0;0;0;0;0;0;15507;TEOTONIO VILELA, AV SEN;;;23;CIDADE DUTRA;1;0
D011301036;16826;RAIMUNDO, RUA S;;;261;;25/01/2013 23:54;2;CL;42;525; ; ;1;1;0;0;0;0;0;0;0;0;0;0;0;0;0;0;0;16826;RAIMUNDO, RUA S;;;26;CONSOLACAO;1;0
D011300680;5567;CRUZEIRO DO SUL, AV;5741;DARZAN, RUA;0;;26/01/2013 00:30;2;CO;9;776; ; ;1;1;0;0;0;0;0;0;0;0;0;0;0;0;0;0;0;5567;CRUZEIRO DO SUL, AV;5741;DARZAN, RUA;71;SANTANA;1;0
D011300496;34682;CAMPO LIMPO, ES DO;;;3450;;26/01/2013 00:53;2;CO;37;123; ; ;0;1;0;0;0;0;0;1;0;0;0;0;0;0;0;0;0;34682;CAMPO LIMPO, ES DO;;;17;CAMPO LIMPO;1;0
D011300870;11143;JOSE PEDRO D'ORO, RUA;3771;INAJAR DE SOUZA, AV;0;;26/01/2013 02:00;2;CH;72;371; ; ;1;0;0;0;0;0;0;0;0;0;0;0;0;0;0;0;0;3771;INAJAR DE SOUZA, AV;11143;JOSE PEDRO D'ORO, RUA;13;CACHOEIRINHA;1;0
D011301640;11642;LAURO SODRE, AV TTE;;;1320;;26/01/2013 02:10;4;AT;69;851; ; ;0;1;0;0;0;0;0;0;0;0;0;0;0;0;0;0;0;11642;LAURO SODRE, AV TTE;;;75;SAO MATEUS;1;0
D011300709;21876;CAMPO DE BAGATELLE, PCA;;;235;;26/01/2013 04:25;2;CO;13;848; ; ;1;0;0;0;0;0;0;1;0;0;0;0;0;0;0;0;0;21876;CAMPO DE BAGATELLE, PCA;;;8;BELEM;1;0
D011301156;44957;CARVALHO DO MAR, TR;;;483;;26/01/2013 05:00;4;AT;47;1044; ; ;0;0;0;0;0;0;0;0;0;0;0;0;0;0;0;1;0;44957;CARVALHO DO MAR, TR;;;19;CAPAO REDONDO;1;0
D011301641;43404;VILANOVA ARTIGAS, AV ARQ;;;1300;;26/01/2013 05:30;2;CO;69;856; ; ;1;1;0;0;0;0;0;0;0;0;0;0;0;0;0;0;0;43404;VILANOVA ARTIGAS, AV ARQ;;;56;PARELHEIROS;2;0
D011300958;4128;CANGAIBA, AV;;;0;NADA CONSTA ;26/01/2013 06:00;2;CH;10;1095;C; ;1;0;0;0;0;0;0;0;0;0;0;0;0;0;0;0;0;4128;CANGAIBA, AV;;;18;CANGAIBA;1;0
D011301300;12403;M'BOI MIRIM, ES;;;9154;;26/01/2013 06:00;2;CO;100;215; ; ;0;1;0;0;0;0;0;0;0;0;0;1;0;0;0;0;0;12403;M'BOI MIRIM, ES;;;42;JARDIM ANGELA;2;0
D011301287;32038;ANTONIO FURLAN JUNIOR, RUA;;;100;;26/01/2013 06:50;2;QM;99;363; ; ;0;1;0;0;0;0;0;0;0;0;0;0;0;0;0;0;0;32038;ANTONIO FURLAN JUNIOR, RUA;;;29;FREGUESIA DO O;2;0
D011301622;2181;ARICANDUVA, AV;;;600;;26/01/2013 07:26;2;CO;66;434; ; ;1;1;0;0;0;0;0;0;0;0;0;0;0;0;0;0;0;2181;ARICANDUVA, AV;;;60;PENHA;1;0
D011301682;7061;FERNAO DIAS, VIA;;;77800;;26/01/2013 07:50;2;CT;73;372; ; ;1;0;0;1;0;0;0;0;0;0;0;0;0;0;0;0;0;7061;FERNAO DIAS, VIA;;;38;JACANA;0;1
D011300018;16725;QUEIROS, AV SEN;;;268;;26/01/2013 08:00;4;AT;1;676; ; ;1;0;0;0;0;0;0;0;0;0;0;0;0;0;0;0;0;16725;QUEIROS, AV SEN;;;9;BOM RETIRO;1;0
D011300311;18770;TEIXEIRA DA SILVA, RUA;17791;SANTOS, AL;0;;26/01/2013 08:22;2;CO;36;397; ; ;2;0;0;0;0;0;0;0;0;0;0;0;0;0;0;0;0;17791;SANTOS, AL;18770;TEIXEIRA DA SILVA, RUA;  ;;1;0
D011300134;9855;JAIBARAS, RUA;8484;GUILHERME ELLIS, RUA DR;0;;26/01/2013 08:30;2;CO;8;656; ; ;0;1;1;0;0;0;0;0;0;0;0;0;0;0;0;0;0;8484;GUILHERME ELLIS, RUA DR;9855;JAIBARAS, RUA;54;MOOCA;1;0
D011300187;15656;PAULISTA, AV;16028;PEIXOTO GOMIDE, RUA;0;;26/01/2013 09:00;2;CO;78;130; ; ;1;1;0;0;0;0;0;0;0;0;0;0;0;0;0;0;0;15656;PAULISTA, AV;16028;PEIXOTO GOMIDE, RUA;7;BELA VISTA;1;0
D011300384;16919;REBOUCAS, AV;;;0;NADA CONSTA ;26/01/2013 09:30;2;CO;14;179; ; ;2;0;0;0;0;0;0;0;0;0;0;1;0;0;0;0;0;16919;REBOUCAS, AV;;;44;JARDIM PAULISTA;1;0
D011300182;10101;JOAO, AV S;;;2030;;26/01/2013 09:40;4;AT;77;408; ; ;1;0;0;0;0;0;0;0;0;0;0;0;0;0;0;0;0;10101;JOAO, AV S;;;67;REPUBLICA;1;0
D011300162;11525;LADARIO, RUA BR DE;;;100;;26/01/2013 11:30;2;CL;12;477; ; ;1;0;0;0;1;0;0;0;0;0;0;0;0;0;0;0;0;11525;LADARIO, RUA BR DE;;;10;BRAS;1;0
D011300787;15188;OTAVIANO ALVES DE LIMA, AV;;;0;PROXIMO  - PTE DO PIQ;26/01/2013 11:30;2;CO;28;879; ; ;1;0;0;1;0;0;0;0;0;0;0;0;0;0;0;0;0;29772;MARGINAL DO RIO TIETE, AV;;;23;CIDADE DUTRA;1;0
D011300739;9407;ISMAEL NERI, RUA;;;772;;26/01/2013 12:00;2;QM;20;378; ; ;0;1;0;0;0;0;0;0;0;0;0;0;0;0;0;0;0;9407;ISMAEL NERI, RUA;;;84;TUCURUVI;1;0
D011301543;13671;MATEO BEI, AV;;;3005;;26/01/2013 12:35;4;AT;49;1240; ; ;0;1;0;0;0;0;0;0;0;0;0;0;0;0;0;0;0;13671;MATEO BEI, AV;;;75;SAO MATEUS;1;0
D011300979;9106;INACIO COSTA, RUA;2181;ARICANDUVA, AV;0;;26/01/2013 12:45;2;QM;21;284; ; ;0;1;0;0;0;0;0;0;0;0;0;0;0;0;0;0;0;2181;ARICANDUVA, AV;9106;INACIO COSTA, RUA;20;CARRAO;1;0
D011300740;18151;SEZEFREDO FAGUNDES, AV CEL;;;2320;;26/01/2013 13:10;2;CO;20;350; ; ;1;1;0;0;0;0;0;0;0;0;0;0;0;0;0;0;0;18151;SEZEFREDO FAGUNDES, AV CEL;;;22;CIDADE ADEMAR;1;0
D011301355;13881;MIGUEL, AV S;;;8900;;26/01/2013 13:17;2;CT;22;476; ; ;0;1;1;0;0;0;0;0;0;0;0;0;0;0;0;0;0;13881;MIGUEL, AV S;;;65;PONTE RASA;1;0
D011301033;5425;COSTA BARROS, RUA;;;544;;26/01/2013 13:25;4;AT;42;332; ; ;1;0;0;0;0;0;0;0;0;0;0;0;0;0;0;0;0;5425;COSTA BARROS, RUA;;;95;VILA PRUDENTE;1;0
D011301136;5606;CUPECE, AV;;;2900;;26/01/2013 13:30;4;AT;43;356; ; ;1;0;0;0;0;0;0;0;0;0;0;0;0;0;0;0;0;5606;CUPECE, AV;;;22;CIDADE ADEMAR;1;0
D011301199;99631;MARTA MARIA BERNARDES, AV PROFA;;;232;;26/01/2013 13:40;4;AT;85;496; ; ;0;1;0;0;0;0;0;0;0;0;0;0;0;0;0;0;0;99631;MARTA MARIA BERNARDES, AV PROFA;;;30;GRAJAU;1;0
D011301380;5687;DANFER, AV;;;164;;26/01/2013 13:45;2;CO;24;902; ; ;1;1;0;0;0;0;0;0;0;0;0;0;0;0;0;0;0;5687;DANFER, AV;;;18;CANGAIBA;2;0
D011300272;8944;IBIRAPUERA, AV;14086;MOEMA, AV;0;;26/01/2013 14:00;2;CO;27;904; ; ;1;1;0;0;0;0;0;0;0;0;0;0;0;0;0;0;0;8944;IBIRAPUERA, AV;14086;MOEMA, AV;53;MOEMA;1;0
D011301402;17820;TITO, AV MAL;;;0;NADA CONSTA ;26/01/2013 14:15;2;QD;50;689; ; ;0;0;0;0;0;0;0;1;0;0;0;0;0;0;0;0;0;17820;TITO, AV MAL;;;53;MOEMA;1;0
D011300166;7236;BUCOLISMO, RUA DO;;;164;;26/01/2013 14:45;4;AT;12;540; ; ;1;0;0;0;0;0;0;0;0;0;0;0;0;0;0;0;0;7236;BUCOLISMO, RUA DO;;;10;BRAS;1;0
D011300442;5834;DIANA, RUA;;;17;;26/01/2013 14:45;4;AT;23;531; ; ;0;0;0;0;0;0;0;0;0;0;0;1;0;0;0;0;0;5834;DIANA, RUA;;;61;PERDIZES;1;0
D011301466;3994;CAMPANELLA, AV;;;706;;26/01/2013 15:20;2;QD;64;730; ; ;0;0;0;0;0;0;0;1;0;0;0;0;0;0;0;0;0;3994;CAMPANELLA, AV;;;36;ITAQUERA;1;0
D011301200;98817;CARLOS ALBERTO BASTOS MACHADO, RUA;;;0;PROXIMO  - R.DR JUVEN;26/01/2013 16:00;4;AT;85;500; ; ;1;1;0;0;0;0;0;0;0;0;0;0;0;0;0;0;0;98817;CARLOS ALBERTO BASTOS MACHADO, RUA;;;30;GRAJAU;1;0
D011300955;1133;AMORIM DINIZ, RUA;;;50;;26/01/2013 16:00;2;QM;10;995; ; ;3;1;0;0;0;0;0;0;0;0;0;0;0;0;0;0;0;1133;AMORIM DINIZ, RUA;;;18;CANGAIBA;2;0
D011301706;14377;NADIME ACKEL, RUA;;;152;;26/01/2013 16:00;2;CH;24;912; ; ;1;1;0;0;0;0;0;0;0;0;0;0;0;0;0;0;0;14377;NADIME ACKEL, RUA;;;38;JACANA;0;1
D011301501;14304;ETELVINA, RUA STA;;;19;;26/01/2013 18:13;2;CO;68;340; ; ;1;1;0;0;0;0;0;0;0;0;0;0;0;0;0;0;0;14304;ETELVINA, RUA STA;;;47;LAJEADO;1;0
D011301158;79066;BENEDITO DE BARROS, RUA;;;700;;26/01/2013 18:30;2;CF;47;1061; ; ;0;2;0;0;0;0;0;0;0;0;0;0;0;0;0;0;0;79066;BENEDITO DE BARROS, RUA;;;29;FREGUESIA DO O;2;0
D011301023;12381;LUTECIA, RUA;;;1118;;26/01/2013 19:03;2;CT;31;481; ; ;3;0;0;0;0;0;0;0;0;0;0;0;0;0;0;0;0;12381;LUTECIA, RUA;;;20;CARRAO;1;0
D011301311;12403;M'BOI MIRIM, ES;;;3583;;26/01/2013 20:00;2;CT;100;1068; ; ;1;1;0;0;0;0;0;0;0;0;0;0;0;0;0;0;0;12403;M'BOI MIRIM, ES;;;42;JARDIM ANGELA;2;0
D011301528;15569;PASSAGEM FUNDA, RUA DA;;;1;;26/01/2013 20:00;4;AT;44;579; ; ;0;0;0;0;0;0;0;0;0;0;0;0;0;0;0;1;0;15569;PASSAGEM FUNDA, RUA DA;;;50;LIMAO;1;0
D011300371;10635;JOHN HARRISON, RUA;;;511;;26/01/2013 20:29;2;QD;7;638; ; ;0;0;0;0;0;0;0;0;0;0;0;1;0;0;0;0;0;10635;JOHN HARRISON, RUA;;;48;LAPA;1;0
D011301116;10270;JOAO DIAS, AV;;;1080;;26/01/2013 20:35;2;CT;11;968;C; ;1;0;0;1;0;0;0;0;0;0;0;0;0;0;0;0;0;10270;JOAO DIAS, AV;;;72;SANTO AMARO;1;0
D011301119;10918;JOSE DINIZ, AV VER;222;ADOLFO PINHEIRO, AV;0;;26/01/2013 20:40;2;CT;11;1052; ; ;0;0;0;0;0;0;0;3;0;0;0;0;0;0;0;0;0;222;ADOLFO PINHEIRO, AV;10918;JOSE DINIZ, AV VER;72;SANTO AMARO;7;0
D011300238;13526;MARIO VICENTE, RUA DR;;;570;;26/01/2013 20:43;2;CH;17;1140; ; ;1;0;0;0;0;0;0;0;0;0;0;0;0;0;0;0;0;13526;MARIO VICENTE, RUA DR;;;33;IPIRANGA;1;0
D011300017;6642;ESTADO, AV DO;4146;CANTAREIRA, RUA DA;0;;26/01/2013 22:23;4;AT;1;668; ; ;1;0;0;0;0;0;0;0;0;0;0;0;0;0;0;0;0;5567;CRUZEIRO DO SUL, AV;6642;ESTADO, AV DO;57;PARI;1;0
D011300574;61527;JACINTO DE OLIVEIRA, RUA;;;0;PROXIMO  - CRUZ AR.BA;26/01/2013 22:30;4;AT;75;347; ; ;1;0;0;0;0;0;0;0;0;0;0;0;0;0;0;0;0;61527;JACINTO DE OLIVEIRA, RUA;;;13;CACHOEIRINHA;1;0
D011300988;10581;JOAQUIM MARRA, RUA;;;1529;;26/01/2013 22:30;2;CO;21;1011; ; ;0;0;1;0;1;0;0;0;0;0;0;0;0;0;0;0;0;10581;JOAQUIM MARRA, RUA;;;93;VILA MATILDE;1;0
D011300956;2429;ASSIS RIBEIRO, RUA DR;;;2000;;26/01/2013 22:50;4;AT;10;1009;C; ;0;1;0;0;0;0;0;0;0;0;0;0;0;0;0;0;0;2429;ASSIS RIBEIRO, RUA DR;;;28;ERMELINO MATARA;1;0
D011301371;13881;MIGUEL, AV S;;;900;;26/01/2013 23:00;2;QD;24;484; ; ;0;0;1;0;0;0;0;0;0;0;0;0;0;0;0;0;0;13881;MIGUEL, AV S;;;65;PONTE RASA;1;0
D011300655;5309;CORIFEU DE AZEVEDO MARQUES, AV;13019;ESCOLA POLITECNICA, AV;0;;26/01/2013 23:30;2;CT;93;900019; ; ;3;0;0;0;0;0;0;0;0;0;0;0;0;0;0;0;0;5309;CORIFEU DE AZEVEDO MARQUES, AV;9836;JAGUARE, AV;55;MORUMBI;1;0
D011301186;7797;GASPAR DE BRITO, AV;20048;YERVANT KISSAJIKIAN, AV;0;;26/01/2013 23:49;2;CO;80;1051; ; ;0;1;0;0;0;0;0;0;0;0;0;0;0;0;0;0;0;7797;GASPAR DE BRITO, AV;20048;YERVANT KISSAJIKIAN, AV;22;CIDADE ADEMAR;1;0
D011301271;3243;BENTO XV, AV;;;399;;27/01/2013 01:59;2;QM;98;1057; ; ;0;1;0;0;0;0;0;0;0;0;0;0;0;0;0;0;0;3243;BENTO XV, AV;;;29;FREGUESIA DO O;2;0
D011300490;7500;FRANCISCO MORATO, AV PROF;;;1916;;27/01/2013 02:17;2;QM;34;691; ; ;0;1;0;0;0;0;0;0;0;0;0;0;0;0;0;0;0;7500;FRANCISCO MORATO, AV PROF;;;12;BUTANTA;1;0
D011301312;5584;CUMBICA, ES DA;;;980;;27/01/2013 03:30;2;CO;100;1077; ; ;0;1;0;0;0;0;0;0;1;0;0;0;0;0;0;0;0;5584;CUMBICA, ES DA;;;42;JARDIM ANGELA;1;0
D011300346;19100;BANDEIRANTES, AV DOS;;;650;;27/01/2013 04:00;2;CT;96;914; ; ;1;1;0;0;0;0;0;0;0;0;0;0;0;0;0;0;0;19100;BANDEIRANTES, AV DOS;;;24;CIDADE LIDER;2;0
D011301423;17820;TITO, AV MAL;;;4041;;27/01/2013 04:20;2;CH;59;1111; ; ;1;0;0;0;0;0;0;0;0;0;0;0;0;0;0;0;0;17820;TITO, AV MAL;;;53;MOEMA;5;0
D011301683;831;ALTINO, AV PRES;;;1040;;27/01/2013 04:25;2;CH;91;649; ; ;0;1;0;0;0;0;0;0;0;0;0;0;0;0;0;0;0;831;ALTINO, AV PRES;;;40;JAGUARE;0;1
D011300281;10918;JOSE DINIZ, AV VER;26500;VICENTE RAO, AV PROF.;0;;27/01/2013 05:00;2;CO;27;1194; ; ;0;1;0;0;0;0;0;1;0;0;0;0;0;0;0;0;0;10918;JOSE DINIZ, AV VER;26500;VICENTE RAO, AV PROF.;  ;;1;0
D011300220;5618;CURSINO, AV DO;;;636;;27/01/2013 05:02;2;CH;16;1146; ; ;1;0;0;0;0;0;0;0;0;0;0;0;0;0;0;0;0;5618;CURSINO, AV DO;;;27;CURSINO;1;0
D011300957;954;AMADOR BUENO DA VEIGA, AV;14992;OLIVETANOS, AV PDES;0;;27/01/2013 05:30;2;CL;10;1022; ; ;0;1;0;0;0;0;0;0;0;0;0;0;0;0;0;1;0;954;AMADOR BUENO DA VEIGA, AV;14992;OLIVETANOS, AV PDES;60;PENHA;1;0
D011301664;24338;LUIZ IGNACIO ANHAIA MELLO, AV PROF;;;6800;;27/01/2013 06:00;2;CO;70;1277; ; ;1;1;0;0;0;0;0;0;0;0;0;0;0;0;0;0;0;24338;LUIZ IGNACIO ANHAIA MELLO, AV PROF;;;26;CONSOLACAO;1;0
D011301248;8368;GUARAPIRANGA, AV;;;325;;27/01/2013 06:46;4;AT;92;1084; ; ;1;0;0;0;0;0;0;0;0;0;0;0;0;0;0;0;0;8368;GUARAPIRANGA, AV;;;45;JARDIM SAO LUIS;1;0
D011301159;14305;LUIS DE OLIVEIRA, RUA;;;92;;27/01/2013 06:56;2;QM;47;1083; ; ;0;1;0;0;0;0;0;0;0;0;0;0;0;0;0;0;0;14305;LUIS DE OLIVEIRA, RUA;;;29;FREGUESIA DO O;2;0
D011300812;277;AFONSO LOPES VIEIRA, RUA;;;466;;27/01/2013 07:30;2;CH;38;776;C; ;1;0;0;0;0;0;0;0;0;0;0;0;0;0;0;0;0;277;AFONSO LOPES VIEIRA, RUA;;;13;CACHOEIRINHA;1;0
D011301179;2483;ATLANTICA ANT. ROBERT KENNEDY, AV;;;5311;;27/01/2013 07:55;2;CT;48;1065;C; ;1;1;0;0;0;0;0;0;0;0;0;0;0;0;0;0;0;2483;ATLANTICA ANT. ROBERT KENNEDY, AV;;;23;CIDADE DUTRA;1;0
D011301656;15032;ORATORIO, AV DO;;;5660;;27/01/2013 08:15;2;CO;70;589; ; ;2;0;0;0;0;0;0;0;0;0;0;0;0;0;0;0;0;15032;ORATORIO, AV DO;;;26;CONSOLACAO;1;0
D011301662;17824;SAPOPEMBA, AV;64154;LOURIVAL FONTES, AV;0;;27/01/2013 09:36;2;CO;70;882; ; ;0;2;0;0;0;0;0;0;0;0;0;0;0;0;0;0;0;17824;SAPOPEMBA, AV;64154;LOURIVAL FONTES, AV;  ;;1;0
D011301304;38494;FUNCIONARIOS PUBLICOS, AV DOS;;;2100;;27/01/2013 11:30;2;CF;100;506;B; ;1;1;0;0;0;0;0;0;0;0;0;0;0;0;0;0;0;38494;FUNCIONARIOS PUBLICOS, AV DOS;;;32;IGUATEMI;1;0
D011301342;2483;ATLANTICA ANT. ROBERT KENNEDY, AV;;;1171;;27/01/2013 11:50;2;CT;102;988; ; ;1;1;0;0;0;0;0;0;0;0;0;0;0;0;0;0;0;2483;ATLANTICA ANT. ROBERT KENNEDY, AV;;;23;CIDADE DUTRA;1;0
D011300916;68438;MARCELINO JOSE DE FREITAS, RUA;;;271;;27/01/2013 12:00;2;CO;74;780; ; ;1;1;0;0;0;0;0;0;0;0;0;0;0;0;0;0;0;68438;MARCELINO JOSE DE FREITAS, RUA;;;40;JAGUARE;1;0
D011301024;4502;CARRAO, AV CONS;;;400;;27/01/2013 12:15;4;AT;31;501; ; ;1;0;0;0;0;0;0;0;0;0;0;0;0;0;0;0;0;4502;CARRAO, AV CONS;;;20;CARRAO;1;0
D011300410;5398;CORUJAS, AV DAS;;;395;;27/01/2013 12:30;2;QM;14;827; ; ;0;1;0;0;0;0;0;0;0;0;0;0;0;0;0;0;0;5398;CORUJAS, AV DAS;;;2;ALTO DE PINHEIR;1;0
D011301079;1782;ANTONIO MANOGRASSO, AV;10503;JOAO XXIII, AV;0;;27/01/2013 13:23;2;CT;58;502; ; ;2;0;0;0;0;0;0;0;0;0;0;0;0;0;0;0;0;1782;ANTONIO MANOGRASSO, AV;10503;JOAO XXIII, AV;87;VILA FORMOSA;1;0
D011300653;442;ALARICO FRANCO CAIUBI, RUA;;;560;;27/01/2013 14:30;4;AT;93;667; ; ;1;0;0;0;0;0;0;0;0;0;0;0;0;0;0;0;0;442;ALARICO FRANCO CAIUBI, RUA;;;40;JAGUARE;1;0
D011301468;26055;ITUBERA, RUA;;;20;;27/01/2013 15:00;4;AT;64;948; ; ;1;0;0;0;0;0;0;0;0;0;0;0;0;0;0;0;0;26055;ITUBERA, RUA;;;51;MANDAQUI;1;0
D011301728;7500;FRANCISCO MORATO, AV PROF;;;4200;;27/01/2013 15:05;4;AT;89;710;C; ;0;0;1;0;0;0;0;0;0;0;0;0;0;0;0;0;0;7500;FRANCISCO MORATO, AV PROF;;;12;BUTANTA;0;1
D011300325;17579;EDUARDO FERREIRA FRANCA, RUA;;;243;;27/01/2013 17:10;2;CO;83;753; ; ;1;1;0;0;0;0;0;0;0;0;0;0;0;0;0;0;0;17579;EDUARDO FERREIRA FRANCA, RUA;;;21;CASA VERDE;1;0
D011300303;1962;APRIGIO GONZAGA, RUA PROF;;;485;;27/01/2013 17:50;2;CO;35;1191; ; ;3;0;0;0;0;0;0;0;0;0;0;0;0;0;0;0;0;1962;APRIGIO GONZAGA, RUA PROF;;;79;SAUDE;2;0
D011301139;5606;CUPECE, AV;;;3927;;27/01/2013 18:25;2;CO;43;1085; ; ;0;1;0;0;0;0;0;1;0;0;0;0;0;0;0;0;0;5606;CUPECE, AV;;;22;CIDADE ADEMAR;1;0
D011301684;3771;INAJAR DE SOUZA, AV;;;2104;;27/01/2013 18:30;4;AT;13;909; ; ;1;0;0;0;0;0;0;0;0;0;0;0;0;0;0;0;0;3771;INAJAR DE SOUZA, AV;;;50;LIMAO;0;1
D011300841;8538;GUSTAVO ADOLFO, AV;17339;ROLAND GARROS, AV;0;;27/01/2013 18:30;2;CO;39;943; ; ;2;0;0;0;0;0;0;0;0;0;0;0;0;0;0;0;0;8538;GUSTAVO ADOLFO, AV;17339;ROLAND GARROS, AV;94;VILA MEDEIROS;2;0
D011300352;18379;VENTURA GARCIA CALDERON, RUA;;;412;;27/01/2013 18:40;2;CH;97;754; ; ;2;0;0;0;0;0;0;0;0;0;0;1;0;0;0;0;0;18379;VENTURA GARCIA CALDERON, RUA;;;42;JARDIM ANGELA;2;0
D011301624;23697;MILTON COTRIM AVELAR, RUA;;;345;;27/01/2013 20:00;4;AT;66;470; ; ;1;0;0;0;0;0;0;0;0;0;0;0;0;0;0;0;0;23697;MILTON COTRIM AVELAR, RUA;;;38;JACANA;1;0
D011300316;7318;FRANCA PINTO, RUA;;;718;;27/01/2013 20:30;2;SI;36;942; ; ;1;1;0;0;0;0;0;0;0;0;0;0;0;0;0;0;0;7318;FRANCA PINTO, RUA;;;92;VILA MARIANA;1;0
D011301628;75433;LATINOS, AV DOS;;;1180;;27/01/2013 20:37;4;AT;66;596; ; ;0;0;0;0;0;0;0;0;0;0;0;0;0;0;0;1;0;75433;LATINOS, AV DOS;;;38;JACANA;1;0
D011300621;8000;GIOVANNI GRONCHI, AV;;;6030;;27/01/2013 21:00;2;CL;89;720; ; ;1;1;0;0;0;0;0;0;0;0;0;0;0;0;0;0;0;8000;GIOVANNI GRONCHI, AV;;;55;MORUMBI;2;0
D011300183;1356;ANGELICA, AV;9646;ITU, RUA BRA DE;0;;27/01/2013 21:30;2;CO;77;502; ; ;1;1;0;0;0;0;0;0;0;0;0;0;0;0;0;0;0;1356;ANGELICA, AV;9646;ITU, RUA BRA DE;70;SANTA CECILIA;1;0
D011300813;35291;VALORBE, RUA;;;500;;27/01/2013 21:56;2;CF;38;793; ; ;1;1;0;0;0;0;0;0;0;0;0;0;0;0;0;0;0;35291;VALORBE, RUA;;;8;BELEM;1;0
D011301249;12403;M'BOI MIRIM, ES;;;500;;27/01/2013 22:15;2;CO;92;1117; ; ;1;1;0;0;0;0;0;0;0;0;0;0;0;0;0;0;0;12403;M'BOI MIRIM, ES;;;42;JARDIM ANGELA;1;0
D011300989;7645;FRONTIN, AV CD DE;;;10;;27/01/2013 22:24;2;CT;21;1052;B; ;1;1;0;0;0;0;0;0;0;0;0;0;0;0;0;0;0;7645;FRONTIN, AV CD DE;;;93;VILA MATILDE;1;0
D011300877;41768;ROMULO NALDI, RUA;;;126;;27/01/2013 23:24;2;CO;72;804; ; ;0;2;0;0;0;0;0;0;0;0;0;0;0;0;0;0;0;41768;ROMULO NALDI, RUA;;;40;JAGUARE;3;0
D011301736;2884;BARRETOS, RUA;;;153;;27/01/2013 23:35;4;AT;52;335; ; ;1;0;0;0;0;0;0;0;0;0;0;0;0;0;0;0;0;2884;BARRETOS, RUA;;;  ;;0;1
D011300546;46890;ALEXIOS JAFET (ESTR.CAMPINAS), AV;;;2400;;28/01/2013 00:45;2;SI;46;848; ; ;0;2;0;0;0;0;0;0;0;0;0;0;0;0;0;0;0;46890;ALEXIOS JAFET (ESTR.CAMPINAS), AV;;;41;JARAGUA;3;0
D011300864;15258;OUTONO, RUA DO;;;200;;28/01/2013 01:00;2;SI;45;806; ; ;0;1;0;0;0;0;0;0;0;0;0;0;0;0;0;0;0;15258;OUTONO, RUA DO;;;11;BRASILANDIA;1;0
D011301685;13019;ESCOLA POLITECNICA, AV;;;4285;;28/01/2013 02:39;2;CH;14;846; ; ;1;0;0;0;0;0;0;0;0;0;0;0;0;0;0;0;0;13019;ESCOLA POLITECNICA, AV;;;40;JAGUARE;3;2
D011301520;17135;RIO DAS PEDRAS, AV;;;1798;;28/01/2013 04:00;2;CO;41;523; ; ;1;0;1;0;0;0;0;0;0;0;0;0;0;0;0;0;0;17135;RIO DAS PEDRAS, AV;;;27;CURSINO;2;0
D011301642;75437;PIRANGUCU, AV;;;10;;28/01/2013 04:00;2;CO;69;908; ; ;0;1;0;0;0;0;0;0;0;0;0;0;0;0;0;0;0;75437;PIRANGUCU, AV;;;27;CURSINO;1;0