id_acidente;codloga;logradouroA;codlogb;logradouroB;alt_num;referencia;data;cod_acid;tipo_acidente;dp;numero_BO;sentido;pista;automovel;moto;onibus;caminhao;bicicleta;moto_taxi;onibus_fretado;onibus_urbano;microonibus;van;vuc;caminhonete;carreta;jipe;outros;sem_informacao;carroca;princ_a;paiA;princ_b;paiB;cod_distrito;distrito;vit_ferida;vit_morta
D011300168;10485;JOAO TEODORO, RUA;;;438;;30/01/2013 09:30;2;CH;12;1000; ; ;1;0;0;0;0;0;0;0;0;0;0;0;0;0;0;0;0;10485;JOAO TEODORO, RUA;;;10;BRAS;1;0
D011301062;24338;LUIZ IGNACIO ANHAIA MELLO, AV PROF;;;4600;;30/01/2013 12:30;4;AT;56;649; ; ;1;0;0;0;0;0;0;0;0;0;0;0;0;0;0;0;0;24338;LUIZ IGNACIO ANHAIA MELLO, AV PROF;;;26;CONSOLACAO;1;0
D011301625;8715;HENRIQUE SCHURIG, RUA;;;100;;30/01/2013 12:30;4;AT;66;519; ; ;1;0;0;0;0;0;0;0;0;0;0;0;0;0;0;0;0;8715;HENRIQUE SCHURIG, RUA;;;24;CIDADE LIDER;1;0
D011301358;18139;SEVERINA LEOPOLDINA DE SOUSA, RUA;;;44;;30/01/2013 12:35;2;CO;22;544; ; ;1;0;0;0;1;0;0;0;0;0;0;0;0;0;0;0;0;18139;SEVERINA LEOPOLDINA DE SOUSA, RUA;;;53;MOEMA;1;0
D011301026;7974;GIL PINHEIRO, RUA COMEN;;;381;;30/01/2013 12:39;4;AT;31;900038; ; ;0;0;1;0;0;0;0;0;0;0;0;0;0;0;0;0;0;7974;GIL PINHEIRO, RUA COMEN;;;20;CARRAO;1;0
D011300145;29772;MARGINAL DO RIO TIETE, AV;;;0;PROXIMO  - PTE VILA G;30/01/2013 13:00;2;CO;12;148; ; ;1;1;0;0;0;0;0;0;0;0;0;0;0;0;0;0;0;29772;MARGINAL DO RIO TIETE, AV;;;13;CACHOEIRINHA;1;0
D011301173;16151;JOAO GOULART, AV PRES;;;100;;30/01/2013 13:10;2;CO;48;400; ; ;1;1;0;0;0;0;0;0;0;0;0;0;0;0;0;0;0;16151;JOAO GOULART, AV PRES;;;32;IGUATEMI;1;0
D011300321;2223;ARLINDO VIEIRA, AV PDE;;;2048;;30/01/2013 13:15;2;CO;83;257; ; ;1;1;0;0;0;0;0;0;0;0;0;0;0;0;0;0;0;2223;ARLINDO VIEIRA, AV PDE;;;21;CASA VERDE;1;0
D011300837;18444;SOTOMANO, RUA TTE;9332;IRENE, RUA STA;0;;30/01/2013 13:40;2;CO;39;496; ; ;1;0;0;0;1;0;0;0;0;0;0;0;0;0;0;0;0;9332;IRENE, RUA STA;18444;SOTOMANO, RUA TTE;38;JACANA;1;0
D011301290;6238;NACOES UNIDAS, AV DAS;;;22500;;30/01/2013 14:05;2;CL;99;436; ; ;1;1;0;0;0;0;0;0;0;0;0;0;0;0;0;0;0;13014;MARGINAL DO RIO PINHEIROS, AV;;;90;VILA LEOPOLDINA;1;0
D011300116;3658;BRIGIDA, RUA DONA;1148;ANA, RUA DONA;0;;30/01/2013 14:10;2;CL;6;562; ; ;1;1;0;0;0;0;0;0;0;0;0;0;0;0;0;0;0;1148;ANA, RUA DONA;3658;BRIGIDA, RUA DONA;92;VILA MARIANA;1;0
D011300091;33452;ARMANDO PUGLISI - DO BEXIGA, VD;;;0;NADA CONSTA ;30/01/2013 14:10;2;CT;5;559; ; ;1;1;0;0;0;0;0;0;0;0;0;0;0;0;0;0;0;33452;ARMANDO PUGLISI - DO BEXIGA, VD;;;17;CAMPO LIMPO;1;0
D011301161;17772;SANT'ANNA, AV COMEN;;;650;;30/01/2013 14:10;2;CO;47;1264; ; ;1;1;0;0;0;0;0;0;0;0;0;0;0;0;0;0;0;17772;SANT'ANNA, AV COMEN;;;29;FREGUESIA DO O;1;0
D011301120;19152;TREZE DE MAIO, LGO;;;468;;30/01/2013 14:26;2;QD;11;1118; ; ;0;0;0;0;0;0;0;1;0;0;0;0;0;0;0;0;0;19152;TREZE DE MAIO, LGO;;;29;FREGUESIA DO O;1;0
D011301486;72808;GERONIMO BARBOSA DA SILVA, RUA;;;72;;30/01/2013 14:30;2;CO;67;311; ; ;1;0;0;0;1;0;0;0;0;0;0;0;0;0;0;0;0;72808;GERONIMO BARBOSA DA SILVA, RUA;;;50;LIMAO;1;0
D011300357;12436;MACEDO SOARES, AV EMB;;;190;;30/01/2013 14:43;2;CO;7;200; ; ;0;1;0;0;0;0;0;0;0;0;0;1;0;0;0;0;0;29772;MARGINAL DO RIO TIETE, AV;;;48;LAPA;1;0
D011300517;99949;CARLOS CALDEIRA FILHO, AV;;;0;PROXIMO  - METRO CAMP;30/01/2013 14:45;4;AT;37;863; ; ;0;0;0;1;0;0;0;0;0;0;0;0;0;0;0;0;0;99949;CARLOS CALDEIRA FILHO, AV;;;19;CAPAO REDONDO;1;0
D011300298;2235;ARMANDO DE ARRUDA PEREIRA, AV ENG;;;1532;;30/01/2013 15:40;2;CO;35;965; ; ;1;1;0;0;0;0;0;0;0;0;0;0;0;0;0;0;0;2235;ARMANDO DE ARRUDA PEREIRA, AV ENG;;;37;JABAQUARA;1;0
D011300136;6642;ESTADO, AV DO;;;0;PROXIMO  - COLEGIO S.;30/01/2013 16:00;2;CO;8;771;C; ;1;1;0;0;0;0;0;0;0;0;0;0;0;0;0;0;0;6642;ESTADO, AV DO;;;9;BOM RETIRO;1;0
D011300596;16838;RAIMUNDO PEREIRA DE MAGAL., AV;;;3200;;30/01/2013 16:00;2;SI;87;529; ; ;1;1;0;0;0;0;0;0;0;0;0;0;0;0;0;0;0;16838;RAIMUNDO PEREIRA DE MAGAL., AV;;;31;GUAIANASES;1;0
D011300279;8944;IBIRAPUERA, AV;5455;COTOVIA, AV;0;;30/01/2013 16:00;2;CO;27;1073; ; ;2;0;0;0;0;0;0;0;0;0;0;0;0;0;0;0;0;5455;COTOVIA, AV;8944;IBIRAPUERA, AV;53;MOEMA;1;0
D011300458;1232;ANASTACIO, AV DO;;;890;;30/01/2013 17:00;2;CT;33;942; ; ;1;1;0;0;0;0;0;0;0;0;0;0;0;0;0;0;0;1232;ANASTACIO, AV DO;;;73;SAO DOMINGOS;1;0
D011300282;3583;TULIO TEODORO DE CAMPOS, AV;;;55;;30/01/2013 17:40;2;CO;27;900020; ; ;0;2;0;0;0;0;0;0;0;0;0;0;0;0;0;0;0;3583;TULIO TEODORO DE CAMPOS, AV;;;37;JABAQUARA;1;0
D011301512;9590;ITAQUERA-GUAIANAZES, ES;;;2482;;30/01/2013 17:40;4;AT;103;416; ; ;0;1;0;0;0;0;0;0;0;0;0;0;0;0;0;0;0;9590;ITAQUERA-GUAIANAZES, ES;;;36;ITAQUERA;1;0
D011301549;9044;RAGUEB CHOHFI, AV;;;3800;;30/01/2013 17:55;2;QD;49;1746; ; ;0;0;0;0;0;0;0;0;1;0;0;0;0;0;0;0;0;9044;RAGUEB CHOHFI, AV;;;32;IGUATEMI;1;0
D011301663;15032;ORATORIO, AV DO;61002;CAMILO HADDAD, RUA DR;0;;30/01/2013 18:00;2;CO;70;1015; ; ;0;1;0;0;0;0;0;0;0;0;0;1;0;0;0;0;0;15032;ORATORIO, AV DO;61002;CAMILO HADDAD, RUA DR;74;SAO LUCAS;1;0
D011301241;4754;AGOSTINHO RUBIN, AV;;;530;;30/01/2013 18:14;4;AT;92;668; ; ;1;0;0;0;0;0;0;0;0;0;0;0;0;0;0;0;0;4754;AGOSTINHO RUBIN, AV;;;19;CAPAO REDONDO;1;0
D011301513;9590;ITAQUERA-GUAIANAZES, ES;;;936;;30/01/2013 18:30;2;SI;103;417; ; ;1;1;0;0;0;0;0;0;0;0;0;0;0;0;0;0;0;9590;ITAQUERA-GUAIANAZES, ES;;;36;ITAQUERA;2;0
D011300910;6361;ELISIO TEIXEIRA LEITE, AV;;;6300;;30/01/2013 18:30;2;CF;74;346; ; ;1;1;0;0;0;0;0;0;0;0;0;0;0;0;0;0;0;6361;ELISIO TEIXEIRA LEITE, AV;;;29;FREGUESIA DO O;2;0
D011300235;3454;BOM PASTOR, RUA;14211;MONUMENTO, PCA;0;;30/01/2013 18:30;2;CO;17;580; ; ;1;1;0;0;0;0;0;0;0;0;0;0;0;0;0;0;0;3454;BOM PASTOR, RUA;14211;MONUMENTO, PCA;  ;;1;0
D011300445;7491;FRANCISCO MATARAZZO, AV;;;3000;;30/01/2013 19:00;2;CO;23;745; ; ;1;1;0;0;0;0;0;1;0;0;0;0;0;0;0;0;0;7491;FRANCISCO MATARAZZO, AV;;;6;BARRA FUNDA;1;0
D011300838;17339;ROLAND GARROS, AV;;;671;;30/01/2013 19:10;2;CO;39;505; ; ;2;1;0;0;0;0;0;0;0;0;0;0;0;0;0;0;0;17339;ROLAND GARROS, AV;;;22;CIDADE ADEMAR;1;0
D011301011;7974;GIL PINHEIRO, RUA COMEN;;;401;;30/01/2013 19:16;4;AT;30;567; ; ;0;1;0;0;0;0;0;0;0;0;0;0;0;0;0;0;0;7974;GIL PINHEIRO, RUA COMEN;;;20;CARRAO;3;0
D011300628;7841;GAVIAO PEIXOTO, RUA BRIG;;;840;;30/01/2013 19:30;2;CO;91;202; ; ;1;1;0;0;0;0;0;0;0;0;0;0;0;0;0;0;0;7841;GAVIAO PEIXOTO, RUA BRIG;;;48;LAPA;1;0
D011301083;6371;ELISABETH DE ROBIANO, AV CDSSA;;;1000;;30/01/2013 19:40;2;CO;81;279; ; ;1;2;0;0;0;0;0;0;0;0;0;1;0;0;0;0;0;29772;MARGINAL DO RIO TIETE, AV;;;82;TATUAPE;1;0
D011300964;4157;CANUTO SARAIVA, RUA;16794;RAFAEL, LGO S;0;;30/01/2013 19:40;2;CO;18;196; ; ;1;1;0;0;0;0;0;0;0;0;0;0;0;0;0;0;0;4157;CANUTO SARAIVA, RUA;17501;RUBIAO JUNIOR, AL;54;MOOCA;1;0
D011300373;6922;FAUSTOLO, RUA;8267;GUAICURUS, RUA;0;;30/01/2013 19:52;2;CL;7;744; ; ;1;1;0;0;0;0;0;0;0;0;0;0;0;0;0;0;0;9136;INCONFIDENTES, PCA DOS;13417;MARINA, AV STA;48;LAPA;1;0
D011301012;18071;SERRA DE JAPI, RUA;18067;SERRA DE BOTUCATU, RUA;0;;30/01/2013 20:00;2;CO;30;569; ; ;1;0;0;1;0;0;0;0;0;0;0;0;0;0;0;0;0;18067;SERRA DE BOTUCATU, RUA;18071;SERRA DE JAPI, RUA;82;TATUAPE;2;0
D011300117;6116;DUARTE LEOPOLDO, RUA DOM;14977;OLIVEIRA LIMA, RUA;0;;30/01/2013 20:10;2;CO;6;565; ; ;1;1;0;0;0;0;0;0;0;0;0;0;0;0;0;0;0;6116;DUARTE LEOPOLDO, RUA DOM;14977;OLIVEIRA LIMA, RUA;14;CAMBUCI;1;0
D011300759;18151;SEZEFREDO FAGUNDES, AV CEL;;;15500;;30/01/2013 20:30;2;CO;20;929; ; ;2;0;0;0;0;0;0;0;0;0;0;0;0;0;0;0;0;18151;SEZEFREDO FAGUNDES, AV CEL;;;22;CIDADE ADEMAR;1;0
D011300020;8024;GLICERIO, RUA;;;20;;30/01/2013 20:37;4;AT;1;773; ; ;0;0;0;1;0;0;0;0;0;0;0;0;0;0;0;0;0;8024;GLICERIO, RUA;;;80;SE;1;0
D011300856;14736;O, AV NSRA DO;3481;CLAVASIO ALVES DA SILVA, AV;0;;30/01/2013 21:50;2;CH;40;900016; ; ;0;1;0;0;0;0;0;0;0;0;0;0;0;0;0;0;0;3481;CLAVASIO ALVES DA SILVA, AV;14736;O, AV NSRA DO;50;LIMAO;1;0
D011301382;9632;ITINGUCU, RUA;18012;SERAPIAO, RUA S;0;;30/01/2013 22:35;2;CO;24;1078;B; ;2;0;0;0;0;0;0;0;0;0;0;0;0;0;0;0;0;9632;ITINGUCU, RUA;18012;SERAPIAO, RUA S;60;PENHA;1;0
D011301381;13881;MIGUEL, AV S;;;2097;;30/01/2013 22:40;2;CT;24;1073;B; ;3;0;0;0;0;0;0;0;0;0;0;0;0;0;0;0;0;13881;MIGUEL, AV S;;;65;PONTE RASA;2;0
D011301608;17824;SAPOPEMBA, AV;;;16408;;30/01/2013 23:30;2;CT;55;1487; ; ;0;1;0;1;0;0;0;0;0;0;0;0;0;0;0;0;0;17824;SAPOPEMBA, AV;;;33;IPIRANGA;1;0
D011301567;60675;AFONSO DE SAMPAIO E SOUSA, AV;;;1;;31/01/2013 03:45;2;CH;53;659; ; ;1;0;0;0;0;0;0;0;0;0;0;0;0;0;0;0;0;60675;AFONSO DE SAMPAIO E SOUSA, AV;;;51;MANDAQUI;1;0
D011301242;8368;GUARAPIRANGA, AV;;;2000;;31/01/2013 05:30;2;CL;92;689; ; ;0;1;1;0;0;0;0;0;0;0;0;0;0;0;0;0;0;8368;GUARAPIRANGA, AV;;;45;JARDIM SAO LUIS;1;0
D011301568;16173;PESSEGO, ES DO;;;701;;31/01/2013 05:50;2;CH;53;660; ; ;0;0;0;0;0;0;0;0;2;0;0;0;0;0;0;0;0;16173;PESSEGO, ES DO;;;0;NULL;3;0
D011301352;2952;JOAO NICARIO ELEUTERIO, RUA;11617;PEDRO GOMES PEREIRA, RUA;0;;31/01/2013 06:00;2;CO;22;357; ; ;2;0;0;0;0;0;0;0;0;0;0;0;0;0;0;0;0;2952;JOAO NICARIO ELEUTERIO, RUA;11617;PEDRO GOMES PEREIRA, RUA;76;SAO MIGUEL;1;0
D011300223;17478;RUBEM BERTA, AV;16200;PIASSANGUABA, AV;0;;31/01/2013 06:17;2;SI;16;1381; ; ;1;1;0;0;0;0;0;0;0;0;0;0;0;0;0;0;0;16200;PIASSANGUABA, AV;17478;RUBEM BERTA, AV;  ;;2;0
D011300459;33234;MARGINAL DIREITA DO TIETE, AV;;;15;;31/01/2013 06:40;2;CO;33;958; ; ;1;1;0;0;0;0;0;0;0;0;0;0;0;0;0;0;0;29772;MARGINAL DO RIO TIETE, AV;;;39;JAGUARA;2;0
D011301122;13014;MARGINAL DO RIO PINHEIROS, AV;;;0;NADA CONSTA ;31/01/2013 07:00;2;QM;11;1142; ; ;0;1;0;0;0;0;0;0;0;0;0;0;0;0;0;0;0;13014;MARGINAL DO RIO PINHEIROS, AV;;;40;JAGUARE;1;0
D011301204;15507;TEOTONIO VILELA, AV SEN;;;4029;;31/01/2013 07:00;4;AT;85;637; ; ;0;1;0;0;0;0;0;0;0;0;0;0;0;0;0;0;0;15507;TEOTONIO VILELA, AV SEN;;;23;CIDADE DUTRA;1;0
D011301137;5606;CUPECE, AV;;;4209;;31/01/2013 07:28;2;CO;43;423; ; ;0;0;0;0;1;0;0;0;0;0;0;1;0;0;0;0;0;5606;CUPECE, AV;;;22;CIDADE ADEMAR;1;0
D011301626;63523;FRANCESCO MELZI, RUA;;;0;PROXIMO  - AV PRINCIP;31/01/2013 07:40;2;CO;66;521; ; ;1;1;0;0;0;0;0;0;0;0;0;0;0;0;0;0;0;63523;FRANCESCO MELZI, RUA;;;24;CIDADE LIDER;1;0
D011301479;9580;ITAQUERA, AV;;;7144;;31/01/2013 07:59;2;CF;65;347; ; ;0;1;0;0;0;0;0;0;1;0;0;0;0;0;0;0;0;9580;ITAQUERA, AV;;;24;CIDADE LIDER;1;0
D011300198;15656;PAULISTA, AV;;;2421;;31/01/2013 08:00;4;AT;78;818; ; ;1;0;0;0;0;0;0;0;0;0;0;0;0;0;0;0;0;15656;PAULISTA, AV;;;7;BELA VISTA;1;0
D011301324;3509;BELMIRA MARIN, AV DONA;;;2040;;31/01/2013 08:15;2;CT;101;751; ; ;1;1;0;0;0;0;0;0;0;0;0;0;0;0;0;0;0;3509;BELMIRA MARIN, AV DONA;;;30;GRAJAU;1;0
D011301455;9806;PIRES DO RIO, AV;9084;IMPERADOR, ES DO;0;;31/01/2013 08:20;4;AT;63;801;B; ;1;0;0;0;0;0;0;0;0;0;0;0;0;0;0;0;0;9084;IMPERADOR, ES DO;9806;PIRES DO RIO, AV;89;VILA JACUI;1;0
D011301123;6337;ELIAS ZARZUR, RUA COMEN;11350;ALEXANDRE DUMAS, RUA;0;;31/01/2013 08:52;2;CO;11;1147; ; ;1;1;0;0;0;0;0;0;0;0;0;0;0;0;0;0;0;6337;ELIAS ZARZUR, RUA COMEN;11350;ALEXANDRE DUMAS, RUA;72;SANTO AMARO;1;0
D011301084;6371;ELISABETH DE ROBIANO, AV CDSSA;;;100;;31/01/2013 09:40;2;QM;81;284; ; ;0;1;0;0;0;0;0;0;0;0;0;0;0;0;0;0;0;29772;MARGINAL DO RIO TIETE, AV;;;82;TATUAPE;2;0
D011301063;22127;GRANDE SAO PAULO, VD;;;0;NADA CONSTA ;31/01/2013 09:50;2;CO;56;652; ; ;0;1;0;1;0;0;0;0;0;0;0;0;0;0;0;0;0;22127;GRANDE SAO PAULO, VD;;;18;CANGAIBA;1;0
D011300960;36081;ALBERTO BADRA, VD ENG;;;0;NADA CONSTA ;31/01/2013 09:52;2;QM;10;1206; ; ;0;1;0;0;0;0;0;0;0;0;0;0;0;0;0;0;0;36081;ALBERTO BADRA, VD ENG;;;27;CURSINO;1;0
D011301627;17135;RIO DAS PEDRAS, AV;;;4170;;31/01/2013 09:57;2;QM;66;523; ; ;0;1;0;0;0;0;0;0;0;0;0;0;0;0;0;0;0;17135;RIO DAS PEDRAS, AV;;;27;CURSINO;1;0
D011301203;61142;ROQUE DO PARAGUACU, RUA S;;;335;;31/01/2013 10:34;4;AT;85;579; ; ;1;0;0;0;0;0;0;0;0;0;0;0;0;0;0;0;0;61142;ROQUE DO PARAGUACU, RUA S;;;32;IGUATEMI;1;0
D011300880;3771;INAJAR DE SOUZA, AV;;;5180;;31/01/2013 10:45;4;AT;72;928; ; ;0;1;0;0;0;0;0;0;0;0;0;0;0;0;0;0;0;3771;INAJAR DE SOUZA, AV;;;50;LIMAO;1;0
D011300487;6238;NACOES UNIDAS, AV DAS;;;0;PROXIMO  - AV EUSEBIO;31/01/2013 10:45;2;CO;34;639; ; ;1;1;0;0;0;0;0;0;0;0;0;0;0;0;0;0;0;13014;MARGINAL DO RIO PINHEIROS, AV;;;90;VILA LEOPOLDINA;1;0
D011301500;16679;PUCCI, RUA CAP;;;10;;31/01/2013 11:00;4;AT;68;337; ; ;0;1;0;0;0;0;0;0;0;0;0;0;0;0;0;0;0;16679;PUCCI, RUA CAP;;;50;LIMAO;3;0
D011300711;9078;IMIRIM, AV;;;1298;;31/01/2013 11:00;4;AT;13;1034; ; ;0;1;0;0;0;0;0;0;0;0;0;0;0;0;0;0;0;9078;IMIRIM, AV;;;71;SANTANA;1;0
D011300712;15188;OTAVIANO ALVES DE LIMA, AV;;;0;PROXIMO  - KM 10 MARG;31/01/2013 11:38;2;CO;13;1045; ; ;0;1;0;0;0;0;0;0;0;0;0;1;0;0;0;0;0;29772;MARGINAL DO RIO TIETE, AV;;;23;CIDADE DUTRA;1;0
D011301292;6238;NACOES UNIDAS, AV DAS;;;22000;;31/01/2013 11:56;2;CO;99;457; ; ;1;0;0;0;0;0;0;0;0;0;0;0;0;0;0;0;0;13014;MARGINAL DO RIO PINHEIROS, AV;;;90;VILA LEOPOLDINA;1;0
D011300966;16582;PRATES, RUA CD;11361;JUMANA, RUA;0;;31/01/2013 12:00;4;AT;18;209; ; ;1;0;0;0;0;0;0;0;0;0;0;0;0;0;0;0;0;11361;JUMANA, RUA;16582;PRATES, RUA CD;54;MOOCA;1;0
D011300808;15426;PARADA PINTO, AV;9170;INES, AV STA;0;;31/01/2013 12:10;4;AT;38;574; ; ;1;0;0;0;0;0;0;0;0;0;0;0;0;0;0;0;0;9170;INES, AV STA;15426;PARADA PINTO, AV;51;MANDAQUI;1;0
D011300486;14267;MORUMBI, AV;;;8411;;31/01/2013 13:00;2;CO;34;631; ; ;1;1;0;0;0;0;0;0;0;0;0;0;0;0;0;0;0;14267;MORUMBI, AV;;;55;MORUMBI;1;0
D011300413;18813;TEODORO SAMPAIO, RUA;;;2457;;31/01/2013 13:30;4;AT;14;978; ; ;1;0;0;0;0;0;0;0;0;0;0;0;0;0;0;0;0;18813;TEODORO SAMPAIO, RUA;;;20;CARRAO;1;0
D011301040;27094;SALIM FARAH MALUF, AV;4736;CELSO GARCIA, AV;0;;31/01/2013 13:30;2;CO;52;301; ; ;0;1;0;1;0;0;0;0;0;0;0;0;0;0;0;0;0;4736;CELSO GARCIA, AV;27094;SALIM FARAH MALUF, AV;8;BELEM;1;0
D011300053;19996;XAVIER DE TOLEDO, RUA CEL;;;23;;31/01/2013 14:40;4;AT;3;945; ; ;0;1;0;0;0;0;0;0;0;0;0;0;0;0;0;0;0;19996;XAVIER DE TOLEDO, RUA CEL;;;0;NULL;1;0
D011300965;15304;PAES DE BARROS, AV;;;3937;;31/01/2013 14:50;2;CL;18;207; ; ;1;1;0;0;0;0;0;0;0;0;0;0;0;0;0;0;0;15304;PAES DE BARROS, AV;;;16;CAMPO GRANDE;1;0
D011300199;15656;PAULISTA, AV;;;0;NADA CONSTA ;31/01/2013 15:00;4;AT;78;853; ; ;0;0;0;0;0;0;0;0;0;0;0;0;0;0;0;1;0;15656;PAULISTA, AV;;;7;BELA VISTA;1;0
D011300443;35648;ARNALDO, VD DR;;;0;NADA CONSTA ;31/01/2013 15:30;4;AT;23;555; ; ;0;1;0;0;0;0;0;0;0;0;0;0;0;0;0;0;0;35648;ARNALDO, VD DR;;;19;CAPAO REDONDO;2;0
D011301243;12403;M'BOI MIRIM, ES;;;2249;;31/01/2013 15:33;2;CO;92;704; ; ;0;0;0;1;1;0;0;0;0;0;0;0;0;0;0;0;0;12403;M'BOI MIRIM, ES;;;42;JARDIM ANGELA;1;0
D011300713;17799;SANTOS DUMONT, AV;6781;EULALIA, RUA STA;0;;31/01/2013 15:35;4;AT;13;1047; ; ;0;0;0;0;0;0;0;0;0;0;0;1;0;0;0;0;0;6781;EULALIA, RUA STA;17799;SANTOS DUMONT, AV;71;SANTANA;1;0
D011300302;4596;CATARINA, AV STA;;;1199;;31/01/2013 15:56;2;CO;35;1000; ; ;1;1;0;0;0;0;0;0;0;0;0;0;0;0;0;0;0;4596;CATARINA, AV STA;;;37;JABAQUARA;1;0
D011300994;27094;SALIM FARAH MALUF, AV;;;5587;;31/01/2013 16:40;2;CO;29;296; ; ;1;1;0;0;0;0;0;0;0;0;0;0;0;0;0;0;0;27094;SALIM FARAH MALUF, AV;;;82;TATUAPE;1;0
D011300576;16878;RAPOSO TAVARES, VIA;;;14800;;31/01/2013 16:45;2;CO;75;398; ; ;1;1;0;0;0;0;0;0;0;0;0;0;0;0;0;0;0;16878;RAPOSO TAVARES, VIA;;;13;CACHOEIRINHA;1;0
D011300215;66;ABRAAO DE MORAIS, AV PROF;17083;RICARDO JAFET, AV DR;0;;31/01/2013 16:55;2;CL;16;871; ; ;0;1;0;0;0;0;0;0;0;0;0;0;0;0;0;1;0;66;ABRAAO DE MORAIS, AV PROF;17083;RICARDO JAFET, AV DR;79;SAUDE;1;0
D011301560;6927;HARRY DANHENBERG, RUA;;;966;;31/01/2013 17:00;4;AT;53;341; ; ;1;0;0;0;0;0;0;0;0;0;0;0;0;0;0;0;0;6927;HARRY DANHENBERG, RUA;;;24;CIDADE LIDER;1;0
D011300118;6642;ESTADO, AV DO;;;5814;;31/01/2013 17:01;2;CO;6;582; ; ;0;1;0;0;0;0;0;0;0;0;0;2;0;0;0;0;0;6642;ESTADO, AV DO;;;9;BOM RETIRO;1;0
D011301272;5606;CUPECE, AV;;;5832;;31/01/2013 17:30;4;AT;98;1239; ; ;0;1;0;0;0;0;0;0;0;0;0;0;0;0;0;0;0;5606;CUPECE, AV;;;22;CIDADE ADEMAR;2;0
D011301730;15598;PATENTE, AV;;;59;;31/01/2013 18:00;4;AT;95;320; ; ;1;0;0;0;0;0;0;0;0;0;0;0;0;0;0;0;0;15598;PATENTE, AV;;;69;SACOMA;0;1
D011300444;38857;NICOLAS BOER, AV;6471;SAO VICENTE, AV MARQ DE;0;;31/01/2013 18:06;2;QM;23;559; ; ;0;1;0;0;0;0;0;0;0;0;0;0;0;0;0;0;0;6471;SAO VICENTE, AV MARQ DE;38857;NICOLAS BOER, AV;6;BARRA FUNDA;1;0
D011300681;4219;ZAKI NARCHI, AV;;;600;;31/01/2013 18:30;2;CO;9;954; ; ;1;1;0;0;0;0;0;0;0;0;0;0;0;0;0;0;0;4219;ZAKI NARCHI, AV;;;88;VILA GUILHERME;1;0
D011300728;8478;GUILHERME COTCHING, AV;;;681;;31/01/2013 18:40;4;AT;19;959; ; ;1;0;0;0;0;0;0;0;0;0;0;0;0;0;0;0;0;8478;GUILHERME COTCHING, AV;;;91;VILA MARIA;1;0
D011300814;9170;INES, AV STA;;;1885;;31/01/2013 18:50;4;AT;38;951; ; ;0;1;0;0;0;0;0;0;0;0;0;0;0;0;0;0;0;9170;INES, AV STA;;;51;MANDAQUI;1;0
D011301526;5457;COUTINHO E MELO, RUA;;;10;;31/01/2013 18:52;4;AT;44;344; ; ;1;0;0;0;0;0;0;0;0;0;0;0;0;0;0;0;0;5457;COUTINHO E MELO, RUA;;;31;GUAIANASES;1;0
D011300414;16919;REBOUCAS, AV;15114;OSCAR FREIRE, RUA;0;;31/01/2013 18:55;4;AT;14;988; ; ;0;1;0;0;0;0;0;0;0;0;0;0;0;0;0;0;0;15114;OSCAR FREIRE, RUA;16919;REBOUCAS, AV;44;JARDIM PAULISTA;1;0
D011301335;8368;GUARAPIRANGA, AV;;;76;;31/01/2013 19:00;4;AT;102;345; ; ;0;0;1;0;0;0;0;0;0;0;0;0;0;0;0;0;0;8368;GUARAPIRANGA, AV;;;45;JARDIM SAO LUIS;1;0
D011300922;9774;JACI TOLEDO, RUA;7444;FRANCISCO FRANCO MACHADO, RUA;0;;31/01/2013 19:15;2;CO;90;408; ; ;2;1;0;0;0;0;0;0;0;0;0;0;0;0;0;0;0;7444;FRANCISCO FRANCO MACHADO, RUA;9774;JACI TOLEDO, RUA;94;VILA MEDEIROS;1;0
D011300280;19692;VIEIRA DE MORAIS, RUA;;;922;;31/01/2013 19:21;2;CO;27;1111; ; ;0;1;0;0;0;0;0;0;0;0;0;1;0;0;0;0;0;19692;VIEIRA DE MORAIS, RUA;;;30;GRAJAU;1;0
D011301689;35449;BANDEIRANTES, VIA DOS;;;20000;;31/01/2013 20:40;4;AT;33;1015; ; ;1;0;0;0;0;0;0;0;0;0;0;0;0;0;0;0;0;35449;BANDEIRANTES, VIA DOS;;;64;PIRITUBA;0;1
D011301228;35858;GUIDO CALOI, AV;;;2100;;31/01/2013 21:00;2;CO;92;449; ; ;1;1;0;0;0;0;0;0;0;0;0;0;0;0;0;0;0;35858;GUIDO CALOI, AV;;;32;IGUATEMI;1;0
D011300304;14246;MOREIRA LIMA, RUA CD;;;620;;31/01/2013 21:07;2;CO;35;1409; ; ;0;1;1;0;0;0;0;0;0;0;0;0;0;0;0;0;0;14246;MOREIRA LIMA, RUA CD;;;42;JARDIM ANGELA;1;0
D011300930;1555;ANTONIO ALVES, RUA CABO;;;56;;31/01/2013 21:15;4;AT;90;1103; ; ;1;0;0;0;0;0;0;0;0;0;0;0;0;0;0;0;0;1555;ANTONIO ALVES, RUA CABO;;;91;VILA MARIA;1;0
D011300021;13317;MARIA PAULA, RUA;7853;GENEBRA, RUA;0;;31/01/2013 21:22;2;CO;1;806; ; ;1;0;0;0;1;0;0;0;0;0;0;0;0;0;0;0;0;7853;GENEBRA, RUA;13317;MARIA PAULA, RUA;67;REPUBLICA;2;0