id_acidente;codloga;logradouroA;codlogb;logradouroB;alt_num;referencia;data;cod_acid;tipo_acidente;dp;numero_BO;sentido;pista;automovel;moto;onibus;caminhao;bicicleta;moto_taxi;onibus_fretado;onibus_urbano;microonibus;van;vuc;caminhonete;carreta;jipe;outros;sem_informacao;carroca;princ_a;paiA;princ_b;paiB;cod_distrito;distrito;vit_ferida;vit_morta
D011301440;15467;PARANAGUA, AV;;;1800;;31/01/2013 21:38;4;AT;62;1105; ; ;0;1;0;0;0;0;0;0;0;0;0;0;0;0;0;0;0;15467;PARANAGUA, AV;;;49;LIBERDADE;1;0
D011301412;6069;LOURIVAL RODRIGUES DA SILVA, RUA;66539;ANTONIO NUNES PINTO, RUA;0;;31/01/2013 22:40;2;CO;50;1346; ; ;1;1;0;0;0;0;0;0;0;0;0;0;0;0;0;0;0;6069;LOURIVAL RODRIGUES DA SILVA, RUA;66539;ANTONIO NUNES PINTO, RUA;35;ITAIM PAULISTA;1;0
D011300863;68453;PERSIO DE SOUZA QUEIROZ FILHO, RUA;;;0;NADA CONSTA ;31/01/2013 23:01;4;AT;45;952; ; ;0;1;0;0;0;0;0;0;0;0;0;0;0;0;0;0;0;68453;PERSIO DE SOUZA QUEIROZ FILHO, RUA;;;40;JAGUARE;1;0
D011300654;5309;CORIFEU DE AZEVEDO MARQUES, AV;;;6047;;31/01/2013 23:21;2;QD;93;778; ; ;0;0;1;0;0;0;0;0;0;0;0;0;0;0;0;0;0;5309;CORIFEU DE AZEVEDO MARQUES, AV;;;12;BUTANTA;1;0
D011301273;852;ALVARENGA, ES DO;;;3068;;31/01/2013 23:42;2;CO;98;1245;C; ;0;1;1;0;0;0;0;0;0;0;0;0;0;0;0;0;0;852;ALVARENGA, ES DO;;;59;PEDREIRA;2;0
D021300262;31498;ROBERTO MARINHO - ANT AGUA ESP, AV JORN;999;SANTO AMARO, AV;0;;01/02/2013 01:20;2;SI;27;1122; ; ;2;0;0;0;0;0;0;0;0;0;0;0;0;0;0;0;0;999;SANTO AMARO, AV;31498;ROBERTO MARINHO - ANT AGUA ESP, AV JORN;34;ITAIM BIBI;2;0
D021300956;16699;QUARTIM BARBOSA, RUA;;;230;;01/02/2013 02:20;4;AT;40;583; ; ;1;0;0;0;0;0;0;0;0;0;0;0;0;0;0;0;0;16699;QUARTIM BARBOSA, RUA;;;44;JARDIM PAULISTA;1;0
D021301798;17824;SAPOPEMBA, AV;;;11612;;01/02/2013 03:00;2;CH;69;1048; ; ;0;1;0;0;0;0;0;0;0;0;0;0;0;0;0;0;0;17824;SAPOPEMBA, AV;;;33;IPIRANGA;0;1
D021300007;16725;QUEIROS, AV SEN;;;402;;01/02/2013 04:50;4;AT;1;836; ; ;0;0;0;0;0;0;0;1;0;0;0;0;0;0;0;0;0;16725;QUEIROS, AV SEN;;;9;BOM RETIRO;1;0
D021301130;12811;JOAQUIM ABREU LUZ, RUA;15032;ORATORIO, AV DO;0;;01/02/2013 06:45;2;CO;42;410; ; ;1;1;0;0;0;0;0;0;0;0;0;0;0;0;0;0;0;12811;JOAQUIM ABREU LUZ, RUA;15032;ORATORIO, AV DO;74;SAO LUCAS;1;0
D021300796;19884;VOLUNTARIOS DA PATRIA, RUA;;;2100;;01/02/2013 06:52;2;CL;13;1071; ; ;2;1;0;0;0;0;0;0;0;0;0;0;0;0;0;0;0;19884;VOLUNTARIOS DA PATRIA, RUA;;;8;BELEM;1;0
D021300075;8871;HUMAITA, RUA;19660;VICENTE PRADO, RUA;0;;01/02/2013 07:00;2;CH;5;599; ; ;1;1;0;0;0;0;0;0;0;0;0;0;0;0;0;0;0;8871;HUMAITA, RUA;19660;VICENTE PRADO, RUA;7;BELA VISTA;1;0
D021300509;4115;CANDIDO PORTINARI, AV;14350;MUTINGA, AV;0;;01/02/2013 07:07;2;QM;33;1649; ; ;0;1;0;0;0;0;0;0;0;0;0;0;0;0;0;0;0;4115;CANDIDO PORTINARI, AV;14350;MUTINGA, AV;39;JAGUARA;1;0
D021300412;16919;REBOUCAS, AV;;;2543;;01/02/2013 07:22;2;CO;14;996; ; ;2;1;0;0;0;0;0;0;0;0;0;0;0;0;0;0;0;16919;REBOUCAS, AV;;;44;JARDIM PAULISTA;1;0
D021300989;13133;MARIA AMALIA LOPES AZEVEDO, RUA;;;2551;;01/02/2013 07:30;2;CT;73;1115; ; ;2;0;0;0;0;0;0;0;0;0;0;0;0;0;0;0;0;13133;MARIA AMALIA LOPES AZEVEDO, RUA;;;83;TREMEMBE;1;0
D021300002;4561;CASTELO BRANCO, AV PRES;;;19;;01/02/2013 07:35;2;CT;1;428; ; ;0;2;0;0;0;0;0;0;0;0;0;0;0;0;0;0;0;29772;MARGINAL DO RIO TIETE, AV;;;6;BARRA FUNDA;1;0
D021300008;11818;LIBERDADE, AV DA;;;455;;01/02/2013 07:40;2;CO;1;839; ; ;1;1;0;0;0;0;0;0;0;0;0;0;0;0;0;0;0;11818;LIBERDADE, AV DA;;;49;LIBERDADE;1;0
D021300466;61;ABRAAO RIBEIRO, AV DR;;;613;;01/02/2013 08:00;4;AT;23;567; ; ;1;1;0;0;0;0;0;0;0;0;0;0;0;0;0;0;0;61;ABRAAO RIBEIRO, AV DR;;;70;SANTA CECILIA;3;0
D021300797;7721;GALILEIA, RUA;;;15;;01/02/2013 08:00;2;CO;13;1072; ; ;1;1;0;0;0;0;0;0;0;0;0;0;0;0;0;0;0;7721;GALILEIA, RUA;;;21;CASA VERDE;1;0
D021300009;33667;LESTE-OESTE, LIG;;;739;;01/02/2013 08:00;2;SI;1;846; ; ;1;1;0;0;0;0;0;0;0;0;0;1;0;0;0;0;0;33667;LESTE-OESTE, LIG;;;2;ALTO DE PINHEIR;1;0
D021301304;15507;TEOTONIO VILELA, AV SEN;;;6141;;01/02/2013 08:04;2;CO;85;975; ; ;0;2;0;0;0;0;0;0;0;0;0;0;0;0;0;0;0;15507;TEOTONIO VILELA, AV SEN;;;23;CIDADE DUTRA;1;0
D021300736;34348;MARGINAL ESQUERD RIO PINHEIROS, AV;;;2;;01/02/2013 08:35;2;CL;93;734; ; ;1;1;0;0;0;0;0;0;0;0;0;0;0;0;0;0;0;13014;MARGINAL DO RIO PINHEIROS, AV;;;40;JAGUARE;1;0
D021300517;12715;MANOEL JACINTO DO REGO, RUA;;;0;PROXIMO  - R.DOMINGOS;01/02/2013 09:10;2;CO;34;664; ; ;1;0;0;0;0;0;0;0;0;0;0;1;0;0;0;0;0;12715;MANOEL JACINTO DO REGO, RUA;;;48;LAPA;1;0
D021301029;561;ALCIDES DE OLIVEIRA, AL TSARG;11016;JOSE JERONIMO DE MESQUITA, AV TTE;0;;01/02/2013 09:20;2;CO;90;414; ; ;2;0;0;0;0;0;0;0;0;0;0;0;0;0;0;0;0;561;ALCIDES DE OLIVEIRA, AL TSARG;11016;JOSE JERONIMO DE MESQUITA, AV TTE;94;VILA MEDEIROS;1;0
D021300146;4736;CELSO GARCIA, AV;;;63;;01/02/2013 10:00;4;AT;12;660; ; ;0;0;0;0;0;0;0;1;0;0;0;0;0;0;0;0;0;4736;CELSO GARCIA, AV;;;82;TATUAPE;2;0
D021301485;17820;TITO, AV MAL;;;6035;;01/02/2013 11:00;2;CO;50;1369; ; ;1;1;0;0;0;0;0;0;0;0;0;0;0;0;0;0;0;17820;TITO, AV MAL;;;53;MOEMA;1;0
D021300501;20291;TURISTICA DO JARAGUA, ES;;;100;;01/02/2013 11:00;2;QF;33;1028; ; ;0;0;1;0;0;0;0;0;0;0;0;0;0;0;0;0;0;20291;TURISTICA DO JARAGUA, ES;;;31;GUAIANASES;1;0
D021301401;5138;CANAL DA COCAIA, ES DO;;;591;;01/02/2013 11:00;2;QM;101;786;C; ;0;1;0;0;0;0;0;0;0;0;0;0;0;0;0;0;0;5138;CANAL DA COCAIA, ES DO;;;30;GRAJAU;1;0
D021300798;17799;SANTOS DUMONT, AV;37387;HEROIS DA FORCA E. BRASILEIRA, PCA;0;;01/02/2013 11:00;2;CL;13;1081; ; ;0;1;0;0;0;0;0;0;0;0;0;1;0;0;0;0;0;3637;BRAZ LEME, AV;17799;SANTOS DUMONT, AV;71;SANTANA;1;0
D021301648;46228;PAZ NA TERRA, TR;;;74;;01/02/2013 11:10;4;AT;49;1571; ; ;0;1;0;0;0;0;0;0;0;0;0;0;0;0;0;0;0;46228;PAZ NA TERRA, TR;;;32;IGUATEMI;1;0
D021300289;7882;GEORGE CORBISIER, AV ENG;;;2239;;01/02/2013 11:16;2;CL;35;1058; ; ;1;1;0;0;0;0;0;0;0;0;0;0;0;0;0;0;0;7882;GEORGE CORBISIER, AV ENG;;;37;JABAQUARA;2;0
D021300465;18519;SUMARE, AV;;;55;;01/02/2013 11:37;2;CH;23;566; ; ;1;0;0;0;0;0;0;0;0;0;0;0;0;0;0;0;0;18519;SUMARE, AV;;;61;PERDIZES;1;0
D021300564;9529;ITAPECERICA, ES DE;;;4000;;01/02/2013 11:40;4;AT;37;923; ; ;0;1;0;0;0;0;0;0;0;0;0;0;0;0;0;0;0;9529;ITAPECERICA, ES DE;;;29;FREGUESIA DO O;1;0
D021301829;15507;TEOTONIO VILELA, AV SEN;16151;JOAO GOULART, AV PRES;0;;01/02/2013 11:45;4;AT;48;431; ; ;0;1;0;0;0;0;0;0;0;0;0;0;0;0;0;0;0;15507;TEOTONIO VILELA, AV SEN;16151;JOAO GOULART, AV PRES;23;CIDADE DUTRA;0;1
D021300055;5245;CONSOLACAO, RUA DA;15656;PAULISTA, AV;0;;01/02/2013 12:10;2;CO;4;835; ; ;1;1;0;0;0;0;0;0;0;0;0;0;0;0;0;0;0;5245;CONSOLACAO, RUA DA;15656;PAULISTA, AV;26;CONSOLACAO;1;0
D021301575;6187;EDGAR SANTOS, AV PROF;6535;ERASMO MADER, RUA;0;;01/02/2013 12:15;2;CO;65;361; ; ;1;1;0;0;0;0;0;0;0;0;0;0;0;0;0;0;0;6187;EDGAR SANTOS, AV PROF;6535;ERASMO MADER, RUA;5;ARTUR ALVIM;1;0
D021300076;19764;VINTE E TRES DE MAIO, AV;;;0;NADA CONSTA ;01/02/2013 12:17;2;CT;5;613; ; ;1;1;0;0;0;0;0;0;0;0;0;0;0;0;0;0;0;19764;VINTE E TRES DE MAIO, AV;;;17;CAMPO LIMPO;1;0
D021300758;5741;DARZAN, RUA;;;318;;01/02/2013 12:20;2;CT;9;730;B; ;2;0;0;0;0;0;0;0;0;0;0;0;0;0;0;0;0;5741;DARZAN, RUA;;;71;SANTANA;1;0
D021300933;2455;ATALIBA LEONEL, AV GAL;2189;ARIOSTO CESAR, RUA;0;;01/02/2013 12:30;2;CO;39;540;C; ;1;1;0;0;0;0;0;0;0;0;0;0;0;0;0;0;0;2189;ARIOSTO CESAR, RUA;2455;ATALIBA LEONEL, AV GAL;84;TUCURUVI;1;0
D021300056;1991;ARACAJU, RUA;12869;MARANHAO (CONSOLACAO), RUA;0;;01/02/2013 12:50;2;CO;4;836; ; ;2;0;0;0;0;0;0;0;0;0;0;0;0;0;0;0;0;1991;ARACAJU, RUA;12869;MARANHAO (CONSOLACAO), RUA;26;CONSOLACAO;1;0
D021300990;7061;FERNAO DIAS, VIA;;;0;NADA CONSTA ;01/02/2013 13:00;2;TB;73;1128; ; ;0;0;0;1;0;0;0;0;0;0;0;0;0;0;0;0;0;7061;FERNAO DIAS, VIA;;;38;JACANA;4;0
D021300373;40628;JOSE BONIFACIO C. NOGUEIRA, VD;;;0;PROXIMO  - AV DR CHUC;01/02/2013 13:00;2;CT;96;1138; ; ;1;1;0;0;0;0;0;0;0;0;0;0;0;0;0;0;0;40628;JOSE BONIFACIO C. NOGUEIRA, VD;;;34;ITAIM BIBI;1;0
D021300518;4666;CAXINGUI, AV;17822;SAPETUBA, RUA;0;;01/02/2013 13:05;4;AT;34;668; ; ;0;1;0;0;0;0;0;0;0;0;0;0;0;0;0;0;0;4666;CAXINGUI, AV;16878;RAPOSO TAVARES, VIA;12;BUTANTA;1;0
D021300467;29035;ANTARTICA, VD;;;0;NADA CONSTA ;01/02/2013 13:14;2;CO;23;577; ; ;1;1;0;0;0;0;0;0;0;0;0;0;0;0;0;0;0;1475;ANTARTICA, AV;;;19;CAPAO REDONDO;1;0
D021300857;76;ABREU LEMOS, RUA;149;ADALBERTO, RUA STO;0;;01/02/2013 13:20;2;CO;20;1138; ; ;2;0;0;0;0;0;0;0;0;0;0;0;0;0;0;0;0;76;ABREU LEMOS, RUA;149;ADALBERTO, RUA STO;84;TUCURUVI;1;0
D021300684;61660;NELSON GAMA DE OLIVEIRA, RUA;8000;GIOVANNI GRONCHI, AV;0;;01/02/2013 13:30;2;CT;89;843; ; ;1;1;0;0;0;0;0;0;0;0;0;0;0;0;0;0;0;8000;GIOVANNI GRONCHI, AV;61660;NELSON GAMA DE OLIVEIRA, RUA;85;VILA ANDRADE;1;0
D021301677;36285;ADRIANO BERTOZZI, AV;;;1260;;01/02/2013 13:50;2;QM;53;691; ; ;0;1;0;0;0;0;0;0;0;0;0;0;0;0;0;0;0;36285;ADRIANO BERTOZZI, AV;;;51;MANDAQUI;1;0
D021301066;5836;DIANOPOLIS, RUA;;;449;;01/02/2013 13:50;2;CH;18;219; ; ;1;0;0;0;0;0;0;0;0;0;0;0;0;0;0;0;0;5836;DIANOPOLIS, RUA;;;54;MOOCA;3;0
D021300882;15485;PARAPUA, RUA;;;230;;01/02/2013 14:15;2;CH;28;531; ; ;0;0;1;1;0;0;0;0;0;0;0;0;0;0;0;0;0;15485;PARAPUA, RUA;;;4;ARICANDUVA;7;0
D021300654;8603;HEITOR ANTONIO EIRAS GARCIA, AV ENG;;;4592;;01/02/2013 14:18;4;AT;75;550; ; ;0;0;0;1;0;0;0;0;0;0;0;0;0;0;0;0;0;8603;HEITOR ANTONIO EIRAS GARCIA, AV ENG;;;68;RIO PEQUENO;1;0
D021300263;10918;JOSE DINIZ, AV VER;;;0;NADA CONSTA ;01/02/2013 14:30;2;CO;27;1139; ; ;1;1;0;0;0;0;0;0;0;0;0;0;0;0;0;0;0;10918;JOSE DINIZ, AV VER;;;15;CAMPO BELO;1;0
D021301311;8368;GUARAPIRANGA, AV;;;1821;;01/02/2013 14:45;4;AT;92;720; ; ;0;1;0;0;0;0;0;0;0;0;0;0;0;0;0;0;0;8368;GUARAPIRANGA, AV;;;45;JARDIM SAO LUIS;1;0
D021300077;19764;VINTE E TRES DE MAIO, AV;;;0;NADA CONSTA ;01/02/2013 15:20;2;QM;5;617; ; ;0;1;0;0;0;0;0;0;0;0;0;0;0;0;0;0;0;19764;VINTE E TRES DE MAIO, AV;;;17;CAMPO LIMPO;1;0
D021301799;4561;CASTELO BRANCO, AV PRES;7396;JOSE GOMES FALCAO, RUA;0;;01/02/2013 15:25;2;CT;33;213; ; ;2;1;0;0;0;0;0;0;0;0;0;0;0;0;0;0;0;4561;CASTELO BRANCO, AV PRES;7396;JOSE GOMES FALCAO, RUA;6;BARRA FUNDA;0;1
D021300895;3771;INAJAR DE SOUZA, AV;;;1500;;01/02/2013 15:40;2;QM;28;998; ; ;0;1;0;0;0;0;0;0;0;0;0;0;0;0;0;0;0;3771;INAJAR DE SOUZA, AV;;;50;LIMAO;1;0
D021300413;8714;HENRIQUE SCHAUMANN, RUA;;;636;;01/02/2013 15:40;2;CO;14;1010; ; ;1;0;0;0;0;0;0;0;0;0;0;0;0;0;0;0;0;8714;HENRIQUE SCHAUMANN, RUA;;;63;PINHEIROS;1;0
D021300147;19713;VILA GUILHERME, PTE DA;;;0;NADA CONSTA ;01/02/2013 16:00;2;QM;12;666; ; ;0;1;0;0;0;0;0;0;0;0;0;0;0;0;0;0;0;19713;VILA GUILHERME, PTE DA;;;47;LAJEADO;1;0
D021300759;5204;CONCEICAO (ES.), AV;;;325;;01/02/2013 16:10;4;AT;9;740; ; ;0;1;0;0;0;0;0;0;0;0;0;0;0;0;0;0;0;5204;CONCEICAO (ES.), AV;;;88;VILA GUILHERME;1;0
D021300408;2316;ARRUDA BOTELHO, AV;;;500;;01/02/2013 16:40;2;QF;14;796; ; ;0;0;0;0;0;0;0;1;0;0;0;0;0;0;0;0;0;2316;ARRUDA BOTELHO, AV;;;2;ALTO DE PINHEIR;1;0
D021300237;1785;ANTONIO MARCONDES, RUA;7746;GAMA LOBO, RUA;0;;01/02/2013 16:48;2;CO;17;627; ; ;1;1;0;0;0;0;0;0;0;0;0;0;0;0;0;0;0;1785;ANTONIO MARCONDES, RUA;7746;GAMA LOBO, RUA;33;IPIRANGA;1;0
D021301148;6371;ELISABETH DE ROBIANO, AV CDSSA;;;4800;;01/02/2013 17:20;2;CO;52;330; ; ;1;1;0;0;0;0;0;0;0;0;0;0;0;0;0;0;0;29772;MARGINAL DO RIO TIETE, AV;;;82;TATUAPE;1;0
D021300999;9234;INVERNO, RUA DO;;;66;;01/02/2013 18:00;2;QM;73;1435; ; ;0;1;0;0;0;0;0;0;0;0;0;0;0;0;0;0;0;9234;INVERNO, RUA DO;;;11;BRASILANDIA;1;0
D021300593;9529;ITAPECERICA, ES DE;;;2500;;01/02/2013 18:30;2;QD;37;2154; ; ;0;0;1;0;0;0;0;0;0;0;0;0;0;0;0;0;0;9529;ITAPECERICA, ES DE;;;29;FREGUESIA DO O;1;0
D021301165;7964;GIESTAS, RUA;2729;BAIA GRANDE, RUA;0;;01/02/2013 18:30;2;CT;56;667; ; ;0;0;1;0;0;0;0;1;0;0;0;0;0;0;0;0;0;2729;BAIA GRANDE, RUA;7964;GIESTAS, RUA;95;VILA PRUDENTE;2;0
D021301576;12156;LUIZ AYRES, RUA DR;;;1400;;01/02/2013 18:40;2;CL;65;367;B; ;1;1;0;0;0;0;0;0;0;0;0;0;0;0;0;0;0;12156;LUIZ AYRES, RUA DR;;;5;ARTUR ALVIM;1;0
D021300320;15914;PEDRO DE TOLEDO, RUA;;;2180;;01/02/2013 18:45;2;CT;36;530; ; ;3;0;0;0;0;0;0;0;0;0;0;0;0;0;0;0;0;15914;PEDRO DE TOLEDO, RUA;;;24;CIDADE LIDER;2;0
D021300712;64104;JOAO AVELINO PINHO MELLAO, RUA;8000;GIOVANNI GRONCHI, AV;0;;01/02/2013 18:50;2;CT;89;900025; ; ;1;1;0;0;0;0;0;0;1;0;0;0;0;0;0;0;0;8000;GIOVANNI GRONCHI, AV;64104;JOAO AVELINO PINHO MELLAO, RUA;55;MORUMBI;2;0
D021301604;20804;LUIS MATEUS (GUAIANAZES), RUA;;;2460;;01/02/2013 19:30;2;CO;103;532; ; ;1;1;0;0;0;0;0;0;0;0;0;0;0;0;0;0;0;20804;LUIS MATEUS (GUAIANAZES), RUA;;;51;MANDAQUI;1;0
D021300756;6167;EDGAR, RUA;3792;CACHOEIRA DO ARARI, RUA;0;;01/02/2013 19:30;2;CO;9;459; ; ;1;1;0;0;0;0;0;0;0;0;0;0;0;0;0;0;0;3792;CACHOEIRA DO ARARI, RUA;27481;GURINHEM, RUA;88;VILA GUILHERME;1;0
D021301629;20804;LUIS MATEUS (GUAIANAZES), RUA;;;2460;;01/02/2013 20:00;2;CO;44;697; ; ;1;1;0;0;0;0;0;0;0;0;0;0;0;0;0;0;0;20804;LUIS MATEUS (GUAIANAZES), RUA;;;51;MANDAQUI;2;0
D021301294;67207;OLICIO ALVES, RUA SARG;;;17;;01/02/2013 20:00;4;AT;80;1215;C; ;1;0;0;0;0;0;0;0;0;0;0;0;0;0;0;0;0;67207;OLICIO ALVES, RUA SARG;;;29;FREGUESIA DO O;1;0
D021301678;16173;PESSEGO, ES DO;;;1000;;01/02/2013 20:00;2;CO;53;702; ; ;1;0;0;0;0;0;0;0;0;0;0;0;0;0;1;0;0;16173;PESSEGO, ES DO;;;0;NULL;1;0
D021300462;16161;PERU, RUA;5175;COLOMBIA, RUA;0;;01/02/2013 20:08;2;CO;15;1015;B; ;1;1;0;0;0;0;0;0;0;0;0;0;0;0;0;0;0;5175;COLOMBIA, RUA;16161;PERU, RUA;44;JARDIM PAULISTA;1;0
D021300057;2617;AVANHANDAVA, RUA;;;63;;01/02/2013 20:18;4;AT;4;876; ; ;1;0;0;0;0;0;0;0;0;0;0;0;0;0;0;0;0;2617;AVANHANDAVA, RUA;;;67;REPUBLICA;1;0
D021301339;6557;BRIGIDA BANTI, RUA;;;5;;01/02/2013 20:37;4;AT;98;1264; ; ;0;0;0;0;0;0;0;0;0;0;0;0;0;0;0;1;0;6557;BRIGIDA BANTI, RUA;;;29;FREGUESIA DO O;1;0
D021301450;954;AMADOR BUENO DA VEIGA, AV;;;3074;;01/02/2013 21:04;2;CO;24;1142; ; ;1;1;0;0;0;0;0;0;0;0;0;0;0;0;0;0;0;954;AMADOR BUENO DA VEIGA, AV;;;60;PENHA;2;0
D021301378;14743;SABARA, AV NSRA DO;;;4300;;01/02/2013 22:00;2;CO;99;1219; ; ;2;0;0;0;0;0;0;0;0;0;0;0;0;0;0;0;0;14743;SABARA, AV NSRA DO;;;16;CAMPO GRANDE;1;0
D021300192;15656;PAULISTA, AV;;;2467;;01/02/2013 22:00;2;CH;78;879; ; ;1;0;0;0;0;0;0;0;0;0;0;0;0;0;0;0;0;15656;PAULISTA, AV;;;7;BELA VISTA;1;0
D021300264;35829;MOREIRA GUIMARAES, AV;9899;JANDIRA, AV;0;;01/02/2013 22:10;2;CO;27;1158; ; ;1;0;0;0;0;0;0;0;0;0;0;2;0;0;0;0;0;9899;JANDIRA, AV;35829;MOREIRA GUIMARAES, AV;53;MOEMA;1;0
D021300620;1429;ANHANGUERA, VIA;;;21000;;01/02/2013 22:25;2;CH;46;1900; ; ;1;0;0;0;0;0;0;0;0;0;0;0;0;0;0;0;0;1429;ANHANGUERA, VIA;;;73;SAO DOMINGOS;1;0
D021301222;952;AMADOR BUENO, RUA;7536;FRANCISCO PITTA BRITO, RUA ENG;0;;01/02/2013 22:25;2;CO;11;1216; ; ;0;1;1;0;0;0;0;0;0;0;0;0;0;0;0;0;0;952;AMADOR BUENO, RUA;7536;FRANCISCO PITTA BRITO, RUA ENG;72;SANTO AMARO;1;0
D021301780;61830;PRIMAVERA DE CAIENA, AV;;;500;;01/02/2013 23:00;2;CO;70;1138; ; ;0;2;0;0;0;0;0;0;0;0;0;0;0;0;0;0;0;61830;PRIMAVERA DE CAIENA, AV;;;56;PARELHEIROS;1;0
D021301265;29896;PIRAJUSSARA-VALO VELHO, ES;;;295;;01/02/2013 23:07;4;AT;47;1365; ; ;1;0;0;0;0;0;0;0;0;0;0;0;0;0;0;0;0;29896;PIRAJUSSARA-VALO VELHO, ES;;;29;FREGUESIA DO O;3;0
D021300921;19752;VINTE E OITO DE JANEIRO, RUA;6985;FELISBERTO FREIRE, RUA;0;;02/02/2013 00:55;2;CO;38;985; ; ;1;1;0;0;0;0;0;0;0;0;0;0;0;0;0;0;0;6985;FELISBERTO FREIRE, RUA;19752;VINTE E OITO DE JANEIRO, RUA;13;CACHOEIRINHA;1;0
D021300121;8798;HIPODROMO, RUA;9247;IPANEMA, RUA;0;;02/02/2013 00:58;4;AT;8;828; ; ;0;0;0;0;0;0;0;0;0;0;0;0;0;0;0;1;0;8798;HIPODROMO, RUA;9247;IPANEMA, RUA;10;BRAS;1;0
D021301384;5584;CUMBICA, ES DA;;;526;;02/02/2013 01:30;2;CO;100;634; ; ;0;1;0;0;0;0;0;1;0;0;0;0;0;0;0;0;0;5584;CUMBICA, ES DA;;;42;JARDIM ANGELA;1;0
D021300005;6642;ESTADO, AV DO;;;0;NADA CONSTA ;02/02/2013 02:40;2;CO;1;829; ; ;2;0;0;1;0;0;0;0;0;0;0;0;0;0;0;0;0;6642;ESTADO, AV DO;;;9;BOM RETIRO;2;0
D021300006;6642;ESTADO, AV DO;;;20;;02/02/2013 02:53;4;AT;1;831; ; ;1;0;0;0;0;0;0;0;0;0;0;0;0;0;0;0;0;6642;ESTADO, AV DO;;;9;BOM RETIRO;1;0
D021301800;33234;MARGINAL DIREITA DO TIETE, AV;;;4;;02/02/2013 03:40;2;CO;33;1030;R; ;1;0;0;3;0;0;0;0;0;0;0;0;0;0;0;0;0;29772;MARGINAL DO RIO TIETE, AV;;;39;JAGUARA;0;1
D021301843;9220;INTERLAGOS, AV;;;4455;;02/02/2013 04:30;2;CH;11;138; ; ;1;0;0;0;0;0;0;0;0;0;0;0;0;0;0;0;0;9220;INTERLAGOS, AV;;;16;CAMPO GRANDE;2;1
D021301801;14767;NOVA CANTAREIRA, AV;;;3734;;02/02/2013 05:00;2;CH;20;461; ; ;1;1;0;0;0;0;0;0;0;0;0;0;0;0;0;0;0;14767;NOVA CANTAREIRA, AV;;;83;TREMEMBE;0;1
D021300213;5618;CURSINO, AV DO;;;2630;;02/02/2013 06:05;2;CO;16;1466; ; ;1;1;0;0;0;0;0;0;0;0;0;0;0;0;0;0;0;5618;CURSINO, AV DO;;;27;CURSINO;1;0
D021301223;9573;LUIZ SERAPHICO JUNIOR, RUA;;;0;PROXIMO  - R CASTRO V;02/02/2013 06:10;4;AT;11;1225; ; ;0;0;1;0;0;0;0;0;0;0;0;0;0;0;0;0;0;9573;LUIZ SERAPHICO JUNIOR, RUA;;;72;SANTO AMARO;1;0
D021301224;10918;JOSE DINIZ, AV VER;1085;AMERICO BRASILIENSE, RUA;0;;02/02/2013 06:30;2;QD;11;1227; ; ;0;0;0;0;0;0;0;1;0;0;0;0;0;0;0;0;0;1085;AMERICO BRASILIENSE, RUA;10918;JOSE DINIZ, AV VER;72;SANTO AMARO;1;0
D021300451;2959;BASTOS PEREIRA, RUA;;;54;;02/02/2013 06:48;2;CO;15;161; ; ;1;1;0;0;0;0;0;0;0;0;0;0;0;0;0;0;0;2959;BASTOS PEREIRA, RUA;;;53;MOEMA;2;0
D021300212;17083;RICARDO JAFET, AV DR;8636;HELEN KELLER, RUA;0;;02/02/2013 06:50;2;CO;16;1462; ; ;1;0;0;0;1;0;0;0;0;0;0;0;0;0;0;0;0;8636;HELEN KELLER, RUA;17083;RICARDO JAFET, AV DR;79;SAUDE;1;0
D021300953;6450;EMILIO CARLOS, AV DEP;;;1888;;02/02/2013 07:06;2;CO;40;493; ; ;1;1;0;0;0;0;0;0;0;0;0;0;0;0;0;0;0;6450;EMILIO CARLOS, AV DEP;;;50;LIMAO;1;0
D021301356;852;ALVARENGA, ES DO;;;1800;;02/02/2013 07:30;2;CO;98;900045; ; ;1;1;0;0;0;0;0;0;0;0;0;0;0;0;0;0;0;852;ALVARENGA, ES DO;;;59;PEDREIRA;1;0
D021300321;8944;IBIRAPUERA, AV;;;624;;02/02/2013 07:52;2;SI;36;531; ; ;1;1;0;0;0;0;0;0;0;0;0;0;0;0;0;0;0;8944;IBIRAPUERA, AV;;;53;MOEMA;1;0
D021301385;12403;M'BOI MIRIM, ES;;;4400;;02/02/2013 08:00;2;CT;100;637;C; ;1;1;0;0;0;0;0;0;0;0;0;0;0;0;0;0;0;12403;M'BOI MIRIM, ES;;;42;JARDIM ANGELA;1;0
D021301358;889;ALVARO GOMES DOS REIS, RUA DR;6238;NACOES UNIDAS, AV DAS;0;;02/02/2013 08:30;4;AT;99;478; ; ;1;0;0;0;0;0;0;0;0;0;0;0;0;0;0;0;0;889;ALVARO GOMES DOS REIS, RUA DR;6238;NACOES UNIDAS, AV DAS;16;CAMPO GRANDE;1;0
D021301473;9150;GONCALO DO PIAUI, RUA S;;;581;;02/02/2013 08:50;4;AT;32;785; ; ;1;0;0;0;0;0;0;0;0;0;0;0;0;0;0;0;0;9150;GONCALO DO PIAUI, RUA S;;;51;MANDAQUI;1;0