id_acidente;codloga;logradouroA;codlogb;logradouroB;alt_num;referencia;data;cod_acid;tipo_acidente;dp;numero_BO;sentido;pista;automovel;moto;onibus;caminhao;bicicleta;moto_taxi;onibus_fretado;onibus_urbano;microonibus;van;vuc;caminhonete;carreta;jipe;outros;sem_informacao;carroca;princ_a;paiA;princ_b;paiB;cod_distrito;distrito;vit_ferida;vit_morta
D021300336;1121;AMILCAR VELOSO PEDERNEIRAS, RUA BRIG;;;538;;02/02/2013 08:55;4;AT;83;339; ; ;0;0;0;0;1;0;0;0;0;0;0;0;0;0;0;0;0;1121;AMILCAR VELOSO PEDERNEIRAS, RUA BRIG;;;69;SACOMA;2;0
D021301149;27094;SALIM FARAH MALUF, AV;;;0;PROXIMO  - PTE.TATUAP;02/02/2013 09:00;4;AT;52;336; ; ;1;0;0;0;0;0;0;0;0;0;0;0;0;0;0;0;0;27094;SALIM FARAH MALUF, AV;;;82;TATUAPE;1;0
D021300003;6136;DUPRAT, RUA BR DE;16725;QUEIROS, AV SEN;0;;02/02/2013 09:11;2;CO;1;623; ; ;1;1;0;0;0;0;0;0;0;0;0;0;0;0;0;0;0;6136;DUPRAT, RUA BR DE;16725;QUEIROS, AV SEN;80;SE;2;0
D021300253;14710;MERCES, RUA NSRA DAS;;;355;;02/02/2013 09:30;2;CF;26;954; ; ;1;1;0;0;0;0;0;0;0;0;0;0;0;0;0;0;0;14710;MERCES, RUA NSRA DAS;;;69;SACOMA;1;0
D021300360;17064;RIBEIRO DO VALE, RUA;;;252;;02/02/2013 09:43;4;AT;96;522; ; ;1;0;0;0;0;0;0;0;0;0;0;0;0;0;0;0;0;17064;RIBEIRO DO VALE, RUA;;;30;GRAJAU;1;0
D021301189;8567;HAMILTON PRADO, RUA;;;137;;02/02/2013 09:47;2;CO;58;234; ; ;2;1;0;0;0;0;0;0;0;0;0;0;0;0;0;0;0;8567;HAMILTON PRADO, RUA;;;87;VILA FORMOSA;1;0
D021301338;5606;CUPECE, AV;;;5099;;02/02/2013 10:00;2;CT;98;137; ; ;1;1;0;0;0;0;0;0;0;0;0;0;0;0;0;0;0;5606;CUPECE, AV;;;22;CIDADE ADEMAR;1;0
D021301067;15304;PAES DE BARROS, AV;;;1700;;02/02/2013 10:00;2;CO;18;223; ; ;1;2;0;0;0;0;0;0;0;0;0;0;0;0;0;0;0;15304;PAES DE BARROS, AV;;;16;CAMPO GRANDE;1;0
D021301734;2181;ARICANDUVA, AV;70741;FELISBURGO, RUA;0;;02/02/2013 10:15;2;CP;66;564; ; ;1;0;0;1;0;0;0;0;0;0;0;0;0;0;0;0;0;2181;ARICANDUVA, AV;70741;FELISBURGO, RUA;75;SAO MATEUS;1;0
D021300596;4885;CHICA LUIZA, AV;;;1072;;02/02/2013 11:02;2;CT;46;222; ; ;0;1;0;0;0;0;0;0;0;0;0;1;0;0;0;0;0;4885;CHICA LUIZA, AV;;;41;JARAGUA;1;0
D021301811;35449;BANDEIRANTES, VIA DOS;;;17000;;02/02/2013 11:10;2;CT;14;1361; ; ;2;0;0;0;0;0;0;0;0;0;0;0;0;0;0;0;0;35449;BANDEIRANTES, VIA DOS;;;64;PIRITUBA;3;1
D021300502;35449;BANDEIRANTES, VIA DOS;;;17;;02/02/2013 11:10;2;CO;33;1041; ; ;2;0;0;0;0;0;0;0;0;0;0;0;0;0;0;0;0;35449;BANDEIRANTES, VIA DOS;;;64;PIRITUBA;3;0
D021300374;999;SANTO AMARO, AV;;;4507;;02/02/2013 12:00;2;CL;96;1171; ; ;1;1;0;1;0;0;0;0;0;0;0;0;0;0;0;0;0;999;SANTO AMARO, AV;;;34;ITAIM BIBI;1;0
D021300193;12165;LUIS ANTONIO, AV BRIG;6651;ESTADOS UNIDOS, RUA;0;;02/02/2013 12:04;2;CO;78;891; ; ;0;1;1;0;0;0;0;0;0;0;0;0;0;0;0;0;0;10629;ESTENIO ALBUQUERQUE LIMA, AV MAL;12165;LUIS ANTONIO, AV BRIG;53;MOEMA;1;0
D021301530;66522;CONCEICAO DA PEDRA, RUA;;;55;;02/02/2013 12:10;4;AT;62;952; ; ;1;0;0;0;0;0;0;0;0;0;0;0;0;0;0;0;0;66522;CONCEICAO DA PEDRA, RUA;;;49;LIBERDADE;1;0
D021301217;4328;CARLOS DA SILVA ARAUJO, RUA TTCEL;4777;CERQUEIRA CESAR, RUA;0;;02/02/2013 12:20;2;CH;11;139; ; ;0;0;1;0;0;0;0;0;0;0;0;0;0;0;0;0;0;4328;CARLOS DA SILVA ARAUJO, RUA TTCEL;4777;CERQUEIRA CESAR, RUA;72;SANTO AMARO;1;0
D021300323;19393;URUANA, RUA;15645;PAULINO, RUA S;0;;02/02/2013 12:40;2;CL;36;580; ; ;1;1;0;0;0;0;0;0;0;0;0;0;0;0;0;0;0;15645;PAULINO, RUA S;19393;URUANA, RUA;92;VILA MARIANA;1;0
D021301312;13357;MARIA COELHO AGUIAR, AV;;;215;;02/02/2013 12:45;2;CO;92;732; ; ;1;1;0;0;0;0;0;0;0;0;0;0;0;0;0;0;0;13357;MARIA COELHO AGUIAR, AV;;;45;JARDIM SAO LUIS;1;0
D021301073;18454;SOUSA BANDEIRA, AV;44742;BERNARDINO BRITO FONSECA DE CA, AV;0;;02/02/2013 13:00;2;CO;21;236; ; ;5;0;0;1;0;0;0;0;0;0;0;1;0;0;0;0;0;18454;SOUSA BANDEIRA, AV;44742;BERNARDINO BRITO FONSECA DE CA, AV;93;VILA MATILDE;6;0
D021301697;45641;RENE DE TOLEDO, RUA;;;177;;02/02/2013 13:12;4;AT;54;622; ; ;0;0;0;0;0;0;0;0;1;0;0;0;0;0;0;0;0;45641;RENE DE TOLEDO, RUA;;;25;CIDADE TIRADENT;1;0
D021301831;9715;JABAQUARA, AV;;;315;;02/02/2013 13:21;2;CO;16;1478; ; ;1;0;0;0;1;0;0;0;0;0;0;0;0;0;0;0;0;9715;JABAQUARA, AV;;;79;SAUDE;0;1
D021300760;10622;JOAQUINA RAMALHO, AV;;;547;;02/02/2013 14:10;2;CO;9;754; ; ;1;1;0;0;0;0;0;0;0;0;0;0;0;0;0;0;0;10622;JOAQUINA RAMALHO, AV;;;88;VILA GUILHERME;1;0
D021300715;16726;QUEIROZ FILHO, AV;;;0;NADA CONSTA ;02/02/2013 14:50;2;CO;91;803; ; ;1;0;0;0;0;0;0;0;0;0;0;1;0;0;0;0;0;16726;QUEIROZ FILHO, AV;;;14;CAMBUCI;3;0
D021300854;14767;NOVA CANTAREIRA, AV;;;1987;;02/02/2013 15:30;2;CO;20;1008; ; ;1;0;0;0;0;0;0;1;0;0;0;0;0;0;0;0;0;14767;NOVA CANTAREIRA, AV;;;83;TREMEMBE;1;0
D021301225;6238;NACOES UNIDAS, AV DAS;;;1000;;02/02/2013 16:00;4;AT;11;1249; ; ;1;0;0;0;0;0;0;0;0;0;0;0;0;0;0;0;0;13014;MARGINAL DO RIO PINHEIROS, AV;;;90;VILA LEOPOLDINA;1;0
D021301844;8603;HEITOR ANTONIO EIRAS GARCIA, AV ENG;;;942;;02/02/2013 16:13;4;AT;89;874; ; ;0;0;0;1;0;0;0;0;0;0;0;0;0;0;0;0;0;8603;HEITOR ANTONIO EIRAS GARCIA, AV ENG;;;68;RIO PEQUENO;0;1
D021301804;12403;M'BOI MIRIM, ES;;;0;PROXIMO  - PADARIA ME;02/02/2013 17:00;4;AT;5;670; ; ;0;1;0;0;0;0;0;0;0;0;0;0;0;0;0;0;0;12403;M'BOI MIRIM, ES;;;42;JARDIM ANGELA;0;1
D021301830;13019;ESCOLA POLITECNICA, AV;;;3545;;02/02/2013 17:15;2;CH;89;876; ; ;1;0;0;0;0;0;0;0;0;0;0;0;0;0;0;0;0;13019;ESCOLA POLITECNICA, AV;;;40;JAGUARE;0;1
D021301226;19931;WASHINGTON LUIS, AV;;;2000;;02/02/2013 17:20;4;AT;11;1250; ; ;0;0;0;0;0;0;0;1;0;0;0;0;0;0;0;0;0;19931;WASHINGTON LUIS, AV;;;30;GRAJAU;1;0
D021301092;8261;WALDEMAR CARLOS PEREIRA, AV;;;752;;02/02/2013 17:30;2;CO;21;1313; ; ;1;1;0;0;0;0;0;0;0;0;0;0;0;0;0;0;0;8261;WALDEMAR CARLOS PEREIRA, AV;;;93;VILA MATILDE;2;0
D021300176;5881;DINO BUENO, AL;17053;RIBEIRO DA SILVA, AL;0;;02/02/2013 17:30;2;CO;77;630; ; ;2;0;0;0;0;0;0;0;0;0;0;0;0;0;0;0;0;5881;DINO BUENO, AL;17053;RIBEIRO DA SILVA, AL;70;SANTA CECILIA;1;0
D021300799;10904;JOSE DE OLIVEIRA, RUA;5884;DIOGENES DE LIMA, RUA;0;;02/02/2013 17:30;2;CO;13;1121; ; ;1;0;0;0;0;0;0;0;0;0;0;1;0;0;0;0;0;5884;DIOGENES DE LIMA, RUA;10904;JOSE DE OLIVEIRA, RUA;21;CASA VERDE;1;0
D021300156;6642;ESTADO, AV DO;18993;TIRADENTES, AV;0;;02/02/2013 18:00;2;CO;12;857; ; ;1;1;0;0;0;0;0;0;0;0;0;0;0;0;0;0;0;6642;ESTADO, AV DO;18993;TIRADENTES, AV;9;BOM RETIRO;1;0
D021300947;19201;TUCURUVI, AV;;;272;;02/02/2013 18:40;4;AT;39;1173; ; ;0;1;0;0;0;0;0;0;0;0;0;0;0;0;0;0;0;19201;TUCURUVI, AV;;;22;CIDADE ADEMAR;1;0
D021301474;2516;AUGUSTO CARLOS BAUMAN, RUA;;;851;;02/02/2013 18:55;2;CO;32;856; ; ;3;0;0;0;0;0;0;0;0;0;0;0;0;0;0;0;0;2516;AUGUSTO CARLOS BAUMAN, RUA;;;36;ITAQUERA;2;0
D021301166;26966;JOSE JERAISSATI, RUA;75405;BRUMADO DE MINAS, AV;0;;02/02/2013 19:00;2;CH;56;679; ; ;1;0;0;0;0;0;0;0;0;0;0;0;0;0;0;0;0;26966;JOSE JERAISSATI, RUA;75405;BRUMADO DE MINAS, AV;95;VILA PRUDENTE;1;0
D021300669;16838;RAIMUNDO PEREIRA DE MAGAL., AV;;;8016;;02/02/2013 19:15;2;CO;87;703; ; ;2;0;0;0;0;0;0;0;0;0;0;0;0;0;0;0;0;16838;RAIMUNDO PEREIRA DE MAGAL., AV;;;31;GUAIANASES;4;0
D021301379;6238;NACOES UNIDAS, AV DAS;;;22233;;02/02/2013 19:20;2;CT;99;1248; ; ;2;0;0;0;0;0;0;0;0;0;0;0;0;0;0;0;0;13014;MARGINAL DO RIO PINHEIROS, AV;;;90;VILA LEOPOLDINA;1;0
D021300644;17162;RIO PEQUENO, AV DO;;;106;;02/02/2013 19:30;2;CO;51;1325; ; ;2;1;0;0;0;0;0;0;0;0;0;0;0;0;0;0;0;17162;RIO PEQUENO, AV DO;;;13;CACHOEIRINHA;1;0
D021300214;9159;INDIANOPOLIS, AV;;;3356;;02/02/2013 20:30;2;CO;16;1499; ; ;1;0;0;0;1;0;0;0;0;0;0;0;0;0;0;0;0;9159;INDIANOPOLIS, AV;;;79;SAUDE;1;0
D021300531;15769;PAULO PEDROSA, RUA DOM;10526;JOAQUIM C. DE AZEVEDO MARQUES, RUA;0;;02/02/2013 20:30;2;CO;34;884; ; ;1;1;0;0;0;0;0;0;0;0;0;0;0;0;0;0;0;10526;JOAQUIM C. DE AZEVEDO MARQUES, RUA;15769;PAULO PEDROSA, RUA DOM;55;MORUMBI;3;0
D021301267;4756;ANTONIO JOSE BENTES, RUA;;;35;;02/02/2013 20:36;2;CF;47;1401; ; ;1;1;0;0;0;0;0;0;0;0;0;0;0;0;0;0;0;4756;ANTONIO JOSE BENTES, RUA;;;19;CAPAO REDONDO;1;0
D021301560;3994;CAMPANELLA, AV;;;1334;;02/02/2013 21:00;2;CO;64;1170; ; ;1;1;0;0;0;0;0;0;0;0;0;0;0;0;0;0;0;3994;CAMPANELLA, AV;;;36;ITAQUERA;2;0
D021301266;29896;PIRAJUSSARA-VALO VELHO, ES;;;780;;02/02/2013 21:10;2;CO;47;1394; ; ;2;1;0;0;0;0;0;0;0;0;0;0;0;0;0;0;0;29896;PIRAJUSSARA-VALO VELHO, ES;;;29;FREGUESIA DO O;2;0
D021301708;45521;ELOA DO VALLE QUADROS, RUA DNA;45543;COGUMELOS, RUA DOS;0;;02/02/2013 21:13;2;CO;54;1634; ; ;0;1;0;0;0;0;0;0;0;0;0;1;0;0;0;0;0;45521;ELOA DO VALLE QUADROS, RUA DNA;45540;MUSGO, RUA DO;25;CIDADE TIRADENT;2;0
D021301136;4624;CATUABA, RUA;18592;TAICURE, RUA;0;;02/02/2013 21:30;2;CO;42;687; ; ;1;1;0;0;0;0;0;0;0;0;0;0;0;0;0;0;0;4624;CATUABA, RUA;18592;TAICURE, RUA;95;VILA PRUDENTE;1;0
D021300846;2099;ARARITAGUABA, RUA;1875;ANTONIO SOBREDA, RUA;0;;02/02/2013 21:30;2;CO;19;1018;B; ;1;1;0;0;0;0;0;0;0;0;0;0;0;0;0;0;0;1875;ANTONIO SOBREDA, RUA;2099;ARARITAGUABA, RUA;91;VILA MARIA;1;0
D021300410;6238;NACOES UNIDAS, AV DAS;;;0;PROXIMO  - R.CRISTALA;02/02/2013 22:00;2;CO;14;819; ; ;0;2;0;1;0;0;0;0;0;0;0;0;0;0;0;0;0;13014;MARGINAL DO RIO PINHEIROS, AV;;;90;VILA LEOPOLDINA;1;0
D021300414;7106;FIDALGA, RUA;;;630;;02/02/2013 22:00;4;AT;14;1044; ; ;1;0;0;0;0;0;0;0;0;0;0;0;0;0;0;0;0;7106;FIDALGA, RUA;;;63;PINHEIROS;1;0
D021301451;62092;OLHO D'AGUA DO BORGES, RUA;;;909;;02/02/2013 22:15;2;CH;24;1172; ; ;0;1;0;0;0;0;0;0;0;0;0;0;0;0;0;0;0;62092;OLHO D'AGUA DO BORGES, RUA;;;0;NULL;1;0
D021300495;16463;POMPEIA, AV;;;1604;;02/02/2013 22:15;2;CO;23;90003; ; ;1;0;0;0;1;0;0;0;0;0;0;0;0;0;0;0;0;16463;POMPEIA, AV;;;19;CAPAO REDONDO;1;0
D021301769;79153;MANUEL JOAO DA SILVA, RUA;;;463;;02/02/2013 22:40;2;CO;69;2005; ; ;1;1;0;0;0;0;0;0;0;0;0;0;0;0;0;0;0;79153;MANUEL JOAO DA SILVA, RUA;;;56;PARELHEIROS;1;0
D021300302;8459;CORIOLANO DURAND, RUA;4596;CATARINA, AV STA;0;;02/02/2013 23:00;2;CO;35;1533; ; ;1;1;0;0;0;0;0;0;0;0;0;0;0;0;0;0;0;4596;CATARINA, AV STA;8459;CORIOLANO DURAND, RUA;37;JABAQUARA;1;0
D021301195;10503;JOAO XXIII, AV;;;372;;02/02/2013 23:07;4;AT;58;629; ; ;1;0;0;0;0;0;0;0;0;0;0;0;0;0;0;0;0;10503;JOAO XXIII, AV;;;4;ARICANDUVA;1;0
D021301394;5584;CUMBICA, ES DA;;;400;;02/02/2013 23:16;2;CO;100;1404;C; ;0;1;1;0;0;0;0;0;0;0;0;0;0;0;0;0;0;5584;CUMBICA, ES DA;;;42;JARDIM ANGELA;2;0
D021301529;99577;MILENE ELIAS, AV;3546;BOTURUSSU, AV;0;;02/02/2013 23:20;2;QD;62;876; ; ;0;0;1;0;0;0;0;0;0;0;0;0;0;0;0;0;0;3546;BOTURUSSU, AV;99577;MILENE ELIAS, AV;  ;;1;0
D021301403;3509;BELMIRA MARIN, AV DONA;;;2007;;02/02/2013 23:40;2;CO;101;830; ; ;1;1;0;0;0;0;0;0;0;0;0;0;0;0;0;0;0;3509;BELMIRA MARIN, AV DONA;;;30;GRAJAU;1;0
D021300010;19764;VINTE E TRES DE MAIO, AV;;;232;;02/02/2013 23:45;2;CT;1;861; ; ;0;1;0;1;0;0;0;0;0;0;0;0;0;0;0;0;0;19764;VINTE E TRES DE MAIO, AV;;;17;CAMPO LIMPO;1;0
D021300800;27187;OLAVO FONTOURA, AV;;;1000;;02/02/2013 23:54;4;AT;13;1133; ; ;1;0;0;0;0;0;0;0;0;0;0;0;0;0;0;0;0;27187;OLAVO FONTOURA, AV;;;8;BELEM;1;0
D021301093;16100;PEREIRA VERGUEIRO, AV DR;10654;JORDAO DA COSTA, RUA;0;;03/02/2013 00:49;2;CO;21;1319; ; ;0;1;0;0;0;0;0;0;0;0;0;1;0;0;0;0;0;10654;JORDAO DA COSTA, RUA;16100;PEREIRA VERGUEIRO, AV DR;93;VILA MATILDE;1;0
D021301544;9084;IMPERADOR, ES DO;;;3705;;03/02/2013 01:25;2;CF;63;865; ; ;2;0;0;0;0;0;0;0;0;0;0;0;0;0;0;0;0;9084;IMPERADOR, ES DO;;;89;VILA JACUI;1;0
D021300948;8320;GUAPIRA, AV;;;820;;03/02/2013 01:26;2;CO;39;1184; ; ;1;1;0;0;0;0;0;0;0;0;0;0;0;0;0;0;0;8320;GUAPIRA, AV;;;38;JACANA;1;0
D021301094;1702;ANTONIO ESTEVAO DE CARVALHO, AV;12156;LUIZ AYRES, RUA DR;0;;03/02/2013 02:19;2;QM;21;1321; ; ;0;1;0;0;0;0;0;0;0;0;0;0;0;0;0;0;0;1702;ANTONIO ESTEVAO DE CARVALHO, AV;12156;LUIZ AYRES, RUA DR;93;VILA MATILDE;1;0
D021300603;7153;FIORELLI PECCICACCO, RUA;;;0;NADA CONSTA ;03/02/2013 02:26;2;CO;46;1057; ; ;1;1;0;0;0;0;0;0;0;0;0;0;0;0;0;0;0;7153;FIORELLI PECCICACCO, RUA;;;62;PERUS;2;0
D021300991;45241;FILHOS DA TERRA, RUA DOS;;;0;PROXIMO  - R APUANA;03/02/2013 03:00;2;CO;73;1186; ; ;0;2;0;0;0;0;0;0;0;0;0;0;0;0;0;0;0;45241;FILHOS DA TERRA, RUA DOS;;;83;TREMEMBE;2;0
D021301721;17824;SAPOPEMBA, AV;;;16827;;03/02/2013 03:34;2;CH;55;1646; ; ;1;0;0;0;0;0;0;0;0;0;0;0;0;0;0;0;0;17824;SAPOPEMBA, AV;;;33;IPIRANGA;9;0
D021301402;3509;BELMIRA MARIN, AV DONA;;;3500;;03/02/2013 04:30;2;CH;101;824; ; ;0;0;0;0;0;0;0;0;1;0;0;0;0;0;0;0;0;3509;BELMIRA MARIN, AV DONA;;;30;GRAJAU;2;0
D021301196;6239;EDUARDO COTCHING, AV DR;;;1700;;03/02/2013 05:08;2;CH;58;632; ; ;1;0;0;0;0;0;0;0;0;0;0;0;0;0;0;0;0;6239;EDUARDO COTCHING, AV DR;;;87;VILA FORMOSA;1;0
D021300975;16051;PENHA BRASIL, AV GAL;33642;MASAO WATANABE, AV;0;;03/02/2013 05:45;2;CO;72;1018;B; ;1;1;0;0;0;0;0;0;0;0;0;0;0;0;0;0;0;16051;PENHA BRASIL, AV GAL;33642;MASAO WATANABE, AV;13;CACHOEIRINHA;1;0
D021300738;13019;ESCOLA POLITECNICA, AV;5141;CACHOEIRAS, ES DAS;0;;03/02/2013 06:30;2;CT;93;825; ; ;0;2;0;0;0;0;0;0;0;0;0;0;0;0;0;0;0;5141;CACHOEIRAS, ES DAS;13019;ESCOLA POLITECNICA, AV;68;RIO PEQUENO;4;0
D021301227;10270;JOAO DIAS, AV;;;1500;;03/02/2013 06:57;4;AT;11;1257; ; ;1;0;0;0;0;0;0;0;0;0;0;0;0;0;0;0;0;10270;JOAO DIAS, AV;;;72;SANTO AMARO;1;0
D021301832;35658;GARCIA DE ORTA, RUA;35659;BERNARDO GOMES DE BRITO, RUA;0;;03/02/2013 07:30;2;CL;47;1412; ; ;0;1;0;1;0;0;0;0;0;0;0;0;0;0;0;0;0;35658;GARCIA DE ORTA, RUA;35659;BERNARDO GOMES DE BRITO, RUA;19;CAPAO REDONDO;0;2
D021300716;6238;NACOES UNIDAS, AV DAS;;;0;PROXIMO  -  ESTACAO;03/02/2013 07:50;2;CH;91;828; ; ;1;0;0;0;0;0;0;0;0;0;0;0;0;0;0;0;0;13014;MARGINAL DO RIO PINHEIROS, AV;;;90;VILA LEOPOLDINA;1;0
D021301808;14947;OLIMPIO DA SILVEIRA, AV GAL;;;252;;03/02/2013 07:51;4;AT;77;752;B; ;0;0;1;0;0;0;0;0;0;0;0;0;0;0;0;0;0;14947;OLIMPIO DA SILVEIRA, AV GAL;;;19;CAPAO REDONDO;0;1
D021300122;7253;FOMM, RUA DR;543;ALCANTARA MACHADO, AV;0;;03/02/2013 09:00;2;CO;8;875; ; ;1;1;0;0;0;0;0;0;0;0;0;0;0;0;0;0;0;543;ALCANTARA MACHADO, AV;7253;FOMM, RUA DR;54;MOOCA;1;0
D021300375;17034;RIBEIRAO CLARO, RUA;;;264;;03/02/2013 11:00;4;AT;96;1198; ; ;0;0;0;0;0;0;0;1;0;0;0;0;0;0;0;0;0;17034;RIBEIRAO CLARO, RUA;;;28;ERMELINO MATARA;1;0
D021301784;24338;LUIZ IGNACIO ANHAIA MELLO, AV PROF;;;9377;;03/02/2013 12:00;2;CT;70;1066; ; ;2;0;0;0;0;0;0;0;0;0;0;0;0;0;0;0;0;24338;LUIZ IGNACIO ANHAIA MELLO, AV PROF;;;26;CONSOLACAO;1;0
D021300194;3581;BRASIL, AV;;;1612;;03/02/2013 12:20;2;CO;78;916; ; ;2;0;0;0;0;0;0;0;0;0;0;0;0;0;0;0;0;3581;BRASIL, AV;;;63;PINHEIROS;1;0
D021301037;7703;GABRIELA MISTRAL, AV;;;400;;03/02/2013 13:30;2;QD;10;1347; ; ;0;0;1;0;0;0;0;0;0;0;0;0;0;0;0;0;0;7703;GABRIELA MISTRAL, AV;;;60;PENHA;1;0
D021300567;34682;CAMPO LIMPO, ES DO;;;3000;;03/02/2013 14:00;2;CO;37;986; ; ;0;0;1;0;1;0;0;0;0;0;0;0;0;0;0;0;0;34682;CAMPO LIMPO, ES DO;;;17;CAMPO LIMPO;1;0
D021301545;9084;IMPERADOR, ES DO;;;4696;;03/02/2013 15:00;2;CO;63;891; ; ;1;1;0;0;0;0;0;0;0;0;0;0;0;0;0;0;0;9084;IMPERADOR, ES DO;;;89;VILA JACUI;2;0
D021300976;75982;MANUEL AQUILINO DOS SANTOS, RUA;;;350;;03/02/2013 15:28;4;AT;72;1030; ; ;0;0;0;0;0;0;0;0;0;0;0;0;0;0;0;1;0;75982;MANUEL AQUILINO DOS SANTOS, RUA;;;8;BELEM;2;0
D021300801;3637;BRAZ LEME, AV;;;100;;03/02/2013 16:34;2;CO;13;1168; ; ;1;1;0;0;0;0;0;0;0;0;0;0;0;0;0;0;0;3637;BRAZ LEME, AV;;;21;CASA VERDE;1;0
D021301619;62031;PAULO IAZZETTI, RUA;;;60;;03/02/2013 16:39;2;CO;41;1145;B; ;0;1;0;0;0;0;0;0;0;0;0;1;0;0;0;0;0;62031;PAULO IAZZETTI, RUA;;;46;JOSE BONIFACIO;1;0
D021300890;34562;JOAO PAULO I, AV;;;900;;03/02/2013 17:00;2;CO;28;947; ; ;0;1;0;0;0;0;0;0;0;0;0;1;0;0;0;0;0;34562;JOAO PAULO I, AV;;;4;ARICANDUVA;1;0
D021301513;44145;CHINA, VD DA;;;0;NADA CONSTA ;03/02/2013 17:30;2;SI;59;1464; ; ;1;1;0;0;0;0;0;0;0;0;0;0;0;0;0;0;0;44145;CHINA, VD DA;;;53;MOEMA;1;0
D021300923;15426;PARADA PINTO, AV;;;3300;;03/02/2013 18:15;2;CO;38;1035;C; ;1;1;0;0;0;0;0;0;0;0;0;0;0;0;0;0;0;15426;PARADA PINTO, AV;;;8;BELEM;1;0
D021300334;17150;RIO GRANDE, RUA;15955;PEDRO MORGANTI, RUA;0;;03/02/2013 18:30;2;SI;36;1209; ; ;2;0;0;0;0;0;0;0;0;0;0;0;0;0;0;0;0;15955;PEDRO MORGANTI, RUA;17150;RIO GRANDE, RUA;  ;;1;0
D021300215;16200;PIASSANGUABA, AV;8432;GUATAS, AL DOS;0;;03/02/2013 18:36;2;CO;16;1539;B; ;1;0;0;0;0;0;0;0;0;0;0;1;0;0;0;0;0;8432;GUATAS, AL DOS;16200;PIASSANGUABA, AV;79;SAUDE;2;0
D021301649;13671;MATEO BEI, AV;;;3128;;03/02/2013 18:58;4;AT;49;1660; ; ;0;0;1;0;0;0;0;0;0;0;0;0;0;0;0;0;0;13671;MATEO BEI, AV;;;75;SAO MATEUS;1;0
D021300992;19711;ABILIO PEDRO RAMOS, RUA;11982;LOPES DA COSTA, RUA;0;;03/02/2013 19:15;2;CO;73;1213; ; ;1;1;0;0;0;0;0;0;0;0;0;0;0;0;0;0;0;11982;LOPES DA COSTA, RUA;19711;ABILIO PEDRO RAMOS, RUA;38;JACANA;1;0
D021300376;14267;MORUMBI, AV;16877;RAPOSO TAVARES, RUA;0;;03/02/2013 19:30;2;CO;96;1203; ; ;1;1;0;0;0;0;0;0;0;0;0;0;0;0;0;0;0;14267;MORUMBI, AV;16877;RAPOSO TAVARES, RUA;34;ITAIM BIBI;1;0
D021301514;67232;AFOXE, RUA;;;8;;03/02/2013 19:30;2;QM;59;1466; ; ;0;1;0;0;0;0;0;0;0;0;0;0;0;0;0;0;0;67232;AFOXE, RUA;;;53;MOEMA;1;0
D021300993;19711;ABILIO PEDRO RAMOS, RUA;;;160;;03/02/2013 19:55;2;CL;73;1215; ; ;2;0;0;0;0;0;0;0;0;0;0;0;0;0;0;0;0;19711;ABILIO PEDRO RAMOS, RUA;;;22;CIDADE ADEMAR;1;0
D021301519;59744;TITO FRANCO DE ALMEIDA, RUA;;;200;;03/02/2013 20:00;2;CT;62;471; ; ;1;1;0;0;0;0;0;0;0;0;0;0;0;0;0;0;0;59744;TITO FRANCO DE ALMEIDA, RUA;;;49;LIBERDADE;1;0
D021300037;8161;GRACA, RUA DA;;;451;;03/02/2013 20:40;2;CT;2;655; ; ;1;1;0;0;0;0;0;0;0;0;0;0;0;0;0;0;0;8161;GRACA, RUA DA;;;9;BOM RETIRO;1;0
D021301486;19449;VALENTE DE NOVAIS, RUA;;;222;;03/02/2013 20:47;2;CL;50;1473; ; ;1;1;0;0;0;0;0;0;0;0;0;0;0;0;0;0;0;19449;VALENTE DE NOVAIS, RUA;;;54;MOOCA;1;0
D021301722;72014;PEDRO CORTE REAL, RUA;63259;FELIX DA CUNHA, RUA;0;;03/02/2013 21:15;2;CL;55;1671; ; ;1;1;0;0;0;0;0;0;0;0;0;0;0;0;0;0;0;63259;FELIX DA CUNHA, RUA;72014;PEDRO CORTE REAL, RUA;  ;;1;0
D021301340;5606;CUPECE, AV;;;4447;;03/02/2013 21:20;2;CT;98;1322; ; ;2;1;0;0;0;0;0;0;0;0;0;0;0;0;0;0;0;5606;CUPECE, AV;;;22;CIDADE ADEMAR;1;0
D021300505;61925;ITAPIXE, RUA;;;70;;03/02/2013 21:30;2;SI;33;1233; ; ;0;1;0;0;0;0;0;0;0;0;0;0;0;0;0;0;0;61925;ITAPIXE, RUA;;;31;GUAIANASES;1;0
D021300216;66;ABRAAO DE MORAIS, AV PROF;7019;FRANCISCO TAPAJOS, RUA;0;;03/02/2013 21:45;2;CO;16;1549; ; ;2;0;0;0;0;0;0;0;0;0;0;1;0;0;0;0;0;66;ABRAAO DE MORAIS, AV PROF;7019;FRANCISCO TAPAJOS, RUA;79;SAUDE;1;0
D021300377;3912;CALIFORNIA, RUA;9156;INDIANA, RUA;0;;03/02/2013 21:50;2;SI;96;1212; ; ;1;1;0;0;0;0;0;0;0;0;0;0;0;0;0;0;0;3912;CALIFORNIA, RUA;9156;INDIANA, RUA;34;ITAIM BIBI;1;0