id_acidente;codloga;logradouroA;codlogb;logradouroB;alt_num;referencia;data;cod_acid;tipo_acidente;dp;numero_BO;sentido;pista;automovel;moto;onibus;caminhao;bicicleta;moto_taxi;onibus_fretado;onibus_urbano;microonibus;van;vuc;caminhonete;carreta;jipe;outros;sem_informacao;carroca;princ_a;paiA;princ_b;paiB;cod_distrito;distrito;vit_ferida;vit_morta
D021300099;15967;PEDRO I, AV DOM;;;1102;;03/02/2013 22:01;4;AT;6;888; ; ;0;0;0;0;0;0;0;0;0;0;0;0;0;0;0;1;0;15967;PEDRO I, AV DOM;;;12;BUTANTA;1;0
D021301723;70248;MIGUEL FERREIRA DE MELO, RUA;;;353;;03/02/2013 22:30;2;CO;55;1678; ; ;0;1;0;0;0;0;0;0;0;0;0;0;0;0;0;1;0;70248;MIGUEL FERREIRA DE MELO, RUA;;;55;MORUMBI;2;0
D021301756;17824;SAPOPEMBA, AV;;;12141;;03/02/2013 22:40;2;CO;69;1155; ; ;1;1;0;0;0;0;0;0;0;0;0;0;0;0;0;0;0;17824;SAPOPEMBA, AV;;;33;IPIRANGA;1;0
D021300687;13470;MARIO DE MOURA E ALBUQUERQUE, RUA DR;;;100;;03/02/2013 23:00;2;CT;89;945; ; ;1;1;0;0;0;0;0;0;0;0;0;0;0;0;0;0;0;13470;MARIO DE MOURA E ALBUQUERQUE, RUA DR;;;96;VILA SONIA;1;0
D021300112;9148;INDEPENDENCIA (CAMBUCI), RUA DA;651;ALEXANDRINO DA SILVEIRA BUENO, RUA;0;;03/02/2013 23:00;2;QM;6;997; ; ;0;1;0;0;0;0;0;0;0;0;0;0;0;0;0;0;0;651;ALEXANDRINO DA SILVEIRA BUENO, RUA;9148;INDEPENDENCIA (CAMBUCI), RUA DA;14;CAMBUCI;1;0
D021300475;29035;ANTARTICA, VD;;;0;PROXIMO  - TERMINAL B;04/02/2013 00:25;2;CH;23;846; ; ;0;0;0;0;0;0;0;1;0;0;0;0;0;0;0;0;0;1475;ANTARTICA, AV;;;19;CAPAO REDONDO;6;0
D021301699;9044;RAGUEB CHOHFI, AV;;;5590;;04/02/2013 00:30;2;CT;54;642; ; ;1;1;0;0;0;0;0;0;0;0;0;0;0;0;0;0;0;9044;RAGUEB CHOHFI, AV;;;32;IGUATEMI;1;0
D021300378;21514;ROQUE PETRONI JUNIOR, AV;9765;JACERU, RUA;0;;04/02/2013 00:40;2;QM;96;1215; ; ;0;1;0;0;0;0;0;0;0;0;0;0;0;0;0;0;0;9765;JACERU, RUA;21514;ROQUE PETRONI JUNIOR, AV;34;ITAIM BIBI;1;0
D021301095;7645;FRONTIN, AV CD DE;14154;MONT'ALVERNE, RUA FREI;0;;04/02/2013 00:50;2;CO;21;1354; ; ;2;0;0;0;0;0;0;0;0;0;0;0;0;0;0;0;0;7645;FRONTIN, AV CD DE;14154;MONT'ALVERNE, RUA FREI;93;VILA MATILDE;2;0
D021301128;4502;CARRAO, AV CONS;;;2200;;04/02/2013 01:00;2;QD;31;686; ; ;0;0;1;0;0;0;0;0;0;0;0;0;0;0;0;0;0;4502;CARRAO, AV CONS;;;20;CARRAO;1;0
D021301724;14330;MURITIBA, AV BRA DE;;;0;NADA CONSTA ;04/02/2013 02:00;2;CL;55;1679; ; ;2;0;0;0;0;0;0;0;0;0;0;0;0;0;0;0;0;14330;MURITIBA, AV BRA DE;;;51;MANDAQUI;1;0
D021301806;6897;FARIA LIMA, AV BRIG;8838;HORACIO LAFER, AV;0;;04/02/2013 03:10;2;CO;14;1180; ; ;2;0;0;0;0;0;0;0;0;0;0;0;0;0;0;0;0;6897;FARIA LIMA, AV BRIG;8838;HORACIO LAFER, AV;34;ITAIM BIBI;1;1
D021300566;34682;CAMPO LIMPO, ES DO;;;4500;;04/02/2013 04:20;2;CO;37;985; ; ;1;0;1;0;0;0;0;0;0;0;0;0;0;0;0;0;0;34682;CAMPO LIMPO, ES DO;;;17;CAMPO LIMPO;1;0
D021300238;4963;CIPRIANO BARATA, RUA;;;290;;04/02/2013 06:00;2;CO;17;654; ; ;1;1;0;0;0;0;0;0;0;0;0;0;0;0;0;0;0;4963;CIPRIANO BARATA, RUA;;;13;CACHOEIRINHA;1;0
D021301698;26565;SOUZA RAMOS, AV;;;74;;04/02/2013 07:07;2;CL;54;639; ; ;1;0;1;0;0;0;0;0;0;0;0;0;0;0;0;0;0;26565;SOUZA RAMOS, AV;;;50;LIMAO;2;0
D021301772;19708;VILA EMA, AV;;;5760;;04/02/2013 07:17;2;CO;70;732; ; ;1;1;0;0;0;0;0;0;0;0;0;0;0;0;0;0;0;19708;VILA EMA, AV;;;26;CONSOLACAO;1;0
D021300686;61675;JOSE DA SILVA RIBEIRO, RUA;66299;JOSE DE OLIVEIRA COELHO, RUA;0;;04/02/2013 07:24;2;CO;89;933; ; ;1;1;0;0;0;0;0;0;0;0;0;0;0;0;0;0;0;8483;GUILHERME DUMONT VILARES, AV DR;63087;CHARLES SPENCER CHAPLIN, RUA;85;VILA ANDRADE;1;0
D021301506;65494;TETIXIMIRA, RUA;19773;BOICUAIBA, RUA;0;;04/02/2013 07:30;2;CO;59;504; ; ;1;0;0;0;1;0;0;0;0;0;0;0;0;0;0;0;0;19773;BOICUAIBA, RUA;65494;TETIXIMIRA, RUA;43;JARDIM HELENA;2;0
D021300802;15188;OTAVIANO ALVES DE LIMA, AV;;;0;PROXIMO  - PTE.DA CAS;04/02/2013 07:30;2;CH;13;1198; ; ;1;1;0;0;0;0;0;0;0;0;0;0;0;0;0;0;0;29772;MARGINAL DO RIO TIETE, AV;;;23;CIDADE DUTRA;1;0
D021300565;64045;CHIMARRAO, RUA;;;219;;04/02/2013 07:45;2;SI;37;984; ; ;1;0;0;0;0;0;0;0;0;0;0;1;0;0;0;0;0;64045;CHIMARRAO, RUA;;;29;FREGUESIA DO O;3;0
D021300126;543;ALCANTARA MACHADO, AV;7253;FOMM, RUA DR;0;;04/02/2013 07:50;2;CO;8;897; ; ;0;2;0;0;0;0;0;0;0;0;0;0;0;0;0;0;0;543;ALCANTARA MACHADO, AV;7253;FOMM, RUA DR;54;MOOCA;1;0
D021300717;14172;MONTE PASCAL, RUA;;;210;;04/02/2013 07:55;2;CO;91;853; ; ;3;0;0;0;0;0;0;0;0;0;0;0;0;0;0;0;0;14172;MONTE PASCAL, RUA;;;48;LAPA;1;0
D021300383;13466;MARIO DE CAMPOS, RUA DR;;;0;QUILOMETRO  - 12 PISTA N;04/02/2013 08:00;2;QM;97;289; ; ;0;1;0;0;0;0;0;0;0;0;0;0;0;0;0;0;0;13466;MARIO DE CAMPOS, RUA DR;;;37;JABAQUARA;1;0
D021300957;3813;CAETANO ALVARES, AV ENG;;;1995;;04/02/2013 08:00;2;CO;40;1189; ; ;0;2;0;0;0;0;0;0;0;0;0;0;0;0;0;0;0;3813;CAETANO ALVARES, AV ENG;;;21;CASA VERDE;1;0
D021300174;5431;ARTHUR DA COSTA E SILVA, VEL PRES;;;800;;04/02/2013 08:10;2;CT;77;571; ; ;1;1;0;0;0;0;0;0;0;0;0;0;0;0;0;0;0;5431;ARTHUR DA COSTA E SILVA, VEL PRES;;;70;SANTA CECILIA;1;0
D021300855;12563;MAMUD RAHD, RUA;;;973;;04/02/2013 08:45;2;QM;20;1070;B; ;0;1;0;0;0;0;0;0;0;0;0;0;0;0;0;0;0;12563;MAMUD RAHD, RUA;;;83;TREMEMBE;1;0
D021301558;46936;JACU-PESSEGO/NOVA TRABALHADORE, AV;;;1892;;04/02/2013 08:46;2;CH;64;978; ; ;2;0;0;0;0;0;0;0;0;0;0;0;0;0;0;0;0;46936;JACU-PESSEGO/NOVA TRABALHADORE, AV;;;46;JOSE BONIFACIO;1;0
D021300711;18561;LUIZ MIGLIANO, RUA DR;;;0;NADA CONSTA ;04/02/2013 09:00;2;SI;89;1865; ; ;1;1;0;0;0;0;0;0;0;0;0;0;0;0;0;0;0;18561;LUIZ MIGLIANO, RUA DR;;;0;NULL;1;0
D021301167;24338;LUIZ IGNACIO ANHAIA MELLO, AV PROF;;;2935;;04/02/2013 09:05;4;AT;56;722; ; ;0;1;0;0;0;0;0;0;0;0;0;0;0;0;0;0;0;24338;LUIZ IGNACIO ANHAIA MELLO, AV PROF;;;26;CONSOLACAO;1;0
D021300125;14213;MOOCA, RUA DA;;;699;;04/02/2013 09:32;2;CL;8;896;C; ;0;1;0;0;0;0;0;0;0;0;0;1;0;0;0;0;0;14213;MOOCA, RUA DA;;;16;CAMPO GRANDE;1;0
D021300519;7570;FRANCISCO TRAMONTANO, RUA;8070;GOIAS, AV DUQSA DE;0;;04/02/2013 11:00;2;CO;34;716; ; ;0;1;0;1;0;0;0;0;0;0;0;0;0;0;0;0;0;7570;FRANCISCO TRAMONTANO, RUA;8070;GOIAS, AV DUQSA DE;55;MORUMBI;1;0
D021301079;2181;ARICANDUVA, AV;;;1091;;04/02/2013 11:15;2;QM;21;423; ; ;0;1;0;0;0;0;0;0;0;0;0;0;0;0;0;0;0;2181;ARICANDUVA, AV;;;60;PENHA;1;0
D021300195;17240;ROCHA AZEVEDO, AL MIN;;;1213;;04/02/2013 11:16;2;CT;78;937; ; ;1;1;0;0;0;0;0;0;0;0;0;0;0;0;0;0;0;17240;ROCHA AZEVEDO, AL MIN;;;34;ITAIM BIBI;1;0
D021301679;99021;CORACAO SERTANEJO, RUA;;;0;PROXIMO  - R PROF HAS;04/02/2013 11:59;2;CO;53;741; ; ;0;1;0;0;1;0;0;0;0;0;0;0;0;0;0;0;0;99021;CORACAO SERTANEJO, RUA;;;25;CIDADE TIRADENT;1;0
D021300148;10485;JOAO TEODORO, RUA;13303;MARIA MARCOLINA, RUA;0;;04/02/2013 12:06;4;AT;12;700; ; ;1;0;0;0;0;0;0;0;0;0;0;0;0;0;0;0;0;10485;JOAO TEODORO, RUA;13303;MARIA MARCOLINA, RUA;10;BRAS;1;0
D021301520;30308;MANOEL DOS SANTOS BRAGA, AV;;;0;PROXIMO  - AO LONGO D;04/02/2013 12:20;4;AT;62;482;C; ;1;0;0;0;0;0;0;0;0;0;0;0;0;0;0;0;0;30308;MANOEL DOS SANTOS BRAGA, AV;;;89;VILA JACUI;1;0
D021300322;19764;VINTE E TRES DE MAIO, AV;;;70;;04/02/2013 12:22;2;CL;36;566; ; ;1;1;0;0;0;0;0;0;0;0;0;0;0;0;0;0;0;19764;VINTE E TRES DE MAIO, AV;;;17;CAMPO LIMPO;1;0
D021300727;7836;GASTAO VIDIGAL, AV DR;;;100;;04/02/2013 12:32;2;CO;91;1324; ; ;0;2;0;0;0;0;0;0;0;0;0;0;0;0;0;0;0;7836;GASTAO VIDIGAL, AV DR;;;90;VILA LEOPOLDINA;1;0
D021301168;7497;FRANCISCO MESQUITA, AV DR;;;1000;;04/02/2013 12:44;2;QM;56;727; ; ;0;1;0;0;0;0;0;0;0;0;0;0;0;0;0;0;0;7497;FRANCISCO MESQUITA, AV DR;;;95;VILA PRUDENTE;1;0
D021301809;7497;FRANCISCO MESQUITA, AV DR;;;1000;;04/02/2013 12:44;4;AT;14;1288; ; ;0;1;0;1;0;0;0;0;0;0;0;0;0;0;0;0;0;7497;FRANCISCO MESQUITA, AV DR;;;95;VILA PRUDENTE;0;1
D021300217;26501;JOSE MARIA WHITAKER, AV;12242;LUIS GOIS, RUA;0;;04/02/2013 13:00;4;AT;16;1571; ; ;0;0;0;0;0;0;0;0;0;0;0;1;0;0;0;0;0;12242;LUIS GOIS, RUA;26501;JOSE MARIA WHITAKER, AV;79;SAUDE;1;0
D021300415;16919;REBOUCAS, AV;;;1332;;04/02/2013 13:44;2;SI;14;196; ; ;1;1;0;0;0;0;0;0;0;0;0;0;0;0;0;0;0;16919;REBOUCAS, AV;;;44;JARDIM PAULISTA;1;0
D021300196;12165;LUIS ANTONIO, AV BRIG;;;3566;;04/02/2013 13:50;4;AT;78;947; ; ;0;0;1;0;0;0;0;0;0;0;0;0;0;0;0;0;0;12165;LUIS ANTONIO, AV BRIG;;;7;BELA VISTA;1;0
D021301131;8767;HERWIS, RUA;;;546;;04/02/2013 14:00;2;CO;42;437; ; ;1;1;0;0;0;0;0;0;0;0;0;0;0;0;0;0;0;8767;HERWIS, RUA;;;74;SAO LUCAS;1;0
D021300416;16919;REBOUCAS, AV;6775;EUGENIO LEITE, RUA CON;0;;04/02/2013 14:00;4;AT;14;1097; ; ;0;0;0;0;0;0;0;0;0;0;0;0;0;0;0;1;0;6775;EUGENIO LEITE, RUA CON;16919;REBOUCAS, AV;63;PINHEIROS;1;0
D021300128;4543;CASSANDOCA, AV;18706;TAQUARYTINGA, RUA;0;;04/02/2013 14:30;4;AT;8;906; ; ;1;0;0;0;0;0;0;0;0;0;0;0;0;0;0;0;0;4543;CASSANDOCA, AV;18706;TAQUARYTINGA, RUA;54;MOOCA;1;0
D021300762;5204;CONCEICAO (ES.), AV;;;72;;04/02/2013 14:30;2;CO;9;7842; ; ;1;1;0;0;0;0;0;0;0;0;0;0;0;0;0;0;0;5204;CONCEICAO (ES.), AV;;;88;VILA GUILHERME;1;0
D021301138;18408;SOLIDONIO LEITE, RUA;11802;LESSING, RUA;0;;04/02/2013 14:45;2;CO;42;736;C; ;0;2;0;0;0;0;0;0;0;0;0;0;0;0;0;0;0;11802;LESSING, RUA;18408;SOLIDONIO LEITE, RUA;74;SAO LUCAS;1;0
D021301359;9220;INTERLAGOS, AV;;;371;;04/02/2013 14:59;2;QF;99;512; ; ;0;0;0;0;0;0;0;1;0;0;0;0;0;0;0;0;0;9220;INTERLAGOS, AV;;;16;CAMPO GRANDE;1;0
D021301190;5817;DEZENOVE DE JANEIRO, AV;;;653;;04/02/2013 15:00;2;QM;58;294; ; ;0;1;0;0;0;0;0;0;0;0;0;0;0;0;0;0;0;5817;DEZENOVE DE JANEIRO, AV;;;20;CARRAO;1;0
D021300961;98421;VALENCIO AUGUSTO DE B. FILHO, RUA;;;0;PROXIMO  - PC SANTA C;04/02/2013 15:05;2;CO;45;316; ; ;1;1;0;0;0;0;0;0;0;0;0;0;0;0;0;0;0;98421;VALENCIO AUGUSTO DE B. FILHO, RUA;;;29;FREGUESIA DO O;1;0
D021300737;3376;BILLINGS, AV ENG;;;0;PROXIMO  - PTE.CIDADE;04/02/2013 15:30;4;AA;93;806; ; ;0;1;0;0;0;0;0;0;0;0;0;0;0;0;0;0;0;13014;MARGINAL DO RIO PINHEIROS, AV;;;40;JAGUARE;1;0
D021300569;74170;LIRA CEARENSE, RUA;;;200;;04/02/2013 15:30;2;QD;37;1002; ; ;0;0;1;0;0;0;0;0;0;0;0;0;0;0;0;0;0;74170;LIRA CEARENSE, RUA;;;29;FREGUESIA DO O;1;0
D021300763;14270;MORVAN DIAS DE FIGUEIREDO, AV;;;0;PROXIMO  - PTE CRUZEI;04/02/2013 15:30;2;CO;9;791; ; ;1;1;0;0;0;0;0;0;0;0;0;0;0;0;0;0;0;29772;MARGINAL DO RIO TIETE, AV;;;0;NULL;1;0
D021300935;5705;DANTAS CORTEZ, RUA MAJ;;;143;;04/02/2013 15:40;2;CO;39;578;B; ;1;1;0;0;0;0;0;0;0;0;0;0;0;0;0;0;0;5705;DANTAS CORTEZ, RUA MAJ;;;94;VILA MEDEIROS;1;0
D021300149;4332;CARLOS DE CAMPOS, AV;;;935;;04/02/2013 16:00;2;CT;12;742; ; ;1;1;0;0;0;0;0;0;0;0;0;0;0;0;0;0;0;4332;CARLOS DE CAMPOS, AV;;;57;PARI;1;0
D021301127;6239;EDUARDO COTCHING, AV DR;;;148;;04/02/2013 16:00;2;CF;30;900046; ; ;2;0;0;0;0;0;0;0;0;0;0;0;0;0;0;0;0;6239;EDUARDO COTCHING, AV DR;;;87;VILA FORMOSA;1;0
D021301110;4502;CARRAO, AV CONS;;;153;;04/02/2013 16:50;2;CL;30;701; ; ;2;0;0;0;0;0;0;0;0;0;0;0;0;0;0;0;0;4502;CARRAO, AV CONS;;;20;CARRAO;2;0
D021300773;12290;LUIS RAMOS, RUA CAP;13397;MARIETA DA SILVA, RUA;0;;04/02/2013 17:00;2;CO;9;1086; ; ;1;1;0;0;0;0;0;0;0;0;0;0;0;0;0;0;0;12290;LUIS RAMOS, RUA CAP;13397;MARIETA DA SILVA, RUA;88;VILA GUILHERME;1;0
D021300343;1247;ANCHIETA, VIA;16994;RENO, RUA DO;0;;04/02/2013 17:10;2;CO;83;356; ; ;0;1;0;1;0;0;0;0;0;1;0;0;0;0;0;0;0;1247;ANCHIETA, VIA;16994;RENO, RUA DO;69;SACOMA;2;0
D021301615;6293;EGIDIO MARTINS, AV;;;30;;04/02/2013 17:20;4;AT;41;696; ; ;1;0;0;0;0;0;0;0;0;0;0;0;0;0;0;0;0;6293;EGIDIO MARTINS, AV;;;56;PARELHEIROS;1;0
D021300058;5245;CONSOLACAO, RUA DA;;;3106;;04/02/2013 18:00;4;AT;4;935; ; ;1;0;0;0;0;0;0;0;0;0;0;0;0;0;0;0;0;5245;CONSOLACAO, RUA DA;;;26;CONSOLACAO;1;0
D021300127;543;ALCANTARA MACHADO, AV;906;ALVARO RAMOS, AV;0;;04/02/2013 18:15;2;CT;8;904; ; ;1;1;0;0;0;0;0;0;0;0;0;0;0;0;0;0;0;543;ALCANTARA MACHADO, AV;906;ALVARO RAMOS, AV;8;BELEM;1;0
D021300361;6238;NACOES UNIDAS, AV DAS;;;13771;;04/02/2013 18:16;2;CT;96;548; ; ;1;1;0;0;0;0;0;0;0;0;0;0;0;0;0;0;0;13014;MARGINAL DO RIO PINHEIROS, AV;;;90;VILA LEOPOLDINA;1;0
D021300604;73197;MOGEIRO, RUA;;;197;;04/02/2013 18:20;2;CT;46;1126;B; ;0;0;2;0;0;0;0;0;0;0;0;0;0;0;0;0;0;73197;MOGEIRO, RUA;;;52;MARSILAC;4;0
D021300597;73197;MOGEIRO, RUA;;;207;;04/02/2013 18:30;2;CO;46;591; ; ;0;0;2;0;0;0;0;0;0;0;0;0;0;0;0;0;0;73197;MOGEIRO, RUA;;;52;MARSILAC;1;0
D021300649;16878;RAPOSO TAVARES, VIA;;;16600;;04/02/2013 18:30;2;CO;75;440; ; ;1;0;0;1;0;0;0;0;0;0;0;1;0;0;0;0;0;16878;RAPOSO TAVARES, VIA;;;13;CACHOEIRINHA;3;0
D021301038;1979;AQUILINO VIDAL, RUA;;;14;;04/02/2013 18:30;2;CO;10;1388; ; ;1;1;0;0;0;0;0;0;0;0;0;0;0;0;0;0;0;1979;AQUILINO VIDAL, RUA;;;60;PENHA;2;0
D021300095;14317;MUNIZ DE SOUSA, RUA;;;1335;;04/02/2013 18:50;2;CO;6;656; ; ;2;0;0;0;0;0;0;0;0;0;0;0;0;0;0;0;0;14317;MUNIZ DE SOUSA, RUA;;;12;BUTANTA;2;0
D021301602;37209;NAGIB FARAH MALUF, AV;;;0;NADA CONSTA ;04/02/2013 19:00;2;CO;103;406; ; ;1;1;0;0;0;0;0;0;0;0;0;0;0;0;0;0;0;37209;NAGIB FARAH MALUF, AV;;;50;LIMAO;1;0
D021300666;28906;MANOEL BARBOSA, RUA;5947;EDGAR FACO, AV GAL;0;;04/02/2013 19:00;2;CO;87;620; ; ;1;1;0;0;0;0;0;0;0;0;0;0;0;0;0;0;0;5947;EDGAR FACO, AV GAL;28906;MANOEL BARBOSA, RUA;64;PIRITUBA;1;0
D021300417;18813;TEODORO SAMPAIO, RUA;;;1041;;04/02/2013 19:05;4;AT;14;1105; ; ;0;0;0;0;0;0;0;0;0;0;0;1;0;0;0;0;0;18813;TEODORO SAMPAIO, RUA;;;20;CARRAO;1;0
D021300764;11747;LEONCIO DE MAGALHAES, AV;;;0;NADA CONSTA ;04/02/2013 20:25;4;AT;9;797; ; ;1;0;0;0;0;0;0;0;0;0;0;0;0;0;0;0;0;11747;LEONCIO DE MAGALHAES, AV;;;71;SANTANA;1;0
D021301017;39169;JOAO AMADO COUTINHO, RUA;;;150;;04/02/2013 20:40;2;QM;74;791; ; ;0;1;0;0;0;0;0;0;0;0;0;0;0;0;0;0;0;39169;JOAO AMADO COUTINHO, RUA;;;52;MARSILAC;1;0
D021301104;14196;MONTEMAGNO, AV;;;1344;;04/02/2013 21:00;4;AT;29;737; ; ;1;0;0;0;0;0;0;0;0;0;0;0;0;0;0;0;0;14196;MONTEMAGNO, AV;;;46;JOSE BONIFACIO;1;0
D021301546;9084;IMPERADOR, ES DO;;;924;;04/02/2013 21:15;2;CO;63;924; ; ;2;0;0;0;0;0;0;0;0;0;0;0;0;0;0;0;0;9084;IMPERADOR, ES DO;;;89;VILA JACUI;2;0
D021301039;4128;CANGAIBA, AV;;;1813;;04/02/2013 21:15;4;AT;10;1391;C; ;1;0;0;0;0;0;0;0;0;0;0;0;0;0;0;0;0;4128;CANGAIBA, AV;;;18;CANGAIBA;2;0
D021300650;99657;CACHOEIRA DO ARREPENDIDO, RUA;;;10;;04/02/2013 21:20;2;CO;75;442; ; ;0;1;0;0;0;0;0;0;0;0;0;0;0;0;0;1;0;99657;CACHOEIRA DO ARREPENDIDO, RUA;;;13;CACHOEIRINHA;1;0
D021301380;9220;INTERLAGOS, AV;6238;NACOES UNIDAS, AV DAS;0;;04/02/2013 21:30;2;CL;99;1324; ; ;1;1;0;0;0;0;0;0;0;0;0;0;0;0;0;0;0;6238;NACOES UNIDAS, AV DAS;9220;INTERLAGOS, AV;16;CAMPO GRANDE;1;0
D021301169;15275;PACHECO E CHAVES, RUA CAP;15304;PAES DE BARROS, AV;0;;04/02/2013 21:49;4;AT;56;739;C; ;1;0;0;0;0;0;0;0;0;0;0;0;0;0;0;0;0;15275;PACHECO E CHAVES, RUA CAP;15304;PAES DE BARROS, AV;95;VILA PRUDENTE;1;0
D021300307;2235;ARMANDO DE ARRUDA PEREIRA, AV ENG;3841;CAFE, AV DO;0;;04/02/2013 22:20;4;AT;35;1601; ; ;0;0;1;0;0;0;0;0;0;0;0;0;0;0;0;0;0;2235;ARMANDO DE ARRUDA PEREIRA, AV ENG;3841;CAFE, AV DO;37;JABAQUARA;1;0
D021301782;5425;COSTA BARROS, RUA;13034;BARBEIRO DE SEVILHA, RUA;0;;04/02/2013 22:20;4;AT;70;1192; ; ;0;0;0;0;0;0;0;0;0;0;0;0;0;0;0;1;0;5425;COSTA BARROS, RUA;13034;BARBEIRO DE SEVILHA, RUA;74;SAO LUCAS;1;0
D021301805;29772;MARGINAL DO RIO TIETE, AV;;;15000;;04/02/2013 23:15;2;CH;33;1121; ; ;1;0;0;1;0;0;0;0;0;0;0;0;0;0;0;0;0;29772;MARGINAL DO RIO TIETE, AV;;;13;CACHOEIRINHA;0;1
D021300104;5886;DIOGO, RUA CEL;;;709;;05/02/2013 01:32;2;CH;6;914; ; ;1;0;0;0;0;0;0;0;0;0;0;0;0;0;0;0;0;5886;DIOGO, RUA CEL;;;92;VILA MARIANA;1;0
D021301650;2181;ARICANDUVA, AV;;;1250;;05/02/2013 03:30;2;CT;49;1737; ; ;2;0;0;0;0;0;0;0;0;0;0;0;0;0;0;0;0;2181;ARICANDUVA, AV;;;60;PENHA;1;0
D021301300;15507;TEOTONIO VILELA, AV SEN;;;7300;;05/02/2013 05:40;2;QM;85;649; ; ;0;1;0;0;0;0;0;0;0;0;0;0;0;0;0;0;0;15507;TEOTONIO VILELA, AV SEN;;;23;CIDADE DUTRA;1;0
D021301301;15507;TEOTONIO VILELA, AV SEN;;;4929;;05/02/2013 05:45;2;CO;85;729; ; ;1;1;0;0;0;0;0;0;0;0;0;0;0;0;0;0;0;15507;TEOTONIO VILELA, AV SEN;;;23;CIDADE DUTRA;1;0
D021300290;9715;JABAQUARA, AV;4676;CECI, AV;0;;05/02/2013 05:55;2;CO;35;1125; ; ;1;1;0;0;0;0;0;0;0;0;0;0;0;0;0;0;0;4676;CECI, AV;9715;JABAQUARA, AV;79;SAUDE;1;0
D021301680;60675;AFONSO DE SAMPAIO E SOUSA, AV;66455;ARCADIA PAULISTANA, RUA;0;;05/02/2013 06:00;2;CO;53;750;C; ;1;1;0;0;0;0;0;0;0;0;0;0;0;0;0;0;0;60675;AFONSO DE SAMPAIO E SOUSA, AV;66455;ARCADIA PAULISTANA, RUA;58;PARQUE DO CARMO;1;0
D021300418;14282;MOURATO COELHO, RUA;;;615;;05/02/2013 06:20;2;QD;14;1110; ; ;0;0;0;0;0;0;0;1;0;0;0;0;0;0;0;0;0;14282;MOURATO COELHO, RUA;;;45;JARDIM SAO LUIS;1;0
D021300496;1429;ANHANGUERA, VIA;;;14;;05/02/2013 06:30;2;CO;33;619; ; ;1;1;0;0;0;0;0;0;0;0;0;0;0;0;0;0;0;1429;ANHANGUERA, VIA;;;73;SAO DOMINGOS;1;0
D021301243;98963;RODOANEL MARIO COVAS, VIA;;;0;PROXIMO  - AV SADAMU ;05/02/2013 07:10;2;CP;25;290; ; ;1;0;0;0;0;0;0;0;0;0;0;0;0;0;0;0;0;98963;RODOANEL MARIO COVAS, VIA;;;62;PERUS;1;0
D021300492;29035;ANTARTICA, VD;;;164;;05/02/2013 07:30;2;CO;23;1203; ; ;1;1;0;0;0;0;0;0;0;0;0;0;0;0;0;0;0;1475;ANTARTICA, AV;;;19;CAPAO REDONDO;2;0
D021300048;18993;TIRADENTES, AV;6642;ESTADO, AV DO;0;;05/02/2013 07:30;2;CO;2;969; ; ;1;1;0;0;0;0;0;0;0;0;0;0;0;0;0;0;0;6642;ESTADO, AV DO;18993;TIRADENTES, AV;9;BOM RETIRO;1;0
D021301030;39012;POETA, AV DO;10471;JOAO SIMAO DE CASTRO, AV;0;;05/02/2013 07:30;2;CO;90;455; ; ;1;1;0;0;0;0;0;0;0;0;0;0;0;0;0;0;0;10471;JOAO SIMAO DE CASTRO, AV;39012;POETA, AV DO;94;VILA MEDEIROS;1;0
D021300038;1421;ANHAIA, RUA;;;164;;05/02/2013 07:35;4;AT;2;687; ; ;0;1;0;0;0;0;0;0;0;0;0;0;0;0;0;0;0;1421;ANHAIA, RUA;;;9;BOM RETIRO;1;0
D021300520;19461;VALERIO, AV S;;;173;;05/02/2013 07:40;2;CO;34;715; ; ;1;1;0;0;0;0;0;0;0;0;0;0;0;0;0;0;0;19461;VALERIO, AV S;;;13;CACHOEIRINHA;2;0
D021300354;25;ABAUNA, RUA;6298;ELBA, RUA;0;;05/02/2013 07:40;2;CT;95;1063;C; ;1;1;0;0;0;0;0;0;0;0;0;0;0;0;0;0;0;25;ABAUNA, RUA;6298;ELBA, RUA;69;SACOMA;1;0
D021300120;5486;CRISOLITA, RUA;;;180;;05/02/2013 08:30;2;CO;6;900041; ; ;1;1;0;0;0;0;0;0;0;0;0;0;0;0;0;0;0;5486;CRISOLITA, RUA;;;92;VILA MARIANA;1;0
D021300861;1204;ANA SALETE, RUA;3054;BELCHIOR BARREIROS, RUA;0;;05/02/2013 08:37;2;CO;20;1241; ; ;1;1;0;0;0;0;0;0;0;0;0;0;0;0;0;0;0;1204;ANA SALETE, RUA;3054;BELCHIOR BARREIROS, RUA;51;MANDAQUI;1;0
D021301431;10785;JOSE ARTUR NOVA, AV DR;;;10;;05/02/2013 08:50;2;CO;22;634;B; ;0;1;0;0;1;0;0;0;0;0;0;0;0;0;0;0;0;10785;JOSE ARTUR NOVA, AV DR;;;43;JARDIM HELENA;1;0
D021300937;8538;GUSTAVO ADOLFO, AV;;;155;;05/02/2013 09:00;2;CO;39;590;C; ;1;1;0;0;0;0;0;0;0;0;0;0;0;0;0;0;0;8538;GUSTAVO ADOLFO, AV;;;94;VILA MEDEIROS;2;0
D021300883;36284;PETRONIO PORTELA, AV MIN;;;1185;;05/02/2013 09:00;2;CO;28;591; ; ;1;1;0;0;0;0;0;0;0;0;0;0;0;0;0;0;0;36284;PETRONIO PORTELA, AV MIN;;;4;ARICANDUVA;1;0