id_acidente;codloga;logradouroA;codlogb;logradouroB;alt_num;referencia;data;cod_acid;tipo_acidente;dp;numero_BO;sentido;pista;automovel;moto;onibus;caminhao;bicicleta;moto_taxi;onibus_fretado;onibus_urbano;microonibus;van;vuc;caminhonete;carreta;jipe;outros;sem_informacao;carroca;princ_a;paiA;princ_b;paiB;cod_distrito;distrito;vit_ferida;vit_morta
D021300308;8958;IBITURUNA, RUA;;;500;;05/02/2013 09:05;4;AT;35;1604; ; ;0;0;0;0;0;0;0;0;0;0;0;1;0;0;0;0;0;8958;IBITURUNA, RUA;;;79;SAUDE;1;0
D021300291;11423;JURUPARI, RUA;;;620;;05/02/2013 09:10;2;CO;35;1137; ; ;1;1;0;0;0;0;0;0;0;0;0;0;0;0;0;0;0;11423;JURUPARI, RUA;;;37;JABAQUARA;1;0
D021300292;36098;AFFONSO D'ESCRAGNOLLE TAUNAY, AV;;;870;;05/02/2013 09:10;2;CT;35;1139; ; ;1;1;0;0;0;0;0;0;0;0;0;0;0;0;0;0;0;36098;AFFONSO D'ESCRAGNOLLE TAUNAY, AV;;;24;CIDADE LIDER;2;0
D021300839;27104;JANIO QUADROS, PTE PRS.;;;0;NADA CONSTA ;05/02/2013 10:00;2;CT;19;587; ; ;2;0;0;0;0;0;0;0;0;0;0;0;0;0;0;0;0;8478;GUILHERME COTCHING, AV;;;10;BRAS;1;0
D021300011;10376;JOAO MENDES, PCA DR;;;0;FRENTE  - FORUM CIVI;05/02/2013 10:45;4;AT;1;972; ; ;0;1;0;0;0;0;0;0;0;0;0;0;0;0;0;0;0;10376;JOAO MENDES, PCA DR;;;80;SE;1;0
D021301411;8368;GUARAPIRANGA, AV;;;0;NADA CONSTA ;05/02/2013 11:20;4;AT;102;384; ; ;1;0;0;0;0;0;0;0;0;0;0;0;0;0;0;0;0;8368;GUARAPIRANGA, AV;;;45;JARDIM SAO LUIS;1;0
D021301487;17067;RIBEIRO ESCOBAR, RUA;;;100;;05/02/2013 12:00;4;AT;50;1552; ; ;0;0;0;0;0;0;0;0;0;0;0;1;0;0;0;0;0;17067;RIBEIRO ESCOBAR, RUA;;;54;MOOCA;1;0
D021300344;19583;VERGUEIRO, RUA;;;7354;;05/02/2013 12:20;4;AT;95;518; ; ;1;0;0;0;0;0;0;0;0;0;0;0;0;0;0;0;0;19583;VERGUEIRO, RUA;;;33;IPIRANGA;1;0
D021300295;3325;BERTO CONDE, RUA;;;157;;05/02/2013 12:26;4;AT;35;1177; ; ;0;0;0;0;0;0;0;0;0;0;0;1;0;0;0;0;0;3325;BERTO CONDE, RUA;;;79;SAUDE;1;0
D021300938;3181;BENEVENUTO JORDAO, RUA;;;73;;05/02/2013 12:40;4;AT;39;599; ; ;0;1;0;0;0;0;0;0;0;0;0;0;0;0;0;0;0;3181;BENEVENUTO JORDAO, RUA;;;94;VILA MEDEIROS;1;0
D021301040;17449;ROSARIO, LGO DO;10439;JOAO RIBEIRO, RUA DR;0;;05/02/2013 12:45;2;CT;10;1418; ; ;1;0;1;0;0;0;0;0;0;0;0;0;0;0;0;0;0;10439;JOAO RIBEIRO, RUA DR;17449;ROSARIO, LGO DO;  ;;2;0
D021301258;2787;PAULO MANGABEIRA ALBERNAZ, RUA PROF;;;365;;05/02/2013 13:04;2;CO;43;895; ; ;1;1;0;0;0;0;0;0;0;0;0;0;0;0;0;0;0;2787;PAULO MANGABEIRA ALBERNAZ, RUA PROF;;;22;CIDADE ADEMAR;1;0
D021301715;9589;ADELIA CHOHFI, AV;;;100;;05/02/2013 13:05;2;QD;55;646; ; ;0;0;1;0;0;0;0;0;0;0;0;0;0;0;0;0;0;9589;ADELIA CHOHFI, AV;;;75;SAO MATEUS;1;0
D021301133;26972;FLORENTINO RODRIGUES, RUA;;;106;;05/02/2013 13:17;2;CO;42;454; ; ;0;0;0;0;1;0;0;0;0;0;0;0;0;0;0;1;0;26972;FLORENTINO RODRIGUES, RUA;;;26;CONSOLACAO;1;0
D021300499;33234;MARGINAL DIREITA DO TIETE, AV;;;0;QUILOMETRO  - 1,2;05/02/2013 13:30;2;CT;33;891; ; ;2;0;0;0;0;0;0;0;0;1;0;0;0;0;0;0;0;29772;MARGINAL DO RIO TIETE, AV;;;39;JAGUARA;4;0
D021301757;76102;GODOFREDO CERQUEIRA LEITE, RUA TTE;;;11;;05/02/2013 13:50;4;AT;69;1217; ; ;0;0;0;0;0;0;0;0;0;1;0;0;0;0;0;0;0;76102;GODOFREDO CERQUEIRA LEITE, RUA TTE;;;51;MANDAQUI;1;0
D021300293;2281;ARNALDO PEREIRA, RUA PDE;;;165;;05/02/2013 14:00;2;CO;35;1152; ; ;2;1;0;0;0;0;0;0;0;0;0;0;0;0;0;0;0;2281;ARNALDO PEREIRA, RUA PDE;;;15;CAMPO BELO;2;0
D021300521;21242;PLINIO SALGADO, RUA;;;11;;05/02/2013 14:30;4;AT;34;757; ; ;1;0;0;0;0;0;0;0;0;0;0;0;0;0;0;0;0;21242;PLINIO SALGADO, RUA;;;13;CACHOEIRINHA;1;0
D021301773;11872;LIMA CANTUARIA, RUA;;;45;;05/02/2013 14:31;4;AT;70;772; ; ;0;1;0;0;0;0;0;0;0;0;0;0;0;0;0;0;0;11872;LIMA CANTUARIA, RUA;;;56;PARELHEIROS;2;0
D021301341;9224;VITORINO FREIRE, AV SEN;;;608;;05/02/2013 14:45;2;QD;98;1388;C; ;0;0;0;0;0;0;0;1;0;0;0;0;0;0;0;0;0;9224;VITORINO FREIRE, AV SEN;;;22;CIDADE ADEMAR;1;0
D021300039;16581;PRATES, RUA;17275;RODOLFO MIRANDA, RUA;0;;05/02/2013 15:00;2;CO;2;699; ; ;1;1;0;0;0;0;0;0;0;0;0;0;0;0;0;0;0;16581;PRATES, RUA;17275;RODOLFO MIRANDA, RUA;9;BOM RETIRO;1;0
D021300239;7746;GAMA LOBO, RUA;12910;MARCHETTI, RUA PDE;0;;05/02/2013 15:15;2;CO;17;698; ; ;1;1;0;0;0;0;0;0;0;0;0;0;0;0;0;0;0;7746;GAMA LOBO, RUA;12910;MARCHETTI, RUA PDE;33;IPIRANGA;1;0
D021301288;10564;JOAQUIM HONORATO DE CAMARGO, PCA;;;20;;05/02/2013 15:30;4;AT;80;457; ; ;1;0;0;0;0;0;0;0;0;0;0;0;0;0;0;0;0;10564;JOAQUIM HONORATO DE CAMARGO, PCA;;;29;FREGUESIA DO O;1;0
D021301270;35508;SIMAO CAETANO NUNES, AV;;;300;;05/02/2013 15:45;4;AT;47;2093; ; ;0;0;0;0;0;0;0;1;0;0;0;0;0;0;0;0;0;35508;SIMAO CAETANO NUNES, AV;;;29;FREGUESIA DO O;1;0
D021300803;21876;CAMPO DE BAGATELLE, PCA;;;0;NADA CONSTA ;05/02/2013 16:10;2;CO;13;1268; ; ;1;1;0;0;0;0;0;0;0;0;0;0;0;0;0;0;0;21876;CAMPO DE BAGATELLE, PCA;;;8;BELEM;1;0
D021300396;29772;MARGINAL DO RIO TIETE, AV;;;0;PROXIMO  - PRES.CASTE;05/02/2013 16:15;2;CO;7;850; ; ;1;0;0;1;0;0;0;0;0;0;0;0;0;0;0;0;0;29772;MARGINAL DO RIO TIETE, AV;;;13;CACHOEIRINHA;1;0
D021301250;38651;LOURICAL, RUA MARQ DE;;;539;;05/02/2013 16:18;2;QM;25;900065; ; ;0;1;0;0;0;0;0;0;0;0;0;0;0;0;0;0;0;38651;LOURICAL, RUA MARQ DE;;;76;SAO MIGUEL;1;0
D021300718;4781;CERRO CORA, RUA;16299;PIO XI, RUA;0;;05/02/2013 16:19;2;CO;91;893; ; ;1;0;0;0;0;0;0;0;0;0;0;0;0;0;0;0;0;4781;CERRO CORA, RUA;16299;PIO XI, RUA;48;LAPA;1;0
D021300969;62441;JOAO HONORIO, RUA;15454;PARAMIRIM, RUA;0;;05/02/2013 16:20;2;CO;45;1106; ; ;0;1;0;0;1;0;0;0;0;0;0;0;0;0;0;0;0;15454;PARAMIRIM, RUA;62441;JOAO HONORIO, RUA;11;BRASILANDIA;1;0
D021301201;19035;TOLEDO BARBOSA, RUA;;;458;;05/02/2013 17:00;2;CH;81;336; ; ;0;0;0;0;1;0;0;0;0;0;0;1;0;0;0;0;0;19035;TOLEDO BARBOSA, RUA;;;10;BRAS;1;0
D021301603;37209;NAGIB FARAH MALUF, AV;;;830;;05/02/2013 17:30;2;CO;103;509; ; ;1;0;0;0;1;0;0;0;0;0;0;0;0;0;0;0;0;37209;NAGIB FARAH MALUF, AV;;;50;LIMAO;2;0
D021301432;10785;JOSE ARTUR NOVA, AV DR;16014;PEDROSO DA SILVA, RUA;0;;05/02/2013 17:50;2;CL;22;708;B; ;1;1;0;0;0;0;0;0;0;0;0;0;0;0;0;0;0;10785;JOSE ARTUR NOVA, AV DR;16014;PEDROSO DA SILVA, RUA;43;JARDIM HELENA;1;0
D021301200;19328;ULISSES CRUZ, RUA;;;60;;05/02/2013 18:00;2;CO;81;333; ; ;2;0;0;0;0;0;0;0;0;0;0;0;0;0;0;0;0;19328;ULISSES CRUZ, RUA;;;27;CURSINO;1;0
D021301738;8261;WALDEMAR CARLOS PEREIRA, AV;;;1940;;05/02/2013 18:47;2;CO;66;763; ; ;0;1;0;0;0;0;0;0;0;0;0;0;0;0;0;1;0;8261;WALDEMAR CARLOS PEREIRA, AV;;;93;VILA MATILDE;1;0
D021300241;14449;NAZARE, AV;;;1679;;05/02/2013 19:00;2;CO;17;793;B; ;1;1;0;0;0;0;0;0;0;0;0;0;0;0;0;0;0;14449;NAZARE, AV;;;33;IPIRANGA;1;0
D021300667;16838;RAIMUNDO PEREIRA DE MAGAL., AV;;;4335;;05/02/2013 19:00;2;CT;87;636; ; ;1;1;0;0;0;0;0;0;0;0;0;0;0;0;0;0;0;16838;RAIMUNDO PEREIRA DE MAGAL., AV;;;31;GUAIANASES;1;0
D021300340;29598;ANTONIO AUGE GARCIA, RUA;;;156;;05/02/2013 19:00;4;AT;83;1026; ; ;0;1;0;0;0;0;0;0;0;0;0;0;0;0;0;0;0;29598;ANTONIO AUGE GARCIA, RUA;;;21;CASA VERDE;1;0
D021300949;8538;GUSTAVO ADOLFO, AV;9512;ITAMONTE, RUA;0;;05/02/2013 20:09;2;CO;39;1283; ; ;0;1;0;0;0;0;0;0;0;0;0;1;0;0;0;0;0;8538;GUSTAVO ADOLFO, AV;9512;ITAMONTE, RUA;94;VILA MEDEIROS;1;0
D021301739;2181;ARICANDUVA, AV;;;5630;;05/02/2013 20:12;2;SI;66;764; ; ;0;0;0;0;0;0;0;0;0;0;0;0;0;0;0;1;0;2181;ARICANDUVA, AV;;;60;PENHA;1;0
D021300970;52080;CRUZ DA CONCEICAO, RUA STA;;;128;;05/02/2013 20:57;2;SI;45;1112; ; ;0;1;0;0;0;0;0;0;0;0;0;0;0;0;0;1;0;52080;CRUZ DA CONCEICAO, RUA STA;;;11;BRASILANDIA;1;0
D021300950;36061;LUIZ DUMONT VILLARES, AV;;;0;PROXIMO  - AV.TUCURUV;05/02/2013 22:00;2;CH;39;1287; ; ;1;0;0;0;0;0;0;0;0;0;0;0;0;0;0;0;0;36061;LUIZ DUMONT VILLARES, AV;;;22;CIDADE ADEMAR;2;0
D021300898;15188;OTAVIANO ALVES DE LIMA, AV;;;4694;;05/02/2013 22:20;2;CO;28;1282; ; ;1;1;0;0;0;0;0;0;0;0;0;0;0;0;0;0;0;29772;MARGINAL DO RIO TIETE, AV;;;23;CIDADE DUTRA;1;0
D021300804;4308;CARLOS BELMIRO CORREIA, RUA;;;1240;;05/02/2013 22:30;4;AT;13;1280; ; ;1;0;0;0;0;0;0;0;0;0;0;0;0;0;0;0;0;4308;CARLOS BELMIRO CORREIA, RUA;;;21;CASA VERDE;1;0
D021301395;12403;M'BOI MIRIM, ES;;;4100;;06/02/2013 00:10;2;CF;100;1529; ; ;1;1;0;0;0;0;0;0;0;0;0;0;0;0;0;0;0;12403;M'BOI MIRIM, ES;;;42;JARDIM ANGELA;1;0
D021300778;11321;JULIO BUONO, AV;;;1086;;06/02/2013 00:54;2;CH;9;1113; ; ;1;0;0;0;0;0;0;0;0;0;0;0;0;0;0;0;0;11321;JULIO BUONO, AV;;;94;VILA MEDEIROS;1;0
D021301700;99999;METALURGICOS, AV DOS;;;2000;;06/02/2013 01:00;2;QD;54;707; ; ;0;0;1;0;0;0;0;0;0;0;0;0;0;0;0;0;0;99999;METALURGICOS, AV DOS;;;25;CIDADE TIRADENT;1;0
D021300837;8478;GUILHERME COTCHING, AV;;;0;NADA CONSTA ;06/02/2013 06:00;4;AT;19;489; ; ;0;1;0;0;0;0;0;0;0;0;0;0;0;0;0;0;0;8478;GUILHERME COTCHING, AV;;;91;VILA MARIA;1;0
D021300719;7836;GASTAO VIDIGAL, AV DR;4677;APECATU, PCA;0;;06/02/2013 06:02;2;CO;91;903; ; ;2;0;0;0;0;0;0;0;0;0;0;0;0;0;0;0;0;4677;APECATU, PCA;7257;FONSECA RODRIGUES, AV PROF;90;VILA LEOPOLDINA;1;0
D021301533;16490;PONTE RASA, RUA;21253;AGUIA DE HAIA, AV;0;;06/02/2013 06:20;2;CO;62;1315; ; ;0;1;0;0;0;0;0;0;0;0;0;1;0;0;0;0;0;16490;PONTE RASA, RUA;21253;AGUIA DE HAIA, AV;65;PONTE RASA;1;0
D021301101;17824;SAPOPEMBA, AV;;;3690;;06/02/2013 06:40;2;CO;29;334; ; ;1;1;0;0;0;0;0;0;0;0;0;0;0;0;0;0;0;17824;SAPOPEMBA, AV;;;33;IPIRANGA;1;0
D021300695;8000;GIOVANNI GRONCHI, AV;32096;GOIABEIRAS, RUA DAS;0;;06/02/2013 06:50;4;AT;89;1151; ; ;1;0;0;0;0;0;0;0;0;0;0;0;0;0;0;0;0;7569;FRANCISCO THOMAZ DE CARVALHO, RUA DR;8000;GIOVANNI GRONCHI, AV;55;MORUMBI;1;0
D021300651;77539;MARCOLINO VAZ FIGUEIRA, RUA;;;0;PROXIMO  - R.ARTUR FE;06/02/2013 07:00;4;AT;75;461; ; ;0;0;0;0;0;0;0;0;0;0;0;1;0;0;0;0;0;77539;MARCOLINO VAZ FIGUEIRA, RUA;;;13;CACHOEIRINHA;1;0
D021301716;74763;LOURENCO DO VALE, RUA;;;28;;06/02/2013 07:15;2;SI;55;660; ; ;1;1;0;0;0;0;0;0;0;0;0;0;0;0;0;0;0;74763;LOURENCO DO VALE, RUA;;;55;MORUMBI;1;0
D021300623;16878;RAPOSO TAVARES, VIA;;;0;QUILOMETRO  - 13,200;06/02/2013 07:20;2;CO;51;626; ; ;1;1;0;0;0;0;0;0;0;0;0;0;0;0;0;0;0;16878;RAPOSO TAVARES, VIA;;;13;CACHOEIRINHA;1;0
D021301090;7645;FRONTIN, AV CD DE;;;0;PROXIMO  - METRO GUIL;06/02/2013 07:20;2;QM;21;1031; ; ;0;1;0;0;0;0;0;0;0;0;0;0;0;0;0;0;0;7645;FRONTIN, AV CD DE;;;93;VILA MATILDE;1;0
D021300720;11780;LEOPOLDINA, AV IMP;18767;TEERA, RUA;0;;06/02/2013 07:25;2;CO;91;904; ; ;1;1;0;0;0;0;0;0;0;0;0;0;0;0;0;0;0;11780;LEOPOLDINA, AV IMP;18767;TEERA, RUA;90;VILA LEOPOLDINA;1;0
D021301074;1702;ANTONIO ESTEVAO DE CARVALHO, AV;;;300;;06/02/2013 07:30;2;CT;21;399;C; ;1;1;0;0;0;0;0;0;0;0;0;0;0;0;0;0;0;1702;ANTONIO ESTEVAO DE CARVALHO, AV;;;93;VILA MATILDE;1;0
D021300294;66;ABRAAO DE MORAIS, AV PROF;6883;FAGUNDES FILHO, AV;0;;06/02/2013 07:50;2;CO;35;1166; ; ;1;1;0;0;0;0;0;0;0;0;0;0;0;0;0;0;0;66;ABRAAO DE MORAIS, AV PROF;6883;FAGUNDES FILHO, AV;79;SAUDE;1;0
D021300175;14750;NOTHMANN, AL;11337;JULIO MARCONDES SALGADO, RUA GAL;0;;06/02/2013 08:06;2;CO;77;597; ; ;2;0;0;0;0;0;0;0;0;0;0;0;0;0;0;0;0;11337;JULIO MARCONDES SALGADO, RUA GAL;14750;NOTHMANN, AL;70;SANTA CECILIA;1;0
D021300594;9529;ITAPECERICA, ES DE;;;0;NADA CONSTA ;06/02/2013 08:15;2;QM;37;2455; ; ;0;1;0;0;0;0;0;0;0;0;0;0;0;0;0;0;0;9529;ITAPECERICA, ES DE;;;29;FREGUESIA DO O;1;0
D021300995;3199;BENJAMIN PEREIRA, RUA;;;150;;06/02/2013 08:15;4;AT;73;1367; ; ;0;1;0;0;0;0;0;0;0;0;0;0;0;0;0;0;0;3199;BENJAMIN PEREIRA, RUA;;;38;JACANA;1;0
D021300856;8861;HORTO, RUA DO;;;356;;06/02/2013 08:20;2;CF;20;1134; ; ;1;1;0;0;0;0;0;0;0;0;0;0;0;0;0;0;0;8861;HORTO, RUA DO;;;83;TREMEMBE;1;0
D021301242;6238;NACOES UNIDAS, AV DAS;;;16471;;06/02/2013 08:20;2;CT;11;900050; ; ;2;2;0;0;0;0;0;0;0;0;0;0;0;0;0;0;0;13014;MARGINAL DO RIO PINHEIROS, AV;;;90;VILA LEOPOLDINA;1;0
D021301360;12039;LOURIVAL ALVES DE SOUZA, AV SARG;;;290;;06/02/2013 09:10;4;AT;99;530; ; ;0;1;0;0;0;0;0;0;0;0;0;0;0;0;0;0;0;12039;LOURIVAL ALVES DE SOUZA, AV SARG;;;16;CAMPO GRANDE;1;0
D021300624;16878;RAPOSO TAVARES, VIA;;;13;;06/02/2013 09:20;2;QM;51;630;C; ;0;1;0;0;0;0;0;0;0;0;0;0;0;0;0;0;0;16878;RAPOSO TAVARES, VIA;;;13;CACHOEIRINHA;1;0
D021300198;15656;PAULISTA, AV;;;0;PROXIMO  - MASP;06/02/2013 10:15;2;CO;78;993; ; ;1;1;0;0;0;0;0;0;0;0;0;0;0;0;0;0;0;15656;PAULISTA, AV;;;7;BELA VISTA;1;0
D021300522;7500;FRANCISCO MORATO, AV PROF;;;2000;;06/02/2013 10:30;2;CO;34;782; ; ;1;1;0;0;0;0;0;0;0;0;0;0;0;0;0;0;0;7500;FRANCISCO MORATO, AV PROF;;;12;BUTANTA;1;0
D021301714;9589;ADELIA CHOHFI, AV;;;551;;06/02/2013 11:00;2;CO;55;396; ; ;1;1;0;0;0;0;0;0;0;0;0;0;0;0;0;0;0;9589;ADELIA CHOHFI, AV;;;75;SAO MATEUS;1;0
D021301702;26565;SOUZA RAMOS, AV;;;0;NADA CONSTA ;06/02/2013 12:17;2;QD;54;808; ; ;0;0;1;0;0;0;0;0;0;0;0;0;0;0;0;0;0;26565;SOUZA RAMOS, AV;;;50;LIMAO;1;0
D021301199;2009;ARACE, RUA;;;280;;06/02/2013 12:20;2;QM;58;900047; ; ;0;1;0;0;0;0;0;0;0;0;0;0;0;0;0;0;0;2009;ARACE, RUA;;;87;VILA FORMOSA;1;0
D021301244;32541;PAULO GUILGUER REIMBERG, AV;;;2999;;06/02/2013 12:32;2;CO;25;310;B; ;1;1;0;0;0;0;0;0;0;0;0;0;0;0;0;0;0;32541;PAULO GUILGUER REIMBERG, AV;;;32;IGUATEMI;2;0
D021300851;19884;VOLUNTARIOS DA PATRIA, RUA;;;3341;;06/02/2013 12:40;2;CO;20;523; ; ;2;1;0;0;0;0;0;0;0;0;0;0;0;0;0;0;0;19884;VOLUNTARIOS DA PATRIA, RUA;;;8;BELEM;1;0
D021301228;19931;WASHINGTON LUIS, AV;;;406;;06/02/2013 12:45;2;CO;11;1418; ; ;2;0;0;0;0;0;0;0;0;0;0;0;0;0;0;0;0;19931;WASHINGTON LUIS, AV;;;30;GRAJAU;1;0
D021301139;63184;MANHUACU, RUA;75405;BRUMADO DE MINAS, AV;0;;06/02/2013 12:45;2;CO;42;788; ; ;1;0;1;0;0;0;0;0;0;0;0;0;0;0;0;0;0;26966;JOSE JERAISSATI, RUA;75405;BRUMADO DE MINAS, AV;95;VILA PRUDENTE;2;0
D021300345;1247;ANCHIETA, VIA;;;0;QUILOMETRO  - 10;06/02/2013 12:50;2;CT;95;544; ; ;1;1;0;0;0;0;0;0;0;0;0;0;0;0;0;0;0;1247;ANCHIETA, VIA;;;33;IPIRANGA;1;0
D021300296;36098;AFFONSO D'ESCRAGNOLLE TAUNAY, AV;;;0;PROXIMO  - VD JABAQUA;06/02/2013 13:00;2;CL;35;1186; ; ;1;1;0;0;0;0;0;0;0;0;0;0;0;0;0;0;0;36098;AFFONSO D'ESCRAGNOLLE TAUNAY, AV;;;24;CIDADE LIDER;1;0
D021300012;33667;LESTE-OESTE, LIG;;;100;;06/02/2013 13:10;2;QM;1;1022; ; ;0;1;0;0;0;0;0;0;0;0;0;0;0;0;0;0;0;33667;LESTE-OESTE, LIG;;;2;ALTO DE PINHEIR;1;0
D021300234;17008;RESENDE COSTA, RUA;;;155;;06/02/2013 13:30;4;AT;17;546; ; ;0;1;0;0;0;0;0;0;0;0;0;0;0;0;0;0;0;17008;RESENDE COSTA, RUA;;;18;CANGAIBA;1;0
D021301452;13881;MIGUEL, AV S;;;0;PROXIMO  - EXTRA PENH;06/02/2013 14:15;2;QD;24;1244; ; ;0;0;0;0;0;0;0;1;0;0;0;0;0;0;0;0;0;13881;MIGUEL, AV S;;;65;PONTE RASA;1;0
D021301833;6013;DOMINGOS DE MORAIS, RUA;17755;CRUZ, RUA STA;0;;06/02/2013 14:29;4;AT;16;1683; ; ;0;0;1;0;0;0;0;0;0;0;0;0;0;0;0;0;0;3502;BORGES LAGOA, RUA;6013;DOMINGOS DE MORAIS, RUA;92;VILA MARIANA;1;1
D021300464;18519;SUMARE, AV;;;500;;06/02/2013 14:50;2;QD;23;507;C; ;0;0;0;0;0;0;0;1;0;0;0;0;0;0;0;0;0;18519;SUMARE, AV;;;61;PERDIZES;1;0
D021301112;4144;CANTAGALO, RUA;4090;CANDIA, RUA;0;;06/02/2013 15:07;2;CL;30;752; ; ;1;1;0;0;0;0;0;0;0;0;0;0;0;0;0;0;0;4090;CANDIA, RUA;4144;CANTAGALO, RUA;20;CARRAO;2;0
D021300523;8611;HEITOR DOS PRAZERES, RUA;;;318;;06/02/2013 16:00;2;CT;34;792; ; ;1;1;0;0;0;0;0;0;0;0;0;0;0;0;0;0;0;8611;HEITOR DOS PRAZERES, RUA;;;96;VILA SONIA;1;0
D021300955;4015;JOAO MARCELINO BRANCO, AV;;;366;;06/02/2013 17:11;2;CO;40;531; ; ;1;1;0;0;0;0;0;0;0;0;0;0;0;0;0;0;0;4015;JOAO MARCELINO BRANCO, AV;;;13;CACHOEIRINHA;1;0
D021301342;8246;VICENTE STRICHALSKY, RUA;;;225;;06/02/2013 17:19;4;AT;98;1439; ; ;0;1;0;0;0;0;0;0;0;0;0;0;0;0;0;0;0;8246;VICENTE STRICHALSKY, RUA;;;59;PEDREIRA;3;0
D021300419;16919;REBOUCAS, AV;;;0;NADA CONSTA ;06/02/2013 17:40;2;QM;14;1168; ; ;0;1;0;0;0;0;0;0;0;0;0;0;0;0;0;0;0;16919;REBOUCAS, AV;;;44;JARDIM PAULISTA;1;0
D021301713;99789;IGARAPE DA BELA AURORA, RUA;72670;INACIO MONTEIRO, RUA;0;;06/02/2013 17:45;2;CL;54;900049; ; ;1;1;0;0;0;0;0;0;0;0;0;0;0;0;0;0;0;72670;INACIO MONTEIRO, RUA;99789;IGARAPE DA BELA AURORA, RUA;68;RIO PEQUENO;1;0
D021301303;61578;LUCIO DIAS RAMOS, RUA MAJ;;;0;NADA CONSTA ;06/02/2013 18:00;2;CO;85;943;B; ;1;1;0;0;0;0;0;0;0;0;0;0;0;0;0;0;0;61578;LUCIO DIAS RAMOS, RUA MAJ;;;32;IGUATEMI;1;0
D021300677;15626;PAULA FERREIRA, AV;;;0;PROXIMO  - TV ALM SAI;06/02/2013 18:00;4;AT;87;153; ; ;0;0;0;0;0;0;0;0;0;0;0;1;0;0;0;0;0;15626;PAULA FERREIRA, AV;;;64;PIRITUBA;1;0
D021300362;6238;NACOES UNIDAS, AV DAS;;;12551;;06/02/2013 18:43;2;QM;96;603; ; ;0;1;0;0;0;0;0;0;0;0;0;0;0;0;0;0;0;13014;MARGINAL DO RIO PINHEIROS, AV;;;90;VILA LEOPOLDINA;1;0
D021300235;18339;SIQUEIRA BULCAO, RUA;;;97;;06/02/2013 19:55;2;CO;17;549; ; ;1;1;0;0;0;0;0;0;0;0;0;0;0;0;0;0;0;18339;SIQUEIRA BULCAO, RUA;;;18;CANGAIBA;1;0
D021301186;15034;ORATORIO, RUA DO;7033;FERNANDO FALCAO, RUA;0;;06/02/2013 20:20;2;QM;57;783; ; ;0;1;0;0;0;0;0;0;0;0;0;0;0;0;0;0;0;3383;BIXIRA, RUA;7033;FERNANDO FALCAO, RUA;54;MOOCA;1;0
D021301105;14196;MONTEMAGNO, AV;3676;BRUNA, RUA;0;;06/02/2013 20:25;2;CO;29;784; ; ;1;0;0;0;1;0;0;0;0;0;0;0;0;0;0;0;0;3676;BRUNA, RUA;14196;MONTEMAGNO, AV;1;AGUA RASA;1;0
D021300178;6263;EDUARDO PRADO, AL;11883;LIMEIRA, AL BR DE;0;;06/02/2013 21:30;2;CO;77;729;C; ;1;1;0;0;0;0;0;0;0;0;0;0;0;0;0;0;0;6263;EDUARDO PRADO, AL;11883;LIMEIRA, AL BR DE;  ;;1;0
D021301563;21253;AGUIA DE HAIA, AV;3994;CAMPANELLA, AV;0;;06/02/2013 22:10;2;CT;64;1344; ; ;1;0;0;0;0;0;0;1;0;0;0;0;0;0;0;0;0;6613;ESPERANTINA, AV;21253;AGUIA DE HAIA, AV;5;ARTUR ALVIM;2;0
D021301620;14366;NACIONALISTAS, AV DOS;;;37;;06/02/2013 22:30;2;CH;41;1276; ; ;0;0;1;0;0;0;0;0;0;0;0;0;0;0;0;0;0;14366;NACIONALISTAS, AV DOS;;;4;ARICANDUVA;2;0
D021300971;99171;SAO PAULO, AV;;;2878;;06/02/2013 22:30;2;CO;45;1145; ; ;1;1;0;0;0;0;0;0;0;0;0;0;0;0;0;0;0;99171;SAO PAULO, AV;;;30;GRAJAU;1;0
D021300568;99949;CARLOS CALDEIRA FILHO, AV;;;3222;;06/02/2013 22:40;2;CO;37;1001; ; ;0;0;0;0;1;0;0;0;0;0;0;1;0;0;0;0;0;99949;CARLOS CALDEIRA FILHO, AV;;;19;CAPAO REDONDO;1;0
D021300335;16700;IV CENTENARIO, AV;17003;REPUBLICA DO LIBANO, AV;0;;06/02/2013 23:10;2;CF;36;1327; ; ;1;1;0;0;0;0;0;0;0;0;0;0;0;0;0;0;0;16700;IV CENTENARIO, AV;17003;REPUBLICA DO LIBANO, AV;53;MOEMA;1;0
D021300639;19817;VITAL BRASIL, AV;;;72;;06/02/2013 23:30;4;AT;51;1179; ; ;0;1;0;0;0;0;0;0;0;0;0;0;0;0;0;0;0;19817;VITAL BRASIL, AV;;;13;CACHOEIRINHA;1;0
D021300688;8000;GIOVANNI GRONCHI, AV;99949;CARLOS CALDEIRA FILHO, AV;0;;07/02/2013 01:30;2;CL;89;1002; ; ;1;0;1;0;0;0;0;0;0;0;0;0;0;0;0;0;0;8000;GIOVANNI GRONCHI, AV;99949;CARLOS CALDEIRA FILHO, AV;85;VILA ANDRADE;1;0
D021301096;44742;BERNARDINO BRITO FONSECA DE CA, AV;;;0;NADA CONSTA ;07/02/2013 03:33;4;AT;21;1502; ; ;0;0;0;0;0;0;0;0;0;0;0;0;0;0;0;1;0;44742;BERNARDINO BRITO FONSECA DE CA, AV;;;93;VILA MATILDE;1;0