id_acidente;codloga;logradouroA;codlogb;logradouroB;alt_num;referencia;data;cod_acid;tipo_acidente;dp;numero_BO;sentido;pista;automovel;moto;onibus;caminhao;bicicleta;moto_taxi;onibus_fretado;onibus_urbano;microonibus;van;vuc;caminhonete;carreta;jipe;outros;sem_informacao;carroca;princ_a;paiA;princ_b;paiB;cod_distrito;distrito;vit_ferida;vit_morta
D021300911;7347;FRANCISCO RANIERI, AV DR;;;940;;08/02/2013 12:40;2;CO;38;701; ; ;0;1;0;0;0;0;0;1;0;0;0;0;0;0;0;0;0;7347;FRANCISCO RANIERI, AV DR;;;51;MANDAQUI;1;0
D021301654;13671;MATEO BEI, AV;;;2787;;08/02/2013 13:00;4;AT;49;2104; ; ;1;0;0;0;0;0;0;0;0;0;0;0;0;0;0;0;0;13671;MATEO BEI, AV;;;75;SAO MATEUS;1;0
D021300766;36061;LUIZ DUMONT VILLARES, AV;19803;VIRI, RUA;0;;08/02/2013 13:00;2;CO;9;883; ; ;1;1;0;0;0;0;0;0;0;0;0;0;0;0;0;0;0;19803;VIRI, RUA;36061;LUIZ DUMONT VILLARES, AV;71;SANTANA;1;0
D021300765;13172;MARIA CANDIDA, RUA;;;1312;;08/02/2013 13:10;4;AT;9;872; ; ;1;0;0;0;0;0;0;0;0;0;0;0;0;0;0;0;0;13172;MARIA CANDIDA, RUA;;;88;VILA GUILHERME;1;0
D021300740;831;ALTINO, AV PRES;;;2985;;08/02/2013 13:30;2;SI;93;339; ; ;1;0;2;0;0;0;0;0;0;0;0;0;0;0;0;0;0;831;ALTINO, AV PRES;;;40;JAGUARE;4;0
D021301043;954;AMADOR BUENO DA VEIGA, AV;;;1800;;08/02/2013 13:30;2;CO;10;1567; ; ;1;1;0;0;0;0;0;0;0;0;0;0;0;0;0;0;0;954;AMADOR BUENO DA VEIGA, AV;;;60;PENHA;1;0
D021301389;12403;M'BOI MIRIM, ES;;;11160;;08/02/2013 13:37;4;AT;100;884; ; ;0;0;1;0;0;0;0;0;0;0;0;0;0;0;0;0;0;12403;M'BOI MIRIM, ES;;;42;JARDIM ANGELA;1;0
D021301363;9220;INTERLAGOS, AV;;;285;;08/02/2013 13:50;2;CL;99;580; ; ;2;1;0;0;0;0;0;0;0;0;0;0;0;0;0;0;0;9220;INTERLAGOS, AV;;;16;CAMPO GRANDE;1;0
D021301140;24338;LUIZ IGNACIO ANHAIA MELLO, AV PROF;;;6270;;08/02/2013 14:30;2;CO;42;846;B; ;0;1;0;0;0;0;0;1;0;0;0;0;0;0;0;0;0;24338;LUIZ IGNACIO ANHAIA MELLO, AV PROF;;;26;CONSOLACAO;1;0
D021300240;6642;ESTADO, AV DO;15609;PATRIOTAS, RUA DOS;0;;08/02/2013 14:45;4;AT;17;765; ; ;0;0;0;0;0;0;0;0;0;0;0;1;0;0;0;0;0;6642;ESTADO, AV DO;15609;PATRIOTAS, RUA DOS;33;IPIRANGA;1;0
D021300129;19958;WILSON, AV PRES;;;1230;;08/02/2013 14:49;2;CO;8;1000; ; ;1;1;0;0;0;0;0;0;0;0;0;0;0;0;0;0;0;19958;WILSON, AV PRES;;;16;CAMPO GRANDE;1;0
D021301362;9220;INTERLAGOS, AV;;;2150;;08/02/2013 14:57;2;CO;99;579; ; ;1;1;0;0;0;0;0;0;0;0;0;0;0;0;0;0;0;9220;INTERLAGOS, AV;;;16;CAMPO GRANDE;1;0
D021300885;3771;INAJAR DE SOUZA, AV;;;1700;;08/02/2013 15:30;4;AT;28;696; ; ;1;1;0;0;0;0;0;0;0;0;0;0;0;0;0;0;0;3771;INAJAR DE SOUZA, AV;;;50;LIMAO;2;0
D021301763;59174;NOVA BRASILIA, RUA;34533;LUIS ANTONIO DA COSTA, RUA;0;;08/02/2013 15:40;2;CO;69;1796; ; ;1;1;0;0;0;0;0;0;0;0;0;0;0;0;0;0;0;34533;LUIS ANTONIO DA COSTA, RUA;59174;NOVA BRASILIA, RUA;78;SAPOPEMBA;1;0
D021301588;99438;SETE ESTRELAS, RUA;;;0;NADA CONSTA ;08/02/2013 16:00;4;AT;67;409; ; ;0;0;0;0;0;0;0;0;0;0;0;0;0;0;0;1;0;99438;SETE ESTRELAS, RUA;;;  ;;1;0
D021300899;3406;CONCEICAO DE JACAREI, RUA;;;92;;08/02/2013 16:30;2;QM;28;1407; ; ;0;1;0;0;0;0;0;0;0;0;0;0;0;0;0;0;0;3406;CONCEICAO DE JACAREI, RUA;;;29;FREGUESIA DO O;1;0
D021301044;954;AMADOR BUENO DA VEIGA, AV;;;1930;;08/02/2013 17:00;2;CO;10;1578; ; ;1;1;0;0;0;0;0;0;0;0;0;0;0;0;0;0;0;954;AMADOR BUENO DA VEIGA, AV;;;60;PENHA;1;0
D021300528;7500;FRANCISCO MORATO, AV PROF;;;3559;;08/02/2013 17:20;4;AT;34;844; ; ;1;0;0;0;0;0;0;0;0;0;0;0;0;0;0;0;0;7500;FRANCISCO MORATO, AV PROF;;;12;BUTANTA;1;0
D021301683;60675;AFONSO DE SAMPAIO E SOUSA, AV;;;2800;;08/02/2013 17:30;2;CO;53;833; ; ;1;0;0;0;0;0;0;0;0;0;0;1;0;0;0;0;0;60675;AFONSO DE SAMPAIO E SOUSA, AV;;;51;MANDAQUI;1;0
D021301268;5165;MERCANTEIS, RUA DOS;;;400;;08/02/2013 17:30;2;QM;47;1691; ; ;0;1;0;0;0;0;0;0;0;0;0;0;0;0;0;0;0;5165;MERCANTEIS, RUA DOS;;;19;CAPAO REDONDO;1;0
D021300471;4561;CASTELO BRANCO, AV PRES;;;0;PROXIMO  - PT.DO LIMA;08/02/2013 17:30;4;AT;23;743; ; ;1;0;0;0;0;0;0;0;0;0;0;0;0;0;0;0;0;29772;MARGINAL DO RIO TIETE, AV;;;6;BARRA FUNDA;1;0
D021300516;3984;CAMINHO DO ENGENHO, RUA;;;100;;08/02/2013 17:45;2;CO;34;495; ; ;1;1;0;0;0;0;0;0;0;0;0;0;0;0;0;0;0;3984;CAMINHO DO ENGENHO, RUA;;;96;VILA SONIA;1;0
D021301552;9084;IMPERADOR, ES DO;;;0;NADA CONSTA ;08/02/2013 17:46;4;AT;63;1262; ; ;0;0;0;0;0;0;0;0;0;0;0;0;0;0;0;1;0;9084;IMPERADOR, ES DO;;;89;VILA JACUI;1;0
D021301072;4157;CANUTO SARAIVA, RUA;;;0;NADA CONSTA ;08/02/2013 17:50;2;SI;18;1164; ; ;1;1;0;0;0;0;0;0;0;0;0;0;0;0;0;0;0;4157;CANUTO SARAIVA, RUA;;;54;MOOCA;1;0
D021300232;6013;DOMINGOS DE MORAIS, RUA;;;1752;;08/02/2013 18:00;2;CO;16;2906; ; ;1;1;0;0;0;0;0;0;0;0;0;0;0;0;0;0;0;6013;DOMINGOS DE MORAIS, RUA;;;92;VILA MARIANA;2;0
D021300958;1803;ANTONIO MUNHOZ BONILHA, AV;15823;PEDRA BELA, RUA;0;;08/02/2013 18:00;2;CO;40;1403; ; ;0;1;0;0;0;0;0;0;0;0;0;0;0;0;0;0;0;1803;ANTONIO MUNHOZ BONILHA, AV;15823;PEDRA BELA, RUA;50;LIMAO;2;0
D021300270;26500;VICENTE RAO, AV PROF.;;;1970;;08/02/2013 18:00;2;CO;27;1521; ; ;1;0;0;0;0;0;0;1;0;0;0;0;0;0;0;0;0;26500;VICENTE RAO, AV PROF.;;;30;GRAJAU;1;0
D021300398;4593;CATAO, RUA;8267;GUAICURUS, RUA;0;;08/02/2013 18:10;4;AT;7;947; ; ;1;0;0;0;0;0;0;0;0;0;0;0;0;0;0;0;0;4593;CATAO, RUA;8267;GUAICURUS, RUA;48;LAPA;1;0
D021301742;2181;ARICANDUVA, AV;;;6001;;08/02/2013 18:11;2;CT;66;832;C; ;1;2;0;0;0;0;0;0;0;0;0;0;0;0;0;0;0;2181;ARICANDUVA, AV;;;60;PENHA;2;0
D021300138;543;ALCANTARA MACHADO, AV;;;1;;08/02/2013 18:20;2;CO;8;1298;B; ;0;2;0;0;0;0;0;0;0;0;0;0;0;0;0;0;0;543;ALCANTARA MACHADO, AV;;;10;BRAS;1;0
D021301076;1702;ANTONIO ESTEVAO DE CARVALHO, AV;;;0;NADA CONSTA ;08/02/2013 18:50;2;CL;21;416;C; ;0;1;0;0;0;0;0;0;0;0;0;0;0;0;0;1;0;1702;ANTONIO ESTEVAO DE CARVALHO, AV;;;93;VILA MATILDE;1;0
D021300130;3653;BRESSER, RUA;543;ALCANTARA MACHADO, AV;0;;08/02/2013 19:00;4;AT;8;1004; ; ;1;0;0;0;0;0;0;0;0;0;0;0;0;0;0;0;0;543;ALCANTARA MACHADO, AV;3653;BRESSER, RUA;54;MOOCA;1;0
D021300968;6361;ELISIO TEIXEIRA LEITE, AV;;;3000;;08/02/2013 19:30;2;QM;45;792; ; ;0;1;0;0;0;0;0;0;0;0;0;0;0;0;0;0;0;6361;ELISIO TEIXEIRA LEITE, AV;;;29;FREGUESIA DO O;1;0
D021300481;3522;BOSQUE, RUA DO;3487;BORACEA, RUA;0;;08/02/2013 20:00;2;CO;23;964; ; ;1;1;0;0;0;0;0;0;0;0;0;0;0;0;0;0;0;3487;BORACEA, RUA;3522;BOSQUE, RUA DO;70;SANTA CECILIA;1;0
D021301249;37964;BARRAGEM, ES DA;;;2000;;08/02/2013 20:10;2;CT;25;900022; ; ;1;1;0;0;0;0;0;0;0;0;0;0;0;0;0;0;0;37964;BARRAGEM, ES DA;;;76;SAO MIGUEL;1;0
D021300395;4781;CERRO CORA, RUA;31618;FLAMINIO A. DE CASTRO RANGEL, RUA;0;;08/02/2013 21:30;2;CO;7;844; ; ;1;1;0;0;0;0;0;0;0;0;0;0;0;0;0;0;0;4781;CERRO CORA, RUA;31618;FLAMINIO A. DE CASTRO RANGEL, RUA;48;LAPA;1;0
D021301170;20059;ZELINA, AV;11381;JUPARANA, RUA BR DE;0;;08/02/2013 21:36;2;CO;56;824; ; ;1;1;0;0;0;0;0;0;0;0;0;0;0;0;0;0;0;11381;JUPARANA, RUA BR DE;20059;ZELINA, AV;95;VILA PRUDENTE;1;0
D021301631;16494;MIGUEL ACHIOLE DA FONCECA, AV;;;1524;;08/02/2013 22:20;2;CO;44;836; ; ;0;1;0;0;0;0;0;1;0;0;0;0;0;0;0;0;0;16494;MIGUEL ACHIOLE DA FONCECA, AV;;;50;LIMAO;1;0
D021300787;41394;OTTO BAUMGART, AV;;;508;;08/02/2013 22:40;2;CO;9;1222;B; ;1;1;0;0;0;0;0;0;0;0;0;0;0;0;0;0;0;41394;OTTO BAUMGART, AV;;;47;LAJEADO;1;0
D021301106;17824;SAPOPEMBA, AV;;;3800;;08/02/2013 22:45;2;CO;29;825; ; ;1;1;0;0;0;0;0;0;0;0;0;0;0;0;0;0;0;17824;SAPOPEMBA, AV;;;33;IPIRANGA;1;0
D021300181;11337;JULIO MARCONDES SALGADO, RUA GAL;1912;APA, RUA;0;;08/02/2013 22:50;2;CO;77;778; ; ;2;0;0;0;0;0;0;0;0;0;0;0;0;0;0;0;0;1912;APA, RUA;11337;JULIO MARCONDES SALGADO, RUA GAL;70;SANTA CECILIA;1;0
D021301564;21253;AGUIA DE HAIA, AV;9084;IMPERADOR, ES DO;0;;08/02/2013 22:51;2;CO;64;1421; ; ;1;0;0;0;0;0;0;0;1;0;0;0;0;0;0;0;0;9084;IMPERADOR, ES DO;21253;AGUIA DE HAIA, AV;89;VILA JACUI;1;0
D021301436;12810;MANUEL GUIMARAES, RUA CAP;13170;MARIA BRANCA, RUA;0;;08/02/2013 23:00;2;CO;22;1000; ; ;2;0;1;0;0;0;0;0;0;0;0;0;0;0;0;0;0;12810;MANUEL GUIMARAES, RUA CAP;13170;MARIA BRANCA, RUA;76;SAO MIGUEL;2;0
D021300379;999;SANTO AMARO, AV;10076;JESUINO MACIEL, RUA DR;0;;09/02/2013 01:20;2;CO;96;1408; ; ;2;0;0;0;0;0;0;0;0;0;0;0;0;0;0;0;0;999;SANTO AMARO, AV;8377;GUARARAPES, RUA;34;ITAIM BIBI;4;0
D021301097;7645;FRONTIN, AV CD DE;;;1502;;09/02/2013 01:30;2;CT;21;1586; ; ;1;1;0;0;0;0;0;0;0;0;0;0;0;0;0;0;0;7645;FRONTIN, AV CD DE;;;93;VILA MATILDE;1;0
D021301674;36387;JAIME RIBEIRO WRIGHT, RUA;;;1000;;09/02/2013 02:00;4;AT;53;456; ; ;0;0;0;0;0;0;0;0;0;0;0;0;0;0;0;1;0;36387;JAIME RIBEIRO WRIGHT, RUA;;;50;LIMAO;1;0
D021301287;16151;JOAO GOULART, AV PRES;20514;MANUEL ALVES SOARES, AV;0;;09/02/2013 02:00;2;CO;48;1555; ; ;2;0;0;0;0;0;0;1;0;0;0;0;0;0;0;0;0;16151;JOAO GOULART, AV PRES;20514;MANUEL ALVES SOARES, AV;23;CIDADE DUTRA;1;0
D021300042;2864;BARRA DO TIBAJI, RUA;;;0;NADA CONSTA ;09/02/2013 05:50;2;CO;2;784; ; ;2;0;0;0;0;0;0;0;0;0;0;0;0;0;0;0;0;2864;BARRA DO TIBAJI, RUA;;;9;BOM RETIRO;1;0
D021301539;7068;FERNAO MENDES PINTO, RUA;;;22;;09/02/2013 05:59;4;AT;62;1960; ; ;0;0;0;0;0;0;0;0;0;0;0;0;0;0;0;1;0;7068;FERNAO MENDES PINTO, RUA;;;28;ERMELINO MATARA;1;0
D021300014;6642;ESTADO, AV DO;;;3001;;09/02/2013 06:00;2;SI;1;1101; ; ;2;0;0;0;0;0;0;0;0;0;0;0;0;0;0;0;0;6642;ESTADO, AV DO;;;9;BOM RETIRO;1;0
D021300218;6013;DOMINGOS DE MORAIS, RUA;17991;SENA MADUREIRA, RUA;0;;09/02/2013 06:41;2;CO;16;1810; ; ;1;1;0;0;0;0;0;0;0;0;0;0;0;0;0;0;0;6013;DOMINGOS DE MORAIS, RUA;17991;SENA MADUREIRA, RUA;92;VILA MARIANA;1;0
D021300199;14804;NOVE DE JULHO, AV;6651;ESTADOS UNIDOS, RUA;0;;09/02/2013 07:20;2;CO;78;1068;B; ;2;0;0;0;0;0;0;0;0;0;0;1;0;0;0;0;0;6651;ESTADOS UNIDOS, RUA;14804;NOVE DE JULHO, AV;44;JARDIM PAULISTA;1;0
D021300384;24491;IMIGRANTES, VIA DOS;;;12;;09/02/2013 07:25;2;CL;97;358; ; ;0;0;0;2;0;0;0;0;0;0;0;0;0;0;0;0;0;24491;IMIGRANTES, VIA DOS;;;  ;;2;0
D021301642;22067;PEIXES, RUA;;;31;;09/02/2013 07:53;4;AT;49;421; ; ;0;0;0;0;0;0;0;0;0;0;0;1;0;0;0;0;0;22067;PEIXES, RUA;;;55;MORUMBI;3;0
D021301171;24338;LUIZ IGNACIO ANHAIA MELLO, AV PROF;8955;IBITIRAMA, RUA;0;;09/02/2013 08:00;2;CO;56;829; ; ;1;1;0;0;0;0;0;0;0;0;0;0;0;0;0;0;0;8955;IBITIRAMA, RUA;24338;LUIZ IGNACIO ANHAIA MELLO, AV PROF;95;VILA PRUDENTE;1;0
D021300941;11321;JULIO BUONO, AV;;;1190;;09/02/2013 08:12;2;CO;39;667; ; ;0;1;0;1;0;0;0;0;0;0;0;0;0;0;0;0;0;11321;JULIO BUONO, AV;;;94;VILA MEDEIROS;2;0
D021300809;20878;LEITAO DE CARVALHO, RUA MAL;;;456;;09/02/2013 08:39;4;AT;13;1417; ; ;1;0;0;0;0;0;0;0;0;0;0;0;0;0;0;0;0;20878;LEITAO DE CARVALHO, RUA MAL;;;8;BELEM;1;0
D021301245;33015;SADAMU INOUE, AV;;;0;PROXIMO  - EST.DE.PAR;09/02/2013 08:50;2;CF;25;358;C; ;1;0;0;0;0;0;0;0;0;0;0;1;0;0;0;0;0;33015;SADAMU INOUE, AV;;;76;SAO MIGUEL;1;0
D021301776;24338;LUIZ IGNACIO ANHAIA MELLO, AV PROF;;;7055;;09/02/2013 10:11;2;QM;70;8857; ; ;0;1;0;0;0;0;0;0;0;0;0;0;0;0;0;0;0;24338;LUIZ IGNACIO ANHAIA MELLO, AV PROF;;;26;CONSOLACAO;2;0
D021301643;9044;RAGUEB CHOHFI, AV;;;5000;;09/02/2013 10:44;2;SI;49;427; ; ;1;1;0;0;0;0;0;0;0;0;0;0;0;0;0;0;0;9044;RAGUEB CHOHFI, AV;;;32;IGUATEMI;1;0
D021300327;18653;TANGARA, RUA;;;281;;09/02/2013 11:00;2;CO;36;658; ; ;1;1;0;0;0;0;0;0;0;0;0;0;0;0;0;0;0;18653;TANGARA, RUA;;;9;BOM RETIRO;1;0
D021301651;9044;RAGUEB CHOHFI, AV;;;4983;;09/02/2013 11:30;2;CO;49;1924; ; ;1;1;0;0;0;0;0;0;0;0;0;0;0;0;0;0;0;9044;RAGUEB CHOHFI, AV;;;32;IGUATEMI;1;0
D021300298;2235;ARMANDO DE ARRUDA PEREIRA, AV ENG;;;881;;09/02/2013 12:00;2;CO;35;1296; ; ;2;0;0;0;0;0;0;0;0;0;0;0;0;0;0;0;0;2235;ARMANDO DE ARRUDA PEREIRA, AV ENG;;;37;JABAQUARA;1;0
D021300934;18664;TANQUE VELHO, RUA;;;1724;;09/02/2013 12:00;4;AT;39;558;B; ;1;0;0;0;0;0;0;0;0;0;0;0;0;0;0;0;0;18664;TANQUE VELHO, RUA;;;22;CIDADE ADEMAR;1;0
D021301191;5759;DEDO DE DEUS, AV;20000;XAVIER PINHEIRO, AV;0;;09/02/2013 12:05;2;CL;58;338; ; ;1;1;0;0;0;0;0;0;0;0;0;0;0;0;0;0;0;5759;DEDO DE DEUS, AV;20000;XAVIER PINHEIRO, AV;87;VILA FORMOSA;1;0
D021301489;15658;JURARATERE, RUA;;;41;;09/02/2013 12:43;4;AT;50;1713; ; ;1;0;0;0;0;0;0;0;0;0;0;0;0;0;0;0;0;15658;JURARATERE, RUA;;;35;ITAIM PAULISTA;1;0
D021300153;4561;CASTELO BRANCO, AV PRES;;;1366;;09/02/2013 13:20;2;CO;12;819; ; ;0;1;0;0;0;0;0;1;0;0;0;0;0;0;0;0;0;29772;MARGINAL DO RIO TIETE, AV;;;6;BARRA FUNDA;1;0
D021300337;29621;MANOEL SALGADO, RUA;;;489;;09/02/2013 13:51;4;AT;83;358; ; ;0;1;0;0;0;0;0;0;0;0;0;0;0;0;0;0;0;29621;MANOEL SALGADO, RUA;;;21;CASA VERDE;1;0
D021301731;2181;ARICANDUVA, AV;;;5500;;09/02/2013 14:20;2;CT;66;428; ; ;1;1;0;0;0;0;0;0;0;0;0;0;0;0;0;0;0;2181;ARICANDUVA, AV;;;60;PENHA;1;0
D021301652;13671;MATEO BEI, AV;;;2540;;09/02/2013 14:31;4;AT;49;1929; ; ;0;1;0;0;0;0;0;0;0;0;0;0;0;0;0;0;0;13671;MATEO BEI, AV;;;75;SAO MATEUS;1;0
D021301366;9220;INTERLAGOS, AV;;;2500;;09/02/2013 15:00;2;CO;99;632; ; ;1;1;0;0;0;0;0;0;0;0;0;0;0;0;0;0;0;9220;INTERLAGOS, AV;;;16;CAMPO GRANDE;1;0
D021301102;17824;SAPOPEMBA, AV;;;3592;;09/02/2013 15:10;4;AT;29;394;B; ;0;1;0;0;0;0;0;0;0;0;0;0;0;0;0;0;0;17824;SAPOPEMBA, AV;;;33;IPIRANGA;2;0
D021300154;4561;CASTELO BRANCO, AV PRES;;;0;PROXIMO  - PTE.CRUZEI;09/02/2013 15:20;2;CT;12;821; ; ;1;1;0;0;0;0;0;0;0;0;0;0;0;0;0;0;0;29772;MARGINAL DO RIO TIETE, AV;;;6;BARRA FUNDA;1;0
D021301345;360;AGUA SANTA, ES;;;1117;;09/02/2013 15:30;2;CO;98;1548;C; ;1;1;0;0;0;0;0;0;0;0;0;0;0;0;0;0;0;360;AGUA SANTA, ES;;;29;FREGUESIA DO O;1;0
D021300638;16878;RAPOSO TAVARES, VIA;;;0;QUILOMETRO  - 11;09/02/2013 15:45;2;CO;51;1103;C; ;1;0;0;0;0;0;0;1;0;0;0;0;0;0;0;0;0;16878;RAPOSO TAVARES, VIA;;;13;CACHOEIRINHA;1;0
D021300504;20291;TURISTICA DO JARAGUA, ES;;;30;;09/02/2013 15:55;2;CO;33;1230; ; ;1;1;0;0;0;0;0;0;0;0;0;0;0;0;0;0;0;20291;TURISTICA DO JARAGUA, ES;;;31;GUAIANASES;1;0
D021301508;14975;OLIVEIRA FREIRE, AV;;;1932;;09/02/2013 16:00;4;AT;59;636; ; ;0;0;0;0;0;0;0;0;0;0;0;0;0;0;0;1;0;14975;OLIVEIRA FREIRE, AV;;;53;MOEMA;1;0
D021301437;13881;MIGUEL, AV S;;;9941;;09/02/2013 16:20;2;CT;22;1012; ; ;2;0;0;0;0;0;0;0;0;0;0;0;0;0;0;0;0;13881;MIGUEL, AV S;;;65;PONTE RASA;1;0
D021300996;99002;BAILAO, RUA;;;10;;09/02/2013 16:55;4;AT;73;1408; ; ;1;0;0;0;0;0;0;0;0;0;0;0;0;0;0;0;0;99002;BAILAO, RUA;;;83;TREMEMBE;1;0
D021301160;4736;CELSO GARCIA, AV;44299;AIRTON PRETINI, AV;0;;09/02/2013 17:00;2;CT;52;1608; ; ;2;0;1;0;0;0;0;0;0;0;0;0;0;0;0;0;0;4736;CELSO GARCIA, AV;44299;AIRTON PRETINI, AV;82;TATUAPE;1;0
D021300043;4561;CASTELO BRANCO, AV PRES;6642;ESTADO, AV DO;0;;09/02/2013 17:30;4;AT;2;789; ; ;0;1;0;0;0;0;0;0;0;0;0;0;0;0;0;0;0;2864;BARRA DO TIBAJI, RUA;4561;CASTELO BRANCO, AV PRES;9;BOM RETIRO;1;0
D021301111;7488;FRANCISCO MARENGO, RUA;1606;ANTONIO CAMARDO, RUA;0;;09/02/2013 17:45;2;CO;30;750; ; ;1;1;0;0;0;0;0;0;0;0;0;0;0;0;0;0;0;1606;ANTONIO CAMARDO, RUA;7488;FRANCISCO MARENGO, RUA;82;TATUAPE;1;0
D021300200;15656;PAULISTA, AV;;;900;;09/02/2013 18:45;2;CT;78;1094; ; ;1;1;0;0;0;0;0;0;0;0;0;0;0;0;0;0;0;15656;PAULISTA, AV;;;7;BELA VISTA;1;0
D021300088;18340;SIQUEIRA CAMPOS, RUA DR;;;100;;09/02/2013 18:51;2;CO;5;1078; ; ;1;1;0;0;0;0;0;0;0;0;0;0;0;0;0;0;0;18340;SIQUEIRA CAMPOS, RUA DR;;;2;ALTO DE PINHEIR;1;0
D021301644;22161;NEBULOSAS, RUA;62635;CAIFAZES, RUA DOS;0;;09/02/2013 19:06;2;QM;49;430; ; ;0;1;0;0;0;0;0;0;0;0;0;0;0;0;0;0;0;22161;NEBULOSAS, RUA;62635;CAIFAZES, RUA DOS;75;SAO MATEUS;1;0
D021301673;76094;MANUEL ANDRE, RUA;;;192;;09/02/2013 19:15;2;CL;49;3219; ; ;1;1;0;0;0;0;0;0;0;0;0;0;0;0;0;0;0;76094;MANUEL ANDRE, RUA;;;55;MORUMBI;1;0
D021300506;12597;RUBENS DE SOUZA ARAUJO, RUA;;;648;;09/02/2013 20:10;2;CO;33;1237; ; ;2;0;0;0;0;0;0;0;0;0;0;0;0;0;0;0;0;12597;RUBENS DE SOUZA ARAUJO, RUA;;;73;SAO DOMINGOS;1;0
D021300606;38673;GONCALO ALDANA, RUA;;;6;;09/02/2013 20:20;4;AT;46;1242; ; ;0;0;0;0;0;0;0;0;0;0;0;0;0;0;0;1;0;38673;GONCALO ALDANA, RUA;;;22;CIDADE ADEMAR;1;0
D021301770;44674;MARA ROSA, RUA;;;100;;09/02/2013 21:06;2;CO;69;1368; ; ;0;1;0;0;0;0;0;0;0;0;0;0;0;0;0;1;0;44674;MARA ROSA, RUA;;;78;SAPOPEMBA;2;0
D021300994;9512;ITAMONTE, RUA;;;639;;09/02/2013 21:15;2;CF;73;1241; ; ;3;0;0;0;0;0;0;0;0;0;0;0;0;0;0;0;0;9512;ITAMONTE, RUA;;;94;VILA MEDEIROS;1;0
D021300113;9148;INDEPENDENCIA (CAMBUCI), RUA DA;;;689;;09/02/2013 21:21;2;QM;6;1020; ; ;0;1;0;0;0;0;0;0;0;0;0;0;0;0;0;0;0;9148;INDEPENDENCIA (CAMBUCI), RUA DA;;;14;CAMBUCI;2;0
D021300847;3153;BENEDITO ESTEVAM DOS SANTOS, AV DR;;;1662;;09/02/2013 21:30;4;AT;19;1243; ; ;1;0;0;0;0;0;0;0;0;0;0;0;0;0;0;0;0;3153;BENEDITO ESTEVAM DOS SANTOS, AV DR;;;91;VILA MARIA;1;0
D021300793;5204;CONCEICAO (ES.), AV;10622;JOAQUINA RAMALHO, AV;0;;09/02/2013 21:30;2;CO;9;1440; ; ;3;0;0;0;0;0;0;0;0;0;0;0;0;0;0;0;0;5204;CONCEICAO (ES.), AV;10622;JOAQUINA RAMALHO, AV;88;VILA GUILHERME;1;0
D021300219;6013;DOMINGOS DE MORAIS, RUA;16035;PELEJA, RUA OUVID;0;;09/02/2013 21:52;2;CO;16;1853; ; ;0;2;0;0;0;0;0;0;0;0;0;0;0;0;0;0;0;833;ALTINO ARANTES, AV DR;6013;DOMINGOS DE MORAIS, RUA;79;SAUDE;1;0
D021300997;42220;USHIKICHI KAMYIA, RUA;;;1036;;09/02/2013 23:00;2;CO;73;1418;B; ;2;1;0;0;0;0;0;0;0;0;0;0;0;0;0;0;0;42220;USHIKICHI KAMYIA, RUA;;;38;JACANA;2;0
D021300589;16339;CARLOS LACERDA, AV;;;1051;;09/02/2013 23:00;4;AT;37;1725; ; ;0;0;0;0;0;0;0;0;0;0;0;0;0;0;0;1;0;16339;CARLOS LACERDA, AV;;;29;FREGUESIA DO O;1;0
D021301405;3509;BELMIRA MARIN, AV DONA;;;2243;;09/02/2013 23:20;4;AT;101;1008;B; ;0;0;0;0;0;0;0;1;0;0;0;0;0;0;0;0;0;3509;BELMIRA MARIN, AV DONA;;;30;GRAJAU;1;0
D021301045;4128;CANGAIBA, AV;13918;MIGUEL GARCIA, RUA;0;;09/02/2013 23:21;4;AT;10;1616; ; ;1;0;0;0;0;0;0;0;0;0;0;0;0;0;0;0;0;4128;CANGAIBA, AV;13918;MIGUEL GARCIA, RUA;18;CANGAIBA;1;0
D021300425;18813;TEODORO SAMPAIO, RUA;;;1700;;09/02/2013 23:40;4;AT;14;1279; ; ;0;0;0;0;0;0;0;1;0;0;0;0;0;0;0;0;0;18813;TEODORO SAMPAIO, RUA;;;20;CARRAO;1;0
D021301069;15304;PAES DE BARROS, AV;;;2880;;10/02/2013 00:05;2;CH;18;850; ; ;1;0;0;0;0;0;0;0;0;0;0;0;0;0;0;0;0;15304;PAES DE BARROS, AV;;;16;CAMPO GRANDE;3;0
D021301621;14788;ANTONIO NETO CALDEIRA, RUA;9134;INCONFIDENCIA MINEIRA, AV;0;;10/02/2013 00:10;2;SI;41;1373; ; ;1;0;0;0;0;0;0;0;0;0;0;0;0;0;0;0;0;9134;INCONFIDENCIA MINEIRA, AV;14788;ANTONIO NETO CALDEIRA, RUA;4;ARICANDUVA;2;0
D021300349;11562;LAGRIMAS, ES DAS;;;814;;10/02/2013 00:48;4;AT;95;666; ; ;0;1;0;0;0;0;0;0;0;0;0;0;0;0;0;0;0;11562;LAGRIMAS, ES DAS;;;69;SACOMA;2;0
D021300355;11562;LAGRIMAS, ES DAS;;;814;;10/02/2013 00:48;4;AT;95;1137; ; ;0;1;0;0;0;0;0;0;0;0;0;0;0;0;0;0;0;11562;LAGRIMAS, ES DAS;;;69;SACOMA;1;0