id_acidente;codloga;logradouroA;codlogb;logradouroB;alt_num;referencia;data;cod_acid;tipo_acidente;dp;numero_BO;sentido;pista;automovel;moto;onibus;caminhao;bicicleta;moto_taxi;onibus_fretado;onibus_urbano;microonibus;van;vuc;caminhonete;carreta;jipe;outros;sem_informacao;carroca;princ_a;paiA;princ_b;paiB;cod_distrito;distrito;vit_ferida;vit_morta
D021301174;2729;BAIA GRANDE, RUA;15407;PAPOULAS, RUA DAS;0;;14/02/2013 08:02;2;CO;56;943; ; ;1;1;0;0;0;0;0;0;0;0;0;0;0;0;0;0;0;2729;BAIA GRANDE, RUA;15407;PAPOULAS, RUA DAS;95;VILA PRUDENTE;2;0
D021300394;14480;NELSON FERNANDES, RUA;;;1;;14/02/2013 08:07;4;AT;97;900001; ; ;0;0;1;0;0;0;0;0;0;0;0;0;0;0;0;0;0;14480;NELSON FERNANDES, RUA;;;42;JARDIM ANGELA;1;0
D021300767;10622;JOAQUINA RAMALHO, AV;;;1411;;14/02/2013 08:15;2;QM;9;958; ; ;0;1;0;0;0;0;0;0;0;0;0;0;0;0;0;0;0;10622;JOAQUINA RAMALHO, AV;;;88;VILA GUILHERME;1;0
D021300534;16646;JOSE JANNARELLI, RUA;8515;AMELIA CORREA FONTES GUIMARAES, RUA;0;;14/02/2013 08:35;2;CO;34;916; ; ;1;1;0;0;0;0;0;0;0;0;0;0;0;0;0;0;0;8515;AMELIA CORREA FONTES GUIMARAES, RUA;16646;JOSE JANNARELLI, RUA;55;MORUMBI;1;0
D021301475;18803;TEODORO, RUA S;;;812;;14/02/2013 08:40;4;AT;32;1015; ; ;0;1;0;0;0;0;0;0;0;0;0;0;0;0;0;0;0;18803;TEODORO, RUA S;;;51;MANDAQUI;1;0
D021301031;561;ALCIDES DE OLIVEIRA, AL TSARG;11016;JOSE JERONIMO DE MESQUITA, AV TTE;0;;14/02/2013 08:55;2;CO;90;566; ; ;1;0;0;1;0;0;0;0;0;0;0;0;0;0;0;0;0;561;ALCIDES DE OLIVEIRA, AL TSARG;11016;JOSE JERONIMO DE MESQUITA, AV TTE;94;VILA MEDEIROS;1;0
D021300533;17822;SAPETUBA, RUA;;;295;;14/02/2013 09:00;2;CO;34;914; ; ;1;1;0;0;0;0;0;0;0;0;0;0;0;0;0;0;0;17822;SAPETUBA, RUA;;;13;CACHOEIRINHA;1;0
D021300988;13133;MARIA AMALIA LOPES AZEVEDO, RUA;;;999;;14/02/2013 09:10;2;QF;73;858; ; ;0;0;1;0;0;0;0;0;0;0;0;0;0;0;0;0;0;13133;MARIA AMALIA LOPES AZEVEDO, RUA;;;83;TREMEMBE;1;0
D021300080;4347;CARLOS DO PINHAL, RUA S;;;803;;14/02/2013 09:16;4;AT;5;818; ; ;0;0;0;0;0;0;0;0;0;0;0;1;0;0;0;0;0;4347;CARLOS DO PINHAL, RUA S;;;7;BELA VISTA;1;0
D021301835;5127;FREDERICO RENE DE JAEGHER, RUA;;;1001;;14/02/2013 09:30;4;AT;101;372; ; ;0;0;0;0;1;0;0;0;0;0;0;0;0;0;0;0;0;5127;FREDERICO RENE DE JAEGHER, RUA;;;23;CIDADE DUTRA;0;1
D021300535;7500;FRANCISCO MORATO, AV PROF;;;4923;;14/02/2013 10:08;2;CO;34;922; ; ;0;1;0;1;0;0;0;0;0;0;0;0;0;0;0;0;0;7500;FRANCISCO MORATO, AV PROF;;;12;BUTANTA;1;0
D021301068;15304;PAES DE BARROS, AV;;;250;;14/02/2013 10:20;2;CT;18;288; ; ;1;1;0;0;0;0;0;0;0;0;0;0;0;0;0;0;0;15304;PAES DE BARROS, AV;;;16;CAMPO GRANDE;1;0
D021301777;17824;SAPOPEMBA, AV;12659;MANUEL DE ARRUDA CASTANHO, RUA;0;;14/02/2013 10:20;2;CO;70;939; ; ;1;1;0;0;0;0;0;0;0;0;0;0;0;0;0;0;0;12659;MANUEL DE ARRUDA CASTANHO, RUA;17824;SAPOPEMBA, AV;78;SAPOPEMBA;1;0
D021301229;10918;JOSE DINIZ, AV VER;;;1775;;14/02/2013 10:30;2;QD;11;1703; ; ;0;0;0;0;0;0;0;1;0;0;0;0;0;0;0;0;0;10918;JOSE DINIZ, AV VER;;;15;CAMPO BELO;1;0
D021301254;19826;VITANTONIO D'ABRIL, RUA;;;303;;14/02/2013 10:30;2;CO;43;725; ; ;1;1;0;0;0;0;0;0;0;0;0;0;0;0;0;0;0;19826;VITANTONIO D'ABRIL, RUA;;;29;FREGUESIA DO O;1;0
D021301089;2181;ARICANDUVA, AV;11325;JULIO COLACO, RUA;0;;14/02/2013 11:30;2;CO;21;854; ; ;0;1;0;1;0;0;0;0;0;0;0;0;0;0;0;0;0;2181;ARICANDUVA, AV;11325;JULIO COLACO, RUA;20;CARRAO;1;0
D021301684;46936;JACU-PESSEGO/NOVA TRABALHADORE, AV;;;398;;14/02/2013 11:35;2;SI;53;984; ; ;0;0;0;1;0;0;0;0;0;0;0;1;0;0;0;0;0;46936;JACU-PESSEGO/NOVA TRABALHADORE, AV;;;46;JOSE BONIFACIO;2;0
D021301330;35858;GUIDO CALOI, AV;;;1234;;14/02/2013 11:50;2;QD;92;1743; ; ;0;0;0;0;0;0;0;0;0;0;0;1;0;0;0;0;0;35858;GUIDO CALOI, AV;;;32;IGUATEMI;1;0
D021301656;13671;MATEO BEI, AV;;;2505;;14/02/2013 12:30;4;AT;49;2155; ; ;1;0;0;0;0;0;0;0;0;0;0;0;0;0;0;0;0;13671;MATEO BEI, AV;;;75;SAO MATEUS;1;0
D021301494;18940;TIBURCIO DE SOUSA, RUA;;;2100;;14/02/2013 12:30;2;SI;50;1933; ; ;0;1;0;0;0;0;0;0;0;0;0;0;0;0;0;1;0;18940;TIBURCIO DE SOUSA, RUA;;;35;ITAIM PAULISTA;1;0
D021300670;73499;MENOTTI LAUDISIO, AV;;;100;;14/02/2013 12:45;2;QM;87;786; ; ;0;1;0;0;0;0;0;0;0;0;0;0;0;0;0;0;0;73499;MENOTTI LAUDISIO, AV;;;0;NULL;1;0
D021300814;27187;OLAVO FONTOURA, AV;;;1200;;14/02/2013 13:00;2;CO;13;1581; ; ;0;2;0;0;0;0;0;0;1;0;0;0;0;0;0;0;0;27187;OLAVO FONTOURA, AV;;;8;BELEM;2;0
D021301493;17820;TITO, AV MAL;;;6130;;14/02/2013 13:09;2;CT;50;1929; ; ;1;1;0;0;0;0;0;0;0;0;0;0;0;0;0;0;0;17820;TITO, AV MAL;;;53;MOEMA;1;0
D021301476;26062;RIO BOM, RUA;;;100;;14/02/2013 13:20;4;AT;32;1032; ; ;0;1;0;0;0;0;0;0;0;0;0;0;0;0;0;0;0;26062;RIO BOM, RUA;;;51;MANDAQUI;2;0
D021301655;9044;RAGUEB CHOHFI, AV;;;4132;;14/02/2013 13:20;4;AT;49;2150; ; ;1;0;0;0;0;0;0;0;0;0;0;0;0;0;0;0;0;9044;RAGUEB CHOHFI, AV;;;32;IGUATEMI;1;0
D021301080;11098;JOSE MASCARENHAS, RUA;15915;PEDRO DIAS DE CAMPOS, RUA CEL;0;;14/02/2013 14:03;2;CO;21;475; ; ;0;0;0;0;0;0;0;0;0;0;0;2;0;0;0;0;0;11098;JOSE MASCARENHAS, RUA;15915;PEDRO DIAS DE CAMPOS, RUA CEL;  ;;1;0
D021300017;19543;VENCESLAU BRAS, RUA;;;2;;14/02/2013 14:05;4;AT;1;1226; ; ;0;0;0;0;0;0;0;1;0;0;0;0;0;0;0;0;0;19543;VENCESLAU BRAS, RUA;;;1;AGUA RASA;1;0
D021300576;19657;VICENTE PINHEIRO, RUA;;;100;;14/02/2013 14:30;2;CF;37;1295; ; ;1;0;1;0;0;0;0;0;0;0;0;0;0;0;0;0;0;19657;VICENTE PINHEIRO, RUA;;;29;FREGUESIA DO O;2;0
D021300768;5567;CRUZEIRO DO SUL, AV;11702;LEITE DE MORAIS, RUA;0;;14/02/2013 14:45;2;QD;9;963; ; ;0;0;0;0;0;0;0;1;0;0;0;0;0;0;0;0;0;5567;CRUZEIRO DO SUL, AV;11702;LEITE DE MORAIS, RUA;71;SANTANA;3;0
D021301132;17824;SAPOPEMBA, AV;;;6000;;14/02/2013 15:00;2;QD;42;453; ; ;0;0;0;0;0;0;0;0;0;0;0;0;0;0;0;1;0;17824;SAPOPEMBA, AV;;;33;IPIRANGA;1;0
D021300365;8341;GUARAIUVA, RUA;7237;FLORIDA, RUA;0;;14/02/2013 15:35;2;CO;96;690; ; ;1;1;0;0;0;0;0;0;0;0;0;0;0;0;0;0;0;7237;FLORIDA, RUA;8341;GUARAIUVA, RUA;34;ITAIM BIBI;1;0
D021301175;24338;LUIZ IGNACIO ANHAIA MELLO, AV PROF;;;2655;;14/02/2013 15:47;2;CT;56;954; ; ;0;1;0;1;0;0;0;0;0;0;0;0;0;0;0;0;0;24338;LUIZ IGNACIO ANHAIA MELLO, AV PROF;;;26;CONSOLACAO;1;0
D021300472;1198;ANA PIMENTEL, RUA DONA;7927;GERMAINE BURCHARD, RUA DONA;0;;14/02/2013 15:51;2;CO;23;828; ; ;1;1;0;0;0;0;0;0;0;0;0;0;0;0;0;0;0;1198;ANA PIMENTEL, RUA DONA;7927;GERMAINE BURCHARD, RUA DONA;6;BARRA FUNDA;1;0
D021301468;5679;DAMASIO PINTO, RUA;;;0;PROXIMO  - HOSP PLANA;14/02/2013 16:20;2;QD;32;550; ; ;0;0;1;0;0;0;0;0;0;0;0;0;0;0;0;0;0;5679;DAMASIO PINTO, RUA;;;36;ITAQUERA;1;0
D021301477;98912;JOSE PINHEIRO BORGES, AV;4974;COROA DE FRADE, AV;0;;14/02/2013 16:25;4;AT;32;1040; ; ;0;0;0;0;0;0;0;0;1;0;0;0;0;0;0;0;0;4974;COROA DE FRADE, AV;98912;JOSE PINHEIRO BORGES, AV;88;VILA GUILHERME;1;0
D021301118;2673;AZEVEDO SOARES, RUA;;;60;;14/02/2013 16:30;4;AT;30;925; ; ;1;0;0;0;0;0;0;0;0;0;0;0;0;0;0;0;0;2673;AZEVEDO SOARES, RUA;;;82;TATUAPE;1;0
D021301813;19543;VENCESLAU BRAS, RUA;3387;BITENCOURT RODRIGUES, RUA DR;0;;14/02/2013 16:48;4;AT;77;707; ; ;0;0;1;0;0;0;0;0;0;0;0;0;0;0;0;0;0;3387;BITENCOURT RODRIGUES, RUA DR;19543;VENCESLAU BRAS, RUA;80;SE;0;1
D021300272;26500;VICENTE RAO, AV PROF.;;;472;;14/02/2013 17:00;2;CO;27;1568; ; ;0;1;0;1;0;0;0;0;0;0;0;0;0;0;0;0;0;26500;VICENTE RAO, AV PROF.;;;30;GRAJAU;2;0
D021301537;16490;PONTE RASA, RUA;;;999;;14/02/2013 17:20;2;CO;62;1644; ; ;0;1;0;0;0;0;0;0;0;0;0;0;0;0;0;1;0;16490;PONTE RASA, RUA;;;0;NULL;1;0
D021300582;21725;OSCAR CAMPIGLIA, RUA PROF;;;151;;14/02/2013 17:40;2;QM;37;1514; ; ;0;1;0;0;0;0;0;0;0;0;0;0;0;0;0;0;0;21725;OSCAR CAMPIGLIA, RUA PROF;;;29;FREGUESIA DO O;1;0
D021300157;13269;MARIA JOAQUINA, RUA;13826;MENDES JUNIOR, RUA;0;;14/02/2013 17:50;4;AT;12;900; ; ;1;0;0;0;0;0;0;0;0;0;0;0;0;0;0;0;0;13269;MARIA JOAQUINA, RUA;13826;MENDES JUNIOR, RUA;10;BRAS;1;0
D021300381;7708;GAIVOTA, RUA;;;1547;;14/02/2013 18:20;2;CO;96;2647; ; ;0;1;0;0;0;0;0;0;1;0;0;0;0;0;0;0;0;7708;GAIVOTA, RUA;;;53;MOEMA;1;0
D021300491;18519;SUMARE, AV;;;78;;14/02/2013 18:30;2;QM;23;1158; ; ;0;1;0;0;0;0;0;0;0;0;0;0;0;0;0;0;0;18519;SUMARE, AV;;;61;PERDIZES;1;0
D021300115;6642;ESTADO, AV DO;18847;TERESA CRISTINA, AV;0;;14/02/2013 18:37;2;CT;6;1145; ; ;1;1;0;0;0;0;0;0;0;0;0;0;0;0;0;0;0;6642;ESTADO, AV DO;18847;TERESA CRISTINA, AV;33;IPIRANGA;1;0
D021300045;17799;SANTOS DUMONT, AV;;;0;NADA CONSTA ;14/02/2013 18:50;4;AT;2;896; ; ;0;1;0;0;0;0;0;0;0;0;0;0;0;0;0;0;0;17799;SANTOS DUMONT, AV;;;15;CAMPO BELO;1;0
D021300097;7471;FRANCISCO JUSTINO DE AZEVEDO, RUA;;;0;NADA CONSTA ;14/02/2013 18:51;4;AT;6;827; ; ;1;0;0;0;0;0;0;0;0;0;0;0;0;0;0;0;0;7471;FRANCISCO JUSTINO DE AZEVEDO, RUA;;;49;LIBERDADE;1;0
D021301203;4736;CELSO GARCIA, AV;;;1500;;14/02/2013 19:30;4;AT;81;424;C; ;0;0;0;0;0;0;0;1;0;0;0;0;0;0;0;0;0;4736;CELSO GARCIA, AV;;;82;TATUAPE;1;0
D021300096;14317;MUNIZ DE SOUSA, RUA;;;100;;14/02/2013 19:30;4;AT;6;825; ; ;1;1;0;0;0;0;0;0;0;0;0;0;0;0;0;0;0;14317;MUNIZ DE SOUSA, RUA;;;12;BUTANTA;2;0
D021300064;2497;AUGUSTA, RUA;;;108;;14/02/2013 19:30;2;CO;4;1150; ; ;0;1;0;0;0;0;0;0;0;0;0;1;0;0;0;0;0;2497;AUGUSTA, RUA;;;26;CONSOLACAO;1;0
D021300671;18729;TATSUO OKACHI, RUA;;;500;;14/02/2013 19:30;2;CO;87;792; ; ;2;0;0;0;0;0;0;0;0;0;0;0;0;0;0;0;0;18729;TATSUO OKACHI, RUA;;;31;GUAIANASES;1;0
D021301114;19727;VILELA, RUA;18067;SERRA DE BOTUCATU, RUA;0;;14/02/2013 19:30;2;CO;30;823; ; ;1;1;0;0;0;0;0;0;0;0;0;0;0;0;0;0;0;18067;SERRA DE BOTUCATU, RUA;19727;VILELA, RUA;  ;;1;0
D021300701;18561;LUIZ MIGLIANO, RUA DR;29686;ISAAC ALBENIZ, RUA;0;;14/02/2013 19:30;2;CL;89;1380; ; ;1;1;0;0;0;0;0;0;0;0;0;0;0;0;0;0;0;18561;LUIZ MIGLIANO, RUA DR;29686;ISAAC ALBENIZ, RUA;  ;;1;0
D021301790;17824;SAPOPEMBA, AV;;;7438;;14/02/2013 19:49;4;AT;70;1519; ; ;1;0;0;0;0;0;0;0;0;0;0;0;0;0;0;0;0;17824;SAPOPEMBA, AV;;;33;IPIRANGA;1;0
D021300255;18297;SIMAO LOPES, RUA;6848;EVOLUCAO, RUA;0;;14/02/2013 20:15;2;CO;26;1298; ; ;1;1;0;0;0;0;0;0;0;0;0;0;0;0;0;0;0;6848;EVOLUCAO, RUA;18297;SIMAO LOPES, RUA;27;CURSINO;1;0
D021301204;6371;ELISABETH DE ROBIANO, AV CDSSA;;;600;;14/02/2013 20:30;2;CO;81;425; ; ;2;2;0;0;0;0;0;0;0;0;0;0;0;0;0;0;0;29772;MARGINAL DO RIO TIETE, AV;;;82;TATUAPE;2;0
D021301625;21143;MARIA FRANCISCA DO NASCIMENTO, RUA;;;2;;14/02/2013 21:00;4;AT;41;1524; ; ;0;0;0;0;0;0;0;0;0;0;0;0;0;0;0;1;0;21143;MARIA FRANCISCA DO NASCIMENTO, RUA;;;26;CONSOLACAO;1;0
D021300755;3376;BILLINGS, AV ENG;;;13500;;14/02/2013 22:19;2;CO;93;1415; ; ;3;1;0;0;0;0;0;0;0;0;0;0;0;0;0;0;0;13014;MARGINAL DO RIO PINHEIROS, AV;;;40;JAGUARE;2;0
D021300167;4561;CASTELO BRANCO, AV PRES;15706;PAULO ANDRIGHETTI, RUA;0;;14/02/2013 22:30;2;CT;12;1035; ; ;0;1;1;0;0;0;0;0;0;0;0;0;0;0;0;0;0;4561;CASTELO BRANCO, AV PRES;15706;PAULO ANDRIGHETTI, RUA;57;PARI;1;0
D021301495;43388;OTAVIO EGYDIO ROGGIERO, RUA DESEM;;;0;PROXIMO  - R TIBURCIO;14/02/2013 23:00;2;CO;50;1953; ; ;1;1;0;0;0;0;0;0;0;0;0;0;0;0;0;0;0;43388;OTAVIO EGYDIO ROGGIERO, RUA DESEM;;;54;MOOCA;1;0
D021301750;9580;ITAQUERA, AV;;;0;NADA CONSTA ;15/02/2013 00:10;2;QM;66;995; ; ;0;1;0;0;0;0;0;0;0;0;0;0;0;0;0;0;0;9580;ITAQUERA, AV;;;24;CIDADE LIDER;1;0
D021300927;13374;MARIANA CALIGIORI RONCHETTI, AV;;;336;;15/02/2013 01:40;2;CO;38;1368; ; ;2;0;0;0;0;0;0;0;0;0;0;0;0;0;0;0;0;13374;MARIANA CALIGIORI RONCHETTI, AV;;;13;CACHOEIRINHA;2;0
D021301471;5745;DAVID DOMINGUES FERREIRA, AV;;;736;;15/02/2013 05:40;2;CO;32;771;C; ;0;1;0;1;0;0;0;0;0;0;0;0;0;0;0;0;0;5745;DAVID DOMINGUES FERREIRA, AV;;;36;ITAQUERA;1;0
D021301318;12403;M'BOI MIRIM, ES;;;123;;15/02/2013 06:56;2;CT;92;1015; ; ;1;1;0;0;0;0;0;0;0;0;0;0;0;0;0;0;0;12403;M'BOI MIRIM, ES;;;42;JARDIM ANGELA;1;0
D021301317;75170;MARIA AMELIA GOUVEIA ANDRE, RUA;;;160;;15/02/2013 07:00;2;CO;92;1012; ; ;1;0;0;0;1;0;0;0;0;0;0;0;0;0;0;0;0;75170;MARIA AMELIA GOUVEIA ANDRE, RUA;;;32;IGUATEMI;1;0
D021300757;5204;CONCEICAO (ES.), AV;;;1729;;15/02/2013 07:15;4;AT;9;622;C; ;0;1;0;0;0;0;0;0;0;0;0;0;0;0;0;0;0;5204;CONCEICAO (ES.), AV;;;88;VILA GUILHERME;1;0
D021300473;2271;ARNALDO, AV DR;;;300;;15/02/2013 07:30;4;AT;23;840; ; ;1;1;0;0;0;0;0;0;0;0;0;0;0;0;0;0;0;2271;ARNALDO, AV DR;;;26;CONSOLACAO;1;0
D021301433;14637;NITRO - QUIMICA, AV;;;219;;15/02/2013 07:36;2;CH;22;809; ; ;1;0;0;0;0;0;0;0;0;0;0;0;0;0;0;0;0;14637;NITRO - QUIMICA, AV;;;53;MOEMA;1;0
D021300840;14270;MORVAN DIAS DE FIGUEIREDO, AV;;;0;NADA CONSTA ;15/02/2013 07:40;2;CL;19;609; ; ;1;1;0;0;0;0;0;0;0;0;0;0;0;0;0;0;0;29772;MARGINAL DO RIO TIETE, AV;;;0;NULL;2;0
D021301422;2483;ATLANTICA ANT. ROBERT KENNEDY, AV;;;4805;;15/02/2013 07:40;2;CO;102;619; ; ;1;1;0;0;0;0;0;0;0;0;0;0;0;0;0;0;0;2483;ATLANTICA ANT. ROBERT KENNEDY, AV;;;23;CIDADE DUTRA;1;0
D021300133;543;ALCANTARA MACHADO, AV;;;2940;;15/02/2013 07:42;2;CO;8;1149;C; ;1;1;0;0;0;0;0;0;0;0;0;0;0;0;0;0;0;543;ALCANTARA MACHADO, AV;;;10;BRAS;1;0
D021300628;5309;CORIFEU DE AZEVEDO MARQUES, AV;;;1537;;15/02/2013 07:44;2;CO;51;744; ; ;1;1;0;0;0;0;0;0;0;0;0;0;0;0;0;0;0;5309;CORIFEU DE AZEVEDO MARQUES, AV;;;12;BUTANTA;1;0
D021300474;4561;CASTELO BRANCO, AV PRES;7396;JOSE GOMES FALCAO, RUA;0;;15/02/2013 07:46;2;CO;23;841; ; ;1;1;0;0;0;0;0;0;0;0;0;0;0;0;0;0;0;4561;CASTELO BRANCO, AV PRES;7396;JOSE GOMES FALCAO, RUA;6;BARRA FUNDA;1;0
D021301048;929;ALVINOPOLIS, RUA;;;0;NADA CONSTA ;15/02/2013 07:50;2;CO;10;1789; ; ;3;0;0;1;0;0;0;0;0;0;0;0;0;0;0;0;0;929;ALVINOPOLIS, RUA;;;60;PENHA;1;0
D021301740;2181;ARICANDUVA, AV;;;9500;;15/02/2013 08:00;2;CO;66;766; ; ;0;2;0;0;0;0;0;0;0;0;0;0;0;0;0;0;0;2181;ARICANDUVA, AV;;;60;PENHA;1;0
D021301298;79235;SANTILLANA, RUA MARQ DE;;;194;;15/02/2013 08:09;2;CO;85;378; ; ;1;1;0;0;0;0;0;0;0;0;0;0;0;0;0;0;0;79235;SANTILLANA, RUA MARQ DE;;;32;IGUATEMI;1;0
D021300536;855;ALVARENGA, RUA;4232;CARANGOLA, RUA;0;;15/02/2013 08:10;2;CO;34;956; ; ;1;1;0;0;0;0;0;0;0;0;0;0;0;0;0;0;0;855;ALVARENGA, RUA;4232;CARANGOLA, RUA;55;MORUMBI;1;0
D021300815;15937;PEDRO LEON SCHNEIDER, AV GAL;;;145;;15/02/2013 08:20;2;CT;13;1611; ; ;1;1;0;0;0;0;0;0;0;0;0;0;0;0;0;0;0;15937;PEDRO LEON SCHNEIDER, AV GAL;;;8;BELEM;1;0
D021300399;6544;ERMANO MARCHETTI, AV;;;0;PROXIMO  - PC JACOMOZ;15/02/2013 08:45;2;CO;7;1031; ; ;0;1;0;0;0;0;0;1;0;0;0;0;0;0;0;0;0;6544;ERMANO MARCHETTI, AV;;;48;LAPA;3;0
D021301176;27018;JACINTO MENEZES PALHARES, AV;;;845;;15/02/2013 09:00;2;CO;56;972; ; ;0;1;0;0;0;0;0;0;0;0;0;1;0;0;0;0;0;27018;JACINTO MENEZES PALHARES, AV;;;26;CONSOLACAO;1;0
D021300967;15485;PARAPUA, RUA;;;1420;;15/02/2013 09:20;4;AT;45;561; ; ;1;0;0;0;0;0;0;0;0;0;0;0;0;0;0;0;0;15485;PARAPUA, RUA;;;4;ARICANDUVA;1;0
D021301509;17820;TITO, AV MAL;;;2000;;15/02/2013 09:24;2;CO;59;639;C; ;1;1;0;0;0;0;0;0;0;0;0;0;0;0;0;0;0;17820;TITO, AV MAL;;;53;MOEMA;1;0
D021301457;98965;CALIM EID, AV;;;3880;;15/02/2013 09:49;4;AT;24;1645; ; ;1;0;0;0;0;0;0;0;0;0;0;0;0;0;0;0;0;98965;CALIM EID, AV;;;60;PENHA;1;0
D021301759;25292;SANDRO ALTAMURA, RUA;;;12;;15/02/2013 10:00;2;CO;69;1544; ; ;1;1;0;0;0;0;0;0;0;0;0;0;0;0;0;0;0;25292;SANDRO ALTAMURA, RUA;;;56;PARELHEIROS;1;0
D021301685;36318;OSVALDO PUCCI, AV;;;100;;15/02/2013 10:30;2;CO;53;1003; ; ;2;0;0;0;0;0;0;0;0;0;0;1;0;0;0;0;0;36318;OSVALDO PUCCI, AV;;;5;ARTUR ALVIM;1;0
D021300454;19196;TUCUMA, RUA;13478;MARIO FERRAZ, RUA DR;0;;15/02/2013 11:00;4;AT;15;817; ; ;1;0;0;0;0;0;0;0;0;0;0;0;0;0;0;0;0;13478;MARIO FERRAZ, RUA DR;19196;TUCUMA, RUA;63;PINHEIROS;1;0
D021300985;27209;ANORIACU, RUA;;;0;PROXIMO  - R ABILIO P;15/02/2013 11:02;2;CO;73;624; ; ;1;0;0;1;0;0;0;0;0;0;0;0;0;0;0;0;0;27209;ANORIACU, RUA;;;22;CIDADE ADEMAR;1;0
D021301058;394;AIGUARA, RUA;;;4;;15/02/2013 11:30;4;AT;10;2020; ; ;0;0;0;0;0;0;0;0;0;0;0;0;0;0;0;1;0;394;AIGUARA, RUA;;;18;CANGAIBA;1;0
D021300329;18653;TANGARA, RUA;10670;JORGE CHAMMAS, RUA;0;;15/02/2013 11:35;2;CH;36;727; ; ;2;0;0;0;0;0;0;0;0;0;0;0;0;1;0;0;0;10670;JORGE CHAMMAS, RUA;18653;TANGARA, RUA;92;VILA MARIANA;2;0
D021301193;16971;RENATA, AV;12496;MAFALDA, RUA;0;;15/02/2013 11:40;4;AT;58;378; ; ;1;0;0;0;0;0;0;0;0;0;0;0;0;0;0;0;0;12496;MAFALDA, RUA;16971;RENATA, AV;87;VILA FORMOSA;1;0
D021300887;9420;ITABERABA, AV;;;800;;15/02/2013 12:00;2;QD;28;815; ; ;0;0;1;0;0;0;0;0;0;0;0;0;0;0;0;0;0;9420;ITABERABA, AV;;;29;FREGUESIA DO O;1;0
D021300743;22305;LEAO MACHADO, AV;;;100;;15/02/2013 12:00;4;AT;93;1055; ; ;1;0;0;0;0;0;0;0;0;0;0;0;0;0;0;0;0;22305;LEAO MACHADO, AV;;;0;NULL;1;0
D021300001;4342;CARLOS DE SOUSA NAZARE, RUA;2561;AUGUSTO SEVERO, RUA;0;;15/02/2013 12:04;4;AT;1;273; ; ;0;0;0;0;0;0;0;0;0;0;0;1;0;0;0;0;0;2561;AUGUSTO SEVERO, RUA;4342;CARLOS DE SOUSA NAZARE, RUA;80;SE;1;0
D021300954;1803;ANTONIO MUNHOZ BONILHA, AV;;;521;;15/02/2013 12:10;2;CT;40;515; ; ;1;0;0;0;0;0;0;1;0;0;0;0;0;0;0;0;0;1803;ANTONIO MUNHOZ BONILHA, AV;;;50;LIMAO;1;0
D021301767;2878;BARREIRA GRANDE, AV DA;;;3993;;15/02/2013 12:20;2;CH;69;1962; ; ;1;0;0;0;0;0;0;0;0;0;0;1;0;0;0;0;0;2878;BARREIRA GRANDE, AV DA;;;78;SAPOPEMBA;1;0
D021300197;15656;PAULISTA, AV;12165;LUIS ANTONIO, AV BRIG;0;;15/02/2013 12:20;4;AT;78;952; ; ;1;0;0;0;0;0;0;0;0;0;0;0;0;0;0;0;0;12165;LUIS ANTONIO, AV BRIG;15656;PAULISTA, AV;44;JARDIM PAULISTA;1;0
D021300816;27187;OLAVO FONTOURA, AV;;;500;;15/02/2013 12:24;2;CT;13;1621; ; ;0;1;0;1;0;0;0;0;0;0;0;0;0;0;0;0;0;27187;OLAVO FONTOURA, AV;;;8;BELEM;1;0
D021301187;15034;ORATORIO, RUA DO;;;2500;;15/02/2013 12:30;4;AT;57;846; ; ;0;0;0;0;1;0;0;0;0;0;0;0;0;0;0;0;0;15034;ORATORIO, RUA DO;;;16;CAMPO GRANDE;1;0
D021300867;351;AGUA FRIA, AV;;;1973;;15/02/2013 13:14;4;AT;20;1411; ; ;0;1;0;0;0;0;0;0;0;0;0;0;0;0;0;0;0;351;AGUA FRIA, AV;;;71;SANTANA;1;0
D021301579;75006;JOSE DORIA DE ANDRADE, RUA;75108;COSMO JOSE DA SILVA, RUA;0;;15/02/2013 13:18;2;CF;65;510; ; ;1;1;0;0;0;0;0;0;0;0;0;0;0;0;0;0;0;75006;JOSE DORIA DE ANDRADE, RUA;75108;COSMO JOSE DA SILVA, RUA;24;CIDADE LIDER;1;0
D021301126;34122;MELO FREIRE, RUA;1967;APUCARANA, RUA;0;;15/02/2013 13:30;2;QM;30;1159; ; ;0;1;0;0;0;0;0;0;0;0;0;0;0;0;0;0;0;1967;APUCARANA, RUA;34122;MELO FREIRE, RUA;82;TATUAPE;1;0
D021300160;11525;LADARIO, RUA BR DE;3207;BENTO, PCA PDE;0;;15/02/2013 14:00;2;CO;12;931; ; ;1;0;0;0;1;0;0;0;0;0;0;0;0;0;0;0;0;3207;BENTO, PCA PDE;11525;LADARIO, RUA BR DE;57;PARI;1;0
D021301185;14213;MOOCA, RUA DA;;;3419;;15/02/2013 14:00;2;CH;57;638; ; ;1;1;0;0;0;0;0;0;0;0;0;0;0;0;0;0;0;14213;MOOCA, RUA DA;;;16;CAMPO GRANDE;1;0
D021300979;3771;INAJAR DE SOUZA, AV;;;4100;;15/02/2013 14:30;4;AT;72;1386;C; ;0;1;0;0;0;0;0;0;0;0;0;0;0;0;0;0;0;3771;INAJAR DE SOUZA, AV;;;50;LIMAO;1;0