id_acidente;codloga;logradouroA;codlogb;logradouroB;alt_num;referencia;data;cod_acid;tipo_acidente;dp;numero_BO;sentido;pista;automovel;moto;onibus;caminhao;bicicleta;moto_taxi;onibus_fretado;onibus_urbano;microonibus;van;vuc;caminhonete;carreta;jipe;outros;sem_informacao;carroca;princ_a;paiA;princ_b;paiB;cod_distrito;distrito;vit_ferida;vit_morta
D021300068;5245;CONSOLACAO, RUA DA;;;1611;;18/02/2013 21:30;2;CT;4;1321; ; ;1;0;0;0;0;0;0;0;0;0;0;0;0;0;0;1;0;5245;CONSOLACAO, RUA DA;;;26;CONSOLACAO;1;0
D021300136;19958;WILSON, AV PRES;;;1323;;18/02/2013 21:30;2;CO;8;1277; ; ;1;1;0;0;0;0;0;0;0;0;0;0;0;0;0;0;0;19958;WILSON, AV PRES;;;16;CAMPO GRANDE;1;0
D021301351;20048;YERVANT KISSAJIKIAN, AV;;;3800;;18/02/2013 23:00;2;CO;98;1884; ; ;1;1;0;0;0;0;0;0;0;0;0;0;0;0;0;0;0;20048;YERVANT KISSAJIKIAN, AV;;;29;FREGUESIA DO O;2;0
D021301824;7703;GABRIELA MISTRAL, AV;;;900;;18/02/2013 23:40;2;CT;10;1905; ; ;0;1;1;0;0;0;0;0;0;0;0;0;0;0;0;0;0;7703;GABRIELA MISTRAL, AV;;;60;PENHA;0;1
D021301574;17949;AMADO BAIA, RUA;;;5;;18/02/2013 23:47;2;CH;64;1798; ; ;0;0;0;0;0;0;0;0;0;0;0;1;0;0;0;0;0;17949;AMADO BAIA, RUA;;;49;LIBERDADE;2;0
D021300117;11649;LAVAPES, RUA DO;;;444;;19/02/2013 00:55;2;CH;6;1257; ; ;0;0;0;1;0;0;0;0;0;0;0;1;0;0;0;0;0;11649;LAVAPES, RUA DO;;;49;LIBERDADE;2;0
D021301687;36393;MATASHIRO YAMAGUISHY, RUA;;;355;;19/02/2013 05:40;2;CH;53;1130; ; ;0;0;1;0;0;0;0;0;0;0;0;0;0;0;0;0;0;36393;MATASHIRO YAMAGUISHY, RUA;;;51;MANDAQUI;4;0
D021300275;10586;JOAQUIM NABUCO, RUA;20036;ZACARIAS DE GOIS, RUA;0;;19/02/2013 06:30;4;AT;27;1790;C; ;1;0;0;0;0;0;0;0;0;0;0;0;0;0;0;0;0;10586;JOAQUIM NABUCO, RUA;20036;ZACARIAS DE GOIS, RUA;15;CAMPO BELO;1;0
D021301205;4736;CELSO GARCIA, AV;;;2117;;19/02/2013 06:48;2;CT;81;466; ; ;0;0;2;0;0;0;0;0;0;0;0;0;0;0;0;0;0;4736;CELSO GARCIA, AV;;;82;TATUAPE;1;0
D021301053;4128;CANGAIBA, AV;;;2164;;19/02/2013 07:00;4;AT;10;1919; ; ;0;1;0;0;0;0;0;0;0;0;0;0;0;0;0;0;0;4128;CANGAIBA, AV;;;18;CANGAIBA;1;0
D021300453;6238;NACOES UNIDAS, AV DAS;14883;OFELIA, RUA;0;;19/02/2013 08:00;2;CH;15;773;B; ;0;0;0;0;0;0;0;0;1;0;0;0;0;0;0;0;0;6238;NACOES UNIDAS, AV DAS;14883;OFELIA, RUA;63;PINHEIROS;2;0
D021300325;19583;VERGUEIRO, RUA;23986;VOLTAIRE, RUA;0;;19/02/2013 08:15;2;CO;36;631; ; ;1;1;0;0;0;0;0;0;0;0;0;0;0;0;0;0;0;19583;VERGUEIRO, RUA;23986;VOLTAIRE, RUA;  ;;1;0
D021300770;20089;ZUQUIM, RUA DR;;;517;;19/02/2013 08:30;4;AT;9;1049; ; ;1;0;0;0;0;0;0;0;0;0;0;0;0;0;0;0;0;20089;ZUQUIM, RUA DR;;;8;BELEM;1;0
D021301664;9044;RAGUEB CHOHFI, AV;;;1539;;19/02/2013 08:30;4;AT;49;2400; ; ;0;1;0;0;0;0;0;0;0;0;0;0;0;0;0;0;0;9044;RAGUEB CHOHFI, AV;;;32;IGUATEMI;1;0
D021301368;7917;GERALDO SANT'ANA, AV SARG;;;660;;19/02/2013 08:40;2;CO;99;722; ; ;1;1;0;0;0;0;0;0;0;0;0;0;0;0;0;0;0;7917;GERALDO SANT'ANA, AV SARG;;;16;CAMPO GRANDE;1;0
D021301838;98750;SEM INFORMACAO DE ENDERECO, SI;;;0;NADA CONSTA ;19/02/2013 09:00;4;AT;92;1103; ; ;0;0;0;0;0;0;0;0;0;0;0;0;0;0;0;1;0;98750;SEM INFORMACAO DE ENDERECO, SI;;;  ;;1;1
D021300746;17162;RIO PEQUENO, AV DO;;;868;;19/02/2013 09:30;4;AT;93;1131; ; ;0;1;0;0;0;0;0;0;0;0;0;0;0;0;0;0;0;17162;RIO PEQUENO, AV DO;;;13;CACHOEIRINHA;1;0
D021300747;34348;MARGINAL ESQUERD RIO PINHEIROS, AV;;;0;PROXIMO  - CEBOLAO;19/02/2013 09:52;2;CH;93;1139; ; ;0;0;0;0;0;0;0;0;0;0;0;2;0;0;0;0;0;13014;MARGINAL DO RIO PINHEIROS, AV;;;40;JAGUARE;2;0
D021300180;16321;PIRACICABA, AL BR DE;;;286;;19/02/2013 10:00;4;AT;77;768; ; ;1;0;0;0;0;0;0;0;0;0;0;0;0;0;0;0;0;16321;PIRACICABA, AL BR DE;;;11;BRASILANDIA;1;0
D021301581;36172;FRANCISCO DE TOLEDO, AV PDE;;;219;;19/02/2013 10:13;2;CO;65;548; ; ;2;0;0;0;0;0;0;0;0;0;0;0;0;0;0;0;0;36172;FRANCISCO DE TOLEDO, AV PDE;;;38;JACANA;1;0
D021300163;4561;CASTELO BRANCO, AV PRES;2679;AZURITA, RUA;0;;19/02/2013 10:41;2;CO;12;993; ; ;1;1;0;0;0;0;0;0;0;0;0;0;0;0;0;0;0;2679;AZURITA, RUA;4561;CASTELO BRANCO, AV PRES;57;PARI;1;0
D021300540;7500;FRANCISCO MORATO, AV PROF;;;3500;;19/02/2013 11:00;2;CO;34;1058; ; ;1;1;0;0;0;0;0;0;0;0;0;0;0;0;0;0;0;7500;FRANCISCO MORATO, AV PROF;;;12;BUTANTA;1;0
D021301633;72670;INACIO MONTEIRO, RUA;;;6324;;19/02/2013 11:15;4;AT;44;956; ; ;0;0;0;0;0;0;0;0;0;0;0;0;0;0;0;1;0;72670;INACIO MONTEIRO, RUA;;;50;LIMAO;1;0
D021300338;19253;FRANCOIS BUNEL, RUA;;;362;;19/02/2013 11:30;2;CO;83;425; ; ;0;1;0;0;1;0;0;0;0;0;0;0;0;0;0;0;0;19253;FRANCOIS BUNEL, RUA;;;21;CASA VERDE;2;0
D021300541;12502;MAGALHAES DE CASTRO, AV;;;3305;;19/02/2013 11:40;2;CO;34;1060; ; ;1;1;0;0;0;0;0;0;0;0;0;0;0;0;0;0;0;13014;MARGINAL DO RIO PINHEIROS, AV;;;12;BUTANTA;1;0
D021300303;31674;HUGO BEOLCHI, AV DR;;;539;;19/02/2013 11:50;2;SI;35;1547; ; ;2;0;0;0;0;0;0;0;0;0;0;0;0;0;0;0;0;31674;HUGO BEOLCHI, AV DR;;;42;JARDIM ANGELA;1;0
D021300233;6642;ESTADO, AV DO;15341;PALMARES, RUA;0;;19/02/2013 11:51;2;CO;17;487; ; ;1;0;0;0;0;0;0;0;0;0;0;1;0;0;0;0;0;6642;ESTADO, AV DO;15341;PALMARES, RUA;33;IPIRANGA;1;0
D021300370;12193;LUIS CARLOS BERRINI, AV ENG;;;0; - PTE ENG AR;19/02/2013 12:00;2;CL;96;879; ; ;0;1;0;0;0;0;0;0;0;0;0;0;0;0;0;0;0;12193;LUIS CARLOS BERRINI, AV ENG;;;34;ITAIM BIBI;2;0
D021301292;34824;ZIKE TUMA, RUA;12041;JACQUES TUPINAMBA, RUA DR;0;;19/02/2013 12:00;2;CO;80;631; ; ;1;1;0;0;0;0;0;0;0;0;0;0;0;0;0;0;0;12041;JACQUES TUPINAMBA, RUA DR;34824;ZIKE TUMA, RUA;16;CAMPO GRANDE;1;0
D021301310;38349;RUFINO ZADO, RUA;;;120;;19/02/2013 12:25;2;CP;85;900091; ; ;1;0;0;0;0;0;0;0;0;0;0;0;0;0;0;0;0;38349;RUFINO ZADO, RUA;;;32;IGUATEMI;1;0
D021300164;19713;VILA GUILHERME, PTE DA;;;10;;19/02/2013 12:40;2;CO;12;996; ; ;0;0;0;1;1;0;0;0;0;0;0;0;0;0;0;0;0;19713;VILA GUILHERME, PTE DA;;;47;LAJEADO;1;0
D021300400;5072;CLELIA, RUA;;;550;;19/02/2013 13:00;2;CO;7;1129; ; ;1;0;0;0;0;0;0;1;0;0;0;0;0;0;0;0;0;5072;CLELIA, RUA;;;48;LAPA;1;0
D021301194;35211;GUILHERME GIORGI, AV;1126;AMOECA, RUA;0;;19/02/2013 13:16;2;CT;58;402; ; ;1;1;0;0;0;0;0;0;0;0;0;0;0;0;0;0;0;1126;AMOECA, RUA;35211;GUILHERME GIORGI, AV;87;VILA FORMOSA;1;0
D021300331;99481;AYRTON SENNA, TN CV;;;0;NADA CONSTA ;19/02/2013 13:23;2;CL;36;779; ; ;1;1;0;0;0;0;0;0;0;0;0;0;0;0;0;0;0;99481;AYRTON SENNA, TN CV;;;53;MOEMA;1;0
D021300821;2421;ASSIS CHATEAUBRIAND, AV;;;0;NADA CONSTA ;19/02/2013 13:30;2;CO;13;1792; ;L;1;1;0;1;0;0;0;0;0;0;0;0;0;0;0;0;0;29772;MARGINAL DO RIO TIETE, AV;;;71;SANTANA;1;0
D021301705;99789;IGARAPE DA BELA AURORA, RUA;;;0;NADA CONSTA ;19/02/2013 14:18;2;QD;54;982; ; ;0;0;1;0;0;0;0;0;0;0;0;0;0;0;0;0;0;99789;IGARAPE DA BELA AURORA, RUA;;;25;CIDADE TIRADENT;1;0
D021301435;19824;MOACIR DANTAS ITAPICURU, AV;;;1045;;19/02/2013 14:20;2;CO;22;893;B; ;1;0;0;0;1;0;0;0;0;0;0;0;0;0;0;0;0;19824;MOACIR DANTAS ITAPICURU, AV;;;53;MOEMA;1;0
D021301206;4736;CELSO GARCIA, AV;;;1850;;19/02/2013 14:23;2;CO;81;479; ; ;0;1;0;0;0;0;0;0;0;0;0;1;0;0;0;0;0;4736;CELSO GARCIA, AV;;;82;TATUAPE;1;0
D021300571;9529;ITAPECERICA, ES DE;;;500;;19/02/2013 14:25;2;SI;37;1127; ; ;0;1;0;1;0;0;0;0;0;0;0;0;0;0;0;0;0;9529;ITAPECERICA, ES DE;;;29;FREGUESIA DO O;1;0
D021300332;19764;VINTE E TRES DE MAIO, AV;;;0;PROXIMO  - VD.EUCLIDE;19/02/2013 14:33;2;QM;36;782;B; ;0;1;0;0;0;0;0;0;0;0;0;0;0;0;0;0;0;19764;VINTE E TRES DE MAIO, AV;;;17;CAMPO LIMPO;1;0
D021301761;59153;PEDRO DA UNIAO, RUA S;;;16;;19/02/2013 14:38;2;CH;69;1718; ; ;0;1;0;0;0;0;0;0;0;0;0;0;0;0;0;0;0;59153;PEDRO DA UNIAO, RUA S;;;0;NULL;1;0
D021301666;29950;ANECY ROCHA, RUA;;;97;;19/02/2013 15:00;2;CO;49;2424; ; ;0;0;0;0;1;0;0;0;0;0;0;1;0;0;0;0;0;29950;ANECY ROCHA, RUA;;;32;IGUATEMI;1;0
D021300771;16759;QUIRINO, RUA S;;;905;;19/02/2013 15:00;4;AT;9;1071; ; ;0;0;0;0;0;0;0;0;0;0;0;1;0;0;0;0;0;16759;QUIRINO, RUA S;;;47;LAJEADO;1;0
D021300168;6642;ESTADO, AV DO;12278;LUIS PACHECO, RUA;0;;19/02/2013 15:00;2;CO;12;1054; ; ;0;2;0;0;0;0;0;0;0;0;0;0;0;0;0;0;0;6642;ESTADO, AV DO;12278;LUIS PACHECO, RUA;9;BOM RETIRO;1;0
D021301188;14427;NATAL, RUA;;;526;;19/02/2013 15:14;4;AT;57;900058; ; ;1;0;0;0;0;0;0;0;0;0;0;0;0;0;0;0;0;14427;NATAL, RUA;;;1;AGUA RASA;2;0
D021300774;12766;MANUEL SILVINO BANDEIRA MELO, RUA;;;181;;19/02/2013 15:30;2;CO;9;1097; ; ;2;0;0;0;0;0;0;0;0;0;0;0;0;0;0;0;0;12766;MANUEL SILVINO BANDEIRA MELO, RUA;;;88;VILA GUILHERME;1;0
D021300916;7589;FRAUENFELD, RUA;;;0;PROXIMO  - R.VALORWE;19/02/2013 15:36;2;CO;38;876; ; ;0;1;0;0;0;0;0;1;0;0;0;0;0;0;0;0;0;7589;FRAUENFELD, RUA;;;51;MANDAQUI;1;0
D021300555;7500;FRANCISCO MORATO, AV PROF;;;4170;;19/02/2013 15:40;2;QM;34;1292; ; ;0;1;0;0;0;0;0;0;0;0;0;0;0;0;0;0;0;7500;FRANCISCO MORATO, AV PROF;;;12;BUTANTA;1;0
D021300871;14767;NOVA CANTAREIRA, AV;;;691;;19/02/2013 15:54;2;CO;20;1548; ; ;1;1;0;0;0;0;0;0;0;0;0;0;0;0;0;0;0;14767;NOVA CANTAREIRA, AV;;;83;TREMEMBE;1;0
D021300637;16878;RAPOSO TAVARES, VIA;;;0;QUILOMETRO  - 12,5;19/02/2013 16:00;2;CO;51;964; ; ;1;1;0;0;0;0;0;0;0;0;0;0;0;0;0;0;0;16878;RAPOSO TAVARES, VIA;;;13;CACHOEIRINHA;1;0
D021300702;8000;GIOVANNI GRONCHI, AV;;;4710;;19/02/2013 16:30;4;AT;89;1402; ; ;1;0;0;0;0;0;0;0;0;0;0;0;0;0;0;0;0;8000;GIOVANNI GRONCHI, AV;;;55;MORUMBI;1;0
D021300078;19154;TREZE DE MAIO, RUA;12690;MANOEL DUTRA, RUA;0;;19/02/2013 16:30;2;CH;5;686; ; ;1;1;0;0;0;0;0;0;0;0;0;0;0;0;0;0;0;12690;MANOEL DUTRA, RUA;19154;TREZE DE MAIO, RUA;7;BELA VISTA;1;0
D021301209;6371;ELISABETH DE ROBIANO, AV CDSSA;;;450;;19/02/2013 16:40;2;CO;81;481;A; ;0;0;1;0;0;0;0;0;0;0;0;0;0;0;0;0;0;29772;MARGINAL DO RIO TIETE, AV;;;82;TATUAPE;1;0
D021301208;11784;LEOPOLDO, RUA S;;;356;;19/02/2013 16:47;4;AT;81;480; ; ;0;1;0;0;0;0;0;0;0;0;0;0;0;0;0;0;0;11784;LEOPOLDO, RUA S;;;8;BELEM;1;0
D021300257;2223;ARLINDO VIEIRA, AV PDE;;;1523;;19/02/2013 17:00;4;AT;26;1476; ; ;1;0;0;0;0;0;0;0;0;0;0;0;0;0;0;0;0;2223;ARLINDO VIEIRA, AV PDE;;;21;CASA VERDE;1;0
D021300100;11794;LEOPOLDO MIGUEZ, RUA;;;281;;19/02/2013 17:00;2;CO;6;892; ; ;1;0;0;0;0;0;0;0;0;0;0;1;0;0;0;0;0;11794;LEOPOLDO MIGUEZ, RUA;;;14;CAMBUCI;1;0
D021301820;11794;LEOPOLDO MIGUEZ, RUA;;;281;;19/02/2013 17:00;2;CO;5;892; ; ;2;0;0;0;0;0;0;0;0;0;0;0;0;0;0;0;0;11794;LEOPOLDO MIGUEZ, RUA;;;14;CAMBUCI;1;1
D021301478;98912;JOSE PINHEIRO BORGES, AV;;;0;PROXIMO  - AV DAVID D;19/02/2013 17:00;2;QM;32;1159; ; ;0;1;0;0;0;0;0;0;0;0;0;0;0;0;0;0;0;98912;JOSE PINHEIRO BORGES, AV;;;36;ITAQUERA;1;0
D021301479;11542;NORDESTINA, AV;;;3422;;19/02/2013 17:10;2;QM;32;1171; ; ;0;1;0;0;0;0;0;0;0;0;0;0;0;0;0;0;0;11542;NORDESTINA, AV;;;76;SAO MIGUEL;1;0
D021301846;16089;PEREIRA DO LAGO, RUA;;;0;NADA CONSTA ;19/02/2013 17:10;2;CH;51;3024; ; ;1;0;0;0;0;0;0;0;0;0;0;0;0;0;0;0;0;16089;PEREIRA DO LAGO, RUA;;;0;NULL;0;1
D021301152;6371;ELISABETH DE ROBIANO, AV CDSSA;;;3500;;19/02/2013 18:00;2;CT;52;523; ; ;1;1;0;0;0;0;0;0;0;0;0;0;0;0;0;0;0;29772;MARGINAL DO RIO TIETE, AV;;;82;TATUAPE;2;0
D021301695;36393;MATASHIRO YAMAGUISHY, RUA;;;9999;;19/02/2013 18:00;2;CH;53;1273; ; ;1;0;0;0;0;0;0;0;0;0;0;0;0;0;0;0;0;36393;MATASHIRO YAMAGUISHY, RUA;;;51;MANDAQUI;1;0
D021300578;63349;ROGERIO DE PAULA BRITO, RUA;;;10;;19/02/2013 18:30;4;AT;37;14354; ; ;0;1;0;0;0;0;0;0;0;0;0;0;0;0;0;0;0;63349;ROGERIO DE PAULA BRITO, RUA;;;29;FREGUESIA DO O;1;0
D021300224;4224;CARAMURU, RUA;;;1611;;19/02/2013 18:30;2;CO;16;2256; ; ;1;0;0;0;1;0;0;0;0;0;0;0;0;0;0;0;0;4224;CARAMURU, RUA;;;79;SAUDE;1;0
D021301608;36386;SUGAYA, RUA AGRIM;;;0;NADA CONSTA ;19/02/2013 19:30;2;CO;103;695; ; ;1;1;0;0;0;0;0;0;0;0;0;0;0;0;0;0;0;36386;SUGAYA, RUA AGRIM;;;46;JOSE BONIFACIO;1;0
D021300101;12452;MACHADO DE ASSIS, RUA;15627;PAULA NEY, RUA;0;;19/02/2013 19:46;2;SI;6;896; ; ;1;1;0;0;0;0;0;0;0;0;0;0;0;0;0;0;0;12452;MACHADO DE ASSIS, RUA;15627;PAULA NEY, RUA;92;VILA MARIANA;1;0
D021300021;3209;BENTO, LGO SAO;;;64;;19/02/2013 19:49;4;AT;1;1287; ; ;1;0;0;0;0;0;0;0;0;0;0;0;0;0;0;0;0;3209;BENTO, LGO SAO;;;80;SE;1;0
D021301595;41069;VICENZO RUFFO, RUA;;;18;;19/02/2013 20:10;2;CO;68;2144; ; ;0;0;0;0;1;0;0;1;0;0;0;0;0;0;0;0;0;41069;VICENZO RUFFO, RUA;;;50;LIMAO;1;0
D021300137;543;ALCANTARA MACHADO, AV;3653;BRESSER, RUA;0;;19/02/2013 21:08;4;AT;8;1279; ; ;1;0;0;0;0;0;0;0;0;0;0;0;0;0;0;0;0;543;ALCANTARA MACHADO, AV;3653;BRESSER, RUA;54;MOOCA;1;0
D021300102;9151;INDEPENDENCIA (V PRUDENTE), RUA;;;100;;19/02/2013 22:05;2;QD;6;906; ; ;0;0;0;0;0;0;0;1;0;0;0;0;0;0;0;0;0;9151;INDEPENDENCIA (V PRUDENTE), RUA;;;78;SAPOPEMBA;1;0
D021301143;8767;HERWIS, RUA;;;33;;19/02/2013 22:30;2;CO;42;1081;C; ;1;1;0;0;0;0;0;0;0;0;0;0;0;0;0;0;0;8767;HERWIS, RUA;;;74;SAO LUCAS;1;0
D021300828;719;ALFREDO PUJOL, RUA;4353;CARLOS ESCOBAR, RUA;0;;19/02/2013 22:45;2;QM;13;1986; ; ;0;1;0;0;0;0;0;0;0;0;0;0;0;0;0;0;0;719;ALFREDO PUJOL, RUA;4353;CARLOS ESCOBAR, RUA;71;SANTANA;1;0
D021301667;13671;MATEO BEI, AV;;;3240;;19/02/2013 23:00;2;CO;49;2458; ; ;2;0;0;0;0;0;0;0;0;0;0;0;0;0;0;0;0;13671;MATEO BEI, AV;;;75;SAO MATEUS;1;0
D021301464;954;AMADOR BUENO DA VEIGA, AV;;;4086;;20/02/2013 01:30;2;QD;24;2122;B; ;0;0;0;0;0;0;0;1;0;0;0;0;0;0;0;0;0;954;AMADOR BUENO DA VEIGA, AV;;;60;PENHA;1;0
D021301081;12156;LUIZ AYRES, RUA DR;16248;PINHAL, RUA;0;;20/02/2013 01:30;4;AT;21;562; ; ;1;0;0;0;0;0;0;0;0;0;0;0;0;0;0;0;0;12156;LUIZ AYRES, RUA DR;16248;PINHAL, RUA;5;ARTUR ALVIM;1;0
D021300872;20089;ZUQUIM, RUA DR;;;1739;;20/02/2013 05:15;2;CH;20;1561; ; ;0;0;0;0;0;0;0;0;0;0;0;1;0;0;0;0;0;20089;ZUQUIM, RUA DR;;;8;BELEM;1;0
D021301322;42908;M. CAMARO, RUA;;;387;;20/02/2013 05:26;4;AT;92;1113; ; ;0;1;0;0;0;0;0;0;0;0;0;0;0;0;0;0;0;42908;M. CAMARO, RUA;;;32;IGUATEMI;2;0
D021301778;15032;ORATORIO, AV DO;;;5313;;20/02/2013 05:30;2;SI;70;1056; ; ;1;1;0;0;0;0;0;0;0;0;0;0;0;0;0;0;0;15032;ORATORIO, AV DO;;;26;CONSOLACAO;1;0
D021300917;19337;ULTRAMARINO, AV;;;912;;20/02/2013 06:05;2;CO;38;889; ; ;2;0;0;0;0;0;0;0;0;0;0;0;0;0;0;0;0;19337;ULTRAMARINO, AV;;;8;BELEM;2;0
D021300657;16878;RAPOSO TAVARES, VIA;;;17200;;20/02/2013 06:40;4;AT;75;602; ; ;0;1;0;0;0;0;0;0;0;0;0;0;0;0;0;0;0;16878;RAPOSO TAVARES, VIA;;;13;CACHOEIRINHA;2;0
D021300225;9715;JABAQUARA, AV;13915;MIGUEL ESTEFANO, AV;0;;20/02/2013 06:57;2;CO;16;2270; ; ;1;1;0;0;0;0;0;0;0;0;0;0;0;0;0;0;0;9715;JABAQUARA, AV;13915;MIGUEL ESTEFANO, AV;79;SAUDE;1;0
D021301221;3216;BENTO BRANCO DE ANDRADE FILHO, RUA;;;212;;20/02/2013 07:00;2;CO;11;1208; ; ;1;1;0;0;0;0;0;0;0;0;0;0;0;0;0;0;0;3216;BENTO BRANCO DE ANDRADE FILHO, RUA;;;72;SANTO AMARO;1;0
D021300424;9862;JAIME FONSECA RODRIGUES, RUA ARQ;;;200;;20/02/2013 07:10;2;QD;14;1271; ; ;0;0;0;0;0;0;0;1;0;0;0;0;0;0;0;0;0;9862;JAIME FONSECA RODRIGUES, RUA ARQ;;;2;ALTO DE PINHEIR;1;0
D021301232;11063;JOSE MARIA, AV PDE;;;1;;20/02/2013 07:13;4;AT;11;1937; ; ;0;0;0;0;0;0;0;1;0;0;0;0;0;0;0;0;0;11063;JOSE MARIA, AV PDE;;;72;SANTO AMARO;1;0
D021300748;5309;CORIFEU DE AZEVEDO MARQUES, AV;13019;ESCOLA POLITECNICA, AV;0;;20/02/2013 07:20;2;CL;93;1161; ; ;0;1;0;0;0;0;0;0;0;0;0;1;0;0;0;0;0;5309;CORIFEU DE AZEVEDO MARQUES, AV;9836;JAGUARE, AV;55;MORUMBI;1;0
D021300339;5618;CURSINO, AV DO;;;6067;;20/02/2013 07:29;4;AT;83;435; ; ;1;0;0;0;0;0;0;0;0;0;0;0;0;0;0;0;0;5618;CURSINO, AV DO;;;27;CURSINO;1;0
D021300165;16870;RANGEL PESTANA, AV;;;1421;;20/02/2013 07:36;4;AT;12;1013; ; ;0;0;0;0;0;0;0;1;0;0;0;0;0;0;0;0;0;16870;RANGEL PESTANA, AV;;;1;AGUA RASA;1;0
D021300772;5328;COROA, RUA DA;;;0;NADA CONSTA ;20/02/2013 07:40;4;AT;9;1077; ; ;1;0;0;0;0;0;0;0;0;0;0;0;0;0;0;0;0;5328;COROA, RUA DA;;;88;VILA GUILHERME;1;0
D021301054;929;ALVINOPOLIS, RUA;;;0;ACESSO  - METRO;20/02/2013 07:40;4;AT;10;1960; ; ;0;0;0;0;0;0;0;0;0;0;0;1;0;0;0;0;0;929;ALVINOPOLIS, RUA;;;60;PENHA;1;0
D021300656;16878;RAPOSO TAVARES, VIA;;;17800;;20/02/2013 07:50;4;AT;75;600; ; ;0;0;1;0;0;0;0;0;0;0;0;0;0;0;0;0;0;16878;RAPOSO TAVARES, VIA;;;13;CACHOEIRINHA;1;0
D021300750;34348;MARGINAL ESQUERD RIO PINHEIROS, AV;;;0;PROXIMO  - 0,5 KM CEB;20/02/2013 08:00;2;CH;93;1233; ; ;1;1;0;0;0;0;0;0;0;0;0;0;0;0;0;0;0;13014;MARGINAL DO RIO PINHEIROS, AV;;;40;JAGUARE;1;0
D021300480;18519;SUMARE, AV;3880;CAIUBI, RUA;0;;20/02/2013 08:00;2;CL;23;941; ; ;1;1;0;0;0;0;0;0;0;0;0;0;0;0;0;0;0;3880;CAIUBI, RUA;18519;SUMARE, AV;61;PERDIZES;1;0
D021301055;43777;CARVALHO PINTO, AV GOV;;;300;;20/02/2013 08:08;4;AT;10;1962; ; ;0;1;0;0;0;0;0;0;0;0;0;0;0;0;0;0;0;43777;CARVALHO PINTO, AV GOV;;;41;JARAGUA;1;0
D021300049;6642;ESTADO, AV DO;;;100;;20/02/2013 08:09;2;CO;2;1010; ; ;1;1;0;0;0;0;0;0;0;0;0;0;0;0;0;0;0;6642;ESTADO, AV DO;;;9;BOM RETIRO;1;0
D021301291;32089;ESTANISLAU MONIUSKO, RUA;;;300;;20/02/2013 08:17;2;CF;80;605; ; ;1;1;0;0;0;0;0;0;0;0;0;0;0;0;0;0;0;32089;ESTANISLAU MONIUSKO, RUA;;;29;FREGUESIA DO O;2;0
D021301779;24338;LUIZ IGNACIO ANHAIA MELLO, AV PROF;;;8051;;20/02/2013 08:27;2;SI;70;1062; ; ;1;1;0;0;0;0;0;0;0;0;0;0;0;0;0;0;0;24338;LUIZ IGNACIO ANHAIA MELLO, AV PROF;;;26;CONSOLACAO;1;0
D021300305;15590;CHARLES DARWIN, RUA;26095;ELIAS DE CARVALHO, RUA CONS;0;;20/02/2013 08:30;2;CO;35;1576; ; ;1;0;0;0;0;0;0;0;0;0;0;0;0;0;0;1;0;15590;CHARLES DARWIN, RUA;26095;ELIAS DE CARVALHO, RUA CONS;37;JABAQUARA;2;0
D021300542;19461;VALERIO, AV S;;;650;;20/02/2013 08:50;2;CO;34;1084; ; ;1;1;0;0;0;0;0;0;0;0;0;0;0;0;0;0;0;19461;VALERIO, AV S;;;13;CACHOEIRINHA;2;0
D021300562;16349;PIRAPO, RUA;;;500;;20/02/2013 09:00;2;QM;34;1927; ; ;0;1;0;0;0;0;0;0;0;0;0;0;0;0;0;0;0;16349;PIRAPO, RUA;;;13;CACHOEIRINHA;1;0
D021300842;17577;SABOIA DE MEDEIROS, RUA PDE;;;491;;20/02/2013 09:00;2;CO;19;676; ; ;1;1;0;0;0;0;0;0;0;0;0;0;0;0;0;0;0;17577;SABOIA DE MEDEIROS, RUA PDE;;;36;ITAQUERA;2;0
D021300659;8603;HEITOR ANTONIO EIRAS GARCIA, AV ENG;;;5500;;20/02/2013 09:07;2;CF;75;608; ; ;1;0;0;0;0;0;0;1;0;0;0;0;0;0;0;0;0;8603;HEITOR ANTONIO EIRAS GARCIA, AV ENG;;;68;RIO PEQUENO;1;0
D021300889;15485;PARAPUA, RUA;;;795;;20/02/2013 09:20;2;CO;28;804; ; ;0;1;0;0;0;0;0;0;0;0;0;1;0;0;0;0;0;15485;PARAPUA, RUA;;;4;ARICANDUVA;2;0
D021300658;16878;RAPOSO TAVARES, VIA;;;14800;;20/02/2013 09:25;2;CL;75;603; ; ;0;0;0;0;0;0;0;1;0;0;0;0;0;0;0;0;0;16878;RAPOSO TAVARES, VIA;;;13;CACHOEIRINHA;1;0
D021301302;63003;ALZIRO PINHEIRO MAGALHAES, RUA;;;198;;20/02/2013 09:26;2;CO;85;939; ; ;1;0;0;0;1;0;0;0;0;0;0;0;0;0;0;0;0;63003;ALZIRO PINHEIRO MAGALHAES, RUA;;;32;IGUATEMI;1;0
D021301501;13168;MANUEL ALVARES PIMENTEL, RUA;79543;CORNELIO DE ARZAO, RUA;0;;20/02/2013 09:35;2;CO;50;2173; ; ;1;1;0;0;0;0;0;0;0;0;0;0;0;0;0;0;0;13168;MANUEL ALVARES PIMENTEL, RUA;79543;CORNELIO DE ARZAO, RUA;35;ITAIM PAULISTA;1;0