id_acidente;codloga;logradouroA;codlogb;logradouroB;alt_num;referencia;data;cod_acid;tipo_acidente;dp;numero_BO;sentido;pista;automovel;moto;onibus;caminhao;bicicleta;moto_taxi;onibus_fretado;onibus_urbano;microonibus;van;vuc;caminhonete;carreta;jipe;outros;sem_informacao;carroca;princ_a;paiA;princ_b;paiB;cod_distrito;distrito;vit_ferida;vit_morta
D021300366;41023;CHUCRI ZAIDAN, AV DR;21499;JOSE LEITE E OITICICA, RUA PROF;0;;20/02/2013 09:45;2;CL;96;758; ; ;1;1;0;0;0;0;0;0;0;0;0;0;0;0;0;0;0;21499;JOSE LEITE E OITICICA, RUA PROF;41023;CHUCRI ZAIDAN, AV DR;34;ITAIM BIBI;1;0
D021300873;2563;AUGUSTO TOLLE, RUA;;;175;;20/02/2013 10:30;2;CH;20;1570; ; ;1;0;0;0;0;0;0;0;0;0;0;0;0;0;0;0;0;2563;AUGUSTO TOLLE, RUA;;;8;BELEM;1;0
D021300139;19163;TRILHOS, RUA DOS;;;869;;20/02/2013 11:28;2;CO;8;1301; ; ;1;1;0;0;0;0;0;0;0;0;0;0;0;0;0;0;0;19163;TRILHOS, RUA DOS;;;54;MOOCA;1;0
D021300579;16339;CARLOS LACERDA, AV;;;1604;;20/02/2013 11:40;4;AT;37;1479; ; ;0;2;0;0;0;0;0;0;0;0;0;0;0;0;0;0;0;16339;CARLOS LACERDA, AV;;;29;FREGUESIA DO O;2;0
D021300436;16919;REBOUCAS, AV;;;1921;;20/02/2013 12:00;2;CO;14;1610; ; ;1;1;0;0;0;0;0;0;0;0;0;0;0;0;0;0;0;16919;REBOUCAS, AV;;;44;JARDIM PAULISTA;1;0
D021301407;3509;BELMIRA MARIN, AV DONA;;;5000;;20/02/2013 12:00;2;QD;101;1212; ; ;0;0;0;0;0;0;0;0;1;0;0;0;0;0;0;0;0;3509;BELMIRA MARIN, AV DONA;;;30;GRAJAU;1;0
D021301210;6371;ELISABETH DE ROBIANO, AV CDSSA;;;450;;20/02/2013 12:20;2;CL;81;489; ; ;0;1;0;0;0;0;0;0;0;0;0;1;0;0;0;0;0;29772;MARGINAL DO RIO TIETE, AV;;;82;TATUAPE;1;0
D021301009;16305;ANTONELO DA MESSINA, AV;;;1480;;20/02/2013 12:20;2;CT;73;1961; ; ;0;1;0;0;0;0;0;0;0;0;0;1;0;0;0;0;0;16305;ANTONELO DA MESSINA, AV;;;83;TREMEMBE;1;0
D021300703;71804;LAERCIO CORTE, RUA DEP;;;1350;;20/02/2013 12:23;4;AT;89;1409; ; ;1;0;0;0;0;0;0;0;0;0;0;0;0;0;0;0;0;71804;LAERCIO CORTE, RUA DEP;;;29;FREGUESIA DO O;1;0
D021301567;98965;CALIM EID, AV;;;2773;;20/02/2013 12:28;2;CT;64;1478; ; ;1;0;0;1;0;0;0;0;0;0;0;0;0;0;0;0;0;98965;CALIM EID, AV;;;60;PENHA;1;0
D021301109;5153;COELHO LISBOA, RUA;9539;ITAPETI, RUA;0;;20/02/2013 12:30;2;SI;30;527; ; ;1;1;0;0;0;0;0;0;0;0;0;0;0;0;0;0;0;5153;COELHO LISBOA, RUA;9539;ITAPETI, RUA;  ;;1;0
D021300226;9715;JABAQUARA, AV;;;2500;;20/02/2013 12:55;4;AT;16;2289; ; ;1;0;0;0;0;0;0;0;0;0;0;0;0;0;0;0;0;9715;JABAQUARA, AV;;;79;SAUDE;1;0
D021301281;15507;TEOTONIO VILELA, AV SEN;;;1440;;20/02/2013 13:00;2;CO;48;686; ; ;0;1;0;0;0;0;0;0;0;0;0;1;0;0;0;0;0;15507;TEOTONIO VILELA, AV SEN;;;23;CIDADE DUTRA;1;0
D021301554;62145;GUARABU, RUA;;;142;;20/02/2013 13:00;2;CH;63;1302; ; ;1;0;0;0;0;0;0;0;0;0;0;0;0;0;0;0;0;62145;GUARABU, RUA;;;53;MOEMA;1;0
D021300084;21822;QUATORZE DE JULHO, RUA;;;114;;20/02/2013 13:30;2;CO;5;953; ; ;0;1;0;0;0;0;0;0;0;0;0;1;0;0;0;0;0;21822;QUATORZE DE JULHO, RUA;;;17;CAMPO LIMPO;1;0
D021301052;954;AMADOR BUENO DA VEIGA, AV;;;1730;;20/02/2013 14:00;2;CO;10;1873; ; ;1;1;0;0;0;0;0;0;0;0;0;0;0;0;0;0;0;954;AMADOR BUENO DA VEIGA, AV;;;60;PENHA;1;0
D021300437;6238;NACOES UNIDAS, AV DAS;;;0;QUILOMETRO  - 04;20/02/2013 14:42;2;CO;14;1615; ; ;0;1;0;0;0;0;0;0;0;0;0;0;0;0;0;1;0;13014;MARGINAL DO RIO PINHEIROS, AV;;;90;VILA LEOPOLDINA;1;0
D021301082;10581;JOAQUIM MARRA, RUA;;;1529;;20/02/2013 15:05;2;CT;21;565; ; ;0;1;0;1;0;0;0;0;0;0;0;0;0;0;0;0;0;10581;JOAQUIM MARRA, RUA;;;93;VILA MATILDE;1;0
D021301056;4128;CANGAIBA, AV;;;1539;;20/02/2013 15:30;4;AT;10;1990; ; ;0;0;0;0;0;0;0;0;1;0;0;0;0;0;0;0;0;4128;CANGAIBA, AV;;;18;CANGAIBA;1;0
D021300166;4736;CELSO GARCIA, AV;;;919;;20/02/2013 15:45;4;AT;12;1031; ; ;0;0;0;0;0;0;0;1;0;0;0;0;0;0;0;0;0;4736;CELSO GARCIA, AV;;;82;TATUAPE;1;0
D021301120;1657;ANTONIO DE BARROS, RUA;2673;AZEVEDO SOARES, RUA;0;;20/02/2013 15:49;4;AT;30;984; ; ;0;1;0;0;0;0;0;0;0;0;0;0;0;0;0;0;0;1657;ANTONIO DE BARROS, RUA;2673;AZEVEDO SOARES, RUA;82;TATUAPE;1;0
D021300455;16011;PEDROSO ALVARENGA, RUA;16985;RENATO PAES DE BARROS, RUA DR;0;;20/02/2013 16:00;4;AT;15;824; ; ;0;0;0;0;0;0;0;0;0;0;0;1;0;0;0;0;0;16011;PEDROSO ALVARENGA, RUA;16985;RENATO PAES DE BARROS, RUA DR;34;ITAIM BIBI;1;0
D021301688;46936;JACU-PESSEGO/NOVA TRABALHADORE, AV;;;7181;;20/02/2013 16:30;2;CO;53;1158; ; ;1;1;0;0;0;0;0;0;0;0;0;0;0;0;0;0;0;46936;JACU-PESSEGO/NOVA TRABALHADORE, AV;;;46;JOSE BONIFACIO;1;0
D021300459;4933;CIDADE JARDIM, AV;;;187;;20/02/2013 16:45;4;AT;15;958; ; ;1;0;0;0;0;0;0;0;0;0;0;0;0;0;0;0;0;4933;CIDADE JARDIM, AV;;;63;PINHEIROS;1;0
D021300580;16339;CARLOS LACERDA, AV;;;1190;;20/02/2013 17:00;2;CO;37;1483; ; ;1;0;0;0;1;0;0;0;0;0;0;0;0;0;0;0;0;16339;CARLOS LACERDA, AV;;;29;FREGUESIA DO O;1;0
D021301154;35615;TATUAPE, PTE;;;0;SOBRE  - PONTE;20/02/2013 17:00;2;CT;52;541;B; ;1;1;0;0;0;0;0;0;0;0;0;2;0;0;0;0;0;35615;TATUAPE, PTE;;;10;BRAS;1;0
D021300406;17086;RICARDO MEDINA FILHO, AV;5490;CRISPIM, PCA S;0;;20/02/2013 17:10;2;CO;7;90053; ; ;1;1;0;0;0;0;0;0;0;0;0;0;0;0;0;0;0;5490;CRISPIM, PCA S;16482;PONTA PORA, RUA;48;LAPA;1;0
D021301153;4736;CELSO GARCIA, AV;18347;SIRIA, RUA;0;;20/02/2013 17:22;2;CO;52;540; ; ;0;0;1;0;1;0;0;0;0;0;0;0;0;0;0;0;0;4736;CELSO GARCIA, AV;18347;SIRIA, RUA;82;TATUAPE;1;0
D021300274;22136;REPUBLICA ARABE SIRIA, VD;;;0;PROXIMO  - MOREIRA GU;20/02/2013 17:23;2;QM;27;1786; ; ;0;1;0;0;0;0;0;0;0;0;0;0;0;0;0;0;0;22136;REPUBLICA ARABE SIRIA, VD;;;24;CIDADE LIDER;1;0
D021300450;8714;HENRIQUE SCHAUMANN, RUA;;;1096;;20/02/2013 17:25;2;QM;14;2137; ; ;0;1;0;0;0;0;0;0;0;0;0;0;0;0;0;0;0;8714;HENRIQUE SCHAUMANN, RUA;;;63;PINHEIROS;1;0
D021300543;7500;FRANCISCO MORATO, AV PROF;;;6000;;20/02/2013 17:30;2;CL;34;1096; ; ;1;1;0;0;0;0;0;0;0;0;0;0;0;0;0;0;0;7500;FRANCISCO MORATO, AV PROF;;;12;BUTANTA;1;0
D021301012;19711;ABILIO PEDRO RAMOS, RUA;;;400;;20/02/2013 17:30;2;CL;73;2162; ; ;1;1;0;0;0;0;0;0;0;0;0;0;0;0;0;0;0;19711;ABILIO PEDRO RAMOS, RUA;;;22;CIDADE ADEMAR;1;0
D021300775;5567;CRUZEIRO DO SUL, AV;;;3420;;20/02/2013 17:45;2;CO;9;1098; ; ;1;1;0;0;0;0;0;0;0;0;0;0;0;0;0;0;0;5567;CRUZEIRO DO SUL, AV;;;5;ARTUR ALVIM;1;0
D021301261;5606;CUPECE, AV;;;4300;;20/02/2013 18:00;2;CO;43;1959;C; ;1;1;0;0;0;0;0;0;0;0;0;0;0;0;0;0;0;5606;CUPECE, AV;;;22;CIDADE ADEMAR;1;0
D021300500;15151;JOAO RODRIGUES LEITE, RUA;;;9;;20/02/2013 18:00;4;AT;33;906; ; ;1;0;0;0;0;0;0;0;0;0;0;0;0;0;0;0;0;15151;JOAO RODRIGUES LEITE, RUA;;;31;GUAIANASES;1;0
D021301443;11123;JOSE NUNES DOS SANTOS, RUA;;;860;;20/02/2013 18:30;4;AT;22;1308; ; ;0;0;0;0;0;0;0;0;0;0;0;1;0;0;0;0;0;11123;JOSE NUNES DOS SANTOS, RUA;;;43;JARDIM HELENA;1;0
D021301668;2181;ARICANDUVA, AV;;;12000;;20/02/2013 18:30;2;CO;49;2484; ; ;1;1;0;0;0;0;0;0;0;0;0;0;0;0;0;0;0;2181;ARICANDUVA, AV;;;60;PENHA;2;0
D021301273;6334;ELLIS MAAS, AV;;;679;;20/02/2013 18:50;2;CO;47;2254;C; ;1;1;0;0;0;0;0;0;0;0;0;0;0;0;0;0;0;6334;ELLIS MAAS, AV;;;19;CAPAO REDONDO;1;0
D021300943;17728;SANATORIO, AV;;;331;;20/02/2013 18:55;2;CO;39;837;B; ;2;1;0;0;0;0;0;0;0;0;0;0;0;0;0;0;0;17728;SANATORIO, AV;;;22;CIDADE ADEMAR;1;0
D021300202;17791;SANTOS, AL;4003;CAMPINAS, AL;0;;20/02/2013 19:06;2;CO;78;1377; ; ;1;1;0;0;0;0;0;0;0;0;0;0;0;0;0;0;0;4003;CAMPINAS, AL;17791;SANTOS, AL;44;JARDIM PAULISTA;1;0
D021300306;4596;CATARINA, AV STA;26095;ELIAS DE CARVALHO, RUA CONS;0;;20/02/2013 19:10;2;CO;35;1598; ; ;0;1;0;0;0;0;0;0;0;0;0;0;0;0;0;1;0;4596;CATARINA, AV STA;26095;ELIAS DE CARVALHO, RUA CONS;37;JABAQUARA;1;0
D021300103;8614;HEITOR PEIXOTO, RUA;;;501;;20/02/2013 19:18;2;CO;6;913; ; ;0;0;0;0;1;0;0;1;0;0;0;0;0;0;0;0;0;8614;HEITOR PEIXOTO, RUA;;;14;CAMBUCI;1;0
D021300704;13014;MARGINAL DO RIO PINHEIROS, AV;;;0;QUILOMETRO  - 14,5;20/02/2013 19:30;2;QM;89;1419; ; ;0;1;0;0;0;0;0;0;0;0;0;0;0;0;0;0;0;13014;MARGINAL DO RIO PINHEIROS, AV;;;40;JAGUARE;1;0
D021301502;21475;MANUEL LEMES DA SILVA, RUA;;;585;;20/02/2013 19:30;2;CO;50;2185; ; ;1;1;0;0;0;0;0;0;0;0;0;0;0;0;0;0;0;21475;MANUEL LEMES DA SILVA, RUA;;;54;MOOCA;1;0
D021300486;4561;CASTELO BRANCO, AV PRES;;;0;PROXIMO  -  PTE.JULIO;20/02/2013 19:45;2;CO;23;1062; ; ;1;1;0;0;0;0;0;0;0;0;0;0;0;0;0;0;0;29772;MARGINAL DO RIO TIETE, AV;;;6;BARRA FUNDA;1;0
D021301762;74849;TAIOBEIRAS, RUA;;;16;;20/02/2013 20:11;2;CO;69;1769; ; ;1;0;1;0;0;0;0;0;0;0;0;0;0;0;0;0;0;74849;TAIOBEIRAS, RUA;;;56;PARELHEIROS;1;0
D021301155;4736;CELSO GARCIA, AV;;;4377;;20/02/2013 20:12;2;CO;52;543; ; ;1;1;0;0;0;0;0;0;0;0;0;0;0;0;0;0;0;4736;CELSO GARCIA, AV;;;82;TATUAPE;1;0
D021301710;45644;MAYRINK, RUA VISC;;;0;PROXIMO  - AV DO META;20/02/2013 21:00;4;AT;54;2485; ; ;0;1;0;0;0;0;0;0;0;0;0;0;0;0;0;0;0;45644;MAYRINK, RUA VISC;;;25;CIDADE TIRADENT;1;0
D021301752;9580;ITAQUERA, AV;;;750;;20/02/2013 21:09;4;AT;66;1161; ; ;0;0;0;0;0;0;0;0;0;0;0;0;0;0;0;1;0;9580;ITAQUERA, AV;;;24;CIDADE LIDER;1;0
D021300581;16339;CARLOS LACERDA, AV;;;2700;;20/02/2013 21:30;2;QM;37;1500; ; ;0;1;0;0;0;0;0;0;0;0;0;0;0;0;0;0;0;16339;CARLOS LACERDA, AV;;;29;FREGUESIA DO O;1;0
D021301518;17642;RIO GUALEGUAI, RUA;;;18;;20/02/2013 21:30;2;CF;59;2187; ; ;0;1;0;0;0;0;0;0;0;0;0;1;0;0;0;0;0;17642;RIO GUALEGUAI, RUA;;;53;MOEMA;2;0
D021301215;18337;SIQUEIRA BUENO, RUA;;;308;;20/02/2013 22:40;4;AT;81;955; ; ;0;0;0;0;0;0;0;0;1;0;0;0;0;0;0;0;0;18337;SIQUEIRA BUENO, RUA;;;10;BRAS;1;0
D021300508;14350;MUTINGA, AV;;;1237;;20/02/2013 23:20;2;CL;33;1607; ; ;1;1;0;0;0;0;0;0;0;0;0;0;0;0;0;0;0;14350;MUTINGA, AV;;;64;PIRITUBA;1;0
D021301815;19958;WILSON, AV PRES;;;695;;21/02/2013 00:10;4;AT;8;1316; ; ;0;0;0;0;0;0;0;0;0;0;0;0;0;0;0;1;0;19958;WILSON, AV PRES;;;16;CAMPO GRANDE;0;1
D021300680;75254;ANTONIO DA SILVA GUIMARAES, RUA;;;200;;21/02/2013 03:30;2;CP;87;1608; ; ;1;0;0;0;0;0;0;0;0;0;0;0;0;0;0;0;0;75254;ANTONIO DA SILVA GUIMARAES, RUA;;;31;GUAIANASES;1;0
D021300173;6642;ESTADO, AV DO;10485;JOAO TEODORO, RUA;0;;21/02/2013 05:40;2;CO;12;1261; ; ;1;1;0;0;0;0;0;0;0;0;0;0;0;0;0;0;0;6642;ESTADO, AV DO;10485;JOAO TEODORO, RUA;9;BOM RETIRO;1;0
D021300050;4561;CASTELO BRANCO, AV PRES;;;0;NADA CONSTA ;21/02/2013 06:45;2;CL;2;1109; ; ;1;1;0;0;0;0;0;0;0;0;0;0;0;0;0;0;0;29772;MARGINAL DO RIO TIETE, AV;;;6;BARRA FUNDA;1;0
D021301816;13604;CANDIDO MOTTA FILHO, AV DR;;;1298;;21/02/2013 06:50;2;CH;93;362; ; ;0;1;0;0;0;0;0;0;0;0;0;0;0;0;0;0;0;13604;CANDIDO MOTTA FILHO, AV DR;;;68;RIO PEQUENO;0;1
D021301417;11685;LEBLON, AV;16569;DIANA DE LIZ, RUA;0;;21/02/2013 07:05;2;CO;102;550; ; ;1;1;0;0;0;0;0;0;0;0;0;0;0;0;0;0;0;3588;JOAO ALVARES FAGUNDES, PCA;5273;OCTAVIANO DE FREITAS COSTA, AV CEL;81;SOCORRO;1;0
D021300665;12289;MARIO SILVEIRA ROSA, RUA;;;65;;21/02/2013 07:30;4;AT;75;1459; ; ;0;0;0;0;0;0;0;0;0;0;0;1;0;0;0;0;0;12289;MARIO SILVEIRA ROSA, RUA;;;96;VILA SONIA;1;0
D021301646;2181;ARICANDUVA, AV;9044;RAGUEB CHOHFI, AV;0;;21/02/2013 07:40;2;QM;49;546; ; ;0;1;0;0;0;0;0;0;0;0;0;0;0;0;0;0;0;2181;ARICANDUVA, AV;9044;RAGUEB CHOHFI, AV;75;SAO MATEUS;1;0
D021300918;64361;SAID SAAD, RUA;;;455;;21/02/2013 07:50;2;CO;38;908; ; ;0;0;0;0;1;0;0;1;0;0;0;0;0;0;0;0;0;64361;SAID SAAD, RUA;;;13;CACHOEIRINHA;1;0
D021300822;8589;HAVRE, RUA DO;20043;ZANZIBAR, RUA;0;;21/02/2013 08:05;2;CL;13;1845;C; ;0;1;0;0;0;0;0;1;0;0;0;0;0;0;0;0;0;8589;HAVRE, RUA DO;20043;ZANZIBAR, RUA;21;CASA VERDE;1;0
D021300203;15656;PAULISTA, AV;2497;AUGUSTA, RUA;0;;21/02/2013 08:20;4;AT;78;1389;C; ;1;0;0;0;0;0;0;0;0;0;0;0;0;0;0;0;0;2497;AUGUSTA, RUA;15656;PAULISTA, AV;26;CONSOLACAO;1;0
D021301057;479;ALBERTO COLOMBERO, RUA;;;0;NADA CONSTA ;21/02/2013 08:30;2;CT;10;2011; ; ;2;0;0;0;0;0;0;0;0;0;0;0;0;0;0;1;0;479;ALBERTO COLOMBERO, RUA;;;60;PENHA;1;0
D021300735;3828;CAETANOPOLIS, RUA;;;96;;21/02/2013 08:34;2;CO;93;364; ; ;1;1;0;0;0;0;0;0;0;0;0;0;0;0;0;0;0;3828;CAETANOPOLIS, RUA;;;40;JAGUARE;1;0
D021300072;5245;CONSOLACAO, RUA DA;;;1600;;21/02/2013 08:40;2;CO;4;1852; ; ;0;2;0;0;0;0;0;0;0;0;0;0;0;0;0;0;0;5245;CONSOLACAO, RUA DA;;;26;CONSOLACAO;1;0
D021300309;21185;MASCOTE, AV;;;490;;21/02/2013 09:00;2;CO;35;1606; ; ;2;0;0;0;0;0;0;0;0;0;0;0;0;0;0;0;0;21185;MASCOTE, AV;;;0;NULL;2;0
D021300288;5965;DJALMA PINHEIRO FRANCO, RUA DR;;;737;;21/02/2013 09:30;2;CH;35;510; ; ;0;1;0;0;0;0;0;0;0;0;0;1;0;0;0;0;0;5965;DJALMA PINHEIRO FRANCO, RUA DR;;;37;JABAQUARA;1;0
D021300411;6819;EUSEBIO MATOSO, AV;5190;COLUMBANO, RUA S;0;;21/02/2013 09:30;2;QM;14;838; ; ;0;1;0;0;0;0;0;0;0;0;0;0;0;0;0;0;0;5190;COLUMBANO, RUA S;6819;EUSEBIO MATOSO, AV;63;PINHEIROS;2;0
D021300367;6238;NACOES UNIDAS, AV DAS;;;13355;;21/02/2013 09:50;2;QM;96;794; ; ;0;1;0;0;0;0;0;0;0;0;0;1;0;0;0;0;0;13014;MARGINAL DO RIO PINHEIROS, AV;;;90;VILA LEOPOLDINA;1;0
D021300018;11818;LIBERDADE, AV DA;;;100;;21/02/2013 10:00;4;AT;1;1227; ; ;0;1;0;0;0;0;0;0;0;0;0;0;0;0;0;0;0;11818;LIBERDADE, AV DA;;;49;LIBERDADE;1;0
D021301352;34444;TORRES NETO, AV DR;;;51;;21/02/2013 10:10;4;AT;98;1986; ; ;0;0;0;0;0;0;0;0;0;0;0;1;0;0;0;0;0;34444;TORRES NETO, AV DR;;;29;FREGUESIA DO O;1;0
D021300823;14270;MORVAN DIAS DE FIGUEIREDO, AV;;;0;PROXIMO  - PTE.DAS BA;21/02/2013 10:20;2;CO;13;1859; ; ;0;1;0;2;0;0;0;0;0;0;0;0;0;0;0;0;0;29772;MARGINAL DO RIO TIETE, AV;;;0;NULL;1;0
D021300776;36061;LUIZ DUMONT VILLARES, AV;;;1600;;21/02/2013 10:30;2;CO;9;1112; ; ;1;1;0;0;0;0;0;0;0;0;0;0;0;0;0;0;0;36061;LUIZ DUMONT VILLARES, AV;;;22;CIDADE ADEMAR;1;0
D021301568;46936;JACU-PESSEGO/NOVA TRABALHADORE, AV;8025;MONTANHAS, RUA;0;;21/02/2013 10:30;2;CT;64;1504; ; ;1;0;0;1;0;0;0;0;0;0;0;0;0;0;0;0;0;184;ADELINO, RUA;46936;JACU-PESSEGO/NOVA TRABALHADORE, AV;36;ITAQUERA;2;0
D021300407;5072;CLELIA, RUA;;;1442;;21/02/2013 10:43;2;CO;7;900077; ; ;1;1;0;0;0;0;0;0;0;0;0;0;0;0;0;0;0;5072;CLELIA, RUA;;;48;LAPA;1;0
D021301369;7917;GERALDO SANT'ANA, AV SARG;;;1640;;21/02/2013 11:38;4;AT;99;760; ; ;0;1;0;0;0;0;0;0;0;0;0;0;0;0;0;0;0;7917;GERALDO SANT'ANA, AV SARG;;;16;CAMPO GRANDE;2;0
D021300843;9626;ITAUNAS, RUA;25709;DIAMANTINA, RUA;0;;21/02/2013 11:44;2;CO;19;700; ; ;0;1;0;0;0;0;0;0;0;0;0;1;0;0;0;0;0;9626;ITAUNAS, RUA;25709;DIAMANTINA, RUA;91;VILA MARIA;1;0
D021300085;18232;SILVIA, RUA;;;243;;21/02/2013 11:45;4;AT;5;987; ; ;1;0;0;0;0;0;0;0;0;0;0;0;0;0;0;0;0;18232;SILVIA, RUA;;;17;CAMPO LIMPO;1;0
D021301033;14270;MORVAN DIAS DE FIGUEIREDO, AV;;;0;NADA CONSTA ;21/02/2013 12:00;2;SI;90;695; ; ;1;0;0;1;0;0;0;0;0;0;0;0;0;0;0;0;0;29772;MARGINAL DO RIO TIETE, AV;;;0;NULL;1;0
D021301418;11561;ARTHUR CORDEIRO, AV DR;;;50;;21/02/2013 12:30;2;CO;102;563; ; ;1;1;0;0;0;0;0;0;0;0;0;0;0;0;0;0;0;11561;ARTHUR CORDEIRO, AV DR;;;81;SOCORRO;1;0
D021300022;13853;MERCURIO, AV;4146;CANTAREIRA, RUA DA;0;;21/02/2013 12:35;2;CO;1;1455; ; ;1;1;0;0;0;0;0;0;0;0;0;0;0;0;0;0;0;4146;CANTAREIRA, RUA DA;16725;QUEIROS, AV SEN;80;SE;1;0
D021300924;9078;IMIRIM, AV;;;3100;;21/02/2013 12:52;2;CO;38;1036; ; ;1;1;0;0;0;0;0;0;0;0;0;0;0;0;0;0;0;9078;IMIRIM, AV;;;71;SANTANA;1;0
D021300182;5797;DEODORO, PCA MAL;;;333;;21/02/2013 13:00;4;AT;77;818; ; ;1;0;0;0;0;0;0;0;0;0;0;0;0;0;0;0;0;5797;DEODORO, PCA MAL;;;11;BRASILANDIA;1;0
D021300183;14750;NOTHMANN, AL;16321;PIRACICABA, AL BR DE;0;;21/02/2013 13:20;2;CL;77;819; ; ;1;1;0;0;0;0;0;0;0;0;0;0;0;0;0;0;0;14750;NOTHMANN, AL;16321;PIRACICABA, AL BR DE;70;SANTA CECILIA;1;0
D021300631;13019;ESCOLA POLITECNICA, AV;;;5300;;21/02/2013 13:30;2;CT;51;851; ; ;0;1;0;0;0;0;0;0;0;0;0;1;0;0;0;0;0;13019;ESCOLA POLITECNICA, AV;;;40;JAGUARE;1;0
D021300069;5245;CONSOLACAO, RUA DA;;;2000;;21/02/2013 13:40;2;CT;4;1338; ; ;1;1;0;0;0;0;0;0;0;0;0;0;0;0;0;0;0;5245;CONSOLACAO, RUA DA;;;26;CONSOLACAO;1;0
D021300795;20878;LEITAO DE CARVALHO, RUA MAL;;;0;NADA CONSTA ;21/02/2013 13:40;2;CO;13;923;C; ;1;1;0;0;0;0;0;0;0;0;0;0;0;0;0;0;0;20878;LEITAO DE CARVALHO, RUA MAL;;;8;BELEM;1;0
D021301335;39831;ROBERTO PATRAO ASSIS, RUA ARQ;;;380;;21/02/2013 13:45;2;QD;92;2416; ; ;0;0;0;0;0;0;0;0;0;0;0;0;0;0;0;1;0;39831;ROBERTO PATRAO ASSIS, RUA ARQ;;;29;FREGUESIA DO O;1;0
D021300824;14270;MORVAN DIAS DE FIGUEIREDO, AV;;;0; - PTE.BANDEI;21/02/2013 14:00;2;CO;13;1872; ; ;0;1;0;0;0;0;0;0;0;0;0;1;0;0;0;0;0;29772;MARGINAL DO RIO TIETE, AV;;;0;NULL;1;0
D021300844;475;ALBERTO BYINGTON, AV;;;1807;;21/02/2013 14:04;4;AT;19;701; ; ;1;0;0;0;0;0;0;0;0;0;0;0;0;0;0;0;0;475;ALBERTO BYINGTON, AV;;;91;VILA MARIA;1;0
D021300482;8615;HEITOR PENTEADO, RUA;;;1726;;21/02/2013 14:15;2;CO;23;981; ; ;1;1;0;0;0;0;0;0;0;0;0;0;0;0;0;0;0;8615;HEITOR PENTEADO, RUA;;;61;PERDIZES;1;0
D021301177;8955;IBITIRAMA, RUA;;;1200;;21/02/2013 14:20;4;AT;56;1115; ; ;0;0;1;0;0;0;0;0;0;0;0;0;0;0;0;0;0;8955;IBITIRAMA, RUA;;;95;VILA PRUDENTE;1;0
D021300074;17517;RUI BARBOSA, RUA;19154;TREZE DE MAIO, RUA;0;;21/02/2013 14:42;4;AT;5;297; ; ;0;1;0;0;0;0;0;0;0;0;0;0;0;0;0;0;0;17517;RUI BARBOSA, RUA;19154;TREZE DE MAIO, RUA;  ;;1;0
D021300310;36500;ALIOMAR BALEEIRO, VD MIN;;;0;PROXIMO  - AV PROF AB;21/02/2013 15:00;2;CO;35;1628; ; ;1;1;0;0;0;0;0;0;0;0;0;0;0;0;0;0;0;36098;AFFONSO D'ESCRAGNOLLE TAUNAY, AV;;;42;JARDIM ANGELA;1;0
D021300779;4896;CHICO PONTES, RUA;;;1000;;21/02/2013 15:08;4;AT;9;1122; ; ;1;0;0;0;0;0;0;0;0;0;0;0;0;0;0;0;0;4896;CHICO PONTES, RUA;;;88;VILA GUILHERME;1;0
D021301264;12403;M'BOI MIRIM, ES;;;9000;;21/02/2013 15:15;2;QD;47;1014; ; ;0;0;1;0;0;0;0;0;0;0;0;0;0;0;0;0;0;12403;M'BOI MIRIM, ES;;;42;JARDIM ANGELA;1;0
D021300140;543;ALCANTARA MACHADO, AV;8798;HIPODROMO, RUA;0;;21/02/2013 16:00;4;AT;8;1337; ; ;1;0;0;0;0;0;0;0;0;0;0;0;0;0;0;0;0;543;ALCANTARA MACHADO, AV;8798;HIPODROMO, RUA;54;MOOCA;1;0
D021301121;6679;ESTEVAO PERNET, RUA PDE;;;86;;21/02/2013 16:15;4;AT;30;1004; ; ;1;0;0;0;0;0;0;0;0;0;0;0;0;0;0;0;0;6679;ESTEVAO PERNET, RUA PDE;;;82;TATUAPE;1;0
D021301689;76059;ILHA DE SANTA ANA, RUA;;;1145;;21/02/2013 16:22;2;QM;53;1192; ; ;0;0;0;0;1;0;0;0;0;0;0;0;0;0;0;0;0;76059;ILHA DE SANTA ANA, RUA;;;51;MANDAQUI;1;0
D021301444;8522;GUIRAPO, RUA;8521;GUIRAPA, RUA;0;;21/02/2013 16:54;2;CO;22;1330; ; ;1;0;0;0;1;0;0;0;0;0;0;0;0;0;0;0;0;8521;GUIRAPA, RUA;8522;GUIRAPO, RUA;86;VILA CURUCA;1;0
D021301026;18594;TAIPAS, ES;;;3625;;21/02/2013 17:00;2;CO;74;1607; ; ;1;1;0;0;0;0;0;0;0;0;0;0;0;0;0;0;0;18594;TAIPAS, ES;;;52;MARSILAC;2;0
D021301278;9529;ITAPECERICA, ES DE;;;8842;;21/02/2013 17:15;2;CO;47;2870; ; ;1;1;0;0;0;0;0;0;0;0;0;0;0;0;0;0;0;9529;ITAPECERICA, ES DE;;;29;FREGUESIA DO O;2;0
D021300105;2806;BATISTA CAETANO, RUA;;;200;;21/02/2013 17:20;2;CH;6;933; ; ;1;0;0;0;0;0;0;0;0;0;0;0;0;0;0;0;0;2806;BATISTA CAETANO, RUA;;;14;CAMBUCI;1;0