id_acidente;codloga;logradouroA;codlogb;logradouroB;alt_num;referencia;data;cod_acid;tipo_acidente;dp;numero_BO;sentido;pista;automovel;moto;onibus;caminhao;bicicleta;moto_taxi;onibus_fretado;onibus_urbano;microonibus;van;vuc;caminhonete;carreta;jipe;outros;sem_informacao;carroca;princ_a;paiA;princ_b;paiB;cod_distrito;distrito;vit_ferida;vit_morta
D021300660;12289;MARIO SILVEIRA ROSA, RUA;;;18;;21/02/2013 17:20;4;AT;75;620; ; ;1;1;0;0;0;0;0;0;0;0;0;0;0;0;0;0;0;12289;MARIO SILVEIRA ROSA, RUA;;;96;VILA SONIA;1;0
D021300438;6238;NACOES UNIDAS, AV DAS;7617;FREDERICO HERMAN JUNIOR, AV PROF;0;;21/02/2013 17:45;2;CO;14;1665; ; ;1;1;0;0;0;0;0;0;0;0;0;0;0;0;0;0;0;6238;NACOES UNIDAS, AV DAS;7617;FREDERICO HERMAN JUNIOR, AV PROF;63;PINHEIROS;1;0
D021300831;20066;ZILDA, RUA;;;385;;21/02/2013 18:00;2;CO;13;2028; ; ;1;1;0;0;0;0;0;0;0;0;0;0;0;0;0;0;0;20066;ZILDA, RUA;;;44;JARDIM PAULISTA;1;0
D021300142;19163;TRILHOS, RUA DOS;;;1566;;21/02/2013 18:30;4;AT;8;1341; ; ;1;0;0;0;0;0;0;0;0;0;0;0;0;0;0;0;0;19163;TRILHOS, RUA DOS;;;54;MOOCA;1;0
D021300441;16919;REBOUCAS, AV;;;2742;;21/02/2013 18:30;2;CO;14;1732; ; ;1;1;0;0;0;0;0;0;0;0;0;0;0;0;0;0;0;16919;REBOUCAS, AV;;;44;JARDIM PAULISTA;1;0
D021301119;7645;FRONTIN, AV CD DE;2181;ARICANDUVA, AV;0;;21/02/2013 19:15;2;CO;30;978; ; ;1;1;0;0;0;0;0;0;0;0;0;0;0;0;0;0;0;2181;ARICANDUVA, AV;7645;FRONTIN, AV CD DE;93;VILA MATILDE;1;0
D021301274;33353;PRUDENCIO DO AMARAL, RUA;;;77;;21/02/2013 19:22;4;AT;47;2266; ; ;0;0;1;0;0;0;0;0;0;0;0;0;0;0;0;0;0;33353;PRUDENCIO DO AMARAL, RUA;;;29;FREGUESIA DO O;1;0
D021300106;17294;RODRIGO VIEIRA, RUA;;;315;;21/02/2013 19:30;2;SI;6;938; ; ;1;1;0;0;0;0;0;0;0;0;0;0;0;0;0;0;0;17294;RODRIGO VIEIRA, RUA;;;0;NULL;1;0
D021301162;6492;ENGENHO VELHO, RUA;4736;CELSO GARCIA, AV;0;;21/02/2013 19:30;2;CO;52;2039; ; ;1;1;0;0;0;0;0;0;0;0;0;0;0;0;0;0;0;4736;CELSO GARCIA, AV;6492;ENGENHO VELHO, RUA;82;TATUAPE;1;0
D021301753;9580;ITAQUERA, AV;18063;SERRA DAS DIVISOES, RUA;0;;21/02/2013 19:40;4;AT;66;1177; ; ;1;0;0;0;0;0;0;0;0;0;0;0;0;0;0;0;0;9580;ITAQUERA, AV;34654;WALDEMAR TIETZ, AV;24;CIDADE LIDER;1;0
D021300919;9170;INES, AV STA;;;0;NADA CONSTA ;21/02/2013 20:00;2;CO;38;922; ; ;0;2;0;0;0;0;0;0;0;0;0;0;0;0;0;0;0;9170;INES, AV STA;;;51;MANDAQUI;2;0
D021301669;9044;RAGUEB CHOHFI, AV;2181;ARICANDUVA, AV;0;;21/02/2013 20:26;4;AT;49;2540; ; ;0;1;0;0;0;0;0;0;0;0;0;0;0;0;0;0;0;2181;ARICANDUVA, AV;9044;RAGUEB CHOHFI, AV;75;SAO MATEUS;2;0
D021300845;4917;JANIO DA SILVA QUADROS, PCA PRES;;;0;NADA CONSTA ;21/02/2013 20:40;4;AT;19;748; ; ;1;0;0;0;0;0;0;0;0;0;0;0;0;0;0;0;0;4917;JANIO DA SILVA QUADROS, PCA PRES;;;91;VILA MARIA;1;0
D021300612;20291;TURISTICA DO JARAGUA, ES;;;1380;;21/02/2013 22:00;2;CO;46;1644; ; ;2;0;0;0;0;0;0;0;0;0;0;1;0;0;0;0;0;20291;TURISTICA DO JARAGUA, ES;;;31;GUAIANASES;4;0
D021300830;20680;JENI KLABIN SEGALL, RUA;;;0;PROXIMO  - AV.LESAR S;21/02/2013 22:30;4;AT;13;2012; ; ;0;0;0;0;0;0;0;0;0;0;0;0;0;0;0;1;0;20680;JENI KLABIN SEGALL, RUA;;;48;LAPA;1;0
D021300981;3771;INAJAR DE SOUZA, AV;27489;JERONIMO DE ANDRADE, AV;0;;21/02/2013 23:30;2;CO;72;1610; ; ;1;1;0;0;0;0;0;0;0;0;0;0;0;0;0;0;0;3771;INAJAR DE SOUZA, AV;27489;JERONIMO DE ANDRADE, AV;13;CACHOEIRINHA;1;0
D021301647;9044;RAGUEB CHOHFI, AV;;;5057;;22/02/2013 06:30;2;CO;49;555; ; ;1;0;0;1;0;0;0;0;0;0;0;0;0;0;0;0;0;9044;RAGUEB CHOHFI, AV;;;32;IGUATEMI;4;0
D021301219;32309;SOCORRO, PTE DO;;;100;;22/02/2013 06:30;2;CO;11;567; ; ;1;1;0;0;0;0;0;0;0;0;0;0;0;0;0;0;0;32309;SOCORRO, PTE DO;;;30;GRAJAU;1;0
D021301764;43404;VILANOVA ARTIGAS, AV ARQ;;;10;;22/02/2013 06:40;2;CO;69;1821; ; ;0;1;1;0;0;0;0;0;0;0;0;0;0;0;0;0;0;43404;VILANOVA ARTIGAS, AV ARQ;;;56;PARELHEIROS;1;0
D021301059;43777;CARVALHO PINTO, AV GOV;13848;MERCEDES LOPES, RUA;0;;22/02/2013 06:45;2;CT;10;2062; ; ;2;0;0;3;0;0;0;0;0;0;0;2;0;0;0;0;0;13848;MERCEDES LOPES, RUA;43777;CARVALHO PINTO, AV GOV;60;PENHA;2;0
D021301523;13881;MIGUEL, AV S;;;4200;;22/02/2013 06:46;2;CT;62;763; ; ;0;1;0;0;0;0;0;0;0;0;0;1;0;0;0;0;0;13881;MIGUEL, AV S;;;65;PONTE RASA;1;0
D021301745;9580;ITAQUERA, AV;;;2500;;22/02/2013 06:48;2;CP;66;901;B; ;1;0;0;0;0;0;0;0;0;0;0;0;0;0;0;0;0;9580;ITAQUERA, AV;;;24;CIDADE LIDER;1;0
D021301178;15407;PAPOULAS, RUA DAS;2729;BAIA GRANDE, RUA;0;;22/02/2013 06:49;2;CT;56;1130; ; ;1;1;0;0;0;0;0;0;0;0;0;0;0;0;0;0;0;2729;BAIA GRANDE, RUA;15407;PAPOULAS, RUA DAS;95;VILA PRUDENTE;1;0
D021301234;10918;JOSE DINIZ, AV VER;;;615;;22/02/2013 06:50;2;CO;11;2027; ; ;0;1;1;0;0;0;0;0;0;0;0;0;0;0;0;0;0;10918;JOSE DINIZ, AV VER;;;15;CAMPO BELO;1;0
D021300903;3771;INAJAR DE SOUZA, AV;;;2000;;22/02/2013 07:00;2;CO;28;1899; ; ;0;1;0;0;0;0;0;0;0;0;0;1;0;0;0;0;0;3771;INAJAR DE SOUZA, AV;;;50;LIMAO;1;0
D021301084;1702;ANTONIO ESTEVAO DE CARVALHO, AV;;;0;NADA CONSTA ;22/02/2013 07:00;2;CT;21;586; ; ;1;1;0;0;0;0;0;0;0;0;0;0;0;0;0;0;0;1702;ANTONIO ESTEVAO DE CARVALHO, AV;;;93;VILA MATILDE;1;0
D021301323;21084;JOAO FERNANDES C. NOVA JUNIOR, RUA;;;510;;22/02/2013 07:00;2;SI;92;1174; ; ;1;1;0;0;0;0;0;0;0;0;0;0;0;0;0;0;0;21084;JOAO FERNANDES C. NOVA JUNIOR, RUA;;;29;FREGUESIA DO O;1;0
D021300673;16838;RAIMUNDO PEREIRA DE MAGAL., AV;;;2500;;22/02/2013 07:00;2;CO;87;931; ; ;1;1;0;0;0;0;0;0;0;0;0;0;0;0;0;0;0;16838;RAIMUNDO PEREIRA DE MAGAL., AV;;;31;GUAIANASES;2;0
D021300276;14050;MIRUNA, AV;8264;GUAICANAS, AL DOS;0;;22/02/2013 07:05;2;CO;27;1863; ; ;1;0;0;0;0;0;0;0;0;0;0;2;0;0;0;0;0;8264;GUAICANAS, AL DOS;14050;MIRUNA, AV;79;SAUDE;1;0
D021301083;2181;ARICANDUVA, AV;;;46;;22/02/2013 07:30;2;CO;21;585; ; ;0;2;0;0;0;0;0;0;0;0;0;0;0;0;0;0;0;2181;ARICANDUVA, AV;;;60;PENHA;1;0
D021300401;6544;ERMANO MARCHETTI, AV;28914;PIQUERI, PTE DO;0;;22/02/2013 07:32;4;AT;7;1216; ; ;0;0;0;0;0;0;0;1;0;0;0;0;0;0;0;0;0;6544;ERMANO MARCHETTI, AV;28914;PIQUERI, PTE DO;  ;;1;0
D021300510;35449;BANDEIRANTES, VIA DOS;;;0;QUILOMETRO  - 15,800M;22/02/2013 07:50;2;CO;33;1657; ; ;1;2;0;0;0;0;0;0;0;0;0;0;0;0;0;0;0;35449;BANDEIRANTES, VIA DOS;;;64;PIRITUBA;1;0
D021300277;19100;BANDEIRANTES, AV DOS;;;3300;;22/02/2013 08:13;2;CO;27;1871; ; ;0;1;0;0;0;0;0;0;0;0;0;1;0;0;0;0;0;19100;BANDEIRANTES, AV DOS;;;24;CIDADE LIDER;1;0
D021301060;13177;MARIA CARLOTA, RUA;;;1015;;22/02/2013 08:15;4;AT;10;2068; ; ;0;1;0;0;0;0;0;0;0;0;0;0;0;0;0;0;0;13177;MARIA CARLOTA, RUA;;;60;PENHA;1;0
D021301233;952;AMADOR BUENO, RUA;;;120;;22/02/2013 08:18;4;AT;11;2025; ; ;1;0;0;0;0;0;0;0;0;0;0;0;0;0;0;0;0;952;AMADOR BUENO, RUA;;;72;SANTO AMARO;1;0
D021300351;6917;FAUSTO, RUA;7461;FRANCISCO INACIO, RUA CEL;0;;22/02/2013 08:30;2;CO;95;818; ; ;1;1;0;0;0;0;0;0;0;0;0;0;0;0;0;0;0;6917;FAUSTO, RUA;7461;FRANCISCO INACIO, RUA CEL;69;SACOMA;1;0
D021301164;65634;FRANCISCO FALCONI, AV;;;1454;;22/02/2013 08:45;2;CH;56;370; ; ;1;0;0;0;0;0;0;0;0;0;0;0;0;0;0;0;0;65634;FRANCISCO FALCONI, AV;;;26;CONSOLACAO;1;0
D021300825;9078;IMIRIM, AV;;;1190;;22/02/2013 09:15;2;QM;13;1898; ; ;0;1;0;0;0;0;0;0;0;0;0;0;0;0;0;0;0;9078;IMIRIM, AV;;;71;SANTANA;1;0
D021300780;14270;MORVAN DIAS DE FIGUEIREDO, AV;;;0;QUILOMETRO  - 17;22/02/2013 09:30;2;QM;9;1147; ; ;0;1;0;0;0;0;0;0;0;0;0;0;0;0;0;0;0;29772;MARGINAL DO RIO TIETE, AV;;;0;NULL;1;0
D021301420;7640;LUIS ARROBAS MARTINS, RUA DR;;;735;;22/02/2013 09:41;2;CO;102;570; ; ;1;1;0;0;0;0;0;0;0;0;0;0;0;0;0;0;0;7640;LUIS ARROBAS MARTINS, RUA DR;;;81;SOCORRO;1;0
D021300184;8023;GLETE, AL;11883;LIMEIRA, AL BR DE;0;;22/02/2013 09:51;2;CO;77;837; ; ;1;1;0;0;0;0;0;0;0;0;0;0;0;0;0;0;0;8023;GLETE, AL;11883;LIMEIRA, AL BR DE;70;SANTA CECILIA;1;0
D021300259;99916;MARIA MALUF, CV;;;0;PROXIMO  - SAIDA DO T;22/02/2013 10:00;2;QM;26;2003; ; ;0;1;0;0;0;0;0;0;0;0;0;0;0;0;0;0;0;99916;MARIA MALUF, CV;;;27;CURSINO;1;0
D021300891;5947;EDGAR FACO, AV GAL;;;1200;;22/02/2013 10:05;2;CO;28;952; ; ;1;1;0;0;0;0;0;0;0;0;0;0;0;0;0;0;0;5947;EDGAR FACO, AV GAL;;;64;PIRITUBA;1;0
D021300461;7691;GABRIEL MONTEIRO DA SILVA, AL;;;1800;;22/02/2013 10:15;2;CO;15;1007; ; ;1;1;0;0;0;0;0;0;0;0;0;0;0;0;0;0;0;7691;GABRIEL MONTEIRO DA SILVA, AL;;;63;PINHEIROS;1;0
D021300456;6897;FARIA LIMA, AV BRIG;;;4600;;22/02/2013 10:45;2;CO;15;875; ; ;0;2;0;0;0;0;0;0;0;0;0;0;0;0;0;0;0;6897;FARIA LIMA, AV BRIG;;;63;PINHEIROS;1;0
D021300892;9420;ITABERABA, AV;;;1296;;22/02/2013 10:52;2;SI;28;954; ; ;0;1;1;0;0;0;0;0;0;0;0;0;0;0;0;0;0;9420;ITABERABA, AV;;;29;FREGUESIA DO O;1;0
D021300733;16726;QUEIROZ FILHO, AV;;;0;NADA CONSTA ;22/02/2013 11:00;2;CO;91;2352; ; ;1;1;0;0;0;0;0;0;0;0;0;0;0;0;0;0;0;16726;QUEIROZ FILHO, AV;;;14;CAMBUCI;1;0
D021301421;17110;RIO BONITO, AV DO;;;1700;;22/02/2013 11:56;2;CO;102;527; ; ;1;1;0;0;0;0;0;0;0;0;0;0;0;0;0;0;0;17110;RIO BONITO, AV DO;;;32;IGUATEMI;1;0
D021300204;5175;COLOMBIA, RUA;;;100;;22/02/2013 12:15;2;CO;78;1432; ; ;1;1;0;0;0;0;0;0;0;0;0;0;0;0;0;0;0;5175;COLOMBIA, RUA;;;44;JARDIM PAULISTA;1;0
D021300697;8483;GUILHERME DUMONT VILARES, AV DR;;;500;;22/02/2013 12:20;2;CO;89;1218; ; ;0;0;0;0;0;0;0;0;0;0;0;2;0;0;0;0;0;8483;GUILHERME DUMONT VILARES, AV DR;;;85;VILA ANDRADE;1;0
D021300205;12165;LUIS ANTONIO, AV BRIG;;;3722;;22/02/2013 12:22;2;CO;78;1433; ; ;1;1;0;0;0;0;0;0;0;0;0;0;0;0;0;0;0;12165;LUIS ANTONIO, AV BRIG;;;7;BELA VISTA;1;0
D021300187;14750;NOTHMANN, AL;;;603;;22/02/2013 13:10;2;CO;77;890; ; ;1;1;0;0;0;0;0;0;0;0;0;0;0;0;0;0;0;14750;NOTHMANN, AL;;;70;SANTA CECILIA;1;0
D021301690;61686;EDUARDO SALAMONDE, RUA;66467;LUIS DE TOLEDO PIZA, RUA;0;;22/02/2013 13:10;2;CO;53;1195; ; ;0;1;0;0;0;0;0;0;1;0;0;0;0;0;0;0;0;61686;EDUARDO SALAMONDE, RUA;66467;LUIS DE TOLEDO PIZA, RUA;58;PARQUE DO CARMO;1;0
D021301122;27094;SALIM FARAH MALUF, AV;2817;BARBACENA, RUA MAL;0;;22/02/2013 13:42;2;QM;30;1023; ; ;0;1;0;0;0;0;0;0;0;0;0;0;0;0;0;0;0;2817;BARBACENA, RUA MAL;27094;SALIM FARAH MALUF, AV;87;VILA FORMOSA;1;0
D021301328;8000;GIOVANNI GRONCHI, AV;;;0;NADA CONSTA ;22/02/2013 14:00;2;CT;92;1469; ; ;1;1;0;0;0;0;0;0;0;0;0;0;0;0;0;0;0;8000;GIOVANNI GRONCHI, AV;;;55;MORUMBI;1;0
D021300278;9309;IRAI, AV;;;600;;22/02/2013 14:00;2;CO;27;1892; ; ;1;1;0;0;0;0;0;0;0;0;0;0;0;0;0;0;0;9309;IRAI, AV;;;79;SAUDE;1;0
D021300107;11922;LINS DE VASCONCELOS, AV;;;1281;;22/02/2013 14:05;2;SI;6;952; ; ;1;1;0;0;0;0;0;0;0;0;0;0;0;0;0;0;0;11922;LINS DE VASCONCELOS, AV;;;92;VILA MARIANA;1;0
D021300817;4819;CESAR PENA RAMOS, RUA;;;94;;22/02/2013 14:11;4;AT;13;1637; ; ;0;0;0;0;0;0;0;0;0;0;0;0;0;0;0;1;0;4819;CESAR PENA RAMOS, RUA;;;50;LIMAO;1;0
D021300912;9078;IMIRIM, AV;;;2912;;22/02/2013 14:15;4;AT;38;724; ; ;0;1;0;0;0;0;0;0;0;0;0;0;0;0;0;0;0;9078;IMIRIM, AV;;;71;SANTANA;1;0
D021300333;10630;PEDRO ALVARES CABRAL, AV;;;201;;22/02/2013 14:15;2;CL;36;836; ; ;1;1;0;0;0;0;0;0;0;0;0;0;0;0;0;0;0;10630;PEDRO ALVARES CABRAL, AV;;;53;MOEMA;2;0
D021300781;2455;ATALIBA LEONEL, AV GAL;;;1570;;22/02/2013 14:20;4;AT;9;1148; ; ;1;0;0;0;0;0;0;0;0;0;0;0;0;0;0;0;0;2455;ATALIBA LEONEL, AV GAL;;;88;VILA GUILHERME;1;0
D021300169;4561;CASTELO BRANCO, AV PRES;4632;CATUMBI, RUA;0;;22/02/2013 14:30;4;AT;12;1097; ; ;0;0;0;1;0;0;0;0;0;0;0;0;0;0;0;0;0;4561;CASTELO BRANCO, AV PRES;4632;CATUMBI, RUA;8;BELEM;1;0
D021300782;4219;ZAKI NARCHI, AV;;;1100;;22/02/2013 15:00;2;CO;9;1149; ; ;0;1;0;0;0;0;0;0;0;0;0;1;0;0;0;0;0;4219;ZAKI NARCHI, AV;;;88;VILA GUILHERME;1;0
D021300705;9710;JOSE HOR. MEIRELLES TEIXEIRA, RUA PROF;69906;CUSTODIO DE OLIVEIRA, RUA;0;;22/02/2013 15:00;2;CO;89;1478; ; ;1;1;0;0;0;0;0;0;0;0;0;0;0;0;0;0;0;9710;JOSE HOR. MEIRELLES TEIXEIRA, RUA PROF;73454;JOAO BALDINATO, RUA;96;VILA SONIA;1;0
D021301370;3028;BEIJUI, RUA;;;31;;22/02/2013 15:20;2;CO;99;784; ; ;1;1;0;0;0;0;0;0;0;0;0;0;0;0;0;0;0;3028;BEIJUI, RUA;;;16;CAMPO GRANDE;1;0
D021300877;13133;MARIA AMALIA LOPES AZEVEDO, RUA;;;1705;;22/02/2013 15:30;2;CO;20;1726; ; ;1;1;0;0;0;0;0;0;0;0;0;0;0;0;0;0;0;13133;MARIA AMALIA LOPES AZEVEDO, RUA;;;83;TREMEMBE;1;0
D021301438;11542;NORDESTINA, AV;;;10;;22/02/2013 15:40;4;AT;22;1019; ; ;1;0;0;0;0;0;0;0;0;0;0;0;0;0;0;0;0;11542;NORDESTINA, AV;;;76;SAO MIGUEL;1;0
D021300944;18182;SILVA GUIMARAES, RUA;6163;EDE, AV;0;;22/02/2013 15:50;2;CO;39;871; ; ;1;1;0;0;0;0;0;0;0;0;0;0;0;0;0;0;0;6163;EDE, AV;18182;SILVA GUIMARAES, RUA;94;VILA MEDEIROS;1;0
D021300674;28329;CHARLES SILVER, RUA;28325;GABRIEL PLAVER, RUA;0;;22/02/2013 16:00;2;CL;87;952; ; ;0;0;0;0;1;0;0;0;1;0;0;0;0;0;0;0;0;28325;GABRIEL PLAVER, RUA;28329;CHARLES SILVER, RUA;64;PIRITUBA;1;0
D021301793;36323;SOFIA CASTELANE, RUA;43087;AGUIAS REAIS, RUA DAS;0;;22/02/2013 16:00;2;CF;70;1840; ; ;1;1;0;0;0;0;0;0;0;0;0;0;0;0;0;0;0;36323;SOFIA CASTELANE, RUA;43087;AGUIAS REAIS, RUA DAS;78;SAPOPEMBA;1;0
D021300632;21266;PAULO CANELLES, RUA PDE;;;690;;22/02/2013 16:10;4;AT;51;878; ; ;0;1;0;0;0;0;0;0;0;0;0;0;0;0;0;0;0;21266;PAULO CANELLES, RUA PDE;;;13;CACHOEIRINHA;2;0
D021300648;8603;HEITOR ANTONIO EIRAS GARCIA, AV ENG;;;4420;;22/02/2013 16:37;2;CO;75;244; ; ;1;1;0;0;0;0;0;0;0;0;0;0;0;0;0;0;0;8603;HEITOR ANTONIO EIRAS GARCIA, AV ENG;;;68;RIO PEQUENO;1;0
D021300279;15986;CONSTANTINO DE SOUSA, RUA;19692;VIEIRA DE MORAIS, RUA;0;;22/02/2013 17:00;4;AT;27;1895; ; ;1;0;0;0;0;0;0;0;0;0;0;0;0;0;0;0;0;15986;CONSTANTINO DE SOUSA, RUA;19692;VIEIRA DE MORAIS, RUA;15;CAMPO BELO;1;0
D021300676;75150;HERBERT ARRUDA PEREIRA, RUA;;;20;;22/02/2013 17:30;2;CO;87;1055; ; ;0;1;0;0;0;0;0;0;0;0;0;0;0;0;0;1;0;75150;HERBERT ARRUDA PEREIRA, RUA;;;31;GUAIANASES;1;0
D021301184;14213;MOOCA, RUA DA;;;1115;;22/02/2013 17:30;2;QM;57;351; ; ;1;1;0;0;0;0;0;0;0;0;0;0;0;0;0;0;0;14213;MOOCA, RUA DA;;;16;CAMPO GRANDE;1;0
D021300642;22765;REINALDO PORCHAT, PCA;;;0;NADA CONSTA ;22/02/2013 17:30;2;CT;51;1281; ; ;1;0;0;0;0;0;0;1;0;0;0;0;0;0;0;0;0;22765;REINALDO PORCHAT, PCA;;;53;MOEMA;2;0
D021300544;11291;JULES RIMET, AV;11687;LEBRET, AV PDE;0;;22/02/2013 17:45;2;CO;34;1196; ; ;1;0;1;0;0;0;0;0;0;0;0;0;0;0;0;0;0;11291;JULES RIMET, AV;11687;LEBRET, AV PDE;55;MORUMBI;1;0
D021300559;11291;JULES RIMET, AV;11687;LEBRET, AV PDE;0;;22/02/2013 17:45;2;CF;34;1479; ; ;1;0;1;0;0;0;0;0;0;0;0;0;0;0;0;0;0;11291;JULES RIMET, AV;11687;LEBRET, AV PDE;55;MORUMBI;1;0
D021301086;18454;SOUSA BANDEIRA, AV;;;740;;22/02/2013 18:00;2;CO;21;598; ; ;3;0;0;0;0;0;0;0;0;0;0;0;0;0;0;0;0;18454;SOUSA BANDEIRA, AV;;;38;JACANA;1;0
D021300070;5431;ARTHUR DA COSTA E SILVA, VEL PRES;;;0;NADA CONSTA ;22/02/2013 18:04;2;QM;4;1385; ; ;0;1;0;0;0;0;0;0;0;0;0;0;0;0;0;0;0;5431;ARTHUR DA COSTA E SILVA, VEL PRES;;;70;SANTA CECILIA;1;0
D021300311;21116;LEDUGERIO DE FREITAS BARBOSA, RUA;;;15;;22/02/2013 18:15;4;AT;35;1674; ; ;1;0;0;0;0;0;0;0;0;0;0;0;0;0;0;0;0;21116;LEDUGERIO DE FREITAS BARBOSA, RUA;;;42;JARDIM ANGELA;1;0
D021301241;6238;NACOES UNIDAS, AV DAS;;;13500;;22/02/2013 18:20;2;CO;11;2513; ; ;1;1;0;0;0;0;0;0;0;0;0;0;0;0;0;0;0;13014;MARGINAL DO RIO PINHEIROS, AV;;;90;VILA LEOPOLDINA;1;0
D021300931;9170;INES, AV STA;;;836;;22/02/2013 18:30;2;CF;38;1629; ; ;1;1;0;0;0;0;0;0;0;0;0;0;0;0;0;0;0;9170;INES, AV STA;;;51;MANDAQUI;1;0
D021300826;19884;VOLUNTARIOS DA PATRIA, RUA;;;1068;;22/02/2013 18:30;2;QM;13;1907; ; ;0;1;0;0;0;0;0;0;0;0;0;0;0;0;0;0;0;19884;VOLUNTARIOS DA PATRIA, RUA;;;8;BELEM;1;0
D021300725;12436;MACEDO SOARES, AV EMB;15330;PALADINO, RUA MAJ;0;;22/02/2013 18:51;4;AT;91;1278; ; ;0;1;0;0;0;0;0;0;0;0;0;0;0;0;0;0;0;12436;MACEDO SOARES, AV EMB;15330;PALADINO, RUA MAJ;90;VILA LEOPOLDINA;1;0
D021301337;19230;NOVA DO TUPAROQUERA, RUA;36572;PAULO LEMORE, RUA;0;;22/02/2013 18:53;2;CO;92;900037; ; ;1;1;0;0;0;0;0;0;0;0;0;0;0;0;0;0;0;19230;NOVA DO TUPAROQUERA, RUA;36572;PAULO LEMORE, RUA;45;JARDIM SAO LUIS;1;0
D021301569;6613;ESPERANTINA, AV;;;1200;;22/02/2013 19:00;2;CO;64;1555; ; ;1;1;0;0;0;0;0;0;0;0;0;0;0;0;0;0;0;6613;ESPERANTINA, AV;;;5;ARTUR ALVIM;1;0
D021300726;12436;MACEDO SOARES, AV EMB;;;6000;;22/02/2013 19:00;4;AT;91;1285; ; ;1;0;0;0;0;0;0;0;0;0;0;0;0;0;0;0;0;29772;MARGINAL DO RIO TIETE, AV;;;48;LAPA;1;0
D021301711;45398;CACHOEIRA IDALINA, RUA;;;10;;22/02/2013 19:00;2;QM;54;2583; ; ;0;1;0;0;0;0;0;0;0;0;0;0;0;0;0;0;0;45398;CACHOEIRA IDALINA, RUA;;;25;CIDADE TIRADENT;1;0
D021300732;11780;LEOPOLDINA, AV IMP;;;1685;;22/02/2013 19:03;4;AT;91;1671; ; ;1;0;0;0;0;0;0;0;0;0;0;0;0;0;0;0;0;11780;LEOPOLDINA, AV IMP;;;90;VILA LEOPOLDINA;1;0
D021301819;11780;LEOPOLDINA, AV IMP;;;1685;;22/02/2013 19:03;4;AT;14;1934; ; ;1;0;0;0;0;0;0;0;0;0;0;0;0;0;0;0;0;11780;LEOPOLDINA, AV IMP;;;90;VILA LEOPOLDINA;0;1
D021301061;15220;OTILIA, RUA;6383;HELOISA CAMARGO, RUA;0;;22/02/2013 19:19;2;CO;10;2086; ; ;2;0;0;0;0;0;0;0;0;0;0;0;0;0;0;0;0;6383;HELOISA CAMARGO, RUA;15220;OTILIA, RUA;60;PENHA;1;0
D021301707;98420;GITIRANA, RUA;;;0;PROXIMO  - AV IGUATEM;22/02/2013 19:20;4;AT;54;1199; ; ;1;0;0;0;0;0;0;0;0;0;0;0;0;0;0;0;0;98420;GITIRANA, RUA;;;25;CIDADE TIRADENT;1;0
D021301512;71944;DOMINGOS FERNANDES NOBRE, RUA;;;100;;22/02/2013 19:30;4;AT;59;769; ; ;1;0;0;0;0;0;0;0;0;0;0;0;0;0;0;0;0;71944;DOMINGOS FERNANDES NOBRE, RUA;;;54;MOOCA;1;0
D021301746;75433;LATINOS, AV DOS;;;1203;;22/02/2013 19:30;4;AT;66;916; ; ;0;1;0;0;0;0;0;0;0;0;0;0;0;0;0;0;0;75433;LATINOS, AV DOS;;;38;JACANA;1;0
D021300372;2034;ARAGUARI, RUA;8193;GRAUNA, RUA;0;;22/02/2013 19:35;2;CO;96;953; ; ;1;1;0;0;0;0;0;0;0;0;0;0;0;0;0;0;0;2034;ARAGUARI, RUA;8193;GRAUNA, RUA;53;MOEMA;1;0
D021301334;1903;ANTUNES DOS SANTOS, RUA COMEN;;;62;;22/02/2013 19:45;4;AT;92;2339; ; ;0;1;0;0;0;0;0;0;0;0;0;0;0;0;0;0;0;1903;ANTUNES DOS SANTOS, RUA COMEN;;;45;JARDIM SAO LUIS;1;0
D021301691;45319;MALMEQUER DO CAMPO, RUA;45309;SOVERAL, RUA;0;;22/02/2013 19:54;2;CO;53;1200; ; ;2;0;0;0;0;0;0;0;0;0;0;0;0;0;0;0;0;45309;SOVERAL, RUA;45319;MALMEQUER DO CAMPO, RUA;58;PARQUE DO CARMO;1;0
D021301257;11116;JOSE NEVES, RUA;;;213;;22/02/2013 20:00;4;AT;43;820; ; ;0;0;0;0;0;0;0;0;0;0;0;1;0;0;0;0;0;11116;JOSE NEVES, RUA;;;22;CIDADE ADEMAR;1;0
D021300731;6238;NACOES UNIDAS, AV DAS;;;0;NADA CONSTA ;22/02/2013 20:00;2;CO;91;1666; ; ;2;0;0;0;0;0;0;0;0;0;0;0;0;0;0;0;0;13014;MARGINAL DO RIO PINHEIROS, AV;;;90;VILA LEOPOLDINA;1;0
D021300920;4290;ADOLFO COELHO, AV;;;606;;22/02/2013 20:00;4;AT;38;947; ; ;1;0;0;0;0;0;0;0;0;0;0;0;0;0;0;0;0;4290;ADOLFO COELHO, AV;;;51;MANDAQUI;1;0
D021300393;2235;ARMANDO DE ARRUDA PEREIRA, AV ENG;;;2370;;22/02/2013 20:10;4;AT;97;1594; ; ;0;0;1;0;0;0;0;0;0;0;0;0;0;0;0;0;0;2235;ARMANDO DE ARRUDA PEREIRA, AV ENG;;;37;JABAQUARA;1;0