id_acidente;codloga;logradouroA;codlogb;logradouroB;alt_num;referencia;data;cod_acid;tipo_acidente;dp;numero_BO;sentido;pista;automovel;moto;onibus;caminhao;bicicleta;moto_taxi;onibus_fretado;onibus_urbano;microonibus;van;vuc;caminhonete;carreta;jipe;outros;sem_informacao;carroca;princ_a;paiA;princ_b;paiB;cod_distrito;distrito;vit_ferida;vit_morta
D021300850;14270;MORVAN DIAS DE FIGUEIREDO, AV;;;0;PROXIMO  - PTE PRES J;26/02/2013 09:30;2;CT;19;2220; ; ;1;0;0;1;0;0;0;0;0;0;0;0;0;0;0;0;0;29772;MARGINAL DO RIO TIETE, AV;;;0;NULL;1;0
D021300545;14483;NELSON HUNGRIA, RUA MIN;;;90;;26/02/2013 09:33;2;CO;34;1222; ; ;1;1;0;0;0;0;0;0;0;0;0;0;0;0;0;0;0;14483;NELSON HUNGRIA, RUA MIN;;;55;MORUMBI;1;0
D021301307;15507;TEOTONIO VILELA, AV SEN;;;5800;;26/02/2013 09:37;4;AT;85;1076; ; ;0;1;0;0;0;0;0;0;0;0;0;0;0;0;0;0;0;15507;TEOTONIO VILELA, AV SEN;;;23;CIDADE DUTRA;2;0
D021300028;6642;ESTADO, AV DO;;;3113;;26/02/2013 09:48;4;AT;1;1587; ; ;0;1;0;0;0;0;0;0;0;0;0;0;0;0;0;0;0;6642;ESTADO, AV DO;;;9;BOM RETIRO;1;0
D021301555;13881;MIGUEL, AV S;;;7800;;26/02/2013 09:53;4;AT;63;1450; ; ;0;1;0;0;0;0;0;0;0;0;0;0;0;0;0;0;0;13881;MIGUEL, AV S;;;65;PONTE RASA;1;0
D021301065;17091;RICARDO VILELA, RUA;;;287;;26/02/2013 10:00;4;AT;10;2209; ; ;1;0;0;0;0;0;0;0;0;0;0;0;0;0;0;0;0;17091;RICARDO VILELA, RUA;;;3;ANHANGUERA;1;0
D021300960;3813;CAETANO ALVARES, AV ENG;;;111;;26/02/2013 10:40;2;CO;40;2149; ; ;1;1;0;0;0;0;0;0;0;0;0;0;0;0;0;0;0;3813;CAETANO ALVARES, AV ENG;;;21;CASA VERDE;1;0
D021301235;222;ADOLFO PINHEIRO, AV;;;1126;;26/02/2013 11:07;2;CO;11;2030; ; ;1;1;0;0;0;0;0;0;0;0;0;0;0;0;0;0;0;222;ADOLFO PINHEIRO, AV;;;72;SANTO AMARO;1;0
D021301480;2516;AUGUSTO CARLOS BAUMAN, RUA;;;200;;26/02/2013 11:10;4;AT;32;1319; ; ;0;0;0;0;0;0;0;0;0;0;0;1;0;0;0;0;0;2516;AUGUSTO CARLOS BAUMAN, RUA;;;36;ITAQUERA;1;0
D021300029;8024;GLICERIO, RUA;;;100;;26/02/2013 11:20;2;CO;1;1594; ; ;0;1;0;0;0;0;0;0;0;0;0;1;0;0;0;0;0;8024;GLICERIO, RUA;;;80;SE;1;0
D021300403;5072;CLELIA, RUA;;;391;;26/02/2013 11:45;2;CF;7;1305; ; ;0;1;0;0;0;0;0;1;0;0;0;0;0;0;0;0;0;5072;CLELIA, RUA;;;48;LAPA;1;0
D021301614;61050;ANTONIO FERRACIOLLI, RUA;35098;BORBELA, RUA;0;;26/02/2013 12:23;2;CO;41;613;B; ;0;1;0;0;0;0;0;0;0;0;0;1;0;0;0;0;0;35098;BORBELA, RUA;61050;ANTONIO FERRACIOLLI, RUA;  ;;1;0
D021301374;14743;SABARA, AV NSRA DO;;;2811;;26/02/2013 12:38;2;SI;99;846; ; ;1;1;0;0;0;0;0;0;0;0;0;0;0;0;0;0;0;14743;SABARA, AV NSRA DO;;;16;CAMPO GRANDE;1;0
D021301672;13671;MATEO BEI, AV;;;2211;;26/02/2013 12:47;4;AT;49;2778; ; ;0;1;0;0;0;0;0;0;0;0;0;0;0;0;0;0;0;13671;MATEO BEI, AV;;;75;SAO MATEUS;1;0
D021300922;16170;PERI RONCHETTI, AV;;;285;;26/02/2013 12:50;2;CO;38;1006; ; ;0;1;0;0;0;0;0;0;0;0;0;1;0;0;0;0;0;16170;PERI RONCHETTI, AV;;;8;BELEM;1;0
D021301181;24338;LUIZ IGNACIO ANHAIA MELLO, AV PROF;;;300;;26/02/2013 12:50;2;CO;56;1255; ; ;1;1;0;0;0;0;0;0;0;0;0;0;0;0;0;0;0;24338;LUIZ IGNACIO ANHAIA MELLO, AV PROF;;;26;CONSOLACAO;1;0
D021300445;2753;BALTAZAR CARRASCO, RUA;;;95;;26/02/2013 12:54;4;AT;14;1821; ; ;1;0;0;0;0;0;0;0;0;0;0;0;0;0;0;0;0;2753;BALTAZAR CARRASCO, RUA;;;63;PINHEIROS;1;0
D021300087;33667;LESTE-OESTE, LIG;;;0;ACESSO  - VINTE E TR;26/02/2013 13:30;2;QM;5;1077; ; ;0;1;0;0;0;0;0;0;0;0;0;0;0;0;0;0;0;33667;LESTE-OESTE, LIG;;;2;ALTO DE PINHEIR;1;0
D021301463;30522;EMBIRA, RUA;;;574;;26/02/2013 14:00;2;QD;24;2120; ; ;0;0;0;0;0;0;0;0;1;0;0;0;0;0;0;0;0;30522;EMBIRA, RUA;;;49;LIBERDADE;1;0
D021300359;19583;VERGUEIRO, RUA;;;0;NADA CONSTA ;26/02/2013 14:00;2;CO;95;1717;C; ;1;1;0;0;0;0;0;0;0;0;0;0;0;0;0;0;0;19583;VERGUEIRO, RUA;;;33;IPIRANGA;1;0
D021300641;16878;RAPOSO TAVARES, VIA;;;0;QUILOMETRO  - 14;26/02/2013 14:00;2;CO;51;1230; ; ;1;1;0;0;0;0;0;0;0;0;0;0;0;0;0;0;0;16878;RAPOSO TAVARES, VIA;;;13;CACHOEIRINHA;2;0
D021300030;13853;MERCURIO, AV;;;544;;26/02/2013 14:00;2;CO;1;1597; ; ;1;1;0;0;0;0;0;0;0;0;0;0;0;0;0;0;0;13853;MERCURIO, AV;;;9;BOM RETIRO;1;0
D021301706;45354;SARA KUBITSCHEK, RUA;;;794;;26/02/2013 14:00;2;CL;54;1102; ; ;0;0;1;0;0;0;0;0;0;0;0;1;0;0;0;0;0;45354;SARA KUBITSCHEK, RUA;;;25;CIDADE TIRADENT;1;0
D021301276;4975;HENRIQUE SAM MINDLIN, RUA;;;60;;26/02/2013 14:30;2;CO;47;2546; ; ;1;1;0;0;0;0;0;0;0;0;0;0;0;0;0;0;0;4975;HENRIQUE SAM MINDLIN, RUA;;;19;CAPAO REDONDO;1;0
D021300728;17917;SEBASTIAO BACH, RUA;5192;COLUMBUS, RUA;0;;26/02/2013 14:31;2;CO;91;1375; ; ;1;0;0;0;0;0;0;0;0;0;0;1;0;0;0;0;0;5192;COLUMBUS, RUA;17917;SEBASTIAO BACH, RUA;90;VILA LEOPOLDINA;1;0
D021301375;7917;GERALDO SANT'ANA, AV SARG;;;1632;;26/02/2013 14:35;2;CO;99;855; ; ;1;1;0;0;0;0;0;0;0;0;0;0;0;0;0;0;0;7917;GERALDO SANT'ANA, AV SARG;;;16;CAMPO GRANDE;1;0
D021300602;27955;FORTUNATA TADIELLO NATUCCI, AV;;;300;;26/02/2013 14:51;2;SI;46;980; ; ;0;0;0;2;0;0;0;0;0;0;0;0;0;0;0;0;0;27955;FORTUNATA TADIELLO NATUCCI, AV;;;3;ANHANGUERA;2;0
D021301218;6238;NACOES UNIDAS, AV DAS;13861;MESQUITA SAMPAIO, RUA ENG;0;;26/02/2013 15:00;2;CT;11;478; ; ;0;1;0;0;0;0;0;0;0;0;0;0;0;0;0;1;0;6238;NACOES UNIDAS, AV DAS;13861;MESQUITA SAMPAIO, RUA ENG;72;SANTO AMARO;1;0
D021301730;17824;SAPOPEMBA, AV;;;17643;;26/02/2013 15:07;2;CL;55;2783; ; ;2;0;0;0;0;0;0;0;0;0;0;0;0;0;0;0;0;17824;SAPOPEMBA, AV;;;33;IPIRANGA;1;0
D021300487;61;ABRAAO RIBEIRO, AV DR;6471;SAO VICENTE, AV MARQ DE;0;;26/02/2013 15:15;2;CO;23;1080; ; ;1;1;0;0;0;0;0;0;0;0;0;0;0;0;0;0;0;61;ABRAAO RIBEIRO, AV DR;6471;SAO VICENTE, AV MARQ DE;70;SANTA CECILIA;1;0
D021301583;9580;ITAQUERA, AV;;;6771;;26/02/2013 15:26;2;CO;65;664;B; ;1;1;0;0;0;0;0;0;0;0;0;0;0;0;0;0;0;9580;ITAQUERA, AV;;;24;CIDADE LIDER;1;0
D021300635;16340;PIRAJUSSARA, RUA;;;340;;26/02/2013 15:50;4;AT;51;939; ; ;1;0;0;0;0;0;0;0;0;0;0;0;0;0;0;0;0;16340;PIRAJUSSARA, RUA;;;13;CACHOEIRINHA;1;0
D021300230;66;ABRAAO DE MORAIS, AV PROF;8945;IBIRAREMA, RUA;0;;26/02/2013 16:00;2;QM;16;2592; ; ;0;1;0;0;0;0;0;0;0;0;0;0;0;0;0;0;0;66;ABRAAO DE MORAIS, AV PROF;8945;IBIRAREMA, RUA;79;SAUDE;1;0
D021300071;13614;MARTINHO PRADO, RUA;;;127;;26/02/2013 16:55;2;QM;4;1476; ; ;0;0;0;0;1;0;0;0;0;0;0;0;0;0;0;0;0;13614;MARTINHO PRADO, RUA;;;67;REPUBLICA;1;0
D021301526;75855;ANTONIO LEITE PENTEADO, RUA;;;390;;26/02/2013 17:10;2;CO;62;840; ; ;0;1;0;0;0;0;0;0;0;0;0;0;0;0;0;1;0;75855;ANTONIO LEITE PENTEADO, RUA;;;49;LIBERDADE;1;0
D021300145;543;ALCANTARA MACHADO, AV;;;1700;;26/02/2013 17:30;2;CO;8;1485;B; ;1;1;0;0;0;0;0;0;0;0;0;0;0;0;0;0;0;543;ALCANTARA MACHADO, AV;;;10;BRAS;1;0
D021300258;14705;SAUDE, RUA NSRA DA;;;1250;;26/02/2013 18:00;2;CL;26;1739; ; ;1;1;0;0;0;0;0;0;0;0;0;0;0;0;0;0;0;14705;SAUDE, RUA NSRA DA;;;69;SACOMA;1;0
D021300636;5309;CORIFEU DE AZEVEDO MARQUES, AV;;;1816;;26/02/2013 19:00;2;CO;51;942; ; ;0;0;0;0;1;0;0;1;0;0;0;0;0;0;0;0;0;5309;CORIFEU DE AZEVEDO MARQUES, AV;;;12;BUTANTA;1;0
D021301481;98912;JOSE PINHEIRO BORGES, AV;;;0;PROXIMO  - AV COROA D;26/02/2013 19:20;2;CT;32;1329;C; ;0;1;0;0;0;0;0;0;0;0;0;1;0;0;0;0;0;98912;JOSE PINHEIRO BORGES, AV;;;36;ITAQUERA;1;0
D021300261;19931;WASHINGTON LUIS, AV;;;3709;;26/02/2013 19:30;2;CO;27;858; ; ;1;1;0;0;0;0;0;0;0;0;0;0;0;0;0;0;0;19931;WASHINGTON LUIS, AV;;;30;GRAJAU;1;0
D021301600;5408;COSME DEODATO TADEU, RUA PROF;;;1200;;26/02/2013 20:00;2;QM;68;2453; ; ;0;1;0;0;0;0;0;0;0;0;0;0;0;0;0;0;0;5408;COSME DEODATO TADEU, RUA PROF;;;45;JARDIM SAO LUIS;1;0
D021301108;17824;SAPOPEMBA, AV;;;1050;;26/02/2013 20:54;4;AT;29;1259; ; ;1;0;0;0;0;0;0;0;0;0;0;0;0;0;0;0;0;17824;SAPOPEMBA, AV;;;33;IPIRANGA;1;0
D021301034;14270;MORVAN DIAS DE FIGUEIREDO, AV;;;0;NADA CONSTA ;26/02/2013 21:00;2;CT;90;788; ; ;1;0;1;0;0;0;0;0;0;0;0;0;0;0;0;0;0;29772;MARGINAL DO RIO TIETE, AV;;;0;NULL;1;0
D021300023;13853;MERCURIO, AV;17400;ROSA, RUA STA;0;;26/02/2013 21:23;4;AT;1;1490; ; ;1;0;0;0;0;0;0;0;0;0;0;0;0;0;0;0;0;13853;MERCURIO, AV;17400;ROSA, RUA STA;80;SE;1;0
D021300561;7500;FRANCISCO MORATO, AV PROF;;;0;PROXIMO  - AV.GAL.FRA;26/02/2013 22:10;2;CH;34;1590; ; ;0;0;0;0;0;0;0;1;0;0;0;0;0;0;0;0;0;7500;FRANCISCO MORATO, AV PROF;;;12;BUTANTA;1;0
D021300380;31520;ANTONIO JOSE DOS SANTOS, AV PDE;5208;CONCEICAO DE MONTE ALEGRE, RUA;0;;26/02/2013 22:15;2;SI;96;2038; ; ;1;1;0;0;0;0;0;0;0;0;0;0;0;0;0;0;0;5208;CONCEICAO DE MONTE ALEGRE, RUA;31520;ANTONIO JOSE DOS SANTOS, AV PDE;34;ITAIM BIBI;1;0
D021301521;13881;MIGUEL, AV S;;;6120;;27/02/2013 04:40;2;CH;62;663; ; ;1;0;0;0;0;0;0;0;0;0;0;0;0;0;0;0;0;13881;MIGUEL, AV S;;;65;PONTE RASA;1;0
D021300661;16878;RAPOSO TAVARES, VIA;;;17800;;27/02/2013 05:00;2;CT;75;689; ; ;1;0;0;0;1;0;0;0;0;0;0;0;0;0;0;0;0;16878;RAPOSO TAVARES, VIA;;;13;CACHOEIRINHA;1;0
D021300282;35829;MOREIRA GUIMARAES, AV;;;1055;;27/02/2013 05:30;2;CL;27;2041; ; ;0;2;0;0;0;0;0;0;0;0;0;0;0;0;0;0;0;35829;MOREIRA GUIMARAES, AV;;;24;CIDADE LIDER;1;0
D021301639;72670;INACIO MONTEIRO, RUA;;;903;;27/02/2013 06:37;4;AT;44;1325; ; ;1;0;0;0;0;0;0;0;0;0;0;0;0;0;0;0;0;72670;INACIO MONTEIRO, RUA;;;50;LIMAO;3;0
D021301283;12639;MANUEL CALDEIRA, RUA;;;253;;27/02/2013 07:00;2;CO;48;765; ; ;1;1;0;0;0;0;0;0;0;0;0;0;0;0;0;0;0;12639;MANUEL CALDEIRA, RUA;;;23;CIDADE DUTRA;1;0
D021301609;1528;BOTUPORA, RUA;3668;BRITO MACHADO, RUA PROF;0;;27/02/2013 07:10;2;CO;103;811; ; ;1;1;0;0;0;0;0;0;0;0;0;0;0;0;0;0;0;1528;BOTUPORA, RUA;3668;BRITO MACHADO, RUA PROF;36;ITAQUERA;1;0
D021300788;10622;JOAQUINA RAMALHO, AV;;;8;;27/02/2013 07:40;4;AT;9;1252; ; ;0;1;0;0;0;0;0;0;0;0;0;0;0;0;0;0;0;10622;JOAQUINA RAMALHO, AV;;;88;VILA GUILHERME;1;0
D021300283;31498;ROBERTO MARINHO - ANT AGUA ESP, AV JORN;999;SANTO AMARO, AV;0;;27/02/2013 07:50;4;AT;27;2046; ; ;0;1;0;0;0;0;0;0;0;0;0;0;0;0;0;0;0;999;SANTO AMARO, AV;31498;ROBERTO MARINHO - ANT AGUA ESP, AV JORN;34;ITAIM BIBI;1;0
D021301571;23441;SONHO GAUCHO, RUA;17142;CAMPO DAS PITANGUEIRAS, RUA;0;;27/02/2013 08:09;2;CO;64;1672; ; ;0;2;0;0;0;0;0;0;0;0;0;0;0;0;0;0;0;17142;CAMPO DAS PITANGUEIRAS, RUA;23441;SONHO GAUCHO, RUA;  ;;1;0
D021301482;1528;BOTUPORA, RUA;;;372;;27/02/2013 08:10;2;CO;32;1335; ; ;1;1;0;0;0;0;0;0;0;0;0;0;0;0;0;0;0;1528;BOTUPORA, RUA;;;86;VILA CURUCA;1;0
D021300447;16919;REBOUCAS, AV;;;1552;;27/02/2013 08:30;4;AT;14;1848; ; ;0;1;0;0;0;0;0;0;0;0;0;0;0;0;0;0;0;16919;REBOUCAS, AV;;;44;JARDIM PAULISTA;1;0
D021301718;98963;RODOANEL MARIO COVAS, VIA;;;0;PROXIMO  - AV DOS SER;27/02/2013 08:47;2;CO;55;723; ; ;1;0;0;1;0;0;0;0;0;0;0;0;0;0;0;0;0;98963;RODOANEL MARIO COVAS, VIA;;;62;PERUS;2;0
D021300514;4232;CARANGOLA, RUA;855;ALVARENGA, RUA;0;;27/02/2013 08:57;2;CO;34;268; ; ;1;1;0;0;0;0;0;0;0;0;0;0;0;0;0;0;0;855;ALVARENGA, RUA;4232;CARANGOLA, RUA;55;MORUMBI;1;0
D021301277;9529;ITAPECERICA, ES DE;;;8040;;27/02/2013 09:00;2;CO;47;2572; ; ;1;1;0;0;0;0;0;0;0;0;0;0;0;0;0;0;0;9529;ITAPECERICA, ES DE;;;29;FREGUESIA DO O;2;0
D021300460;18552;TABAPUA, RUA;12710;MANUEL GUEDES, RUA;0;;27/02/2013 09:11;2;CO;15;974; ; ;0;1;0;0;0;0;0;0;0;0;0;1;0;0;0;0;0;12710;MANUEL GUEDES, RUA;18552;TABAPUA, RUA;34;ITAIM BIBI;1;0
D021300547;12502;MAGALHAES DE CASTRO, AV;;;0; - 50M PTE EU;27/02/2013 09:18;2;CO;34;1244; ; ;1;1;0;0;0;0;0;0;0;0;0;0;0;0;0;0;0;13014;MARGINAL DO RIO PINHEIROS, AV;;;12;BUTANTA;1;0
D021300789;4219;ZAKI NARCHI, AV;;;153;;27/02/2013 10:20;2;CO;9;1255; ; ;1;1;0;0;0;0;0;0;0;0;0;0;0;0;0;0;0;4219;ZAKI NARCHI, AV;;;88;VILA GUILHERME;1;0
D021301284;15507;TEOTONIO VILELA, AV SEN;;;1993;;27/02/2013 10:32;2;QM;48;769; ; ;0;1;0;0;0;0;0;0;0;0;0;0;0;0;0;0;0;15507;TEOTONIO VILELA, AV SEN;;;23;CIDADE DUTRA;1;0
D021300284;35829;MOREIRA GUIMARAES, AV;9062;IMARES, AV DOS;0;;27/02/2013 10:45;2;CO;27;2048; ; ;2;1;0;0;0;0;0;0;0;0;0;0;0;0;0;0;0;9062;IMARES, AV DOS;35829;MOREIRA GUIMARAES, AV;53;MOEMA;1;0
D021301543;25108;ANTONIO EGAS MONIZ, RUA;2429;ASSIS RIBEIRO, RUA DR;0;;27/02/2013 11:00;2;CL;63;835; ; ;0;0;0;0;0;0;0;1;0;0;0;0;1;0;0;0;0;2429;ASSIS RIBEIRO, RUA DR;25108;ANTONIO EGAS MONIZ, RUA;89;VILA JACUI;1;0
D021301211;16959;REINALDO CAJADO, RUA ENG;;;290;;27/02/2013 11:06;4;AT;81;564; ; ;0;0;0;0;0;0;0;0;0;0;0;0;0;0;0;1;0;16959;REINALDO CAJADO, RUA ENG;;;10;BRAS;1;0
D021300622;9072;IMBUIA, RUA;;;0;NADA CONSTA ;27/02/2013 11:20;2;QM;51;271; ; ;0;1;0;0;0;0;0;0;0;0;0;0;0;0;0;0;0;9072;IMBUIA, RUA;;;13;CACHOEIRINHA;2;0
D021301357;5606;CUPECE, AV;;;4767;;27/02/2013 11:30;4;AT;98;900071; ; ;0;1;0;0;0;0;0;0;0;0;0;0;0;0;0;0;0;5606;CUPECE, AV;;;22;CIDADE ADEMAR;1;0
D021300488;7491;FRANCISCO MATARAZZO, AV;;;151;;27/02/2013 11:50;2;QD;23;1100; ; ;0;0;0;0;0;0;0;1;0;0;0;0;0;0;0;0;0;7491;FRANCISCO MATARAZZO, AV;;;6;BARRA FUNDA;1;0
D021300832;719;ALFREDO PUJOL, RUA;4875;CHEMIN DEL PRA, RUA;0;;27/02/2013 12:00;4;AT;13;2098; ; ;0;0;0;0;0;0;0;0;0;0;0;1;0;0;0;0;0;719;ALFREDO PUJOL, RUA;4875;CHEMIN DEL PRA, RUA;71;SANTANA;1;0
D021301466;954;AMADOR BUENO DA VEIGA, AV;;;2973;;27/02/2013 12:15;2;CT;24;2133; ; ;1;0;0;0;0;0;0;1;0;0;0;0;0;0;0;0;0;954;AMADOR BUENO DA VEIGA, AV;;;60;PENHA;2;0
D021301557;9806;PIRES DO RIO, AV;;;1839;;27/02/2013 12:25;2;CO;63;1475; ; ;1;1;0;0;0;0;0;0;0;0;0;0;0;0;0;0;0;9806;PIRES DO RIO, AV;;;76;SAO MIGUEL;1;0
D021300353;11562;LAGRIMAS, ES DAS;;;2125;;27/02/2013 12:30;4;AT;95;927; ; ;0;1;0;0;0;0;0;0;0;0;0;0;0;0;0;0;0;11562;LAGRIMAS, ES DAS;;;69;SACOMA;1;0
D021300189;14947;OLIMPIO DA SILVEIRA, AV GAL;7685;GABRIEL DOS SANTOS, RUA DR;0;;27/02/2013 12:40;4;AT;77;916; ; ;1;0;0;0;0;0;0;0;0;0;0;0;0;0;0;0;0;7685;GABRIEL DOS SANTOS, RUA DR;14947;OLIMPIO DA SILVEIRA, AV GAL;70;SANTA CECILIA;1;0
D021301617;10503;JOAO XXIII, AV;;;0;NADA CONSTA ;27/02/2013 12:54;4;AT;41;1106; ; ;1;0;0;0;0;0;0;0;0;0;0;0;0;0;0;0;0;10503;JOAO XXIII, AV;;;4;ARICANDUVA;1;0
D021300683;21832;JOSE CARLOS DE TOLEDO PIZA, RUA DR;;;10;;27/02/2013 13:00;4;AT;89;272; ; ;1;0;0;0;0;0;0;0;0;0;0;0;0;0;0;0;0;21832;JOSE CARLOS DE TOLEDO PIZA, RUA DR;;;29;FREGUESIA DO O;1;0
D021300548;26502;ARY TORRES, PTE ENG;;;11;;27/02/2013 13:00;2;CO;34;1257; ; ;1;1;0;0;0;0;0;0;0;0;0;0;0;0;0;0;0;26502;ARY TORRES, PTE ENG;;;13;CACHOEIRINHA;1;0
D021300404;19887;VOTUPOCA, RUA;;;30;;27/02/2013 13:15;4;AT;7;1336; ; ;1;0;0;0;0;0;0;0;0;0;0;0;0;0;0;0;0;19887;VOTUPOCA, RUA;;;14;CAMBUCI;1;0
D021300054;13669;MATARAZZO, RUA;;;251;;27/02/2013 13:30;4;AT;2;1168; ; ;1;0;0;0;0;0;0;0;0;0;0;0;0;0;0;0;0;13669;MATARAZZO, RUA;;;9;BOM RETIRO;1;0
D021300729;7836;GASTAO VIDIGAL, AV DR;16726;QUEIROZ FILHO, AV;0;;27/02/2013 13:59;2;CO;91;1390; ; ;0;1;0;0;1;0;0;0;0;0;0;0;0;0;0;0;0;4677;APECATU, PCA;7257;FONSECA RODRIGUES, AV PROF;90;VILA LEOPOLDINA;2;0
D021300031;6642;ESTADO, AV DO;;;3350;;27/02/2013 14:48;4;AT;1;1652; ; ;0;0;0;0;0;0;0;0;0;0;0;1;0;0;0;0;0;6642;ESTADO, AV DO;;;9;BOM RETIRO;1;0
D021301785;24338;LUIZ IGNACIO ANHAIA MELLO, AV PROF;;;7200;;27/02/2013 15:00;2;CL;70;1352; ; ;1;1;0;0;0;0;0;0;0;0;0;0;0;0;0;0;0;24338;LUIZ IGNACIO ANHAIA MELLO, AV PROF;;;26;CONSOLACAO;1;0
D021300965;15485;PARAPUA, RUA;;;2024;;27/02/2013 15:10;4;AT;45;505; ; ;0;0;0;0;1;0;0;1;0;0;0;0;0;0;0;0;0;15485;PARAPUA, RUA;;;4;ARICANDUVA;1;0
D021300390;3026;BEIJA-FLORES, RUA DOS;;;0;NADA CONSTA ;27/02/2013 15:30;2;CO;97;544; ; ;1;1;0;0;0;0;0;0;0;0;0;0;0;0;0;0;0;3026;BEIJA-FLORES, RUA DOS;;;42;JARDIM ANGELA;1;0
D021300754;12114;LUCIO MARTINS RODRIGUES, RUA PROF;;;443;;27/02/2013 16:00;2;CH;93;1348; ; ;2;1;0;0;0;0;0;0;0;0;0;0;0;0;0;0;0;12114;LUCIO MARTINS RODRIGUES, RUA PROF;;;13;CACHOEIRINHA;1;0
D021300709;18561;LUIZ MIGLIANO, RUA DR;;;1260;;27/02/2013 16:40;2;CO;89;1612; ; ;1;0;0;0;0;0;0;0;0;0;0;0;0;0;0;1;0;18561;LUIZ MIGLIANO, RUA DR;;;0;NULL;1;0
D021300550;8000;GIOVANNI GRONCHI, AV;;;1920;;27/02/2013 16:56;2;CT;34;1264; ; ;1;1;0;0;0;0;0;0;0;0;0;0;0;0;0;0;0;8000;GIOVANNI GRONCHI, AV;;;55;MORUMBI;1;0
D021300549;7500;FRANCISCO MORATO, AV PROF;;;2500;;27/02/2013 17:00;2;CO;34;1262; ; ;1;1;0;0;0;0;0;0;0;0;0;0;0;0;0;0;0;7500;FRANCISCO MORATO, AV PROF;;;12;BUTANTA;2;0
D021301719;17824;SAPOPEMBA, AV;;;14037;;27/02/2013 17:20;2;SI;55;945; ; ;1;1;0;0;0;0;0;0;0;0;0;0;0;0;0;0;0;17824;SAPOPEMBA, AV;;;33;IPIRANGA;2;0
D021301618;3852;CIPRIANO RODRIGUES, AV;28944;MANOEL FERREIRA PIRES, RUA;0;;27/02/2013 17:33;2;CO;41;1116; ; ;1;0;0;0;1;0;0;0;0;0;0;0;0;0;0;0;0;3852;CIPRIANO RODRIGUES, AV;28944;MANOEL FERREIRA PIRES, RUA;4;ARICANDUVA;1;0
D021300210;15656;PAULISTA, AV;;;1682;;27/02/2013 18:00;4;AT;78;1589; ; ;0;1;0;0;0;0;0;0;0;0;0;0;0;0;0;0;0;15656;PAULISTA, AV;;;7;BELA VISTA;1;0
D021300792;6534;ERASMO BRAGA, RUA;;;0;NADA CONSTA ;27/02/2013 18:10;2;CO;9;1383; ; ;0;2;0;0;0;0;0;0;0;0;0;0;0;0;0;0;0;6534;ERASMO BRAGA, RUA;;;60;PENHA;1;0
D021300833;4308;CARLOS BELMIRO CORREIA, RUA;11170;JOSE RANGEL DE CAMARGO, RUA;0;;27/02/2013 18:15;2;CO;13;2125; ; ;1;1;0;0;0;0;0;0;0;0;0;0;0;0;0;0;0;4308;CARLOS BELMIRO CORREIA, RUA;11170;JOSE RANGEL DE CAMARGO, RUA;21;CASA VERDE;1;0
D021300595;9529;ITAPECERICA, ES DE;;;1849;;27/02/2013 18:30;2;QM;37;2823; ; ;0;1;0;0;0;0;0;0;0;0;0;0;0;0;0;0;0;9529;ITAPECERICA, ES DE;;;29;FREGUESIA DO O;1;0
D021300585;78774;MARCIO AKIRA MIURA, RUA;;;147;;27/02/2013 18:49;4;AT;37;1623; ; ;0;0;0;0;0;0;0;0;0;0;0;0;0;0;0;1;0;78774;MARCIO AKIRA MIURA, RUA;;;29;FREGUESIA DO O;1;0
D021300032;7733;GALVAO BUENO, RUA;;;52;;27/02/2013 18:50;4;AT;1;1660; ; ;0;0;0;0;1;0;0;0;0;0;0;0;0;0;0;0;0;7733;GALVAO BUENO, RUA;;;80;SE;1;0
D021300554;7500;FRANCISCO MORATO, AV PROF;;;2500;;27/02/2013 19:30;2;QD;34;1284; ; ;0;0;1;0;0;0;0;0;0;0;0;0;0;0;0;0;0;7500;FRANCISCO MORATO, AV PROF;;;12;BUTANTA;1;0
D021301197;6239;EDUARDO COTCHING, AV DR;;;1904;;27/02/2013 19:40;2;CL;58;1093; ; ;1;1;0;0;0;0;0;0;0;0;0;0;0;0;0;0;0;6239;EDUARDO COTCHING, AV DR;;;87;VILA FORMOSA;1;0
D021300879;19884;VOLUNTARIOS DA PATRIA, RUA;;;3646;;27/02/2013 20:30;2;CO;20;1865; ; ;0;1;0;0;0;0;0;0;0;0;0;0;0;0;0;1;0;19884;VOLUNTARIOS DA PATRIA, RUA;;;8;BELEM;1;0
D021301840;12403;M'BOI MIRIM, ES;;;2627;;27/02/2013 20:30;2;QM;100;1101; ; ;0;1;0;0;0;0;0;0;0;0;0;0;0;0;0;0;0;12403;M'BOI MIRIM, ES;;;42;JARDIM ANGELA;0;1
D021300925;19337;ULTRAMARINO, AV;3423;LACERDA MARQUES, RUA;0;;27/02/2013 20:45;2;CO;38;1045; ; ;1;1;0;0;0;0;0;0;0;0;0;0;0;0;0;0;0;3423;LACERDA MARQUES, RUA;19337;ULTRAMARINO, AV;51;MANDAQUI;1;0
D021301754;2181;ARICANDUVA, AV;;;4066;;27/02/2013 21:47;2;CT;66;1326; ; ;0;1;0;0;0;0;0;1;0;0;0;0;0;0;0;0;0;2181;ARICANDUVA, AV;;;60;PENHA;1;0