id_acidente;codloga;logradouroA;codlogb;logradouroB;alt_num;referencia;data;cod_acid;tipo_acidente;dp;numero_BO;sentido;pista;automovel;moto;onibus;caminhao;bicicleta;moto_taxi;onibus_fretado;onibus_urbano;microonibus;van;vuc;caminhonete;carreta;jipe;outros;sem_informacao;carroca;princ_a;paiA;princ_b;paiB;cod_distrito;distrito;vit_ferida;vit_morta
D021301028;61175;ANGELO GAYOTO, RUA;;;200;;27/02/2013 22:10;4;AT;74;1780;B; ;0;0;0;0;0;0;0;1;0;0;0;0;0;0;0;0;0;61175;ANGELO GAYOTO, RUA;;;40;JAGUARE;1;0
D021300251;11379;JUNTAS PROVISORIAS, AV;5144;COCKRANE, RUA LORD;0;;27/02/2013 22:17;2;CO;17;2665; ; ;1;1;0;0;0;0;0;0;0;0;0;0;0;0;0;0;0;5144;COCKRANE, RUA LORD;11379;JUNTAS PROVISORIAS, AV;33;IPIRANGA;1;0
D021300618;46890;ALEXIOS JAFET (ESTR.CAMPINAS), AV;;;1315;;27/02/2013 22:30;4;AT;46;1843; ; ;1;0;0;0;0;0;0;0;0;0;0;0;0;0;0;0;0;46890;ALEXIOS JAFET (ESTR.CAMPINAS), AV;;;41;JARAGUA;1;0
D021300741;5309;CORIFEU DE AZEVEDO MARQUES, AV;;;3600;;27/02/2013 22:30;2;CO;93;970; ; ;1;1;0;0;0;0;0;0;0;0;0;0;0;0;0;0;0;5309;CORIFEU DE AZEVEDO MARQUES, AV;;;12;BUTANTA;1;0
D021300974;15485;PARAPUA, RUA;;;1400;;27/02/2013 23:20;2;CF;45;1781; ; ;1;0;0;0;0;0;0;1;0;0;0;0;0;0;0;0;0;15485;PARAPUA, RUA;;;4;ARICANDUVA;2;0
D021300932;15426;PARADA PINTO, AV;21133;SALVADOR TOLEZANO, RUA;0;;27/02/2013 23:20;2;CO;38;1779; ; ;1;1;0;0;0;0;0;0;0;0;0;0;0;0;0;0;0;15426;PARADA PINTO, AV;21133;SALVADOR TOLEZANO, RUA;51;MANDAQUI;2;0
D021300285;14531;NHAMBIQUARAS, AL DOS;2108;ARATAS, AV;0;;28/02/2013 00:14;2;CF;27;2077; ; ;1;1;0;0;0;0;0;0;0;0;0;0;0;0;0;0;0;2108;ARATAS, AV;14531;NHAMBIQUARAS, AL DOS;53;MOEMA;1;0
D021301123;1657;ANTONIO DE BARROS, RUA;15579;PASSOS OURIQUE, RUA;0;;28/02/2013 00:25;2;CH;30;1096; ; ;1;0;0;0;0;0;0;0;0;0;0;0;0;0;0;0;0;1657;ANTONIO DE BARROS, RUA;15579;PASSOS OURIQUE, RUA;82;TATUAPE;3;0
D021300662;16878;RAPOSO TAVARES, VIA;;;17500;;28/02/2013 04:40;2;TB;75;711; ; ;0;1;0;0;0;0;0;0;0;0;0;0;0;0;0;0;0;16878;RAPOSO TAVARES, VIA;;;13;CACHOEIRINHA;2;0
D021300089;19764;VINTE E TRES DE MAIO, AV;;;989;;28/02/2013 04:51;4;AT;5;1108;C; ;0;1;0;0;0;0;0;0;0;0;0;0;0;0;0;0;0;19764;VINTE E TRES DE MAIO, AV;;;17;CAMPO LIMPO;1;0
D021301279;99925;INTEGRADA, RUA;99924;SOLIDARIEDADE, RUA;0;;28/02/2013 06:50;2;CO;47;2898; ; ;1;1;0;0;0;0;0;0;0;0;0;0;0;0;0;0;0;99924;SOLIDARIEDADE, RUA;99925;INTEGRADA, RUA;  ;;1;0
D021300172;18993;TIRADENTES, AV;;;100;;28/02/2013 07:10;2;CO;12;1185;B; ;1;1;0;0;0;0;0;0;0;0;0;0;0;0;0;0;0;18993;TIRADENTES, AV;;;9;BOM RETIRO;1;0
D021301182;24338;LUIZ IGNACIO ANHAIA MELLO, AV PROF;;;2797;;28/02/2013 07:11;2;CT;56;1280;C; ;1;1;0;0;0;0;0;0;0;0;0;0;0;0;0;0;0;24338;LUIZ IGNACIO ANHAIA MELLO, AV PROF;;;26;CONSOLACAO;1;0
D021300886;1557;ANTONIO ALVES DE LIMA NETO, RUA;;;0;QUILOMETRO  - 6;28/02/2013 07:17;2;SI;28;727; ; ;1;0;0;1;0;0;0;0;0;0;0;0;0;0;0;0;0;1557;ANTONIO ALVES DE LIMA NETO, RUA;;;53;MOEMA;1;0
D021301326;8368;GUARAPIRANGA, AV;;;576;;28/02/2013 07:30;2;CO;92;1316; ; ;1;1;0;0;0;0;0;0;0;0;0;0;0;0;0;0;0;8368;GUARAPIRANGA, AV;;;45;JARDIM SAO LUIS;1;0
D021300286;9309;IRAI, AV;11394;JUQUIS, RUA;0;;28/02/2013 07:45;2;CO;27;2682; ; ;1;1;0;0;0;0;0;0;0;0;0;0;0;0;0;0;0;9309;IRAI, AV;11394;JUQUIS, RUA;53;MOEMA;1;0
D021300897;2075;ARAPUA, RUA;;;300;;28/02/2013 08:00;2;QD;28;1105; ; ;0;0;1;0;0;0;0;0;0;0;0;0;0;0;0;0;0;2075;ARAPUA, RUA;;;37;JABAQUARA;1;0
D021300835;15188;OTAVIANO ALVES DE LIMA, AV;;;0;PROXIMO  - RUA DO HAV;28/02/2013 09:00;2;CO;13;2142; ; ;1;1;0;0;0;0;0;0;0;0;0;0;0;0;0;0;0;29772;MARGINAL DO RIO TIETE, AV;;;23;CIDADE DUTRA;1;0
D021300675;63165;CECILIA CALOVINI, RUA;;;100;;28/02/2013 09:01;4;AT;87;1047; ; ;1;0;0;0;0;0;0;0;0;0;0;0;0;0;0;0;0;63165;CECILIA CALOVINI, RUA;;;4;ARICANDUVA;1;0
D021300515;17822;SAPETUBA, RUA;;;58;;28/02/2013 09:10;2;CO;34;278; ; ;2;1;0;0;0;0;0;0;0;0;0;0;0;0;0;0;0;17822;SAPETUBA, RUA;;;13;CACHOEIRINHA;1;0
D021300552;7500;FRANCISCO MORATO, AV PROF;;;4293;;28/02/2013 09:30;2;CO;34;1273; ; ;0;1;1;0;0;0;0;0;0;0;0;0;0;0;0;0;0;7500;FRANCISCO MORATO, AV PROF;;;12;BUTANTA;1;0
D021301212;4632;CATUMBI, RUA;6835;EVARISTO DA VEIGA, RUA;0;;28/02/2013 09:30;4;AT;81;580;B; ;0;0;0;0;0;0;0;1;0;0;0;0;0;0;0;0;0;4632;CATUMBI, RUA;6835;EVARISTO DA VEIGA, RUA;8;BELEM;1;0
D021301299;99144;OPCAO BRASIL NATAL, RUA;;;110;;28/02/2013 09:50;2;CH;85;472; ; ;1;0;0;0;0;0;0;0;0;0;0;0;0;0;0;0;0;99144;OPCAO BRASIL NATAL, RUA;;;30;GRAJAU;1;0
D021301088;7645;FRONTIN, AV CD DE;13592;MARTIM DAMY, RUA PROF;0;;28/02/2013 10:20;2;CO;21;660;B; ;0;2;0;0;0;0;0;0;0;0;0;1;0;0;0;0;0;7645;FRONTIN, AV CD DE;13592;MARTIM DAMY, RUA PROF;93;VILA MATILDE;2;0
D021300926;9078;IMIRIM, AV;;;3100;;28/02/2013 10:30;4;AT;38;1055; ; ;0;0;0;0;0;0;0;1;0;0;0;0;0;0;0;0;0;9078;IMIRIM, AV;;;71;SANTANA;2;0
D021300489;4561;CASTELO BRANCO, AV PRES;;;6373;;28/02/2013 11:10;4;AT;23;1131; ; ;1;0;0;0;0;0;0;0;0;0;0;0;0;0;0;0;0;29772;MARGINAL DO RIO TIETE, AV;;;6;BARRA FUNDA;1;0
D021300446;16919;REBOUCAS, AV;;;450;;28/02/2013 11:15;2;CO;14;1827; ; ;1;1;0;0;0;0;0;0;0;0;0;0;0;0;0;0;0;16919;REBOUCAS, AV;;;44;JARDIM PAULISTA;1;0
D021301528;16490;PONTE RASA, RUA;21984;DJALMA EVANGELISTA, RUA SARG;0;;28/02/2013 11:44;2;CO;62;865; ; ;1;1;0;0;0;0;0;0;0;0;0;0;0;0;0;0;0;16490;PONTE RASA, RUA;21984;DJALMA EVANGELISTA, RUA SARG;65;PONTE RASA;1;0
D021301720;14330;MURITIBA, AV BRA DE;;;70;;28/02/2013 11:58;2;CO;55;955; ; ;1;0;0;0;0;0;0;0;0;0;0;1;0;0;0;0;0;14330;MURITIBA, AV BRA DE;;;51;MANDAQUI;2;0
D021301354;852;ALVARENGA, ES DO;;;2215;;28/02/2013 12:00;2;CO;98;2247;C; ;1;1;0;0;0;0;0;0;0;0;0;0;0;0;0;0;0;852;ALVARENGA, ES DO;;;59;PEDREIRA;1;0
D021300371;999;SANTO AMARO, AV;15797;PAVAO, AV;0;;28/02/2013 12:12;2;CL;96;926; ; ;1;1;0;0;0;0;0;1;0;0;0;0;0;0;0;0;0;999;SANTO AMARO, AV;15797;PAVAO, AV;34;ITAIM BIBI;1;0
D021300966;19001;TIRO AO POMBO, RUA;21596;JOAO CAETANO PINTO, RUA;0;;28/02/2013 12:14;4;AT;45;513; ; ;0;0;0;0;0;0;0;0;0;0;0;0;0;0;0;1;0;19001;TIRO AO POMBO, RUA;21596;JOAO CAETANO PINTO, RUA;11;BRASILANDIA;1;0
D021300033;8024;GLICERIO, RUA;;;100;;28/02/2013 12:15;2;CO;1;1675; ; ;1;1;0;0;0;0;0;0;0;0;0;0;0;0;0;0;0;8024;GLICERIO, RUA;;;80;SE;1;0
D021300645;13019;ESCOLA POLITECNICA, AV;75804;RAIMUNDO DE CASTRO MAIA, RUA;0;;28/02/2013 12:40;2;QM;51;1387; ; ;0;1;0;0;0;0;0;0;0;0;0;0;0;0;0;0;0;13019;ESCOLA POLITECNICA, AV;75804;RAIMUNDO DE CASTRO MAIA, RUA;68;RIO PEQUENO;1;0
D021300880;3813;CAETANO ALVARES, AV ENG;;;4099;;28/02/2013 12:45;2;SI;20;2158; ; ;1;0;0;0;1;0;0;0;0;0;0;0;0;0;0;0;0;3813;CAETANO ALVARES, AV ENG;;;21;CASA VERDE;1;0
D021300896;27358;FUAD LUTFALLA, AV;;;450;;28/02/2013 12:58;2;CT;28;1089; ; ;0;1;1;0;0;0;0;0;0;0;0;0;0;0;0;0;0;27358;FUAD LUTFALLA, AV;;;4;ARICANDUVA;1;0
D021300347;2121;ARAUJO GONDIM, RUA;;;351;;28/02/2013 13:00;2;CF;95;599; ; ;1;1;0;0;0;0;0;0;0;0;0;0;0;0;0;0;0;2121;ARAUJO GONDIM, RUA;;;69;SACOMA;1;0
D021300836;10712;JORGE VALIM, RUA;;;90;;28/02/2013 13:05;2;SI;13;2153; ; ;1;1;0;0;0;0;0;0;0;0;0;0;0;0;0;0;0;10712;JORGE VALIM, RUA;;;21;CASA VERDE;1;0
D021300314;36500;ALIOMAR BALEEIRO, VD MIN;;;0;SOBRE  - VIADUTO;28/02/2013 13:23;2;CO;35;1841; ; ;0;1;0;0;0;0;0;0;0;0;0;0;0;0;0;1;0;36098;AFFONSO D'ESCRAGNOLLE TAUNAY, AV;;;42;JARDIM ANGELA;1;0
D021300591;9529;ITAPECERICA, ES DE;;;4090;;28/02/2013 13:27;4;AT;37;1748; ; ;0;0;0;1;0;0;0;0;0;0;0;0;0;0;0;0;0;9529;ITAPECERICA, ES DE;;;29;FREGUESIA DO O;1;0
D021300490;18519;SUMARE, AV;10436;JOAO RAMALHO, RUA;0;;28/02/2013 13:55;2;CO;23;1133; ; ;0;1;0;0;0;0;0;0;0;0;0;1;0;0;0;0;0;10436;JOAO RAMALHO, RUA;18519;SUMARE, AV;61;PERDIZES;1;0
D021300123;3653;BRESSER, RUA;;;1200;;28/02/2013 14:00;2;CO;8;882; ; ;0;1;0;0;1;0;0;0;0;0;0;0;0;0;0;0;0;3653;BRESSER, RUA;;;10;BRAS;1;0
D021301392;12403;M'BOI MIRIM, ES;;;3000;;28/02/2013 14:07;2;CO;100;1107; ; ;0;1;0;1;0;0;0;0;0;0;0;0;0;0;0;0;0;12403;M'BOI MIRIM, ES;;;42;JARDIM ANGELA;1;0
D021301841;14449;NAZARE, AV;;;0;NADA CONSTA ;28/02/2013 14:10;4;AT;17;1189; ; ;1;0;0;0;0;0;0;0;0;0;0;0;0;0;0;0;0;14449;NAZARE, AV;;;33;IPIRANGA;0;1
D021300248;12057;LUCAS OBES, RUA DOM;18172;SILVA BUENO, RUA;0;;28/02/2013 14:43;4;AT;17;1193; ; ;1;0;0;0;0;0;0;0;0;0;0;0;0;0;0;0;0;12057;LUCAS OBES, RUA DOM;18172;SILVA BUENO, RUA;33;IPIRANGA;1;0
D021300034;8024;GLICERIO, RUA;;;100;;28/02/2013 15:10;2;QM;1;1682; ; ;0;1;0;0;0;0;0;0;0;0;0;0;0;0;0;0;0;8024;GLICERIO, RUA;;;80;SE;1;0
D021301376;14743;SABARA, AV NSRA DO;;;3385;;28/02/2013 15:50;2;CO;99;898; ; ;0;1;0;0;0;0;0;0;0;0;0;1;0;0;0;0;0;14743;SABARA, AV NSRA DO;;;16;CAMPO GRANDE;2;0
D021301327;12403;M'BOI MIRIM, ES;;;2450;;28/02/2013 15:50;2;CL;92;1327; ; ;1;1;0;0;0;0;0;0;0;0;0;0;0;0;0;0;0;12403;M'BOI MIRIM, ES;;;42;JARDIM ANGELA;2;0
D021300730;8650;HELIOPOLIS, RUA;2991;BAUMANN, RUA;0;;28/02/2013 16:06;2;CO;91;1418; ; ;1;1;0;0;0;0;0;0;0;0;0;0;0;0;0;0;0;2991;BAUMANN, RUA;8650;HELIOPOLIS, RUA;90;VILA LEOPOLDINA;1;0
D021300448;7257;FONSECA RODRIGUES, AV PROF;;;2116;;28/02/2013 16:45;2;CO;14;1890; ; ;0;2;0;0;0;0;0;0;0;0;0;0;0;0;0;0;0;7257;FONSECA RODRIGUES, AV PROF;;;2;ALTO DE PINHEIR;1;0
D021300556;6819;EUSEBIO MATOSO, AV;;;10;;28/02/2013 17:00;2;CO;34;1293; ; ;1;0;0;0;1;0;0;0;0;0;0;0;0;0;0;0;0;6819;EUSEBIO MATOSO, AV;;;63;PINHEIROS;1;0
D021300878;15446;PEDRO DE ABREU, RUA;;;61;;28/02/2013 17:20;4;AT;20;1829; ; ;0;0;0;0;0;0;0;0;0;0;0;0;0;0;0;1;0;15446;PEDRO DE ABREU, RUA;;;22;CIDADE ADEMAR;1;0
D021301293;20048;YERVANT KISSAJIKIAN, AV;;;1547;;28/02/2013 17:50;2;CO;80;715; ; ;1;1;0;0;0;0;0;0;0;0;0;0;0;0;0;0;0;20048;YERVANT KISSAJIKIAN, AV;;;29;FREGUESIA DO O;1;0
D021301590;11542;NORDESTINA, AV;;;4569;;28/02/2013 18:00;4;AT;67;594; ; ;0;1;0;0;0;0;0;0;0;0;0;0;0;0;0;0;0;11542;NORDESTINA, AV;;;76;SAO MIGUEL;1;0
D021300035;19764;VINTE E TRES DE MAIO, AV;;;2;;28/02/2013 19:00;4;AT;1;1704; ; ;0;1;0;0;0;0;0;0;0;0;0;0;0;0;0;0;0;19764;VINTE E TRES DE MAIO, AV;;;17;CAMPO LIMPO;1;0
D021300710;13014;MARGINAL DO RIO PINHEIROS, AV;;;0;QUILOMETRO  - 15,;28/02/2013 19:00;2;CL;89;1647; ; ;1;1;0;0;0;0;0;0;0;0;0;0;0;0;0;0;0;13014;MARGINAL DO RIO PINHEIROS, AV;;;40;JAGUARE;1;0
D021301010;45826;ISMAEL DE JESUS SILVA, RUA;;;32;;28/02/2013 19:15;2;CO;73;2148; ; ;0;0;0;0;1;0;0;0;0;0;0;1;0;0;0;0;0;45826;ISMAEL DE JESUS SILVA, RUA;;;83;TREMEMBE;1;0
D021301183;19708;VILA EMA, AV;;;369;;28/02/2013 19:20;4;AT;56;1299; ; ;0;1;0;0;0;0;0;0;0;0;0;0;0;0;0;0;0;19708;VILA EMA, AV;;;26;CONSOLACAO;1;0
D021300619;36860;LEOPOLDO DE PASSOS LIMA, RUA;;;822;;28/02/2013 19:40;2;CO;46;1873; ; ;2;1;0;0;0;0;0;0;0;0;0;1;0;0;0;0;0;36860;LEOPOLDO DE PASSOS LIMA, RUA;;;3;ANHANGUERA;1;0
D021300449;6238;NACOES UNIDAS, AV DAS;;;6000;;28/02/2013 19:50;2;CO;14;1899; ; ;0;2;0;0;0;0;0;0;0;0;0;0;0;0;0;0;0;13014;MARGINAL DO RIO PINHEIROS, AV;;;90;VILA LEOPOLDINA;2;0
D021301125;43408;ABEL FERREIRA, AV VER;1220;ANALIA FRANCO, RUA;0;;28/02/2013 20:00;2;SI;30;1105; ; ;1;1;0;0;0;0;0;0;0;0;0;0;0;0;0;0;0;1220;ANALIA FRANCO, RUA;43408;ABEL FERREIRA, AV VER;1;AGUA RASA;1;0
D021300557;8000;GIOVANNI GRONCHI, AV;15774;PAULO PUPO, RUA PROF;0;;28/02/2013 20:00;2;CL;34;1298; ; ;1;1;0;0;0;0;0;0;0;0;0;0;0;0;0;0;0;8000;GIOVANNI GRONCHI, AV;15774;PAULO PUPO, RUA PROF;55;MORUMBI;1;0
D021301641;43405;IGUATEMI, ES;;;3744;;28/02/2013 21:15;4;AT;44;2915; ; ;0;1;0;0;0;0;0;0;0;0;0;0;0;0;0;0;0;43405;IGUATEMI, ES;;;25;CIDADE TIRADENT;1;0
D021300252;5421;COSTA AGUIAR, RUA;;;2713;;28/02/2013 21:40;2;CO;17;2714;B; ;0;2;0;0;0;0;0;0;0;0;0;0;0;0;0;0;0;5421;COSTA AGUIAR, RUA;;;33;IPIRANGA;2;0
D021301355;5606;CUPECE, AV;;;5347;;28/02/2013 23:15;2;CO;98;2268; ; ;0;0;0;0;1;0;0;1;0;0;0;0;0;0;0;0;0;5606;CUPECE, AV;;;22;CIDADE ADEMAR;1;0
D021301011;19711;ABILIO PEDRO RAMOS, RUA;;;0;PROXIMO  - R.EMERIDIA;28/02/2013 23:20;4;AT;73;2154; ; ;1;0;0;0;0;0;0;0;0;0;0;0;0;0;0;0;0;19711;ABILIO PEDRO RAMOS, RUA;;;22;CIDADE ADEMAR;2;0
D031300520;13605;MARTINELLI, AV COMEN;;;367;;01/03/2013 05:40;4;AT;7;1375; ; ;0;1;0;0;0;0;0;0;0;0;0;0;0;0;0;0;0;13605;MARTINELLI, AV COMEN;;;6;BARRA FUNDA;1;0
D031301114;18151;SEZEFREDO FAGUNDES, AV CEL;13133;MARIA AMALIA LOPES AZEVEDO, RUA;0;;01/03/2013 06:25;2;CL;20;1850;B; ;0;1;0;0;0;0;0;1;0;0;0;0;0;0;0;0;0;13133;MARIA AMALIA LOPES AZEVEDO, RUA;18151;SEZEFREDO FAGUNDES, AV CEL;  ;;1;0
D031301617;98963;RODOANEL MARIO COVAS, VIA;;;5300;;01/03/2013 06:30;4;AT;25;549; ; ;0;0;0;1;0;0;0;0;0;0;0;0;0;0;0;0;0;98963;RODOANEL MARIO COVAS, VIA;;;62;PERUS;1;0
D031301633;34128;JOAO DE LUCA, AV VER;;;225;;01/03/2013 06:30;2;SI;43;836; ; ;1;1;0;0;0;0;0;0;0;0;0;0;0;0;0;0;0;34128;JOAO DE LUCA, AV VER;;;42;JARDIM ANGELA;1;0
D031300542;16919;REBOUCAS, AV;;;1164;;01/03/2013 06:45;2;CO;14;1953; ; ;1;1;0;0;0;0;0;0;0;0;0;0;0;0;0;0;0;16919;REBOUCAS, AV;;;44;JARDIM PAULISTA;1;0
D031300763;9529;ITAPECERICA, ES DE;;;2489;;01/03/2013 06:45;2;CO;37;1862; ; ;1;1;0;0;0;0;0;0;0;0;0;0;0;0;0;0;0;9529;ITAPECERICA, ES DE;;;29;FREGUESIA DO O;1;0
D031301233;6450;EMILIO CARLOS, AV DEP;;;2235;;01/03/2013 06:48;2;CO;40;734; ; ;1;1;0;0;0;0;0;0;0;0;0;0;0;0;0;0;0;6450;EMILIO CARLOS, AV DEP;;;50;LIMAO;1;0
D031300106;12165;LUIS ANTONIO, AV BRIG;;;1818;;01/03/2013 06:50;4;AT;5;342; ; ;0;1;0;0;0;0;0;0;0;0;0;0;0;0;0;0;0;12165;LUIS ANTONIO, AV BRIG;;;7;BELA VISTA;2;0
D031301997;46936;JACU-PESSEGO/NOVA TRABALHADORE, AV;;;0;NADA CONSTA ;01/03/2013 07:09;4;AT;64;1762; ; ;1;0;0;0;0;0;0;0;0;0;0;0;0;0;0;0;0;46936;JACU-PESSEGO/NOVA TRABALHADORE, AV;;;46;JOSE BONIFACIO;1;0
D031301597;3516;MARIO VILAS BOAS RODRIGUES, AV DR;;;387;;01/03/2013 07:30;2;CT;11;3095; ; ;0;2;0;0;0;0;0;0;0;0;0;0;0;0;0;0;0;3516;MARIO VILAS BOAS RODRIGUES, AV DR;;;72;SANTO AMARO;1;0
D031301511;8955;IBITIRAMA, RUA;20059;ZELINA, AV;0;;01/03/2013 07:30;2;CO;56;1305; ; ;1;1;0;0;0;0;0;0;0;0;0;0;0;0;0;0;0;8955;IBITIRAMA, RUA;20059;ZELINA, AV;95;VILA PRUDENTE;1;0
D031300491;6238;NACOES UNIDAS, AV DAS;21514;ROQUE PETRONI JUNIOR, AV;0;;01/03/2013 07:54;2;CO;96;148; ; ;1;2;0;0;0;0;0;0;0;0;0;0;0;0;0;0;0;6238;NACOES UNIDAS, AV DAS;21514;ROQUE PETRONI JUNIOR, AV;72;SANTO AMARO;1;0
D031300809;16838;RAIMUNDO PEREIRA DE MAGAL., AV;;;15500;;01/03/2013 08:10;2;CO;46;1027; ; ;1;1;0;0;0;0;0;0;0;0;0;0;0;0;0;0;0;16838;RAIMUNDO PEREIRA DE MAGAL., AV;;;31;GUAIANASES;1;0
D031300005;7122;FIGUEIRA, RUA DA;;;100;;01/03/2013 08:10;2;CT;1;1712; ; ;0;1;1;0;0;0;0;0;0;0;0;0;0;0;0;0;0;7122;FIGUEIRA, RUA DA;;;10;BRAS;1;0
D031300041;16593;PRESTES MAIA, AV;;;250;;01/03/2013 08:32;2;CO;2;1204; ; ;2;0;0;0;0;0;0;0;0;0;0;0;0;0;0;0;0;16593;PRESTES MAIA, AV;;;9;BOM RETIRO;3;0
D031300166;543;ALCANTARA MACHADO, AV;;;3198;;01/03/2013 09:00;2;QM;8;1534; ; ;0;1;0;0;0;0;0;0;0;0;0;0;0;0;0;0;0;543;ALCANTARA MACHADO, AV;;;10;BRAS;1;0
D031301714;10270;JOAO DIAS, AV;;;3639;;01/03/2013 09:00;2;CO;92;1127; ; ;1;1;0;0;0;0;0;0;0;0;0;0;0;0;0;0;0;10270;JOAO DIAS, AV;;;72;SANTO AMARO;1;0
D031300006;6642;ESTADO, AV DO;;;4000;;01/03/2013 09:15;2;CO;1;1739; ; ;1;2;0;0;0;0;0;0;0;0;0;0;0;0;0;0;0;6642;ESTADO, AV DO;;;9;BOM RETIRO;1;0
D031301491;4736;CELSO GARCIA, AV;;;3976;;01/03/2013 09:15;4;AT;52;641; ; ;0;0;0;0;0;0;0;1;0;0;0;0;0;0;0;0;0;4736;CELSO GARCIA, AV;;;82;TATUAPE;1;0
D031301576;10270;JOAO DIAS, AV;;;2200;;01/03/2013 09:37;2;QD;11;2319; ; ;0;0;0;0;0;0;0;1;0;0;0;0;0;0;0;0;0;10270;JOAO DIAS, AV;;;72;SANTO AMARO;1;0
D031300081;14433;NATANAEL, RUA MAJ;;;223;;01/03/2013 09:45;4;AT;4;1150; ; ;1;0;0;0;0;0;0;0;0;0;0;0;0;0;0;0;0;14433;NATANAEL, RUA MAJ;;;26;CONSOLACAO;1;0
D031301512;15047;ORFANATO, RUA;5682;DAMIAO, PCA PDE;0;;01/03/2013 09:45;4;AT;56;1309; ; ;0;0;0;0;0;0;0;0;0;0;0;1;0;0;0;0;0;5682;DAMIAO, PCA PDE;8955;IBITIRAMA, RUA;95;VILA PRUDENTE;1;0
D031300239;14750;NOTHMANN, AL;;;200;;01/03/2013 11:00;2;CO;77;335; ; ;1;1;0;0;0;0;0;0;0;0;0;0;0;0;0;0;0;14750;NOTHMANN, AL;;;70;SANTA CECILIA;2;0
D031300199;5567;CRUZEIRO DO SUL, AV;6642;ESTADO, AV DO;0;;01/03/2013 11:30;2;CL;12;1210;C; ;1;0;0;1;0;0;0;0;0;0;0;0;0;0;0;0;0;5567;CRUZEIRO DO SUL, AV;6642;ESTADO, AV DO;57;PARI;1;0
D031301948;17820;TITO, AV MAL;;;3097;;01/03/2013 11:40;4;AT;59;857; ; ;1;0;0;0;0;0;0;0;0;0;0;0;0;0;0;0;0;17820;TITO, AV MAL;;;53;MOEMA;1;0
D031301631;42039;SAVERIO DE DONATO, RUA;;;0;PROXIMO  - SADANU INO;01/03/2013 11:40;4;AT;25;900005; ; ;1;0;0;0;0;0;0;0;0;0;0;0;0;0;0;0;0;42039;SAVERIO DE DONATO, RUA;;;76;SAO MIGUEL;1;0
D031301548;8444;GUAXUPE, RUA;;;146;;01/03/2013 11:45;2;CO;58;514; ; ;1;1;0;0;0;0;0;0;0;0;0;0;0;0;0;0;0;8444;GUAXUPE, RUA;;;87;VILA FORMOSA;1;0
D031301696;61138;RUDEPOEMA, RUA;;;56;;01/03/2013 12:00;2;CH;85;486; ; ;1;0;0;1;0;0;0;0;0;0;0;0;0;0;0;0;0;61138;RUDEPOEMA, RUA;;;32;IGUATEMI;1;0
D031300222;29772;MARGINAL DO RIO TIETE, AV;;;0;PROXIMO  - R.FERREIRA;01/03/2013 12:41;2;CO;12;1678; ; ;1;1;0;0;0;0;0;0;0;0;0;0;0;0;0;0;0;29772;MARGINAL DO RIO TIETE, AV;;;13;CACHOEIRINHA;1;0
D031302138;2181;ARICANDUVA, AV;;;12800;;01/03/2013 12:54;2;QM;49;2946; ; ;0;1;0;0;0;0;0;0;0;0;0;0;0;0;0;0;0;2181;ARICANDUVA, AV;;;60;PENHA;1;0
D031301081;475;ALBERTO BYINGTON, AV;;;2600;;01/03/2013 13:10;2;CO;19;831; ; ;1;1;0;0;0;0;0;0;0;0;0;0;0;0;0;0;0;475;ALBERTO BYINGTON, AV;;;91;VILA MARIA;2;0
D031300308;15609;PATRIOTAS, RUA DOS;4963;CIPRIANO BARATA, RUA;0;;01/03/2013 13:10;4;AT;17;1222; ; ;1;0;0;0;0;0;0;0;0;0;0;0;0;0;0;0;0;4963;CIPRIANO BARATA, RUA;15609;PATRIOTAS, RUA DOS;33;IPIRANGA;1;0
D031301577;952;AMADOR BUENO, RUA;;;138;;01/03/2013 13:15;2;CO;11;2350; ; ;0;1;0;0;0;0;0;0;0;0;0;1;0;0;0;0;0;952;AMADOR BUENO, RUA;;;72;SANTO AMARO;1;0
D031301324;15425;CANTIDIO SAMPAIO, AV DEP;16838;RAIMUNDO PEREIRA DE MAGAL., AV;0;;01/03/2013 13:40;4;AT;74;808;C; ;0;0;0;0;0;0;0;0;0;0;0;1;0;0;0;0;0;15425;CANTIDIO SAMPAIO, AV DEP;16838;RAIMUNDO PEREIRA DE MAGAL., AV;41;JARAGUA;1;0
D031301172;15426;PARADA PINTO, AV;;;3700;;01/03/2013 13:50;2;SI;38;1085; ; ;1;1;0;0;0;0;0;0;0;0;0;0;0;0;0;0;0;15426;PARADA PINTO, AV;;;8;BELEM;1;0
D031300521;5072;CLELIA, RUA;;;991;;01/03/2013 13:58;2;CO;7;1379; ; ;1;1;0;0;0;0;0;0;0;0;0;0;0;0;0;0;0;5072;CLELIA, RUA;;;  ;;1;0
D031302359;46936;JACU-PESSEGO/NOVA TRABALHADORE, AV;8025;MONTANHAS, RUA;0;;01/03/2013 14:28;4;AT;24;2215;C; ;1;0;0;0;0;0;0;0;0;0;0;0;0;0;0;0;0;184;ADELINO, RUA;46936;JACU-PESSEGO/NOVA TRABALHADORE, AV;  ;;0;1
D031302197;34500;IGUATEMI, AV;;;0;PROXIMO  - R MARCIO B;01/03/2013 14:30;2;CO;54;656; ; ;1;1;0;0;0;0;0;0;0;0;0;0;0;0;0;0;0;34500;IGUATEMI, AV;;;50;LIMAO;1;0