id_acidente;codloga;logradouroA;codlogb;logradouroB;alt_num;referencia;data;cod_acid;tipo_acidente;dp;numero_BO;sentido;pista;automovel;moto;onibus;caminhao;bicicleta;moto_taxi;onibus_fretado;onibus_urbano;microonibus;van;vuc;caminhonete;carreta;jipe;outros;sem_informacao;carroca;princ_a;paiA;princ_b;paiB;cod_distrito;distrito;vit_ferida;vit_morta
D031302108;75421;JOSE HIGINO NEVES, AV;;;1235;;02/03/2013 19:20;4;AT;44;1391; ; ;1;0;0;0;0;0;0;0;0;0;0;0;0;0;0;0;0;75421;JOSE HIGINO NEVES, AV;;;50;LIMAO;2;0
D031301151;27358;FUAD LUTFALLA, AV;;;650;;02/03/2013 19:30;2;CO;28;1121; ; ;1;1;0;0;0;0;0;0;0;0;0;0;0;0;0;0;0;27358;FUAD LUTFALLA, AV;;;4;ARICANDUVA;2;0
D031300343;24507;LINO DE MORAES LEME, AV DR;;;972;;02/03/2013 19:49;4;AT;27;2194; ; ;1;0;0;0;0;0;0;0;0;0;0;0;0;0;0;0;0;24507;LINO DE MORAES LEME, AV DR;;;30;GRAJAU;1;0
D031300042;16581;PRATES, RUA;;;962;;02/03/2013 20:00;2;QM;2;238; ; ;0;1;0;0;0;0;0;0;0;0;0;0;0;0;0;0;0;16581;PRATES, RUA;;;15;CAMPO BELO;1;0
D031301152;3771;INAJAR DE SOUZA, AV;;;2500;;02/03/2013 20:45;4;AT;28;1161; ; ;1;0;0;0;0;0;0;0;0;0;0;0;0;0;0;0;0;3771;INAJAR DE SOUZA, AV;;;50;LIMAO;1;0
D031302136;24428;FORTE DO LEME, AV;24427;FORTE DO RIO NEGRO, RUA;0;;02/03/2013 20:58;2;CL;49;1048; ; ;1;1;0;0;0;0;0;0;0;0;0;0;0;0;0;0;0;24427;FORTE DO RIO NEGRO, RUA;24428;FORTE DO LEME, AV;75;SAO MATEUS;1;0
D031301503;4736;CELSO GARCIA, AV;;;3700;;02/03/2013 21:10;2;CT;52;2408; ; ;1;0;0;0;0;0;0;1;0;0;0;0;0;0;0;0;0;4736;CELSO GARCIA, AV;;;82;TATUAPE;1;0
D031301219;7945;GERTRUDES, RUA;;;240;;02/03/2013 21:27;2;CO;39;2232; ; ;1;1;0;0;0;0;0;0;0;0;0;0;0;0;0;0;0;7945;GERTRUDES, RUA;;;94;VILA MEDEIROS;1;0
D031302403;15165;OSVALDO DE OLIVEIRA, AV PROF;;;114;;02/03/2013 21:44;4;AT;63;1739; ; ;1;1;0;0;0;0;0;0;0;0;0;0;0;0;0;0;0;15165;OSVALDO DE OLIVEIRA, AV PROF;;;51;MANDAQUI;1;1
D031301115;18151;SEZEFREDO FAGUNDES, AV CEL;12716;MANUEL GAYA, RUA;0;;02/03/2013 22:15;2;CF;20;1906; ; ;2;0;0;0;0;0;0;0;0;0;0;0;0;0;0;0;0;12716;MANUEL GAYA, RUA;18151;SEZEFREDO FAGUNDES, AV CEL;83;TREMEMBE;2;0
D031300840;1429;ANHANGUERA, VIA;;;0;NADA CONSTA ;02/03/2013 22:32;4;AT;46;3023; ; ;0;1;0;0;0;0;0;0;0;0;0;0;0;0;0;0;0;1429;ANHANGUERA, VIA;;;73;SAO DOMINGOS;1;0
D031300699;310;AGENOR COUTO DE MAGALHAES, AV;;;25;;02/03/2013 22:50;2;SI;33;2950; ; ;1;1;0;0;0;0;0;0;0;0;0;0;0;0;0;0;0;310;AGENOR COUTO DE MAGALHAES, AV;;;64;PIRITUBA;1;0
D031301931;16652;ANTONIO JOAO DE MEDEIROS, RUA;;;820;;02/03/2013 22:58;2;CO;50;2623; ; ;1;1;0;0;0;0;0;0;0;0;0;0;0;0;0;0;0;16652;ANTONIO JOAO DE MEDEIROS, RUA;;;54;MOOCA;2;0
D031302343;5584;CUMBICA, ES DA;;;0;NADA CONSTA ;02/03/2013 23:00;2;QM;14;2354; ; ;0;1;0;0;0;0;0;0;0;0;0;0;0;0;0;0;0;5584;CUMBICA, ES DA;;;42;JARDIM ANGELA;0;1
D031301468;5817;DEZENOVE DE JANEIRO, AV;13759;MAXIMILIANO DA CUNHA, RUA;0;;02/03/2013 23:00;2;CO;31;1154; ; ;1;1;0;0;0;0;0;0;0;0;0;0;0;0;0;0;0;5817;DEZENOVE DE JANEIRO, AV;13759;MAXIMILIANO DA CUNHA, RUA;20;CARRAO;1;0
D031301257;16051;PENHA BRASIL, AV GAL;;;309;;02/03/2013 23:13;2;CO;72;1882; ; ;1;0;0;0;0;0;0;0;0;0;0;1;0;0;0;0;0;16051;PENHA BRASIL, AV GAL;;;48;LAPA;1;0
D031301645;5606;CUPECE, AV;;;2711;;02/03/2013 23:30;2;CO;43;2344;C; ;0;2;0;0;0;0;0;0;0;0;0;0;0;0;0;0;0;5606;CUPECE, AV;;;22;CIDADE ADEMAR;2;0
D031300460;5618;CURSINO, AV DO;;;3396;;02/03/2013 23:38;2;CO;83;1847; ; ;1;1;0;0;0;0;0;0;0;0;0;0;0;0;0;0;0;5618;CURSINO, AV DO;;;27;CURSINO;2;0
D031302312;17824;SAPOPEMBA, AV;;;9215;;02/03/2013 23:52;2;CO;70;2152; ; ;1;1;0;0;0;0;0;0;0;0;0;0;0;0;0;0;0;17824;SAPOPEMBA, AV;;;33;IPIRANGA;1;0
D031302331;33642;MASAO WATANABE, AV;;;718;;03/03/2013 00:07;4;AT;77;1063; ; ;0;0;0;0;0;0;0;0;0;0;0;0;0;0;0;1;0;33642;MASAO WATANABE, AV;;;  ;;0;1
D031301750;852;ALVARENGA, ES DO;;;902;;03/03/2013 00:24;2;CF;98;2348; ; ;3;0;0;0;0;0;0;0;0;0;0;0;0;0;0;0;0;852;ALVARENGA, ES DO;;;59;PEDREIRA;2;0
D031302074;5679;DAMASIO PINTO, RUA;;;1491;;03/03/2013 01:25;4;AT;103;1598; ; ;0;0;1;0;0;0;0;0;0;0;0;0;0;0;0;0;0;5679;DAMASIO PINTO, RUA;;;36;ITAQUERA;1;0
D031301434;6741;EUCLIDES PACHECO, RUA;;;803;;03/03/2013 01:45;2;CO;30;1157; ; ;1;1;0;0;0;0;0;0;0;0;0;0;0;0;0;0;0;6741;EUCLIDES PACHECO, RUA;;;82;TATUAPE;2;0
D031302313;17824;SAPOPEMBA, AV;;;6576;;03/03/2013 02:15;4;AT;70;2160; ; ;1;0;0;0;0;0;0;0;0;0;0;0;0;0;0;0;0;17824;SAPOPEMBA, AV;;;33;IPIRANGA;1;0
D031300705;14171;MONTE MOR, AV BR DE;4049;CAMPOS GERAIS, AV BR DE;0;;03/03/2013 02:20;2;CO;34;1705; ; ;1;1;0;0;0;0;0;0;0;0;0;0;0;0;0;0;0;4049;CAMPOS GERAIS, AV BR DE;14171;MONTE MOR, AV BR DE;55;MORUMBI;1;0
D031302326;18470;PIRAJUSSARA, AV;6855;EZEQUIEL CAMPOS DIAS, AV DR;0;;03/03/2013 02:22;2;CV;89;1833; ; ;1;1;0;0;0;0;0;0;0;0;0;0;0;0;0;0;0;2582;AURELIANO PIMENTEL, PCA PROF;18470;PIRAJUSSARA, AV;  ;;0;1
D031301825;2888;BARRO BRANCO, ES DO;;;1810;;03/03/2013 02:30;2;CO;101;1523; ; ;0;2;0;0;0;0;0;0;0;0;0;0;0;0;0;0;0;2888;BARRO BRANCO, ES DO;;;30;GRAJAU;1;0
D031302311;17824;SAPOPEMBA, AV;;;9337;;03/03/2013 02:36;4;AT;70;2158; ; ;0;0;1;0;0;0;0;0;0;0;0;0;0;0;0;0;0;17824;SAPOPEMBA, AV;;;33;IPIRANGA;1;0
D031302281;43404;VILANOVA ARTIGAS, AV ARQ;;;1900;;03/03/2013 03:17;2;CO;69;2164;B; ;0;1;0;0;0;0;0;0;0;0;0;0;0;0;0;1;0;43404;VILANOVA ARTIGAS, AV ARQ;;;56;PARELHEIROS;2;0
D031300921;12502;MAGALHAES DE CASTRO, AV;;;6200;;03/03/2013 04:44;2;CH;89;1709; ; ;1;0;0;0;0;0;0;0;0;0;0;0;0;0;0;0;0;13014;MARGINAL DO RIO PINHEIROS, AV;;;12;BUTANTA;1;0
D031301824;3509;BELMIRA MARIN, AV DONA;;;1300;;03/03/2013 05:20;2;CO;101;1521; ; ;1;1;0;0;0;0;0;0;0;0;0;0;0;0;0;0;0;3509;BELMIRA MARIN, AV DONA;;;30;GRAJAU;1;0
D031301437;34122;MELO FREIRE, RUA;;;0;PROXIMO  - AV SALIM F;03/03/2013 05:25;2;CO;30;1162; ; ;1;0;0;0;1;0;0;0;0;0;0;0;0;0;0;0;0;34122;MELO FREIRE, RUA;;;27;CURSINO;1;0
D031300760;9529;ITAPECERICA, ES DE;;;1400;;03/03/2013 06:21;2;CT;37;1720; ; ;1;1;0;0;0;0;0;0;0;0;0;0;0;0;0;0;0;9529;ITAPECERICA, ES DE;;;29;FREGUESIA DO O;2;0
D031300170;544;ALCANTARA MACHADO, VD;;;0;NADA CONSTA ;03/03/2013 06:50;2;CP;8;1575; ; ;1;0;0;0;0;0;0;0;0;0;0;0;0;0;0;0;0;543;ALCANTARA MACHADO, AV;;;10;BRAS;2;0
D031300216;5567;CRUZEIRO DO SUL, AV;;;400;;03/03/2013 07:02;4;AT;12;1513; ; ;1;0;0;0;0;0;0;0;0;0;0;1;0;0;0;0;0;5567;CRUZEIRO DO SUL, AV;;;5;ARTUR ALVIM;1;0
D031301877;14094;MOGI DAS CRUZES, ES DE;;;0;PROXIMO  - AV JAIME T;03/03/2013 07:10;2;CO;24;2312; ; ;1;0;0;0;0;0;0;0;0;0;0;1;0;0;0;0;0;14094;MOGI DAS CRUZES, ES DE;;;65;PONTE RASA;1;0
D031301435;3291;BERNARDO, RUA S;;;100;;03/03/2013 07:48;2;CO;30;1160;B; ;0;1;1;0;0;0;0;0;0;0;0;0;0;0;0;0;0;3291;BERNARDO, RUA S;;;82;TATUAPE;1;0
D031301220;62455;ARLINDO LUZ, PCA;4118;BASILIO ALVES MORANGO, RUA;0;;03/03/2013 07:55;4;AT;39;2240; ; ;1;0;0;0;0;0;0;0;0;0;0;0;0;0;0;0;0;4118;BASILIO ALVES MORANGO, RUA;16855;RAMIZ GALVAO, AV;94;VILA MEDEIROS;1;0
D031300544;16919;REBOUCAS, AV;;;2133;;03/03/2013 08:25;4;AT;14;1976; ; ;0;1;0;0;0;0;0;0;0;0;0;0;0;0;0;0;0;16919;REBOUCAS, AV;;;44;JARDIM PAULISTA;2;0
D031301802;21992;GUILHERME ESPINDOLA PEQUITO, RUA;;;32;;03/03/2013 09:00;4;AT;100;1149; ; ;0;1;0;0;0;0;0;0;0;0;0;0;0;0;0;0;0;21992;GUILHERME ESPINDOLA PEQUITO, RUA;;;32;IGUATEMI;1;0
D031301302;25901;BARRA DA ONCA, RUA;;;0;NADA CONSTA ;03/03/2013 10:16;2;CO;73;2441; ; ;1;0;0;0;0;0;0;0;0;0;0;1;0;0;0;0;0;25901;BARRA DA ONCA, RUA;;;22;CIDADE ADEMAR;1;0
D031300204;12964;MARCOS ARRUDA, RUA;21637;HUMBERTO DE SOUZA MELLO, PCA GAL;0;;03/03/2013 10:41;4;AT;12;1311; ; ;0;0;0;0;0;0;0;1;0;0;0;0;0;0;0;0;0;12964;MARCOS ARRUDA, RUA;21637;HUMBERTO DE SOUZA MELLO, PCA GAL;  ;;1;0
D031301258;78227;ARAUJO CASTRO, RUA DR;;;473;;03/03/2013 12:00;2;CH;72;1919; ; ;0;1;0;0;0;0;0;0;0;0;0;0;0;0;0;0;0;78227;ARAUJO CASTRO, RUA DR;;;8;BELEM;1;0
D031301439;27094;SALIM FARAH MALUF, AV;;;10;;03/03/2013 12:00;2;QM;30;1167; ; ;0;1;0;0;0;0;0;0;0;0;0;0;0;0;0;0;0;27094;SALIM FARAH MALUF, AV;;;82;TATUAPE;1;0
D031302137;13671;MATEO BEI, AV;;;1890;;03/03/2013 12:12;2;CL;49;1060; ; ;1;1;0;0;0;0;0;0;0;0;0;0;0;0;0;0;0;13671;MATEO BEI, AV;;;75;SAO MATEUS;1;0
D031300604;10556;JOAQUIM FLORIANO, RUA;;;466;;03/03/2013 12:35;2;QD;15;1246; ; ;0;0;0;0;0;0;0;1;0;0;0;0;0;0;0;0;0;10556;JOAQUIM FLORIANO, RUA;;;34;ITAIM BIBI;1;0
D031300867;5309;CORIFEU DE AZEVEDO MARQUES, AV;;;1703;;03/03/2013 12:40;2;CH;51;1985; ; ;1;0;0;0;0;0;0;0;0;0;0;0;0;0;0;0;0;5309;CORIFEU DE AZEVEDO MARQUES, AV;;;12;BUTANTA;1;0
D031300676;1232;ANASTACIO, AV DO;;;511;;03/03/2013 12:45;2;SI;33;1942; ; ;2;0;0;0;0;0;0;0;0;0;0;0;0;0;0;0;0;1232;ANASTACIO, AV DO;;;73;SAO DOMINGOS;2;0
D031300344;10076;JESUINO MACIEL, RUA DR;33018;JOAO ALVARES SOARES, RUA;0;;03/03/2013 12:59;2;CO;27;2220; ; ;2;0;0;0;0;0;0;0;0;0;0;1;0;0;0;0;0;10076;JESUINO MACIEL, RUA DR;33018;JOAO ALVARES SOARES, RUA;15;CAMPO BELO;1;0
D031300545;7257;FONSECA RODRIGUES, AV PROF;;;1655;;03/03/2013 13:00;2;CO;14;1983; ; ;1;1;0;0;0;0;0;0;0;0;0;0;0;0;0;0;0;7257;FONSECA RODRIGUES, AV PROF;;;2;ALTO DE PINHEIR;1;0
D031300948;8000;GIOVANNI GRONCHI, AV;;;4297;;03/03/2013 13:36;2;CO;89;2298; ; ;1;1;0;0;0;0;0;0;0;0;0;0;0;0;0;0;0;8000;GIOVANNI GRONCHI, AV;;;55;MORUMBI;1;0
D031301911;18537;SUZANA DE MELO, RUA;;;299;;03/03/2013 13:40;2;CO;32;1606; ; ;1;1;0;0;0;0;0;0;0;0;0;0;0;0;0;0;0;18537;SUZANA DE MELO, RUA;;;51;MANDAQUI;1;0
D031302233;17824;SAPOPEMBA, AV;;;16209;;03/03/2013 13:50;2;CF;55;2171; ; ;1;0;0;0;1;0;0;0;0;0;0;0;0;0;0;0;0;17824;SAPOPEMBA, AV;;;33;IPIRANGA;1;0
D031301954;21279;IVO ROBACH DE OLIVEIRA, RUA;;;85;;03/03/2013 14:20;2;CT;59;2648; ; ;2;0;0;0;0;0;0;0;0;0;0;0;0;0;0;0;0;21279;IVO ROBACH DE OLIVEIRA, RUA;;;53;MOEMA;1;0
D031300043;9489;ITALIANOS, RUA DOS;2864;BARRA DO TIBAJI, RUA;0;;03/03/2013 14:20;4;AT;2;1253; ; ;0;0;0;0;0;0;0;1;0;0;0;0;0;0;0;0;0;2864;BARRA DO TIBAJI, RUA;9489;ITALIANOS, RUA DOS;9;BOM RETIRO;1;0
D031301187;35287;LAUZANE PAULISTA, AV;;;28;;03/03/2013 14:23;2;CO;38;1913; ; ;1;1;0;0;0;0;0;0;0;0;0;0;0;0;0;0;0;35287;LAUZANE PAULISTA, AV;;;48;LAPA;2;0
D031300761;16339;CARLOS LACERDA, AV;;;1911;;03/03/2013 14:30;4;AT;37;1740; ; ;0;0;0;1;0;0;0;0;0;0;0;0;0;0;0;0;0;16339;CARLOS LACERDA, AV;;;29;FREGUESIA DO O;1;0
D031300922;8000;GIOVANNI GRONCHI, AV;;;2789;;03/03/2013 14:30;2;CO;89;1728; ; ;0;1;0;0;0;0;0;0;0;0;0;1;0;0;0;0;0;8000;GIOVANNI GRONCHI, AV;;;55;MORUMBI;1;0
D031302382;99949;CARLOS CALDEIRA FILHO, AV;;;3900;;03/03/2013 14:30;2;CH;47;2768; ; ;0;1;0;0;0;0;0;0;0;0;0;0;0;0;0;0;0;99949;CARLOS CALDEIRA FILHO, AV;;;19;CAPAO REDONDO;0;1
D031300171;543;ALCANTARA MACHADO, AV;;;2223;;03/03/2013 14:45;2;CO;8;1584;C; ;0;1;0;0;0;0;0;1;0;0;0;0;0;0;0;0;0;543;ALCANTARA MACHADO, AV;;;10;BRAS;1;0
D031301689;16026;PEIXOTO DE MELO FILHO, RUA;;;81;;03/03/2013 15:10;2;CF;80;2368; ; ;0;1;0;0;0;0;0;0;0;0;0;1;0;0;0;0;0;16026;PEIXOTO DE MELO FILHO, RUA;;;29;FREGUESIA DO O;2;0
D031301116;8238;GUACA, AV DO;;;575;;03/03/2013 15:30;2;QM;20;1921; ; ;0;1;0;0;0;0;0;0;0;0;0;0;0;0;0;0;0;8238;GUACA, AV DO;;;51;MANDAQUI;1;0
D031302385;852;ALVARENGA, ES DO;;;3800;;03/03/2013 16:26;4;AT;26;1989; ; ;0;1;0;0;0;0;0;0;0;0;0;0;0;0;0;0;0;852;ALVARENGA, ES DO;;;  ;;0;1
D031301502;4736;CELSO GARCIA, AV;;;4538;;03/03/2013 16:32;4;AT;52;1179;B; ;0;0;0;0;0;0;0;1;0;0;0;0;0;0;0;0;0;4736;CELSO GARCIA, AV;;;82;TATUAPE;1;0
D031301170;3771;INAJAR DE SOUZA, AV;;;2000;;03/03/2013 16:35;2;CO;28;900034; ; ;1;1;0;0;0;0;0;0;0;0;0;0;0;0;0;0;0;3771;INAJAR DE SOUZA, AV;;;50;LIMAO;2;0
D031300975;13019;ESCOLA POLITECNICA, AV;;;1600;;03/03/2013 16:50;2;QM;93;1478; ; ;0;1;0;0;0;0;0;0;0;0;0;0;0;0;0;0;0;13019;ESCOLA POLITECNICA, AV;;;40;JAGUARE;1;0
D031300762;65618;ADAO COSTA MENDES, RUA;;;100;;03/03/2013 17:20;2;CO;37;1747; ; ;1;1;0;0;0;0;0;0;0;0;0;0;0;0;0;0;0;65618;ADAO COSTA MENDES, RUA;;;29;FREGUESIA DO O;2;0
D031300153;16222;PIEDADE, RUA;15584;PASSOS, AV PREF;0;;03/03/2013 17:30;2;CO;6;1587; ; ;1;0;0;0;0;0;0;0;0;0;0;1;0;0;0;0;0;15584;PASSOS, AV PREF;16222;PIEDADE, RUA;  ;;1;0
D031301879;43777;CARVALHO PINTO, AV GOV;13881;MIGUEL, AV S;0;;03/03/2013 17:30;4;AT;24;2418; ; ;0;1;0;0;0;0;0;0;0;0;0;0;0;0;0;0;0;13881;MIGUEL, AV S;43777;CARVALHO PINTO, AV GOV;60;PENHA;1;0
D031300407;31674;HUGO BEOLCHI, AV DR;;;754;;03/03/2013 18:00;2;CO;35;2854; ; ;1;1;0;0;0;0;0;0;0;0;0;0;0;0;0;0;0;31674;HUGO BEOLCHI, AV DR;;;42;JARDIM ANGELA;1;0
D031300044;12383;LUZ, PCA DA;;;131;;03/03/2013 18:20;2;CO;2;1261; ; ;1;0;0;0;1;0;0;0;0;0;0;0;0;0;0;0;0;12383;LUZ, PCA DA;;;5;ARTUR ALVIM;1;0
D031301149;18151;SEZEFREDO FAGUNDES, AV CEL;;;15639;;03/03/2013 18:30;2;CO;20;900019; ; ;2;0;0;0;0;0;0;0;0;0;0;0;0;0;0;0;0;18151;SEZEFREDO FAGUNDES, AV CEL;;;22;CIDADE ADEMAR;4;0
D031301969;14917;OLAVO EGIDIO DE SOUZA ARANHA, AV;;;235;;03/03/2013 18:40;2;CO;62;2293; ; ;2;0;0;0;0;0;0;0;0;0;0;0;0;0;0;0;0;14917;OLAVO EGIDIO DE SOUZA ARANHA, AV;;;49;LIBERDADE;1;0
D031301932;45816;EUGENIO GRIECO, RUA;;;89;;03/03/2013 18:45;2;CL;50;2657; ; ;1;1;0;0;0;0;0;0;0;0;0;0;0;0;0;0;0;45816;EUGENIO GRIECO, RUA;;;35;ITAIM PAULISTA;2;0
D031301296;8320;GUAPIRA, AV;;;1150;;03/03/2013 19:05;4;AT;73;2256; ; ;0;0;0;0;0;0;0;0;0;0;0;0;0;0;0;1;0;8320;GUAPIRA, AV;;;38;JACANA;1;0
D031301440;34122;MELO FREIRE, RUA;;;5000;;03/03/2013 19:08;2;CT;30;1178; ; ;1;1;0;0;0;0;0;0;0;0;0;0;0;0;0;0;0;34122;MELO FREIRE, RUA;;;27;CURSINO;1;0
D031302225;68285;FORTALEZA DE PARANAGUA, RUA;;;10;;03/03/2013 19:30;2;CO;55;984; ; ;2;0;0;0;0;0;0;0;0;0;0;0;0;0;0;0;0;68285;FORTALEZA DE PARANAGUA, RUA;;;55;MORUMBI;3;0
D031301851;8368;GUARAPIRANGA, AV;;;752;;03/03/2013 19:30;2;CT;102;2429; ; ;1;2;0;0;0;0;0;0;0;0;0;0;0;0;0;0;0;8368;GUARAPIRANGA, AV;;;45;JARDIM SAO LUIS;2;0
D031301628;36031;COLONIA, ES DA;;;3000;;03/03/2013 19:34;2;CO;25;1532; ; ;1;1;0;0;0;0;0;0;0;0;0;0;0;0;0;0;0;36031;COLONIA, ES DA;;;76;SAO MIGUEL;1;0
D031300461;15239;OURIVES, AV DOS;;;600;;03/03/2013 19:41;4;AT;83;1888; ; ;1;0;0;0;0;0;0;0;0;0;0;0;0;0;0;0;0;15239;OURIVES, AV DOS;;;21;CASA VERDE;1;0
D031301412;1702;ANTONIO ESTEVAO DE CARVALHO, AV;;;0;NADA CONSTA ;03/03/2013 19:46;2;CO;21;2433; ; ;3;0;0;0;0;0;0;0;0;0;0;0;0;0;0;0;0;1702;ANTONIO ESTEVAO DE CARVALHO, AV;;;93;VILA MATILDE;1;0
D031300408;66;ABRAAO DE MORAIS, AV PROF;13915;MIGUEL ESTEFANO, AV;0;;03/03/2013 20:16;2;CO;35;2831; ; ;1;1;0;0;0;0;0;0;0;0;0;0;0;0;0;0;0;66;ABRAAO DE MORAIS, AV PROF;7019;FRANCISCO TAPAJOS, RUA;79;SAUDE;2;0
D031302373;10988;JOSE GRAVONSKY, RUA DR;;;0;PROXIMO  - JD ROBRU;03/03/2013 20:30;2;CH;22;1528; ; ;0;2;0;0;0;0;0;0;0;0;0;0;0;0;0;0;0;10988;JOSE GRAVONSKY, RUA DR;;;47;LAJEADO;0;1
D031302209;99007;MANUEL DE OLIVEIRA RAMOS, RUA;;;1326;;03/03/2013 20:33;4;AT;54;3033; ; ;1;0;0;0;0;0;0;0;0;0;0;0;0;0;0;0;0;99007;MANUEL DE OLIVEIRA RAMOS, RUA;;;25;CIDADE TIRADENT;1;0
D031300409;18464;JORGE DUPRAT FIGUEIREDO, RUA;;;148;;03/03/2013 20:40;2;CH;35;2863; ; ;1;1;0;0;0;0;0;0;0;0;0;0;0;0;0;0;0;18464;JORGE DUPRAT FIGUEIREDO, RUA;;;  ;;1;0
D031300389;18464;JORGE DUPRAT FIGUEIREDO, RUA;;;304;;03/03/2013 20:50;2;SI;35;1939; ; ;0;0;0;0;0;0;0;0;0;0;0;0;0;0;0;2;0;18464;JORGE DUPRAT FIGUEIREDO, RUA;;;  ;;1;0
D031300316;18172;SILVA BUENO, RUA;15609;PATRIOTAS, RUA DOS;0;;03/03/2013 21:13;2;CO;17;2862; ; ;2;0;0;0;0;0;0;0;0;0;0;0;0;0;0;0;0;15609;PATRIOTAS, RUA DOS;18172;SILVA BUENO, RUA;33;IPIRANGA;2;0
D031302096;17135;RIO DAS PEDRAS, AV;;;1458;;03/03/2013 21:25;2;CH;41;2188; ; ;3;0;0;0;0;0;0;0;0;0;0;0;0;0;0;0;0;17135;RIO DAS PEDRAS, AV;;;27;CURSINO;3;0
D031301652;72581;EUNICE BECHARA DE OLIVEIRA, RUA PROFA;;;490;;03/03/2013 21:30;4;AT;47;511; ; ;1;0;0;0;0;0;0;0;0;0;0;0;0;0;0;0;0;72581;EUNICE BECHARA DE OLIVEIRA, RUA PROFA;;;29;FREGUESIA DO O;3;0
D031302282;17824;SAPOPEMBA, AV;18026;SERGIO, RUA S;0;;03/03/2013 21:30;4;AT;69;2191; ; ;0;1;0;0;0;0;0;0;0;0;0;0;0;0;0;0;0;17824;SAPOPEMBA, AV;18026;SERGIO, RUA S;  ;;2;0
D031302263;65562;ANTONIO LOMBARDO, RUA;;;231;;03/03/2013 21:41;2;CH;66;1424; ; ;1;0;0;0;0;0;0;0;0;0;0;0;0;0;0;0;0;65562;ANTONIO LOMBARDO, RUA;;;38;JACANA;1;0
D031301425;17824;SAPOPEMBA, AV;11709;ATALAIA VELHA, RUA;0;;03/03/2013 21:45;2;CT;29;1358; ; ;1;1;0;0;0;0;0;0;0;0;0;0;0;0;0;0;0;11709;ATALAIA VELHA, RUA;17824;SAPOPEMBA, AV;1;AGUA RASA;1;0
D031300410;449;ALBA, RUA;1103;AMERICO MORETTI, RUA TTE;0;;03/03/2013 22:00;4;AT;35;2868; ; ;0;1;0;0;0;0;0;0;0;0;0;0;0;0;0;0;0;449;ALBA, RUA;1103;AMERICO MORETTI, RUA TTE;37;JABAQUARA;2;0
D031302219;99861;CACHOEIRA DO CAMPO GRANDE, RUA;;;370;;03/03/2013 22:00;2;QM;54;900034; ; ;0;1;0;0;0;0;0;0;0;0;0;0;0;0;0;0;0;99861;CACHOEIRA DO CAMPO GRANDE, RUA;;;25;CIDADE TIRADENT;1;0
D031302234;98939;MIGUEL MOTOKI OGUSHI, AV;;;0;PROXIMO  - AV ADELIA ;03/03/2013 22:07;2;CO;55;3029; ; ;1;1;0;0;0;0;0;0;0;0;0;0;0;0;0;0;0;98939;MIGUEL MOTOKI OGUSHI, AV;;;77;SAO RAFAEL;1;0
D031302322;6238;NACOES UNIDAS, AV DAS;;;16421;;03/03/2013 22:15;2;CL;11;2428;R; ;1;1;0;0;0;0;0;0;0;0;0;0;0;0;0;0;0;13014;MARGINAL DO RIO PINHEIROS, AV;;;90;VILA LEOPOLDINA;0;1
D031302383;12403;M'BOI MIRIM, ES;;;5203;;03/03/2013 23:00;2;QM;47;2780; ; ;0;1;0;0;0;0;0;0;0;0;0;0;0;0;0;0;0;12403;M'BOI MIRIM, ES;;;42;JARDIM ANGELA;0;1
D031300646;18519;SUMARE, AV;;;196;;03/03/2013 23:30;2;CH;23;1487; ; ;1;0;0;0;0;0;0;0;0;0;0;1;0;0;0;0;0;18519;SUMARE, AV;;;61;PERDIZES;1;0
D031302323;31498;ROBERTO MARINHO - ANT AGUA ESP, AV JORN;17064;RIBEIRO DO VALE, RUA;0;;04/03/2013 00:28;2;CL;27;2235; ; ;0;1;1;0;0;0;0;0;0;0;0;0;0;0;0;0;0;17064;RIBEIRO DO VALE, RUA;31498;ROBERTO MARINHO - ANT AGUA ESP, AV JORN;34;ITAIM BIBI;1;1
D031301984;13881;MIGUEL, AV S;;;8530;;04/03/2013 01:00;2;CO;63;1816; ; ;1;1;0;0;0;0;0;0;0;0;0;0;0;0;0;0;0;13881;MIGUEL, AV S;;;65;PONTE RASA;1;0
D031301297;25875;BOCA DA MATA, RUA;;;0;PROXIMO  - R FRANCISC;04/03/2013 02:10;2;CO;73;2266; ; ;1;1;0;0;0;0;0;0;0;0;0;0;0;0;0;0;0;25875;BOCA DA MATA, RUA;;;22;CIDADE ADEMAR;1;0
D031302007;15671;GREGORIO MAFRA, AV PDE;;;435;;04/03/2013 02:22;4;AT;64;2295; ; ;1;0;0;0;0;0;0;0;0;0;0;0;0;0;0;0;0;15671;GREGORIO MAFRA, AV PDE;;;36;ITAQUERA;1;0
D031301362;4723;CELINA, RUA;;;847;;04/03/2013 05:50;2;CO;10;2453; ; ;1;0;0;0;0;0;0;0;0;0;0;1;0;0;0;0;0;4723;CELINA, RUA;;;60;PENHA;1;0
D031300137;42369;AIRTON SENNA DA SILVA, VIA;;;0;NADA CONSTA ;04/03/2013 06:40;2;CL;5;2388; ; ;1;1;0;0;0;0;0;0;0;0;0;0;0;0;0;0;0;42369;AIRTON SENNA DA SILVA, VIA;;;18;CANGAIBA;1;0