id_acidente;codloga;logradouroA;codlogb;logradouroB;alt_num;referencia;data;cod_acid;tipo_acidente;dp;numero_BO;sentido;pista;automovel;moto;onibus;caminhao;bicicleta;moto_taxi;onibus_fretado;onibus_urbano;microonibus;van;vuc;caminhonete;carreta;jipe;outros;sem_informacao;carroca;princ_a;paiA;princ_b;paiB;cod_distrito;distrito;vit_ferida;vit_morta
D031300842;19455;VALENTIM GENTIL, AV;12502;MAGALHAES DE CASTRO, AV;0;;04/03/2013 07:00;2;QM;51;1031; ; ;0;1;0;0;0;0;0;0;0;0;0;0;0;0;0;0;0;12502;MAGALHAES DE CASTRO, AV;19455;VALENTIM GENTIL, AV;12;BUTANTA;1;0
D031300114;12165;LUIS ANTONIO, AV BRIG;;;2154;;04/03/2013 07:25;4;AT;5;1313; ; ;0;0;0;0;0;0;0;1;0;0;0;0;0;0;0;0;0;12165;LUIS ANTONIO, AV BRIG;;;  ;;1;0
D031301005;10622;JOAQUINA RAMALHO, AV;13172;MARIA CANDIDA, RUA;0;;04/03/2013 07:27;2;QM;9;1342; ; ;0;1;0;0;0;0;0;0;0;0;0;0;0;0;0;0;0;10622;JOAQUINA RAMALHO, AV;13172;MARIA CANDIDA, RUA;88;VILA GUILHERME;2;0
D031300108;12165;LUIS ANTONIO, AV BRIG;;;2130;;04/03/2013 07:29;4;AT;5;1183; ; ;0;0;0;0;0;0;0;1;0;0;0;0;0;0;0;0;0;12165;LUIS ANTONIO, AV BRIG;;;  ;;1;0
D031300709;8611;HEITOR DOS PRAZERES, RUA;;;200;;04/03/2013 07:55;2;CO;34;1358; ; ;1;1;0;0;0;0;0;0;0;0;0;0;0;0;0;0;0;8611;HEITOR DOS PRAZERES, RUA;;;96;VILA SONIA;1;0
D031301422;44742;BERNARDINO BRITO FONSECA DE CA, AV;;;1355;;04/03/2013 07:58;4;AT;21;900079; ; ;1;0;0;0;0;0;0;0;0;0;0;0;0;0;0;0;0;44742;BERNARDINO BRITO FONSECA DE CA, AV;;;93;VILA MATILDE;1;0
D031301288;11982;LOPES DA COSTA, RUA;7061;FERNAO DIAS, VIA;0;;04/03/2013 08:00;2;CT;73;744; ; ;2;0;0;0;0;0;0;0;0;0;0;0;0;0;0;0;0;7061;FERNAO DIAS, VIA;11982;LOPES DA COSTA, RUA;38;JACANA;1;0
D031302139;46191;SINHA MOCA, TR;46181;AXE BABA, TR;0;;04/03/2013 08:20;2;CO;49;3049; ; ;2;0;0;0;0;0;0;0;0;0;0;0;0;0;0;0;0;46181;AXE BABA, TR;46191;SINHA MOCA, TR;32;IGUATEMI;1;0
D031300045;5513;CRISTINA TOMAS, RUA;;;0;PROXIMO  - CASTELO  B;04/03/2013 08:30;4;AT;2;1273; ; ;1;0;0;0;0;0;0;0;0;0;0;0;0;0;0;0;0;5513;CRISTINA TOMAS, RUA;;;9;BOM RETIRO;1;0
D031300139;5788;DEMOSTENES BATISTA F. MARQUES, RUA PROF;;;234;;04/03/2013 08:33;2;CT;6;1102;C; ;2;0;0;0;0;0;0;0;0;0;0;0;0;0;0;0;0;5788;DEMOSTENES BATISTA F. MARQUES, RUA PROF;;;14;CAMBUCI;1;0
D031300530;6544;ERMANO MARCHETTI, AV;13605;MARTINELLI, AV COMEN;0;;04/03/2013 08:33;4;AT;7;1676; ; ;0;1;0;0;0;0;0;0;0;0;0;0;0;0;0;0;0;6471;SAO VICENTE, AV MARQ DE;41846;PEDRO CORAZZA, PCA DR;6;BARRA FUNDA;1;0
D031300421;19583;VERGUEIRO, RUA;11293;JULIA, RUA DONA;0;;04/03/2013 08:37;2;CO;36;981; ; ;0;1;0;0;0;0;0;0;0;0;0;0;0;0;0;0;0;11293;JULIA, RUA DONA;19583;VERGUEIRO, RUA;92;VILA MARIANA;1;0
D031300707;18470;PIRAJUSSARA, AV;12602;MANFREDO LEITE, AV MONS;0;;04/03/2013 08:45;2;CO;34;1353; ; ;0;0;0;0;1;0;0;0;2;0;0;0;0;0;0;0;0;12602;MANFREDO LEITE, AV MONS;18470;PIRAJUSSARA, AV;96;VILA SONIA;1;0
D031301043;19903;VALDEMAR MARTINS, RUA;10904;JOSE DE OLIVEIRA, RUA;0;;04/03/2013 08:50;2;CO;13;2294; ; ;1;1;0;0;0;0;0;0;0;0;0;0;0;0;0;0;0;10904;JOSE DE OLIVEIRA, RUA;19903;VALDEMAR MARTINS, RUA;21;CASA VERDE;2;0
D031300600;999;SANTO AMARO, AV;;;204;;04/03/2013 09:00;2;CO;15;1051;B; ;0;2;0;0;0;0;0;1;0;0;0;0;0;0;0;0;0;999;SANTO AMARO, AV;;;34;ITAIM BIBI;1;0
D031300345;20036;ZACARIAS DE GOIS, RUA;4567;CASTRO, RUA VISC DE;0;;04/03/2013 09:10;4;AT;27;2246; ; ;1;0;0;0;0;0;0;0;0;0;0;0;0;0;0;0;0;4567;CASTRO, RUA VISC DE;20036;ZACARIAS DE GOIS, RUA;15;CAMPO BELO;1;0
D031301711;4334;LUCIANO SILVA, RUA;;;338;;04/03/2013 09:39;2;CO;92;508; ; ;1;1;0;0;0;0;0;0;0;0;0;0;0;0;0;0;0;4334;LUCIANO SILVA, RUA;;;45;JARDIM SAO LUIS;1;0
D031300046;1421;ANHAIA, RUA;;;284;;04/03/2013 09:57;4;AT;2;1276; ; ;0;1;0;0;0;0;0;0;0;0;0;0;0;0;0;0;0;1421;ANHAIA, RUA;;;9;BOM RETIRO;1;0
D031300708;7500;FRANCISCO MORATO, AV PROF;;;2068;;04/03/2013 10:00;2;CO;34;1356; ; ;1;1;0;0;0;0;0;0;0;0;0;0;0;0;0;0;0;7500;FRANCISCO MORATO, AV PROF;;;12;BUTANTA;1;0
D031300140;15993;PEDRO SEVERIANO, RUA DR;11794;LEOPOLDO MIGUEZ, RUA;0;;04/03/2013 10:00;2;CO;6;1109; ; ;1;1;0;0;0;0;0;0;0;0;0;0;0;0;0;0;0;11794;LEOPOLDO MIGUEZ, RUA;15993;PEDRO SEVERIANO, RUA DR;14;CAMBUCI;1;0
D031301262;16051;PENHA BRASIL, AV GAL;;;1126;;04/03/2013 10:20;2;CL;72;2058; ; ;1;1;0;0;0;0;0;0;0;0;0;0;0;0;0;0;0;16051;PENHA BRASIL, AV GAL;;;48;LAPA;1;0
D031301006;1711;ANTONIO FERRAZ, RUA CEL;6099;DOZE DE SETEMBRO, RUA;0;;04/03/2013 10:35;2;CO;9;1350; ; ;0;1;0;1;0;0;0;0;0;0;0;0;0;0;0;0;0;1711;ANTONIO FERRAZ, RUA CEL;6099;DOZE DE SETEMBRO, RUA;88;VILA GUILHERME;1;0
D031301004;12457;MACHADOS, RUA DOS;43150;LEONOR F. COSTA ZACHARIAS, RUA;0;;04/03/2013 11:00;2;CO;9;1235;B; ;1;1;0;0;0;0;0;0;0;0;0;0;0;0;0;0;0;12457;MACHADOS, RUA DOS;27166;ANTONIO PATRICIO, RUA;88;VILA GUILHERME;1;0
D031301651;72581;EUNICE BECHARA DE OLIVEIRA, RUA PROFA;;;121;;04/03/2013 11:00;2;CO;47;504; ; ;0;2;0;0;0;0;0;0;0;0;0;0;0;0;0;0;0;72581;EUNICE BECHARA DE OLIVEIRA, RUA PROFA;;;29;FREGUESIA DO O;1;0
D031301271;66114;GONCALO DO ABAETE, RUA S;;;0;NADA CONSTA ;04/03/2013 11:00;2;QD;72;2208; ; ;0;0;0;0;0;0;0;0;1;0;0;0;0;0;0;0;0;66114;GONCALO DO ABAETE, RUA S;;;11;BRASILANDIA;1;0
D031301044;3637;BRAZ LEME, AV;;;1315;;04/03/2013 11:00;2;CT;13;2319; ; ;2;0;0;0;0;0;0;0;0;0;0;0;0;0;0;0;0;3637;BRAZ LEME, AV;;;21;CASA VERDE;1;0
D031301772;14743;SABARA, AV NSRA DO;;;3015;;04/03/2013 11:30;4;AT;99;953; ; ;1;0;0;0;0;0;0;0;0;0;0;0;0;0;0;0;0;14743;SABARA, AV NSRA DO;;;16;CAMPO GRANDE;1;0
D031301328;68422;ALBERTO BURITY, RUA;;;0;NADA CONSTA ;04/03/2013 11:30;4;AT;74;990; ; ;0;0;1;0;0;0;0;0;0;0;0;0;0;0;0;0;0;68422;ALBERTO BURITY, RUA;;;40;JAGUARE;1;0
D031301007;12084;LUCIANO BROINIZZI, RUA;;;50;;04/03/2013 12:00;2;CL;9;1356; ; ;1;0;0;0;0;0;0;0;0;0;0;1;0;0;0;0;0;12084;LUCIANO BROINIZZI, RUA;;;84;TUCURUVI;1;0
D031301570;19035;TOLEDO BARBOSA, RUA;;;59;;04/03/2013 12:00;2;QD;81;2532; ; ;0;0;1;0;0;0;0;0;0;0;0;0;0;0;0;0;0;19035;TOLEDO BARBOSA, RUA;;;10;BRAS;1;0
D031300346;19931;WASHINGTON LUIS, AV;;;5320;;04/03/2013 12:32;2;CT;27;2253; ; ;0;1;0;1;0;0;0;0;0;0;0;0;0;0;0;0;0;19931;WASHINGTON LUIS, AV;;;30;GRAJAU;1;0
D031302067;37271;ADRIANO ALVAREZ, RUA;;;44;;04/03/2013 13:10;2;CO;103;874; ; ;1;1;0;0;0;0;0;0;0;0;0;0;0;0;0;0;0;37271;ADRIANO ALVAREZ, RUA;;;50;LIMAO;1;0
D031300049;6642;ESTADO, AV DO;;;2189;;04/03/2013 13:15;2;CO;2;1369; ; ;2;0;0;0;0;0;0;0;0;0;0;0;0;0;0;0;0;6642;ESTADO, AV DO;;;9;BOM RETIRO;1;0
D031300164;14805;ALBERTO LION, PCA;15967;PEDRO I, AV DOM;0;;04/03/2013 13:20;2;SI;8;1116; ; ;0;1;0;1;0;0;0;0;0;0;0;0;0;0;0;0;0;6642;ESTADO, AV DO;14805;ALBERTO LION, PCA;14;CAMBUCI;1;0
D031300452;13915;MIGUEL ESTEFANO, AV;;;2497;;04/03/2013 13:21;4;AT;83;631;C; ;1;0;0;0;0;0;0;0;0;0;0;0;0;0;0;0;0;13915;MIGUEL ESTEFANO, AV;;;27;CURSINO;1;0
D031301933;10393;JOAO NERY, ES DOM;;;100;;04/03/2013 13:30;2;CO;50;2692; ; ;1;1;0;0;0;0;0;0;0;0;0;0;0;0;0;0;0;10393;JOAO NERY, ES DOM;;;54;MOOCA;1;0
D031300109;15372;PAMPLONA, RUA;;;0;NADA CONSTA ;04/03/2013 13:43;2;CO;5;1197; ; ;0;1;0;0;0;0;0;0;0;0;0;0;0;0;0;1;0;15372;PAMPLONA, RUA;;;17;CAMPO LIMPO;1;0
D031302105;43405;IGUATEMI, ES;;;0;NADA CONSTA ;04/03/2013 14:30;2;CL;44;667; ; ;2;1;0;0;0;0;0;0;0;0;0;0;0;0;0;0;0;43405;IGUATEMI, ES;;;25;CIDADE TIRADENT;1;0
D031301480;7545;FRANCISCO REBELO, RUA;19607;VIANA DO CASTELO, RUA;0;;04/03/2013 14:30;2;CF;42;809; ; ;1;1;0;0;0;0;0;0;0;0;0;0;0;0;0;0;0;7545;FRANCISCO REBELO, RUA;19607;VIANA DO CASTELO, RUA;95;VILA PRUDENTE;1;0
D031300677;33234;MARGINAL DIREITA DO TIETE, AV;;;0;NADA CONSTA ;04/03/2013 14:50;2;CO;33;1989; ; ;1;1;0;0;0;0;0;0;0;0;0;0;0;0;0;0;0;29772;MARGINAL DO RIO TIETE, AV;;;39;JAGUARA;1;0
D031302283;65872;ANTONIO DE FRANCA E SILVA, RUA;;;633;;04/03/2013 15:06;4;AT;69;2216; ; ;0;0;0;1;0;0;0;0;0;0;0;0;0;0;0;0;0;65872;ANTONIO DE FRANCA E SILVA, RUA;;;56;PARELHEIROS;1;0
D031301513;15047;ORFANATO, RUA;;;120;;04/03/2013 15:18;4;AT;56;368; ; ;1;0;0;0;0;0;0;0;0;0;0;0;0;0;0;0;0;15047;ORFANATO, RUA;;;33;IPIRANGA;1;0
D031301222;13767;MAZZEI, AV;2919;BARTOLOMEU DE TORALES, RUA;0;;04/03/2013 15:20;2;CL;39;2304; ; ;1;1;0;0;0;0;0;0;0;0;0;0;0;0;0;0;0;2919;BARTOLOMEU DE TORALES, RUA;13767;MAZZEI, AV;84;TUCURUVI;1;0
D031300553;10387;JOAO MOURA, RUA;16919;REBOUCAS, AV;0;;04/03/2013 15:30;4;AT;14;2056; ; ;1;0;0;0;0;0;0;0;0;0;0;0;0;0;0;0;0;10387;JOAO MOURA, RUA;16919;REBOUCAS, AV;44;JARDIM PAULISTA;1;0
D031300178;543;ALCANTARA MACHADO, AV;;;3000;;04/03/2013 15:30;2;CT;8;1719; ; ;1;1;0;0;0;0;0;0;0;0;0;0;0;0;0;0;0;543;ALCANTARA MACHADO, AV;;;10;BRAS;1;0
D031302235;23033;PAULO NUNES FELIX, RUA;;;65;;04/03/2013 15:30;2;CO;55;3055; ; ;1;1;0;0;0;0;0;0;0;0;0;0;0;0;0;0;0;23033;PAULO NUNES FELIX, RUA;;;  ;;1;0
D031302227;23033;PAULO NUNES FELIX, RUA;;;80;;04/03/2013 15:30;2;CO;55;997; ; ;1;1;0;0;0;0;0;0;0;0;0;0;0;0;0;0;0;23033;PAULO NUNES FELIX, RUA;;;  ;;1;0
D031300547;16919;REBOUCAS, AV;;;2835;;04/03/2013 15:48;2;CO;14;2024; ; ;1;1;0;0;0;0;0;0;0;0;0;0;0;0;0;0;0;16919;REBOUCAS, AV;;;44;JARDIM PAULISTA;1;0
D031302302;24338;LUIZ IGNACIO ANHAIA MELLO, AV PROF;;;9091;;04/03/2013 16:00;2;CO;70;1306; ; ;1;1;0;0;0;0;0;0;0;0;0;0;0;0;0;0;0;24338;LUIZ IGNACIO ANHAIA MELLO, AV PROF;;;26;CONSOLACAO;2;0
D031300898;2294;TOME DE ALMEIDA E OLIVEIRA, RUA;;;668;;04/03/2013 16:00;4;AT;87;1298; ; ;1;0;0;0;0;0;0;0;0;0;0;0;0;0;0;0;0;2294;TOME DE ALMEIDA E OLIVEIRA, RUA;;;64;PIRITUBA;1;0
D031301009;13172;MARIA CANDIDA, RUA;12290;LUIS RAMOS, RUA CAP;0;;04/03/2013 16:00;2;CO;9;1376; ; ;1;1;0;0;0;0;0;0;0;0;0;0;0;0;0;0;0;12290;LUIS RAMOS, RUA CAP;13172;MARIA CANDIDA, RUA;88;VILA GUILHERME;1;0
D031301699;15507;TEOTONIO VILELA, AV SEN;;;8000;;04/03/2013 16:20;2;QM;85;1231; ; ;0;1;0;0;0;0;0;0;0;0;0;0;0;0;0;0;0;15507;TEOTONIO VILELA, AV SEN;;;23;CIDADE DUTRA;2;0
D031301008;4896;CHICO PONTES, RUA;;;1072;;04/03/2013 16:30;2;CO;9;1373; ; ;1;1;0;0;0;0;0;0;0;0;0;0;0;0;0;0;0;4896;CHICO PONTES, RUA;;;88;VILA GUILHERME;1;0
D031300069;4541;CASPER LIBERO, AV;;;465;;04/03/2013 17:30;4;AT;3;1879; ; ;1;0;0;0;0;0;0;0;0;0;0;0;0;0;0;0;0;4541;CASPER LIBERO, AV;;;67;REPUBLICA;1;0
D031300181;543;ALCANTARA MACHADO, AV;;;1873;;04/03/2013 17:35;4;AT;8;1859;C; ;0;0;1;0;0;0;0;0;0;0;0;0;0;0;0;0;0;543;ALCANTARA MACHADO, AV;;;10;BRAS;1;0
D031301260;3771;INAJAR DE SOUZA, AV;;;2500;;04/03/2013 18:30;2;CT;72;1955; ; ;1;1;0;0;0;0;0;0;0;0;0;0;0;0;0;0;0;3771;INAJAR DE SOUZA, AV;;;50;LIMAO;2;0
D031300811;20291;TURISTICA DO JARAGUA, ES;;;616;;04/03/2013 18:41;4;AT;46;1072; ; ;1;0;0;0;0;0;0;0;0;0;0;0;0;0;0;0;0;20291;TURISTICA DO JARAGUA, ES;;;31;GUAIANASES;1;0
D031302081;17135;RIO DAS PEDRAS, AV;;;85;;04/03/2013 19:00;4;AT;41;1215; ; ;0;0;1;0;0;0;0;0;0;0;0;0;0;0;0;0;0;17135;RIO DAS PEDRAS, AV;;;27;CURSINO;1;0
D031300843;17162;RIO PEQUENO, AV DO;;;1710;;04/03/2013 19:00;2;CF;51;1057; ; ;1;1;0;0;0;0;0;0;0;0;0;0;0;0;0;0;0;17162;RIO PEQUENO, AV DO;;;13;CACHOEIRINHA;1;0
D031301852;8368;GUARAPIRANGA, AV;7099;FERREIRA VIANA, RUA;0;;04/03/2013 19:15;2;CO;102;2486; ; ;0;1;0;0;0;0;0;0;0;0;0;1;0;0;0;0;0;7099;FERREIRA VIANA, RUA;8368;GUARAPIRANGA, AV;81;SOCORRO;1;0
D031301338;18594;TAIPAS, ES;;;2100;;04/03/2013 20:00;2;SI;74;1957; ; ;0;1;0;0;1;0;0;0;0;0;0;0;0;0;0;0;0;18594;TAIPAS, ES;;;52;MARSILAC;1;0
D031302284;64774;CANDIDO DA LUZ PAIVA, RUA SOLD;;;120;;04/03/2013 20:40;4;AT;69;2234; ; ;1;0;0;0;0;0;0;0;0;0;0;0;0;0;0;0;0;64774;CANDIDO DA LUZ PAIVA, RUA SOLD;;;56;PARELHEIROS;1;0
D031301739;2758;BALTAZAR DE SA, RUA;;;0;NADA CONSTA ;04/03/2013 22:10;2;CH;92;2838; ; ;0;1;0;0;0;0;0;0;0;0;0;0;0;0;0;0;0;2758;BALTAZAR DE SA, RUA;;;32;IGUATEMI;2;0
D031301489;15032;ORATORIO, AV DO;;;106;;04/03/2013 22:30;2;CO;42;1380; ; ;1;1;0;0;0;0;0;0;0;0;0;0;0;0;0;0;0;15032;ORATORIO, AV DO;;;26;CONSOLACAO;1;0
D031301676;9220;INTERLAGOS, AV;;;1399;;04/03/2013 22:50;4;AT;48;2412; ; ;0;1;0;0;0;0;0;0;0;0;0;0;0;0;0;0;0;9220;INTERLAGOS, AV;;;16;CAMPO GRANDE;1;0
D031300976;9836;JAGUARE, AV;5309;CORIFEU DE AZEVEDO MARQUES, AV;0;;04/03/2013 23:55;2;CO;93;1507; ; ;2;1;0;0;0;0;0;0;0;0;0;0;0;0;0;0;0;5309;CORIFEU DE AZEVEDO MARQUES, AV;9836;JAGUARE, AV;55;MORUMBI;1;0
D031302384;19705;CARDOZO DE MELLO NETO, RUA PROF;;;367;;05/03/2013 00:30;2;CL;98;2413; ; ;0;1;1;0;0;0;0;0;0;0;0;0;0;0;0;0;0;19705;CARDOZO DE MELLO NETO, RUA PROF;;;0;NULL;0;1
D031302366;17820;TITO, AV MAL;;;3650;;05/03/2013 02:00;2;QM;50;2907; ; ;0;1;0;0;0;0;0;0;0;0;0;0;0;0;0;0;0;17820;TITO, AV MAL;;;53;MOEMA;0;1
D031300256;3581;BRASIL, AV;14804;NOVE DE JULHO, AV;0;;05/03/2013 03:08;2;CO;78;1746; ; ;1;1;0;0;0;0;0;0;0;0;0;0;0;0;0;0;0;3581;BRASIL, AV;14804;NOVE DE JULHO, AV;44;JARDIM PAULISTA;1;0
D031300173;6642;ESTADO, AV DO;;;3000;;05/03/2013 04:00;4;AT;8;1627; ; ;0;0;0;1;0;0;0;0;0;0;0;0;0;0;0;0;0;6642;ESTADO, AV DO;;;9;BOM RETIRO;1;0
D031300014;6642;ESTADO, AV DO;;;3000;;05/03/2013 05:00;4;AT;1;1951; ; ;1;0;0;0;0;0;0;0;0;0;0;0;0;0;0;0;0;6642;ESTADO, AV DO;;;9;BOM RETIRO;1;0
D031300758;9529;ITAPECERICA, ES DE;;;4000;;05/03/2013 05:20;2;CL;37;1680; ; ;0;1;1;0;0;0;0;0;0;0;0;0;0;0;0;0;0;9529;ITAPECERICA, ES DE;;;29;FREGUESIA DO O;1;0
D031300812;16838;RAIMUNDO PEREIRA DE MAGAL., AV;36843;CRUZ (PERUS), RUA STA;0;;05/03/2013 06:00;2;CT;46;1085; ; ;2;0;0;0;0;0;0;0;0;0;0;0;0;0;0;0;0;16838;RAIMUNDO PEREIRA DE MAGAL., AV;36843;CRUZ (PERUS), RUA STA;62;PERUS;1;0
D031301234;6450;EMILIO CARLOS, AV DEP;;;1861;;05/03/2013 06:24;2;CO;40;749; ; ;1;1;0;0;0;0;0;0;0;0;0;0;0;0;0;0;0;6450;EMILIO CARLOS, AV DEP;;;50;LIMAO;1;0
D031301515;24338;LUIZ IGNACIO ANHAIA MELLO, AV PROF;22127;GRANDE SAO PAULO, VD;0;;05/03/2013 06:30;2;CO;56;1385; ; ;1;1;0;0;0;0;0;0;0;0;0;0;0;0;0;0;0;22127;GRANDE SAO PAULO, VD;24338;LUIZ IGNACIO ANHAIA MELLO, AV PROF;95;VILA PRUDENTE;1;0
D031302247;2181;ARICANDUVA, AV;;;5400;;05/03/2013 06:40;4;AT;66;1090; ; ;1;0;0;0;0;0;0;0;0;0;0;0;0;0;0;0;0;2181;ARICANDUVA, AV;;;60;PENHA;1;0
D031301481;15032;ORATORIO, AV DO;4055;TIBAU DO SUL, RUA;0;;05/03/2013 07:00;2;CO;42;816;C; ;1;0;0;0;2;0;0;0;0;0;0;0;0;0;0;0;0;7231;BOM JARDIM DE MINAS, RUA;15032;ORATORIO, AV DO;74;SAO LUCAS;2;0
D031301399;1702;ANTONIO ESTEVAO DE CARVALHO, AV;;;0;NADA CONSTA ;05/03/2013 07:13;2;CO;21;715; ; ;1;1;0;0;0;0;0;0;0;0;0;0;0;0;0;0;0;1702;ANTONIO ESTEVAO DE CARVALHO, AV;;;93;VILA MATILDE;1;0
D031301365;36081;ALBERTO BADRA, VD ENG;;;0;NADA CONSTA ;05/03/2013 07:15;2;CO;10;2505; ; ;1;1;0;0;0;0;0;0;0;0;0;0;0;0;0;0;0;36081;ALBERTO BADRA, VD ENG;;;27;CURSINO;2;0
D031301010;6039;DOMINGOS LUIS, PQ;;;553;;05/03/2013 07:20;2;CO;9;1377; ; ;1;1;0;0;0;0;0;0;0;0;0;0;0;0;0;0;0;6039;DOMINGOS LUIS, PQ;;;71;SANTANA;1;0
D031300864;13019;ESCOLA POLITECNICA, AV;;;4200;;05/03/2013 07:30;2;CL;51;1520; ; ;1;1;0;0;0;0;0;0;0;0;0;0;0;0;0;0;0;13019;ESCOLA POLITECNICA, AV;;;40;JAGUARE;1;0
D031300764;75464;SILVIO RIBEIRO ARAGAO, AV;;;2;;05/03/2013 07:30;4;AT;37;1872; ; ;0;1;0;0;0;0;0;0;0;0;0;0;0;0;0;0;0;75464;SILVIO RIBEIRO ARAGAO, AV;;;29;FREGUESIA DO O;1;0
D031300172;543;ALCANTARA MACHADO, AV;10488;JOAO TOBIAS, RUA;0;;05/03/2013 07:39;2;SI;8;1624; ; ;0;1;0;0;0;0;0;0;0;0;0;0;0;0;0;1;0;543;ALCANTARA MACHADO, AV;10488;JOAO TOBIAS, RUA;54;MOOCA;1;0
D031300844;16878;RAPOSO TAVARES, VIA;;;13200;;05/03/2013 07:40;4;AT;51;1060; ; ;1;2;0;0;0;0;0;0;0;0;0;0;0;0;0;0;0;16878;RAPOSO TAVARES, VIA;;;13;CACHOEIRINHA;2;0
D031300047;17507;RUDGE, AV;;;700;;05/03/2013 07:40;4;AT;2;1297; ; ;1;0;0;0;0;0;0;0;0;0;0;0;0;0;0;0;0;17507;RUDGE, AV;;;70;SANTA CECILIA;2;0
D031301364;43777;CARVALHO PINTO, AV GOV;;;26;;05/03/2013 07:40;2;CO;10;2504;C; ;0;1;0;0;0;0;0;0;0;0;0;1;0;0;0;0;0;43777;CARVALHO PINTO, AV GOV;;;41;JARAGUA;1;0
D031300277;5339;CORREIA DE LEMOS, RUA;;;327;;05/03/2013 08:00;2;CO;16;2970; ; ;1;1;0;0;0;0;0;0;0;0;0;0;0;0;0;0;0;5339;CORREIA DE LEMOS, RUA;;;79;SAUDE;1;0
D031301045;4533;CASA VERDE, AV;15250;OURO GROSSO, RUA;0;;05/03/2013 08:05;2;CO;13;2338; ; ;1;1;0;0;0;0;0;0;0;0;0;0;0;0;0;0;0;4533;CASA VERDE, AV;15250;OURO GROSSO, RUA;21;CASA VERDE;1;0
D031300495;6238;NACOES UNIDAS, AV DAS;4249;CARDOSO DE MELO, AV DR;0;;05/03/2013 08:07;2;SI;96;1083; ; ;1;1;0;0;0;0;0;0;0;0;0;0;0;0;0;0;0;4249;CARDOSO DE MELO, AV DR;6238;NACOES UNIDAS, AV DAS;72;SANTO AMARO;2;0
D031302199;98931;ALEXANDRE DAVIDENKO, RUA;;;0;PROXIMO  - TV CACHOEI;05/03/2013 08:28;4;AT;54;1252; ; ;1;0;0;0;0;0;0;0;0;0;0;0;0;0;0;0;0;98931;ALEXANDRE DAVIDENKO, RUA;;;25;CIDADE TIRADENT;1;0
D031300548;18813;TEODORO SAMPAIO, RUA;;;305;;05/03/2013 08:58;4;AT;14;2039; ; ;1;0;0;0;0;0;0;0;0;0;0;0;0;0;0;0;0;18813;TEODORO SAMPAIO, RUA;;;20;CARRAO;1;0
D031301113;9170;INES, AV STA;;;640;;05/03/2013 09:00;2;QM;20;1185; ; ;0;1;0;0;0;0;0;0;0;0;0;0;0;0;0;0;0;9170;INES, AV STA;;;51;MANDAQUI;1;0
D031300878;6670;ESTER SAMARA, RUA;;;222;;05/03/2013 09:00;2;QM;75;778; ; ;0;1;0;0;0;0;0;0;0;0;0;0;0;0;0;0;0;6670;ESTER SAMARA, RUA;;;66;RAPOSO TAVARES;1;0
D031300710;12812;EUGENIO BETTARELLO, RUA;2011;CLOVIS DE OLIVEIRA, RUA DR;0;;05/03/2013 09:11;4;AT;34;1383; ; ;1;0;0;0;0;0;0;0;0;0;0;0;0;0;0;0;0;2011;CLOVIS DE OLIVEIRA, RUA DR;12812;EUGENIO BETTARELLO, RUA;55;MORUMBI;1;0
D031301700;15507;TEOTONIO VILELA, AV SEN;;;7900;;05/03/2013 09:47;2;CL;85;1239; ; ;1;0;0;0;1;0;0;0;0;0;0;0;0;0;0;0;0;15507;TEOTONIO VILELA, AV SEN;;;23;CIDADE DUTRA;1;0
D031300679;1571;ANTONIO AYROSA, RUA;;;545;;05/03/2013 09:47;2;CT;33;2009; ; ;1;1;0;0;0;0;0;0;0;0;0;0;0;0;0;0;0;1571;ANTONIO AYROSA, RUA;;;39;JAGUARA;1;0
D031300549;16919;REBOUCAS, AV;;;1545;;05/03/2013 10:12;2;CL;14;2044;C; ;1;1;0;0;0;0;0;0;0;0;0;0;0;0;0;0;0;16919;REBOUCAS, AV;;;44;JARDIM PAULISTA;1;0
D031300422;19583;VERGUEIRO, RUA;;;2345;;05/03/2013 10:49;4;AT;36;1016; ; ;0;1;0;0;0;0;0;0;0;0;0;0;0;0;0;0;0;19583;VERGUEIRO, RUA;;;33;IPIRANGA;1;0
D031300240;14750;NOTHMANN, AL;;;77;;05/03/2013 10:49;4;AT;77;992; ; ;1;0;0;0;0;0;0;0;0;0;0;0;0;0;0;0;0;14750;NOTHMANN, AL;;;70;SANTA CECILIA;1;0
D031301647;5606;CUPECE, AV;;;4727;;05/03/2013 11:00;2;CO;43;2518; ; ;1;1;0;0;0;0;0;0;0;0;0;0;0;0;0;0;0;5606;CUPECE, AV;;;22;CIDADE ADEMAR;1;0
D031301298;13822;MENDES DA ROCHA, AV;;;2129;;05/03/2013 11:00;2;CT;73;2330; ; ;0;1;0;1;0;0;0;0;0;0;0;0;0;0;0;0;0;13822;MENDES DA ROCHA, AV;;;94;VILA MEDEIROS;1;0
D031301035;17799;SANTOS DUMONT, AV;;;2241;;05/03/2013 11:04;2;CL;13;855; ; ;0;1;0;0;0;0;0;0;0;0;0;1;0;0;0;1;0;17799;SANTOS DUMONT, AV;;;15;CAMPO BELO;1;0
D031301387;8720;HENRY FORD, AV;;;1158;;05/03/2013 11:15;2;CO;18;421; ; ;1;1;0;0;0;0;0;0;0;0;0;0;0;0;0;0;0;8720;HENRY FORD, AV;;;95;VILA PRUDENTE;1;0