id_acidente;codloga;logradouroA;codlogb;logradouroB;alt_num;referencia;data;cod_acid;tipo_acidente;dp;numero_BO;sentido;pista;automovel;moto;onibus;caminhao;bicicleta;moto_taxi;onibus_fretado;onibus_urbano;microonibus;van;vuc;caminhonete;carreta;jipe;outros;sem_informacao;carroca;princ_a;paiA;princ_b;paiB;cod_distrito;distrito;vit_ferida;vit_morta
D031300359;31498;ROBERTO MARINHO - ANT AGUA ESP, AV JORN;20036;ZACARIAS DE GOIS, RUA;0;;12/03/2013 17:40;2;CO;27;2577; ; ;1;1;0;0;0;0;0;0;0;0;0;0;0;0;0;0;0;20036;ZACARIAS DE GOIS, RUA;31498;ROBERTO MARINHO - ANT AGUA ESP, AV JORN;15;CAMPO BELO;1;0
D031300997;34348;MARGINAL ESQUERD RIO PINHEIROS, AV;;;0;NADA CONSTA ;12/03/2013 17:45;2;CO;93;900067; ; ;0;1;0;0;0;0;0;0;0;0;0;1;0;0;0;0;0;13014;MARGINAL DO RIO PINHEIROS, AV;;;40;JAGUARE;1;0
D031300210;4332;CARLOS DE CAMPOS, AV;;;614;;12/03/2013 18:12;4;AT;12;1430; ; ;0;1;0;0;0;0;0;0;0;0;0;0;0;0;0;0;0;4332;CARLOS DE CAMPOS, AV;;;57;PARI;2;0
D031300117;5887;DIOGO, RUA MAJ;;;500;;12/03/2013 18:30;2;CO;5;1398; ; ;1;1;0;0;0;0;0;0;0;0;0;0;0;0;0;0;0;5887;DIOGO, RUA MAJ;;;67;REPUBLICA;1;0
D031300328;99916;MARIA MALUF, CV;;;0;NADA CONSTA ;12/03/2013 18:30;2;CT;26;2724; ; ;0;2;0;0;0;0;0;0;0;0;0;0;0;0;0;0;0;99916;MARIA MALUF, CV;;;27;CURSINO;1;0
D031302304;22002;FREDERICO M. DA COSTA CARVALHO, AV DR;;;513;;12/03/2013 18:39;2;CO;70;1472; ; ;1;1;0;0;0;0;0;0;0;0;0;0;0;0;0;0;0;22002;FREDERICO M. DA COSTA CARVALHO, AV DR;;;56;PARELHEIROS;2;0
D031302269;2181;ARICANDUVA, AV;;;11500;;12/03/2013 18:50;2;CT;66;1627; ; ;2;0;0;2;0;0;0;0;0;0;0;0;0;0;0;0;0;2181;ARICANDUVA, AV;;;60;PENHA;4;0
D031300291;17991;SENA MADUREIRA, RUA;;;219;;12/03/2013 19:00;2;CO;16;3456; ; ;1;1;0;0;0;0;0;0;0;0;0;0;0;0;0;0;0;17991;SENA MADUREIRA, RUA;;;  ;;1;0
D031301658;14305;LUIS DE OLIVEIRA, RUA;;;260;;12/03/2013 19:40;2;CO;47;3210; ; ;0;0;0;0;1;0;0;0;0;0;0;1;0;0;0;0;0;14305;LUIS DE OLIVEIRA, RUA;;;29;FREGUESIA DO O;1;0
D031300897;3429;GUERINO GIOVANI LEARDINI, RUA;15713;PAULO BARRETO, RUA;0;;12/03/2013 19:49;2;CO;87;1288; ; ;1;1;0;0;0;0;0;0;0;0;0;0;0;0;0;0;0;3429;GUERINO GIOVANI LEARDINI, RUA;15713;PAULO BARRETO, RUA;64;PIRITUBA;1;0
D031300441;19583;VERGUEIRO, RUA;;;1649;;12/03/2013 20:05;2;CO;36;2580; ; ;1;1;0;0;0;0;0;0;0;0;0;0;0;0;0;0;0;19583;VERGUEIRO, RUA;;;33;IPIRANGA;1;0
D031301179;9170;INES, AV STA;;;945;;12/03/2013 20:13;2;CF;38;1500; ; ;1;1;0;0;0;0;0;0;0;0;0;0;0;0;0;0;0;9170;INES, AV STA;;;51;MANDAQUI;1;0
D031302098;34100;CICERO CANUTO DE LIMA, AV PAST;;;757;;12/03/2013 20:30;2;CO;41;2542; ; ;1;1;0;0;0;0;0;0;0;0;0;0;0;0;0;0;0;34100;CICERO CANUTO DE LIMA, AV PAST;;;27;CURSINO;2;0
D031300930;13014;MARGINAL DO RIO PINHEIROS, AV;;;14;;12/03/2013 20:30;2;CO;89;2051; ; ;3;0;0;0;0;0;0;0;0;0;0;0;0;0;0;0;0;13014;MARGINAL DO RIO PINHEIROS, AV;;;40;JAGUARE;3;0
D031300531;6544;ERMANO MARCHETTI, AV;;;1300;;12/03/2013 20:41;4;AT;7;1706; ; ;1;0;0;0;0;0;0;0;0;0;0;0;0;0;0;0;0;6544;ERMANO MARCHETTI, AV;;;48;LAPA;1;0
D031300010;7610;FREDERICO ALVARENGA, RUA;18556;TABATINGUERA, RUA;0;;12/03/2013 21:00;2;CO;1;1848;B; ;1;1;0;0;0;0;0;0;0;0;0;0;0;0;0;0;0;7610;FREDERICO ALVARENGA, RUA;18556;TABATINGUERA, RUA;80;SE;1;0
D031300567;18813;TEODORO SAMPAIO, RUA;16017;PEDROSO DE MORAIS, AV;0;;12/03/2013 21:00;2;CO;14;2330; ; ;1;1;0;0;0;0;0;0;0;0;0;0;0;0;0;0;0;16017;PEDROSO DE MORAIS, AV;18813;TEODORO SAMPAIO, RUA;63;PINHEIROS;1;0
D031301917;11294;FONTOURA XAVIER, RUA;;;316;;12/03/2013 21:30;2;CO;32;1831; ; ;2;0;0;0;0;0;0;0;0;0;0;0;0;0;0;0;0;11294;FONTOURA XAVIER, RUA;;;36;ITAQUERA;1;0
D031302203;26565;SOUZA RAMOS, AV;;;74;;12/03/2013 22:00;4;AT;54;1459; ; ;0;1;0;0;0;0;0;0;0;0;0;0;0;0;0;0;0;26565;SOUZA RAMOS, AV;;;50;LIMAO;2;0
D031301026;8466;GUILHERME, AV;4896;CHICO PONTES, RUA;0;;12/03/2013 22:00;4;AT;9;2244; ; ;1;0;0;0;0;0;0;0;0;0;0;0;0;0;0;0;0;4896;CHICO PONTES, RUA;8466;GUILHERME, AV;88;VILA GUILHERME;1;0
D031300987;9836;JAGUARE, AV;;;1300;;12/03/2013 23:00;4;AT;93;1709; ; ;2;0;0;0;0;0;0;0;0;0;0;0;0;0;0;0;0;9836;JAGUARE, AV;;;40;JAGUARE;1;0
D031300289;15914;PEDRO DE TOLEDO, RUA;;;844;;12/03/2013 23:47;2;CH;16;350; ; ;0;0;0;0;0;0;0;1;0;0;0;0;0;0;0;0;0;15914;PEDRO DE TOLEDO, RUA;;;24;CIDADE LIDER;1;0
D031302185;99246;ARICANDUVA, ES;;;5555;;13/03/2013 00:00;2;CT;53;1626; ; ;0;1;1;0;0;0;0;0;0;0;0;0;0;0;0;0;0;99246;ARICANDUVA, ES;;;46;JOSE BONIFACIO;2;0
D031302148;2181;ARICANDUVA, AV;;;7898;;13/03/2013 01:10;2;SI;49;3502; ; ;1;1;0;1;0;0;0;0;0;0;0;0;0;0;0;0;0;2181;ARICANDUVA, AV;;;60;PENHA;1;0
D031301918;17563;SABBADO D'ANGELO, RUA;13161;MARIA BAUMANN MENDONCA, RUA;0;;13/03/2013 01:56;4;AT;32;1837; ; ;1;0;0;0;0;0;0;0;0;0;0;0;0;0;0;0;0;13161;MARIA BAUMANN MENDONCA, RUA;17563;SABBADO D'ANGELO, RUA;36;ITAQUERA;1;0
D031301862;17820;TITO, AV MAL;;;2500;;13/03/2013 05:12;4;AT;22;1485; ; ;1;0;0;0;0;0;0;0;0;0;0;0;0;0;0;0;0;17820;TITO, AV MAL;;;53;MOEMA;1;0
D031301624;36045;MARCILAC, ES ENG;;;0;NADA CONSTA ;13/03/2013 06:40;4;AA;25;814; ; ;0;1;0;0;0;0;0;0;0;0;0;0;0;0;0;0;0;36045;MARCILAC, ES ENG;;;76;SAO MIGUEL;1;0
D031301430;34122;MELO FREIRE, RUA;7488;FRANCISCO MARENGO, RUA;0;;13/03/2013 06:44;4;AT;30;603;C; ;1;0;0;0;0;0;0;0;0;0;0;0;0;0;0;0;0;7488;FRANCISCO MARENGO, RUA;34122;MELO FREIRE, RUA;82;TATUAPE;1;0
D031300990;14685;ASSUNCAO, AV NSRA DA;1597;ANTONIO DE BONIS, RUA;0;;13/03/2013 06:45;4;AT;93;1906; ; ;1;0;0;0;0;0;0;0;0;0;0;0;0;0;0;0;0;1597;ANTONIO DE BONIS, RUA;14685;ASSUNCAO, AV NSRA DA;  ;;1;0
D031301129;351;AGUA FRIA, AV;;;100;;13/03/2013 07:10;2;CO;20;2286; ; ;0;1;1;0;0;0;0;0;0;0;0;0;0;0;0;0;0;351;AGUA FRIA, AV;;;71;SANTANA;1;0
D031301705;15507;TEOTONIO VILELA, AV SEN;;;6360;;13/03/2013 07:30;2;CO;85;1377; ; ;1;1;0;0;0;0;0;0;0;0;0;0;0;0;0;0;0;15507;TEOTONIO VILELA, AV SEN;;;23;CIDADE DUTRA;1;0
D031301353;6371;ELISABETH DE ROBIANO, AV CDSSA;;;3479;;13/03/2013 07:50;2;CT;90;974;C; ;1;1;0;0;0;0;0;0;0;0;0;0;0;0;0;0;0;29772;MARGINAL DO RIO TIETE, AV;;;82;TATUAPE;1;0
D031302404;10100;JOAO, RUA PDE;8031;MICAELA VIEIRA, PCA DONA;0;;13/03/2013 08:00;4;AT;5;1648; ; ;0;0;1;0;0;0;0;0;0;0;0;0;0;0;0;0;0;954;AMADOR BUENO DA VEIGA, AV;10100;JOAO, RUA PDE;  ;;0;1
D031300182;543;ALCANTARA MACHADO, AV;8373;GUARAPUAVA, RUA;0;;13/03/2013 09:10;2;CO;8;1860; ; ;1;1;0;0;0;0;0;0;0;0;0;0;0;0;0;0;0;543;ALCANTARA MACHADO, AV;8373;GUARAPUAVA, RUA;54;MOOCA;1;0
D031300985;34348;MARGINAL ESQUERD RIO PINHEIROS, AV;;;0;PROXIMO  - RAIA DO US;13/03/2013 09:12;2;CO;93;1704; ; ;1;1;0;0;0;0;0;0;0;0;0;0;0;0;0;0;0;13014;MARGINAL DO RIO PINHEIROS, AV;;;40;JAGUARE;2;0
D031301684;20957;HERMENEGILDO MARTINI, RUA;;;208;;13/03/2013 09:15;4;AT;80;879; ; ;0;1;0;0;0;0;0;0;0;0;0;0;0;0;0;0;0;20957;HERMENEGILDO MARTINI, RUA;;;29;FREGUESIA DO O;1;0
D031301844;2483;ATLANTICA ANT. ROBERT KENNEDY, AV;;;3771;;13/03/2013 09:35;4;AT;102;732; ; ;0;1;0;0;0;0;0;0;0;0;0;0;0;0;0;0;0;2483;ATLANTICA ANT. ROBERT KENNEDY, AV;;;23;CIDADE DUTRA;1;0
D031302082;9134;INCONFIDENCIA MINEIRA, AV;16956;REGO BARROS, RUA;0;;13/03/2013 09:50;2;CO;41;1386; ; ;1;1;0;0;0;0;0;0;0;0;0;0;0;0;0;0;0;9134;INCONFIDENCIA MINEIRA, AV;16956;REGO BARROS, RUA;4;ARICANDUVA;1;0
D031302002;8520;GUIRA, RUA;;;228;;13/03/2013 10:15;2;CO;64;2137; ; ;2;0;0;0;0;0;0;0;0;0;0;0;0;0;0;0;0;8520;GUIRA, RUA;;;53;MOEMA;1;0
D031301845;16247;PINEDO, AV DE;;;117;;13/03/2013 10:40;4;AT;102;734; ; ;0;0;0;0;0;0;0;0;0;0;0;1;0;0;0;0;0;16247;PINEDO, AV DE;;;32;IGUATEMI;1;0
D031301273;15425;CANTIDIO SAMPAIO, AV DEP;;;1797;;13/03/2013 10:40;2;CO;72;2239; ; ;0;1;0;0;0;0;0;0;0;0;0;1;0;0;0;0;0;15425;CANTIDIO SAMPAIO, AV DEP;;;41;JARAGUA;1;0
D031300568;16919;REBOUCAS, AV;;;2836;;13/03/2013 10:45;2;CO;14;2340;B; ;0;0;0;0;0;0;0;2;0;0;0;0;0;0;0;0;0;16919;REBOUCAS, AV;;;44;JARDIM PAULISTA;1;0
D031300020;5111;CLOVIS BEVILAQUA, PCA;;;351;;13/03/2013 11:10;2;QD;1;2212; ; ;0;0;0;0;0;0;0;1;0;0;0;0;0;0;0;0;0;5111;CLOVIS BEVILAQUA, PCA;;;80;SE;1;0
D031301327;46568;PAZ, AV NSRA DA;16838;RAIMUNDO PEREIRA DE MAGAL., AV;0;;13/03/2013 11:19;2;CL;74;967; ; ;0;1;1;0;0;0;0;0;0;0;0;0;0;0;0;0;0;16838;RAIMUNDO PEREIRA DE MAGAL., AV;46568;PAZ, AV NSRA DA;41;JARAGUA;1;0
D031301447;7645;FRONTIN, AV CD DE;16251;PINHALZINHO, RUA;0;;13/03/2013 11:30;2;CT;30;1458; ; ;0;2;0;0;0;0;0;0;0;0;0;0;0;0;0;0;0;7645;FRONTIN, AV CD DE;16251;PINHALZINHO, RUA;82;TATUAPE;1;0
D031300434;3274;BERNARDINO DE CAMPOS, AV;15153;OSWALDO CRUZ, PCA;0;;13/03/2013 11:45;2;CF;36;1350; ; ;1;1;0;0;0;0;0;0;0;0;0;0;0;0;0;0;0;15153;OSWALDO CRUZ, PCA;15656;PAULISTA, AV;7;BELA VISTA;1;0
D031301637;67206;JOAO GOMES BATISTA, RUA;1731;ANTONIO GIL, RUA;0;;13/03/2013 11:50;2;CF;43;1011; ; ;2;0;0;0;0;0;0;0;0;0;0;0;0;0;0;0;0;1731;ANTONIO GIL, RUA;67206;JOAO GOMES BATISTA, RUA;22;CIDADE ADEMAR;2;0
D031300349;24507;LINO DE MORAES LEME, AV DR;;;200;;13/03/2013 12:00;4;AT;27;2315; ; ;0;1;0;0;0;0;0;0;0;0;0;0;0;0;0;0;0;24507;LINO DE MORAES LEME, AV DR;;;30;GRAJAU;2;0
D031302254;70344;RANCHO VERDE, RUA;;;346;;13/03/2013 12:10;2;CO;66;1212; ; ;0;1;0;0;1;0;0;0;0;0;0;0;0;0;0;0;0;70344;RANCHO VERDE, RUA;;;49;LIBERDADE;1;0
D031301724;12403;M'BOI MIRIM, ES;;;4080;;13/03/2013 12:15;2;CF;92;1646; ; ;0;1;1;0;0;0;0;0;0;0;0;0;0;0;0;0;0;12403;M'BOI MIRIM, ES;;;42;JARDIM ANGELA;1;0
D031301723;10270;JOAO DIAS, AV;8000;GIOVANNI GRONCHI, AV;0;;13/03/2013 12:15;2;CO;92;1642; ; ;1;1;0;0;0;0;0;0;0;0;0;0;0;0;0;0;0;8000;GIOVANNI GRONCHI, AV;9529;ITAPECERICA, ES DE;85;VILA ANDRADE;1;0
D031301659;74271;JOAO DA CRUZ E SOUSA, RUA;;;260;;13/03/2013 12:20;2;SI;47;3242; ; ;0;2;0;0;0;0;0;0;0;0;0;0;0;0;0;0;0;74271;JOAO DA CRUZ E SOUSA, RUA;;;29;FREGUESIA DO O;1;0
D031300360;24507;LINO DE MORAES LEME, AV DR;;;987;;13/03/2013 12:30;4;AT;27;2600; ; ;0;1;0;0;0;0;0;0;0;0;0;0;0;0;0;0;0;24507;LINO DE MORAES LEME, AV DR;;;30;GRAJAU;2;0
D031300425;271;AFONSO DE FREITAS, RUA;;;125;;13/03/2013 12:30;4;AT;36;1188; ; ;1;0;0;0;0;0;0;0;0;0;0;0;0;0;0;0;0;271;AFONSO DE FREITAS, RUA;;;92;VILA MARIANA;1;0
D031300319;6962;FILIPE CARDOSO, RUA;;;238;;13/03/2013 12:35;2;CO;17;2203; ; ;1;1;0;0;0;0;0;0;0;0;0;0;0;0;0;0;0;6962;FILIPE CARDOSO, RUA;;;27;CURSINO;1;0
D031301592;4053;MARIO LOPES LEAO, AV;;;1050;;13/03/2013 13:00;4;AT;11;2829; ; ;1;0;0;0;0;0;0;0;0;0;0;0;0;0;0;0;0;4053;MARIO LOPES LEAO, AV;;;72;SANTO AMARO;1;0
D031300246;9847;JAGUARIBE, RUA;;;611;;13/03/2013 13:00;4;AT;77;1121; ; ;1;0;0;0;0;0;0;0;0;0;0;0;0;0;0;0;0;9847;JAGUARIBE, RUA;;;70;SANTA CECILIA;1;0
D031302083;17135;RIO DAS PEDRAS, AV;;;1930;;13/03/2013 13:08;4;AT;41;1389; ; ;0;0;0;0;0;0;0;1;0;0;0;0;0;0;0;0;0;17135;RIO DAS PEDRAS, AV;;;27;CURSINO;1;0
D031301493;13239;MARIA EUGENIA, RUA;;;190;;13/03/2013 13:24;4;AT;52;791; ; ;1;0;0;0;0;0;0;0;0;0;0;0;0;0;0;0;0;13239;MARIA EUGENIA, RUA;;;82;TATUAPE;1;0
D031300986;13019;ESCOLA POLITECNICA, AV;;;1260;;13/03/2013 13:30;2;CT;93;1708; ; ;1;0;0;1;0;0;0;0;0;0;0;0;0;0;0;0;0;13019;ESCOLA POLITECNICA, AV;;;40;JAGUARE;2;0
D031300875;19817;VITAL BRASIL, AV;7500;FRANCISCO MORATO, AV PROF;0;;13/03/2013 13:40;4;AT;51;900056; ; ;0;1;0;0;0;0;0;0;0;0;0;0;0;0;0;0;0;7500;FRANCISCO MORATO, AV PROF;10674;JORGE DE LIMA, PCA;12;BUTANTA;2;0
D031301660;17772;SANT'ANNA, AV COMEN;;;847;;13/03/2013 14:15;4;AT;47;3245; ; ;0;1;0;0;0;0;0;0;0;0;0;0;0;0;0;0;0;17772;SANT'ANNA, AV COMEN;;;29;FREGUESIA DO O;1;0
D031301524;20059;ZELINA, AV;;;740;;13/03/2013 14:15;4;AT;56;1586; ; ;0;1;0;0;0;0;0;0;0;0;0;0;0;0;0;0;0;20059;ZELINA, AV;;;26;CONSOLACAO;1;0
D031302412;18464;JORGE DUPRAT FIGUEIREDO, RUA;;;304;;13/03/2013 14:15;4;AT;36;1341; ; ;0;1;0;0;0;0;0;0;0;0;0;0;0;0;0;0;0;18464;JORGE DUPRAT FIGUEIREDO, RUA;;;  ;;0;1
D031301846;17110;RIO BONITO, AV DO;;;3000;;13/03/2013 14:15;2;CO;102;739; ; ;0;1;0;0;0;0;0;0;0;0;0;1;0;0;0;0;0;17110;RIO BONITO, AV DO;;;32;IGUATEMI;1;0
D031301448;6932;FEIJO, AV REG;;;1500;;13/03/2013 14:30;2;CL;30;1461; ; ;1;1;0;0;0;0;0;0;0;0;0;0;0;0;0;0;0;6932;FEIJO, AV REG;;;1;AGUA RASA;1;0
D031302367;18826;BENTO GUELFI, AV;;;2471;;13/03/2013 15:00;2;CO;49;785;B; ;0;1;1;0;0;0;0;0;0;0;0;0;0;0;0;0;0;18826;BENTO GUELFI, AV;;;55;MORUMBI;1;1
D031300016;19543;VENCESLAU BRAS, RUA;;;54;;13/03/2013 15:05;4;AT;1;2092; ; ;0;0;0;0;0;0;0;0;0;0;0;1;0;0;0;0;0;19543;VENCESLAU BRAS, RUA;;;1;AGUA RASA;1;0
D031301562;6371;ELISABETH DE ROBIANO, AV CDSSA;;;1000;;13/03/2013 15:09;2;CT;81;756; ; ;0;1;0;1;0;0;0;0;0;0;0;0;0;0;0;0;0;29772;MARGINAL DO RIO TIETE, AV;;;82;TATUAPE;1;0
D031302389;61669;ITAPAIUNA, RUA;;;0;PROXIMO  - R PARAISOP;13/03/2013 15:30;2;CL;92;1650;B; ;1;1;0;0;0;0;0;0;0;0;0;0;0;0;0;0;0;61669;ITAPAIUNA, RUA;;;29;FREGUESIA DO O;0;1
D031300749;14267;MORUMBI, AV;10268;JOAO DI PIETRO, RUA;0;;13/03/2013 16:00;2;CO;34;2066; ; ;1;1;0;0;0;0;0;0;0;0;0;0;0;0;0;0;0;504;ALBERTO PENTEADO, AV DR;14267;MORUMBI, AV;55;MORUMBI;1;0
D031300577;6342;ELISA DE MORAES MENDES, RUA DONA;;;0;NADA CONSTA ;13/03/2013 16:30;2;CO;14;2527; ; ;2;1;0;0;0;0;0;0;0;0;0;0;0;0;0;0;0;6342;ELISA DE MORAES MENDES, RUA DONA;;;2;ALTO DE PINHEIR;1;0
D031300569;16919;REBOUCAS, AV;;;2538;;13/03/2013 16:30;4;AT;14;2361; ; ;0;1;0;0;0;0;0;0;0;0;0;0;0;0;0;0;0;16919;REBOUCAS, AV;;;44;JARDIM PAULISTA;2;0
D031300920;13014;MARGINAL DO RIO PINHEIROS, AV;;;11;;13/03/2013 16:40;2;CO;89;1610; ; ;1;1;0;0;0;0;0;0;0;0;0;0;0;0;0;0;0;13014;MARGINAL DO RIO PINHEIROS, AV;;;40;JAGUARE;1;0
D031300636;9548;ITAPICURU, RUA;8044;GODOI, RUA MIN;0;;13/03/2013 16:41;2;CO;23;1385; ; ;1;1;0;0;0;0;0;0;0;0;0;0;0;0;0;0;0;8044;GODOI, RUA MIN;9548;ITAPICURU, RUA;61;PERDIZES;1;0
D031301306;16305;ANTONELO DA MESSINA, AV;;;1211;;13/03/2013 16:48;4;AT;73;2617; ; ;1;0;0;0;0;0;0;0;0;0;0;0;0;0;0;0;0;16305;ANTONELO DA MESSINA, AV;;;83;TREMEMBE;1;0
D031302077;37209;NAGIB FARAH MALUF, AV;10152;JOAO BATISTA CONTI, AV PROF;0;;13/03/2013 18:20;2;CO;103;1850; ; ;1;1;0;0;0;0;0;0;0;0;0;0;0;0;0;0;0;10152;JOAO BATISTA CONTI, AV PROF;37209;NAGIB FARAH MALUF, AV;46;JOSE BONIFACIO;1;0
D031300380;8944;IBIRAPUERA, AV;9062;IMARES, AV DOS;0;;13/03/2013 18:27;4;AT;27;3175; ; ;0;1;0;0;0;0;0;0;0;0;0;0;0;0;0;0;0;8944;IBIRAPUERA, AV;22176;JOAO CASTALDI OU DOS EUCALIPTO, AV;53;MOEMA;1;0
D031300465;5618;CURSINO, AV DO;;;3281;;13/03/2013 18:30;2;CO;83;2471; ; ;1;1;0;0;0;0;0;0;0;0;0;0;0;0;0;0;0;5618;CURSINO, AV DO;;;27;CURSINO;1;0
D031302315;17824;SAPOPEMBA, AV;;;7685;;13/03/2013 19:05;2;CO;70;2572; ; ;1;1;0;0;0;0;0;0;0;0;0;0;0;0;0;0;0;17824;SAPOPEMBA, AV;;;33;IPIRANGA;2;0
D031300361;999;SANTO AMARO, AV;;;3500;;13/03/2013 19:10;2;CO;27;2620; ; ;1;1;0;0;0;0;0;1;0;0;0;0;0;0;0;0;0;999;SANTO AMARO, AV;;;34;ITAIM BIBI;2;0
D031300276;9715;JABAQUARA, AV;5754;DECIO, RUA;0;;13/03/2013 19:15;4;AT;16;2301; ; ;1;0;0;0;0;0;0;0;0;0;0;0;0;0;0;0;0;9715;JABAQUARA, AV;13915;MIGUEL ESTEFANO, AV;79;SAUDE;1;0
D031300637;15270;PACAEMBU, AV;;;1682;;13/03/2013 20:45;4;AT;23;1390; ; ;1;0;0;0;0;0;0;0;0;0;0;0;0;0;0;0;0;15270;PACAEMBU, AV;;;19;CAPAO REDONDO;1;0
D031301027;12926;MARCILIO FRANCO, RUA CEL;;;200;;13/03/2013 20:57;4;AT;9;2291; ; ;0;1;0;0;0;0;0;0;0;0;0;0;0;0;0;0;0;12926;MARCILIO FRANCO, RUA CEL;;;88;VILA GUILHERME;1;0
D031301525;14976;OLIVEIRA GOUVEIA, RUA;;;204;;13/03/2013 21:00;2;CO;56;1591; ; ;1;0;0;0;0;0;0;0;0;0;0;1;0;0;0;0;0;14976;OLIVEIRA GOUVEIA, RUA;;;26;CONSOLACAO;1;0
D031302368;46936;JACU-PESSEGO/NOVA TRABALHADORE, AV;;;5000;;13/03/2013 21:21;4;AT;63;1849; ; ;1;0;0;0;0;0;0;0;0;0;0;0;0;0;0;0;0;46936;JACU-PESSEGO/NOVA TRABALHADORE, AV;;;46;JOSE BONIFACIO;0;1
D031300570;16919;REBOUCAS, AV;;;1164;;13/03/2013 21:40;2;CT;14;2369;B; ;1;1;0;0;0;0;0;0;0;0;0;0;0;0;0;0;0;16919;REBOUCAS, AV;;;44;JARDIM PAULISTA;1;0
D031301335;16838;RAIMUNDO PEREIRA DE MAGAL., AV;;;6900;;13/03/2013 21:50;2;QD;74;1206; ; ;0;0;1;0;0;0;0;0;0;0;0;0;0;0;0;0;0;16838;RAIMUNDO PEREIRA DE MAGAL., AV;;;31;GUAIANASES;1;0
D031300772;9529;ITAPECERICA, ES DE;;;3470;;13/03/2013 22:00;4;AT;37;2075; ; ;1;0;0;0;0;0;0;0;0;0;0;0;0;0;0;0;0;9529;ITAPECERICA, ES DE;;;29;FREGUESIA DO O;1;0
D031301101;14270;MORVAN DIAS DE FIGUEIREDO, AV;;;0;NADA CONSTA ;13/03/2013 22:43;2;CP;19;2295; ; ;1;0;0;0;0;0;0;0;0;0;0;0;0;0;0;0;0;29772;MARGINAL DO RIO TIETE, AV;;;0;NULL;1;0
D031300251;10101;JOAO, AV S;;;248;;13/03/2013 22:50;4;AT;77;1457;B; ;0;1;0;0;0;0;0;0;0;0;0;0;0;0;0;0;0;10101;JOAO, AV S;;;67;REPUBLICA;1;0
D031301339;15425;CANTIDIO SAMPAIO, AV DEP;;;5642;;13/03/2013 23:10;2;CO;74;2260;C; ;1;0;1;0;0;0;0;0;0;0;0;0;0;0;0;0;0;15425;CANTIDIO SAMPAIO, AV DEP;;;41;JARAGUA;3;0
D031301600;11063;JOSE MARIA, AV PDE;;;600;;14/03/2013 01:06;2;CO;11;3135; ; ;0;0;2;0;0;0;0;0;0;0;0;0;0;0;0;0;0;11063;JOSE MARIA, AV PDE;;;72;SANTO AMARO;1;0
D031301250;15791;ORLANDO GARCIA DA SILVEIRA, AV PDE;;;446;;14/03/2013 01:10;2;SI;45;2255; ; ;1;1;0;0;0;0;0;0;0;0;0;0;0;0;0;0;0;15791;ORLANDO GARCIA DA SILVEIRA, AV PDE;;;40;JAGUARE;1;0
D031301888;13881;MIGUEL, AV S;;;3428;;14/03/2013 01:40;2;CH;24;2650; ; ;1;0;0;0;0;0;0;0;0;0;0;0;0;0;0;0;0;13881;MIGUEL, AV S;;;65;PONTE RASA;1;0
D031301190;13374;MARIANA CALIGIORI RONCHETTI, AV;13148;MARIA ANTONIA MARTINS, AV;0;;14/03/2013 01:40;2;CO;38;2259; ; ;1;0;0;0;0;0;0;1;0;0;0;0;0;0;0;0;0;13148;MARIA ANTONIA MARTINS, AV;13374;MARIANA CALIGIORI RONCHETTI, AV;13;CACHOEIRINHA;1;0
D031302214;13608;CACHOEIRA DA BOA ESPERAN€A, RUA;;;0;PROXIMO  - EST MANUEL;14/03/2013 02:17;2;QM;54;3552; ; ;0;1;0;0;0;0;0;0;0;0;0;0;0;0;0;0;0;13608;CACHOEIRA DA BOA ESPERAN€A, RUA;;;25;CIDADE TIRADENT;1;0
D031301221;15630;AGUAS DE SAO PEDRO, AV;19114;TRAMWAY, RUA DO;0;;14/03/2013 04:10;2;QM;39;2297; ; ;0;1;0;0;0;0;0;0;0;0;0;0;0;0;0;0;0;15630;AGUAS DE SAO PEDRO, AV;18918;TOME PORTES, RUA;83;TREMEMBE;1;0
D031301130;10945;JOSE ERMIRIO DE MORAES, AV SEN;;;2005;;14/03/2013 05:30;2;CO;20;2402; ; ;2;0;0;0;0;0;0;0;0;0;0;0;0;0;0;0;0;10945;JOSE ERMIRIO DE MORAES, AV SEN;;;83;TREMEMBE;1;0
D031301661;75460;WILHELM FRIEDRICH LADWIG, AV;;;38;;14/03/2013 05:37;4;AT;47;3258; ; ;1;0;0;0;0;0;0;0;0;0;0;0;0;0;0;0;0;75460;WILHELM FRIEDRICH LADWIG, AV;;;29;FREGUESIA DO O;1;0
D031302407;6371;ELISABETH DE ROBIANO, AV CDSSA;;;750;;14/03/2013 07:00;2;CH;81;762; ; ;1;0;0;1;0;0;0;0;0;0;0;0;0;0;0;0;0;29772;MARGINAL DO RIO TIETE, AV;;;82;TATUAPE;1;1
D031300395;4596;CATARINA, AV STA;;;1531;;14/03/2013 07:10;2;CO;35;231; ; ;1;1;0;0;0;0;0;0;0;0;0;0;0;0;0;0;0;4596;CATARINA, AV STA;;;37;JABAQUARA;1;0