id_acidente;codloga;logradouroA;codlogb;logradouroB;alt_num;referencia;data;cod_acid;tipo_acidente;dp;numero_BO;sentido;pista;automovel;moto;onibus;caminhao;bicicleta;moto_taxi;onibus_fretado;onibus_urbano;microonibus;van;vuc;caminhonete;carreta;jipe;outros;sem_informacao;carroca;princ_a;paiA;princ_b;paiB;cod_distrito;distrito;vit_ferida;vit_morta
D031300615;14804;NOVE DE JULHO, AV;8225;GROENLANDIA, RUA;0;;14/03/2013 07:10;2;CL;15;2002; ; ;1;1;0;0;0;0;0;0;0;0;0;0;0;0;0;0;0;8225;GROENLANDIA, RUA;14804;NOVE DE JULHO, AV;44;JARDIM PAULISTA;1;0
D031300211;10177;JOAO BOEMER, RUA;;;917;;14/03/2013 07:15;2;QM;12;1461; ; ;0;1;1;0;0;0;0;0;0;0;0;0;0;0;0;0;0;10177;JOAO BOEMER, RUA;;;8;BELEM;1;0
D031302255;2181;ARICANDUVA, AV;;;9291;;14/03/2013 07:30;2;CO;66;1221; ; ;1;1;0;0;0;0;0;0;0;0;0;0;0;0;0;0;0;2181;ARICANDUVA, AV;;;60;PENHA;1;0
D031301550;16594;PRETORIA, RUA;10555;JOAQUIM FIGUEIRA, RUA;0;;14/03/2013 07:30;2;CO;58;611; ; ;1;1;0;0;0;0;0;0;0;0;0;0;0;0;0;0;0;10555;JOAQUIM FIGUEIRA, RUA;16594;PRETORIA, RUA;87;VILA FORMOSA;1;0
D031302032;12156;LUIZ AYRES, RUA DR;;;1500;;14/03/2013 07:40;2;CT;65;869;C; ;0;2;0;0;0;0;0;0;0;0;0;0;0;0;0;0;0;12156;LUIZ AYRES, RUA DR;;;5;ARTUR ALVIM;1;0
D031301207;16657;NATALINO RIGHETO, RUA DR;;;44;;14/03/2013 07:45;2;CO;39;1223; ; ;1;0;0;0;1;0;0;0;0;0;0;0;0;0;0;0;0;16657;NATALINO RIGHETO, RUA DR;;;22;CIDADE ADEMAR;1;0
D031302345;26500;VICENTE RAO, AV PROF.;;;1277;;14/03/2013 07:52;2;CL;14;2398; ; ;1;1;1;0;0;0;0;0;0;0;0;0;0;0;0;0;0;26500;VICENTE RAO, AV PROF.;;;  ;;1;1
D031302149;9044;RAGUEB CHOHFI, AV;;;5000;;14/03/2013 08:00;2;CL;49;3560; ; ;1;0;0;2;0;0;0;0;0;0;0;0;0;0;0;0;0;9044;RAGUEB CHOHFI, AV;;;32;IGUATEMI;2;0
D031301354;14524;NEVIO BARACHO DOS SANTOS, AL SSARG;;;380;;14/03/2013 08:00;2;CF;90;996; ; ;0;1;0;0;0;0;0;0;0;0;0;1;0;0;0;0;0;14524;NEVIO BARACHO DOS SANTOS, AL SSARG;;;91;VILA MARIA;1;0
D031300290;4630;CATULO DA PAIXAO CEARENSE, RUA;;;318;;14/03/2013 08:05;2;CO;16;3422; ; ;5;0;0;1;0;0;0;0;0;0;0;0;0;0;0;0;0;4630;CATULO DA PAIXAO CEARENSE, RUA;;;79;SAUDE;1;0
D031300052;18993;TIRADENTES, AV;;;307;;14/03/2013 08:30;2;CO;2;1466;C; ;1;1;0;0;0;0;0;0;0;0;0;0;0;0;0;0;0;18993;TIRADENTES, AV;;;9;BOM RETIRO;1;0
D031300734;7500;FRANCISCO MORATO, AV PROF;;;4818;;14/03/2013 09:00;2;QM;34;1788; ; ;0;1;0;0;0;0;0;0;0;0;0;0;0;0;0;0;0;7500;FRANCISCO MORATO, AV PROF;;;12;BUTANTA;1;0
D031301674;15507;TEOTONIO VILELA, AV SEN;9913;JANGADEIRO, AV DO;0;;14/03/2013 09:09;2;CO;48;991;B; ;1;1;0;0;0;0;0;0;0;0;0;0;0;0;0;0;0;9913;JANGADEIRO, AV DO;15507;TEOTONIO VILELA, AV SEN;23;CIDADE DUTRA;1;0
D031301390;15304;PAES DE BARROS, AV;;;1491;;14/03/2013 09:35;2;CO;18;481; ; ;1;0;1;0;0;0;0;0;0;0;0;0;0;0;0;0;0;15304;PAES DE BARROS, AV;;;16;CAMPO GRANDE;2;0
D031300605;12336;LUISA JULIA, RUA DONA;;;47;;14/03/2013 10:25;2;CO;15;1279; ; ;1;1;0;0;0;0;0;0;0;0;0;0;0;0;0;0;0;12336;LUISA JULIA, RUA DONA;;;34;ITAIM BIBI;1;0
D031302004;9806;PIRES DO RIO, AV;23903;MUNGUBEIRA, RUA;0;;14/03/2013 10:35;2;CO;64;2180; ; ;1;1;0;0;0;0;0;0;0;0;0;0;0;0;0;0;0;9806;PIRES DO RIO, AV;23903;MUNGUBEIRA, RUA;76;SAO MIGUEL;1;0
D031301307;13133;MARIA AMALIA LOPES AZEVEDO, RUA;;;3500;;14/03/2013 11:17;4;AT;73;2640;C; ;0;1;0;0;0;0;0;0;0;0;0;0;0;0;0;0;0;13133;MARIA AMALIA LOPES AZEVEDO, RUA;;;83;TREMEMBE;1;0
D031300212;10485;JOAO TEODORO, RUA;;;240;;14/03/2013 11:30;4;AT;12;1469; ; ;0;0;0;0;0;0;0;0;0;0;0;1;0;0;0;0;0;10485;JOAO TEODORO, RUA;;;10;BRAS;1;0
D031300778;9529;ITAPECERICA, ES DE;;;910;;14/03/2013 11:40;2;SI;37;2199; ; ;1;0;0;0;0;0;0;1;0;0;0;0;0;0;0;0;0;9529;ITAPECERICA, ES DE;;;29;FREGUESIA DO O;1;0
D031301662;503;ALBERTO PAULINO, RUA;;;660;;14/03/2013 12:10;2;CO;47;3280; ; ;1;1;0;0;0;0;0;0;0;0;0;0;0;0;0;0;0;503;ALBERTO PAULINO, RUA;;;29;FREGUESIA DO O;1;0
D031301315;13133;MARIA AMALIA LOPES AZEVEDO, RUA;;;3800;;14/03/2013 12:30;4;AT;73;2800; ; ;0;0;0;0;0;0;0;0;0;0;0;0;0;0;0;1;0;13133;MARIA AMALIA LOPES AZEVEDO, RUA;;;83;TREMEMBE;1;0
D031300638;4248;CARDOSO DE ALMEIDA, RUA;;;599;;14/03/2013 12:55;4;AT;23;1403; ; ;0;0;0;0;0;0;0;0;0;0;0;1;0;0;0;0;0;4248;CARDOSO DE ALMEIDA, RUA;;;61;PERDIZES;1;0
D031301274;72693;HENRY CHARLES POTEL, RUA;;;328;;14/03/2013 13:02;4;AT;72;2272; ; ;0;0;0;0;0;0;0;1;0;0;0;0;0;0;0;0;0;72693;HENRY CHARLES POTEL, RUA;;;40;JAGUARE;1;0
D031300816;27955;FORTUNATA TADIELLO NATUCCI, AV;;;100;;14/03/2013 13:20;2;CO;46;1252; ; ;1;1;0;0;0;0;0;0;0;0;0;0;0;0;0;0;0;27955;FORTUNATA TADIELLO NATUCCI, AV;;;3;ANHANGUERA;1;0
D031302228;17824;SAPOPEMBA, AV;;;28500;;14/03/2013 13:30;2;CO;55;1123; ; ;1;1;0;0;0;0;0;0;0;0;0;0;0;0;0;0;0;17824;SAPOPEMBA, AV;;;33;IPIRANGA;2;0
D031302305;61830;PRIMAVERA DE CAIENA, AV;;;302;;14/03/2013 13:30;4;AT;70;1526; ; ;1;0;0;0;0;0;0;0;0;0;0;0;0;0;0;0;0;61830;PRIMAVERA DE CAIENA, AV;;;56;PARELHEIROS;1;0
D031300183;543;ALCANTARA MACHADO, AV;;;2180;;14/03/2013 13:56;2;QM;8;1888; ; ;0;1;0;0;0;0;0;0;0;0;0;0;0;0;0;0;0;543;ALCANTARA MACHADO, AV;;;10;BRAS;1;0
D031300850;16878;RAPOSO TAVARES, VIA;;;11200;;14/03/2013 14:20;2;CO;51;1229; ; ;0;1;0;0;0;0;0;0;0;0;0;1;0;0;0;0;0;16878;RAPOSO TAVARES, VIA;;;13;CACHOEIRINHA;1;0
D031302369;17824;SAPOPEMBA, AV;;;12797;;14/03/2013 14:21;4;AT;69;2618; ; ;1;0;0;0;0;0;0;0;0;0;0;0;0;0;0;0;0;17824;SAPOPEMBA, AV;;;33;IPIRANGA;0;2
D031301056;9078;IMIRIM, AV;;;1827;;14/03/2013 14:30;2;CO;13;2738; ; ;1;1;0;0;0;0;0;0;0;0;0;0;0;0;0;0;0;9078;IMIRIM, AV;;;71;SANTANA;1;0
D031302005;71265;JOAO CANDIDO DE LIMA, RUA;;;365;;14/03/2013 14:40;2;CO;64;2194; ; ;1;1;0;0;0;0;0;0;0;0;0;0;0;0;0;0;0;71265;JOAO CANDIDO DE LIMA, RUA;;;49;LIBERDADE;2;0
D031300396;2235;ARMANDO DE ARRUDA PEREIRA, AV ENG;19907;VALDOMIRO DE LIMA, AV GAL;0;;14/03/2013 14:54;2;CO;35;2338; ; ;1;0;0;0;0;0;0;0;1;0;0;0;0;0;0;0;0;2235;ARMANDO DE ARRUDA PEREIRA, AV ENG;19907;VALDOMIRO DE LIMA, AV GAL;37;JABAQUARA;1;0
D031301276;14999;OUVIDIO JOSE ANTONIO SANTANA, RUA;;;235;;14/03/2013 15:00;4;AT;72;2368; ; ;1;0;0;0;0;0;0;0;0;0;0;0;0;0;0;0;0;14999;OUVIDIO JOSE ANTONIO SANTANA, RUA;;;40;JAGUARE;1;0
D031301828;3509;BELMIRA MARIN, AV DONA;;;600;;14/03/2013 15:30;2;QD;101;1891; ; ;0;0;0;0;0;0;0;1;0;0;0;0;0;0;0;0;0;3509;BELMIRA MARIN, AV DONA;;;30;GRAJAU;1;0
D031302150;13671;MATEO BEI, AV;;;2763;;14/03/2013 16:09;4;AT;49;3577; ; ;0;1;0;0;0;0;0;0;0;0;0;0;0;0;0;0;0;13671;MATEO BEI, AV;;;75;SAO MATEUS;1;0
D031300127;19764;VINTE E TRES DE MAIO, AV;;;0;NADA CONSTA ;14/03/2013 16:54;2;CO;5;2031; ; ;1;1;0;0;0;0;0;0;0;0;0;0;0;0;0;0;0;19764;VINTE E TRES DE MAIO, AV;;;17;CAMPO LIMPO;1;0
D031301057;3637;BRAZ LEME, AV;22530;VASCO CINQUINI, RUA;0;;14/03/2013 17:00;2;SI;13;2748; ; ;1;1;0;0;0;0;0;0;0;0;0;0;0;0;0;0;0;3637;BRAZ LEME, AV;22530;VASCO CINQUINI, RUA;71;SANTANA;2;0
D031300247;5431;ARTHUR DA COSTA E SILVA, VEL PRES;;;0;SOBRE  - R.TUPI;14/03/2013 17:03;2;CO;77;1148; ; ;1;1;0;0;0;0;0;0;0;0;0;0;0;0;0;0;0;5431;ARTHUR DA COSTA E SILVA, VEL PRES;;;70;SANTA CECILIA;1;0
D031302418;9086;IMPERADOR, RUA DO;;;4208;;14/03/2013 17:30;2;CO;63;2478; ; ;1;1;0;0;0;0;0;0;0;0;0;0;0;0;0;0;0;9086;IMPERADOR, RUA DO;;;  ;;1;1
D031302344;33667;LESTE-OESTE, LIG;;;100;;14/03/2013 17:58;2;CH;1;2125; ; ;0;1;0;0;0;0;0;0;0;0;0;0;0;0;0;0;0;33667;LESTE-OESTE, LIG;;;2;ALTO DE PINHEIR;0;1
D031300064;9276;IPIRANGA, AV;10101;JOAO, AV S;0;;14/03/2013 18:00;2;QM;3;1483; ; ;0;1;0;0;0;0;0;0;0;0;0;0;0;0;0;0;0;9276;IPIRANGA, AV;10101;JOAO, AV S;67;REPUBLICA;1;0
D031300691;21629;ELISIO CORDEIRO DE SIQUEIRA, AV;;;1150;;14/03/2013 18:30;2;QM;33;2348; ; ;0;1;0;0;0;0;0;0;0;0;0;0;0;0;0;0;0;21629;ELISIO CORDEIRO DE SIQUEIRA, AV;;;31;GUAIANASES;1;0
D031300835;27955;FORTUNATA TADIELLO NATUCCI, AV;;;1000;;14/03/2013 18:40;2;SI;46;2346; ; ;0;2;0;0;0;0;0;0;0;0;0;0;0;0;0;0;0;27955;FORTUNATA TADIELLO NATUCCI, AV;;;3;ANHANGUERA;1;0
D031300146;5184;COLONIA DA GLORIA, RUA;16128;PERO CORREIA, RUA;0;;14/03/2013 19:00;2;CO;6;1324; ; ;1;0;0;0;1;0;0;0;0;0;0;0;0;0;0;0;0;5184;COLONIA DA GLORIA, RUA;16128;PERO CORREIA, RUA;92;VILA MARIANA;2;0
D031302316;73512;MANUEL PIMENTEL, AV;;;147;;14/03/2013 19:20;2;SI;70;2606; ; ;0;1;0;0;0;0;0;0;0;0;0;0;0;0;0;0;0;73512;MANUEL PIMENTEL, AV;;;56;PARELHEIROS;1;0
D031301197;44645;DIREITOS HUMANOS, AV;;;10;;14/03/2013 23:00;2;SI;38;2755; ; ;0;1;0;0;0;0;0;0;0;0;0;0;0;0;0;0;0;44645;DIREITOS HUMANOS, AV;;;8;BELEM;1;0
D031300186;543;ALCANTARA MACHADO, AV;;;700;;15/03/2013 01:20;2;CO;8;1947; ; ;0;0;0;0;1;0;0;0;0;0;0;0;0;0;0;1;0;543;ALCANTARA MACHADO, AV;;;10;BRAS;1;0
D031302186;35942;JOHN SPEERS, RUA;;;1050;;15/03/2013 02:30;2;QM;53;1673; ; ;0;1;0;0;0;0;0;0;0;0;0;0;0;0;0;0;0;35942;JOHN SPEERS, RUA;;;51;MANDAQUI;1;0
D031300785;99949;CARLOS CALDEIRA FILHO, AV;;;1400;;15/03/2013 03:00;2;CO;37;2307; ; ;2;0;0;0;0;0;0;0;0;0;0;0;0;0;0;0;0;99949;CARLOS CALDEIRA FILHO, AV;;;19;CAPAO REDONDO;1;0
D031301308;13822;MENDES DA ROCHA, AV;17728;SANATORIO, AV;0;;15/03/2013 03:45;2;CO;73;2670; ; ;1;0;1;0;0;0;0;0;0;0;0;0;0;0;0;0;0;13822;MENDES DA ROCHA, AV;17728;SANATORIO, AV;94;VILA MEDEIROS;1;0
D031300018;4146;CANTAREIRA, RUA DA;3812;CAETANO, RUA S;0;;15/03/2013 03:52;2;CO;1;2130; ; ;2;0;0;0;0;0;0;0;0;0;0;0;0;0;0;0;0;3812;CAETANO, RUA S;4146;CANTAREIRA, RUA DA;9;BOM RETIRO;1;0
D031302346;16838;RAIMUNDO PEREIRA DE MAGAL., AV;;;14975;;15/03/2013 05:00;2;CH;46;1256; ; ;1;0;0;0;0;0;0;0;0;0;0;0;0;0;0;0;0;16838;RAIMUNDO PEREIRA DE MAGAL., AV;;;31;GUAIANASES;0;1
D031301485;24338;LUIZ IGNACIO ANHAIA MELLO, AV PROF;;;4646;;15/03/2013 06:40;2;CH;42;965;C; ;1;0;0;0;1;0;0;0;0;0;0;0;0;0;0;0;0;24338;LUIZ IGNACIO ANHAIA MELLO, AV PROF;;;26;CONSOLACAO;1;0
D031300639;2271;ARNALDO, AV DR;;;1300;;15/03/2013 06:50;2;CO;23;1418; ; ;0;2;0;0;0;0;0;0;0;0;0;0;0;0;0;0;0;2271;ARNALDO, AV DR;;;26;CONSOLACAO;1;0
D031302151;2181;ARICANDUVA, AV;;;12000;;15/03/2013 06:56;2;CO;49;3595; ; ;1;1;0;0;0;0;0;0;0;0;0;1;0;0;0;0;0;2181;ARICANDUVA, AV;;;60;PENHA;1;0
D031302152;13671;MATEO BEI, AV;;;1756;;15/03/2013 06:56;2;QM;49;3599; ; ;0;1;0;0;0;0;0;0;0;0;0;0;0;0;0;0;0;13671;MATEO BEI, AV;;;75;SAO MATEUS;1;0
D031302306;24338;LUIZ IGNACIO ANHAIA MELLO, AV PROF;;;8400;;15/03/2013 07:19;4;AT;70;1532; ; ;0;1;0;0;0;0;0;0;0;0;0;0;0;0;0;0;0;24338;LUIZ IGNACIO ANHAIA MELLO, AV PROF;;;26;CONSOLACAO;1;0
D031301778;6238;NACOES UNIDAS, AV DAS;;;21344;;15/03/2013 07:47;2;CO;99;1166; ; ;0;1;0;1;0;0;0;0;0;0;0;0;0;0;0;0;0;13014;MARGINAL DO RIO PINHEIROS, AV;;;90;VILA LEOPOLDINA;1;0
D031301177;277;AFONSO LOPES VIEIRA, RUA;;;0;NADA CONSTA ;15/03/2013 07:50;2;CH;38;1375; ; ;1;0;0;0;0;0;0;0;0;0;0;0;0;0;0;0;0;277;AFONSO LOPES VIEIRA, RUA;;;13;CACHOEIRINHA;2;0
D031300292;6013;DOMINGOS DE MORAIS, RUA;17991;SENA MADUREIRA, RUA;0;;15/03/2013 07:50;2;QM;16;3460; ; ;0;1;0;0;0;0;0;0;0;0;0;0;0;0;0;0;0;6013;DOMINGOS DE MORAIS, RUA;17991;SENA MADUREIRA, RUA;92;VILA MARIANA;1;0
D031300931;13014;MARGINAL DO RIO PINHEIROS, AV;;;16741;;15/03/2013 08:20;2;CO;89;2110; ; ;0;1;0;0;0;0;0;0;0;0;0;1;0;0;0;0;0;13014;MARGINAL DO RIO PINHEIROS, AV;;;40;JAGUARE;1;0
D031301809;12403;M'BOI MIRIM, ES;;;6392;;15/03/2013 08:20;2;CF;100;1424; ; ;0;2;1;0;0;0;0;0;0;0;0;0;0;0;0;0;0;12403;M'BOI MIRIM, ES;;;42;JARDIM ANGELA;4;0
D031300918;13014;MARGINAL DO RIO PINHEIROS, AV;;;1500;;15/03/2013 08:20;2;CO;89;1492; ; ;1;1;0;0;0;0;0;0;0;0;0;0;0;0;0;0;0;13014;MARGINAL DO RIO PINHEIROS, AV;;;40;JAGUARE;1;0
D031301309;13133;MARIA AMALIA LOPES AZEVEDO, RUA;;;3371;;15/03/2013 08:30;4;AT;73;2677; ; ;0;1;0;0;0;0;0;0;0;0;0;0;0;0;0;0;0;13133;MARIA AMALIA LOPES AZEVEDO, RUA;;;83;TREMEMBE;1;0
D031300640;4561;CASTELO BRANCO, AV PRES;;;0;PROXIMO  - PTE.DO LIM;15/03/2013 08:30;2;CT;23;1427; ; ;1;1;0;0;0;0;0;0;0;0;0;0;0;0;0;0;0;29772;MARGINAL DO RIO TIETE, AV;;;6;BARRA FUNDA;1;0
D031301310;10059;JERONIMO FURTADO, RUA GAL;;;83;;15/03/2013 08:50;2;CL;73;2679; ; ;0;1;0;0;0;0;0;0;0;0;0;1;0;0;0;0;0;10059;JERONIMO FURTADO, RUA GAL;;;38;JACANA;1;0
D031301208;9933;JAPI, RUA;6163;EDE, AV;0;;15/03/2013 09:00;2;CO;39;1257;C; ;1;1;0;0;0;0;0;0;0;0;0;0;0;0;0;0;0;6163;EDE, AV;9933;JAPI, RUA;94;VILA MEDEIROS;1;0
D031300960;19005;TITO, RUA S;;;10735;;15/03/2013 09:10;2;CO;91;1706; ; ;1;1;0;0;0;0;0;0;0;0;0;0;0;0;0;0;0;19005;TITO, RUA S;;;14;CAMBUCI;1;0
D031300851;16878;RAPOSO TAVARES, VIA;;;10200;;15/03/2013 09:40;2;CT;51;1246; ; ;0;1;0;0;0;0;0;0;0;0;0;1;0;0;0;0;0;16878;RAPOSO TAVARES, VIA;;;13;CACHOEIRINHA;1;0
D031300932;8000;GIOVANNI GRONCHI, AV;;;3800;;15/03/2013 09:50;2;CO;89;2112; ; ;2;0;0;0;0;0;0;0;0;0;0;0;0;0;0;0;0;8000;GIOVANNI GRONCHI, AV;;;55;MORUMBI;1;0
D031302084;17135;RIO DAS PEDRAS, AV;;;120;;15/03/2013 10:05;2;SI;41;1438; ; ;1;1;0;0;0;0;0;0;0;0;0;0;0;0;0;0;0;17135;RIO DAS PEDRAS, AV;;;27;CURSINO;1;0
D031302158;22160;SATELITE, AV;;;248;;15/03/2013 10:12;4;AT;49;3817; ; ;0;0;0;1;0;0;0;0;0;0;0;0;0;0;0;0;0;22160;SATELITE, AV;;;55;MORUMBI;1;0
D031301731;35858;GUIDO CALOI, AV;;;0;NADA CONSTA ;15/03/2013 10:25;4;AT;92;1748; ; ;0;0;0;0;0;0;0;0;0;0;0;0;0;0;0;1;0;35858;GUIDO CALOI, AV;;;32;IGUATEMI;1;0
D031300144;14317;MUNIZ DE SOUSA, RUA;;;158;;15/03/2013 10:55;2;CO;6;1311; ; ;1;1;0;0;0;0;0;0;0;0;0;0;0;0;0;0;0;14317;MUNIZ DE SOUSA, RUA;;;12;BUTANTA;1;0
D031300213;6642;ESTADO, AV DO;;;2000;;15/03/2013 11:02;2;CO;12;1499; ; ;1;1;0;0;0;0;0;0;0;0;0;0;0;0;0;0;0;6642;ESTADO, AV DO;;;9;BOM RETIRO;1;0
D031300453;14510;NESTOR ALBERTO DE MACEDO, RUA DR;18221;SILVERIO MAGALHAES, RUA CEL;0;;15/03/2013 11:05;2;CF;83;655; ; ;1;1;0;0;0;0;0;0;0;0;0;0;0;0;0;0;0;14510;NESTOR ALBERTO DE MACEDO, RUA DR;22187;MARIO SETZER, RUA DR;27;CURSINO;1;0
D031301780;6238;NACOES UNIDAS, AV DAS;;;21621;;15/03/2013 11:39;2;CO;99;1174; ; ;2;1;0;0;0;0;0;0;0;0;0;0;0;0;0;0;0;13014;MARGINAL DO RIO PINHEIROS, AV;;;90;VILA LEOPOLDINA;1;0
D031300606;8919;IBIAPINOPOLIS, RUA;4037;CAMPO VERDE, RUA;0;;15/03/2013 11:40;2;CT;15;1309; ; ;1;1;0;0;0;0;0;0;0;0;0;0;0;0;0;0;0;4037;CAMPO VERDE, RUA;8919;IBIAPINOPOLIS, RUA;63;PINHEIROS;1;0
D031300961;16726;QUEIROZ FILHO, AV;;;313;;15/03/2013 12:00;4;AT;91;1764; ; ;0;0;0;0;0;0;0;0;0;0;0;1;0;0;0;0;0;16726;QUEIROZ FILHO, AV;;;14;CAMBUCI;1;0
D031300781;34682;CAMPO LIMPO, ES DO;;;1100;;15/03/2013 12:05;2;SI;37;22238; ; ;0;1;0;0;0;0;0;0;1;0;0;0;0;0;0;0;0;34682;CAMPO LIMPO, ES DO;;;17;CAMPO LIMPO;1;0
D031301156;19091;HEITOR NASCIMENTO, RUA DR;;;322;;15/03/2013 12:10;2;CO;28;1401; ; ;1;1;0;0;0;0;0;0;0;0;0;0;0;0;0;0;0;19091;HEITOR NASCIMENTO, RUA DR;;;4;ARICANDUVA;1;0
D031301665;83;FEITICO DA VILA, RUA;;;399;;15/03/2013 12:30;4;AT;47;3440; ; ;0;1;0;0;0;0;0;0;0;0;0;0;0;0;0;0;0;83;FEITICO DA VILA, RUA;;;19;CAPAO REDONDO;1;0
D031301403;7645;FRONTIN, AV CD DE;;;1140;;15/03/2013 13:00;2;CO;21;864;B; ;1;1;0;0;0;0;0;0;0;0;0;0;0;0;0;0;0;7645;FRONTIN, AV CD DE;;;93;VILA MATILDE;1;0
D031301526;24338;LUIZ IGNACIO ANHAIA MELLO, AV PROF;22127;GRANDE SAO PAULO, VD;0;;15/03/2013 13:03;2;CO;56;1625; ; ;0;1;0;1;0;0;0;0;0;0;0;0;0;0;0;0;0;22127;GRANDE SAO PAULO, VD;24338;LUIZ IGNACIO ANHAIA MELLO, AV PROF;95;VILA PRUDENTE;1;0
D031302376;98879;PEDRO RAMAZZANI, RUA;;;0;NADA CONSTA ;15/03/2013 13:10;4;AT;49;4220; ; ;0;0;1;0;0;0;0;0;0;0;0;0;0;0;0;0;0;98879;PEDRO RAMAZZANI, RUA;;;32;IGUATEMI;0;1
D031302348;34071;CLOVIS CAVALCANTI, RUA;;;98;;15/03/2013 13:22;2;CH;46;1270; ; ;1;0;0;0;0;0;0;0;0;0;0;0;0;0;0;0;0;34071;CLOVIS CAVALCANTI, RUA;;;62;PERUS;0;1
D031301209;11321;JULIO BUONO, AV;;;1953;;15/03/2013 13:30;4;AT;39;1265; ; ;1;0;0;0;0;0;0;0;0;0;0;0;0;0;0;0;0;11321;JULIO BUONO, AV;;;94;VILA MEDEIROS;1;0
D031300571;16017;PEDROSO DE MORAIS, AV;;;1003;;15/03/2013 14:00;2;CO;14;2443; ; ;2;0;0;0;0;0;0;0;0;0;0;0;0;0;0;0;0;16017;PEDROSO DE MORAIS, AV;;;45;JARDIM SAO LUIS;1;0
D031300430;27795;BIBLIA, PCA DA;3761;CABRINI, RUA MADRE;0;;15/03/2013 14:00;4;AT;36;1288; ; ;1;0;0;0;0;0;0;0;0;0;0;0;0;0;0;0;0;3761;CABRINI, RUA MADRE;27795;BIBLIA, PCA DA;  ;;1;0
D031301237;5738;DARIO RIBEIRO, RUA PROF;;;750;;15/03/2013 14:12;4;AT;40;926; ; ;0;0;0;0;0;0;0;0;0;0;0;1;0;0;0;0;0;5738;DARIO RIBEIRO, RUA PROF;;;50;LIMAO;1;0
D031302132;13671;MATEO BEI, AV;7379;FRANCISCO CORDELLI, RUA;0;;15/03/2013 14:40;2;CO;49;807; ; ;1;1;0;0;0;0;0;0;0;0;0;0;0;0;0;0;0;7379;FRANCISCO CORDELLI, RUA;13671;MATEO BEI, AV;75;SAO MATEUS;2;0
D031302229;17824;SAPOPEMBA, AV;;;15117;;15/03/2013 14:46;2;SI;55;1141; ; ;0;1;0;0;0;0;0;0;0;0;0;1;0;0;0;0;0;17824;SAPOPEMBA, AV;;;33;IPIRANGA;1;0
D031301450;18068;SERRA DE BRAGANCA, RUA;1967;APUCARANA, RUA;0;;15/03/2013 14:48;2;CO;30;1507; ; ;2;0;0;0;0;0;0;0;0;0;0;0;0;0;0;0;0;1967;APUCARANA, RUA;18068;SERRA DE BRAGANCA, RUA;82;TATUAPE;2;0
D031300942;60516;MARIE NADER CALFAT, RUA;;;503;;15/03/2013 14:50;2;CO;89;2350; ; ;1;1;0;0;0;0;0;0;0;0;0;0;0;0;0;0;0;60516;MARIE NADER CALFAT, RUA;;;29;FREGUESIA DO O;1;0
D031300641;4561;CASTELO BRANCO, AV PRES;17507;RUDGE, AV;0;;15/03/2013 15:00;2;CT;23;1442; ; ;0;2;0;0;0;0;0;0;0;0;0;0;0;0;0;0;0;4561;CASTELO BRANCO, AV PRES;17507;RUDGE, AV;  ;;1;0
D031302347;13881;MIGUEL, AV S;;;4530;;15/03/2013 15:11;4;AT;62;1058; ; ;0;0;1;0;0;0;0;0;0;0;0;0;0;0;0;0;0;13881;MIGUEL, AV S;;;65;PONTE RASA;0;1
D031300145;120;ACLIMACAO, AV DA;;;763;;15/03/2013 15:15;2;CO;6;1319; ; ;1;0;0;0;0;0;0;1;0;0;0;1;0;0;0;0;0;120;ACLIMACAO, AV DA;;;49;LIBERDADE;1;0
D031302390;1010;AMARO ANTONIO ROSA, RUA;9529;ITAPECERICA, ES DE;0;;15/03/2013 15:20;2;CO;37;2237; ; ;0;1;0;1;0;0;0;0;0;0;0;0;0;0;0;0;0;1010;AMARO ANTONIO ROSA, RUA;9529;ITAPECERICA, ES DE;45;JARDIM SAO LUIS;0;1
D031300852;5309;CORIFEU DE AZEVEDO MARQUES, AV;;;2284;;15/03/2013 15:30;2;CT;51;1256; ; ;1;1;0;0;0;0;0;0;0;0;0;0;0;0;0;0;0;5309;CORIFEU DE AZEVEDO MARQUES, AV;;;12;BUTANTA;1;0
D031301275;3771;INAJAR DE SOUZA, AV;;;5000;;15/03/2013 15:30;4;AT;72;2298; ; ;1;0;0;0;0;0;0;0;0;0;0;0;0;0;0;0;0;3771;INAJAR DE SOUZA, AV;;;50;LIMAO;1;0
D031302409;13014;MARGINAL DO RIO PINHEIROS, AV;;;0;PROXIMO  - PTE EUSEBI;15/03/2013 15:40;2;CT;89;2414;R; ;0;1;0;1;0;0;0;0;0;0;0;0;0;0;0;0;0;13014;MARGINAL DO RIO PINHEIROS, AV;;;40;JAGUARE;0;1
D031300266;12165;LUIS ANTONIO, AV BRIG;15146;OSORIO DUQUE ESTRADA, RUA;0;;15/03/2013 16:00;4;AT;78;2153;C; ;1;0;0;0;0;0;0;0;0;0;0;0;0;0;0;0;0;12165;LUIS ANTONIO, AV BRIG;15146;OSORIO DUQUE ESTRADA, RUA;44;JARDIM PAULISTA;1;0
D031301810;62251;INACIO COUTO, RUA;;;510;;15/03/2013 16:10;2;CT;100;1434;B; ;1;1;0;0;0;0;0;0;0;0;0;0;0;0;0;0;0;62251;INACIO COUTO, RUA;;;32;IGUATEMI;1;0