id_acidente;codloga;logradouroA;codlogb;logradouroB;alt_num;referencia;data;cod_acid;tipo_acidente;dp;numero_BO;sentido;pista;automovel;moto;onibus;caminhao;bicicleta;moto_taxi;onibus_fretado;onibus_urbano;microonibus;van;vuc;caminhonete;carreta;jipe;outros;sem_informacao;carroca;princ_a;paiA;princ_b;paiB;cod_distrito;distrito;vit_ferida;vit_morta
D031300786;34682;CAMPO LIMPO, ES DO;;;4000;;20/03/2013 04:30;2;CT;37;2357; ; ;0;1;0;0;0;0;0;0;0;0;0;0;0;0;0;1;0;34682;CAMPO LIMPO, ES DO;;;17;CAMPO LIMPO;1;0
D031301732;10270;JOAO DIAS, AV;;;3270;;20/03/2013 05:30;4;AT;92;1815; ; ;1;0;0;0;0;0;0;0;0;0;0;0;0;0;0;0;0;10270;JOAO DIAS, AV;;;72;SANTO AMARO;1;0
D031300321;11544;LAGES, RUA MARQ DE;14710;MERCES, RUA NSRA DAS;0;;20/03/2013 06:13;4;AT;26;2375; ; ;0;0;0;0;0;0;0;0;0;0;0;0;0;0;0;1;0;11544;LAGES, RUA MARQ DE;14710;MERCES, RUA NSRA DAS;69;SACOMA;1;0
D031301964;14094;MOGI DAS CRUZES, ES DE;7670;GABRIEL, AV DR;0;;20/03/2013 06:20;2;CO;62;1104;C; ;1;1;0;0;0;0;0;0;0;0;0;0;0;0;0;0;0;7670;GABRIEL, AV DR;14094;MOGI DAS CRUZES, ES DE;65;PONTE RASA;1;0
D031300883;16878;RAPOSO TAVARES, VIA;;;0;QUILOMETRO  - 17,300;20/03/2013 06:25;2;CO;75;961; ; ;1;2;0;0;0;0;0;0;0;0;0;0;0;0;0;0;0;16878;RAPOSO TAVARES, VIA;;;13;CACHOEIRINHA;2;0
D031300477;1247;ANCHIETA, VIA;;;1310;;20/03/2013 06:45;2;CO;95;1367; ; ;1;2;0;0;0;0;0;0;0;0;0;0;0;0;0;0;0;1247;ANCHIETA, VIA;;;33;IPIRANGA;2;0
D031301411;12612;MANILHA, RUA;2181;ARICANDUVA, AV;0;;20/03/2013 07:20;2;CO;21;1513; ; ;1;1;0;0;0;0;0;0;0;0;0;0;0;0;0;0;0;2181;ARICANDUVA, AV;2440;ASTARTE, RUA;20;CARRAO;1;0
D031300248;11346;JULIO PRESTES, PCA;;;16;;20/03/2013 07:40;4;AT;77;1209; ; ;1;0;0;0;0;0;0;0;0;0;0;0;0;0;0;0;0;11346;JULIO PRESTES, PCA;;;15;CAMPO BELO;1;0
D031301812;12403;M'BOI MIRIM, ES;;;3815;;20/03/2013 07:55;2;CO;100;1841; ; ;0;1;0;1;0;0;0;0;0;0;0;0;0;0;0;0;0;12403;M'BOI MIRIM, ES;;;42;JARDIM ANGELA;1;0
D031300217;16870;RANGEL PESTANA, AV;;;1590;;20/03/2013 07:55;4;AT;12;1590; ; ;0;0;0;0;0;0;0;1;0;0;0;0;0;0;0;0;0;16870;RANGEL PESTANA, AV;;;1;AGUA RASA;1;0
D031300856;16878;RAPOSO TAVARES, VIA;;;12500;;20/03/2013 08:00;2;CO;51;1337; ; ;0;1;0;0;0;0;0;0;0;0;0;0;0;0;0;1;0;16878;RAPOSO TAVARES, VIA;;;13;CACHOEIRINHA;1;0
D031301065;719;ALFREDO PUJOL, RUA;;;795;;20/03/2013 08:00;2;CO;13;2984;B; ;1;1;0;0;0;0;0;0;0;0;0;0;0;0;0;0;0;719;ALFREDO PUJOL, RUA;;;71;SANTANA;1;0
D031300938;13014;MARGINAL DO RIO PINHEIROS, AV;;;14500;;20/03/2013 08:00;2;CO;89;2264; ; ;2;1;0;0;0;0;0;0;0;0;0;0;0;0;0;0;0;13014;MARGINAL DO RIO PINHEIROS, AV;;;40;JAGUARE;1;0
D031300025;19745;VINTE E CINCO DE MARCO, RUA;;;1225;;20/03/2013 08:13;4;AT;1;2285; ; ;0;0;0;0;0;0;0;0;0;0;0;1;0;0;0;0;0;19745;VINTE E CINCO DE MARCO, RUA;;;80;SE;1;0
D031302175;13294;MARIA LUIZA AMERICANO, AV;66439;VITORIANO DOS ANJOS, RUA;0;;20/03/2013 09:00;2;CO;53;852; ; ;1;0;1;0;0;0;0;0;0;0;0;0;0;0;0;0;0;13294;MARIA LUIZA AMERICANO, AV;66439;VITORIANO DOS ANJOS, RUA;  ;;1;0
D031301620;33015;SADAMU INOUE, AV;;;1600;;20/03/2013 09:07;2;CO;25;735; ; ;1;0;0;0;0;0;0;0;0;0;0;1;0;0;0;0;0;33015;SADAMU INOUE, AV;;;76;SAO MIGUEL;1;0
D031300478;1247;ANCHIETA, VIA;;;10700;;20/03/2013 09:20;2;CO;95;1372; ; ;1;1;0;0;0;0;0;0;0;0;0;0;0;0;0;0;0;1247;ANCHIETA, VIA;;;33;IPIRANGA;1;0
D031301456;7645;FRONTIN, AV CD DE;;;450;;20/03/2013 09:33;2;CO;30;1580; ; ;1;0;0;0;0;0;0;0;0;0;0;0;0;0;0;0;1;7645;FRONTIN, AV CD DE;;;93;VILA MATILDE;1;0
D031300148;11922;LINS DE VASCONCELOS, AV;;;920;;20/03/2013 10:00;2;CO;6;1389; ; ;1;1;0;0;0;0;0;0;0;0;0;0;0;0;0;0;0;11922;LINS DE VASCONCELOS, AV;;;92;VILA MARIANA;1;0
D031301965;99577;MILENE ELIAS, AV;15467;PARANAGUA, AV;0;;20/03/2013 10:00;4;AT;62;1105; ; ;1;0;0;0;0;0;0;0;0;0;0;0;0;0;0;0;0;15467;PARANAGUA, AV;99577;MILENE ELIAS, AV;34;ITAIM BIBI;1;0
D031301811;12403;M'BOI MIRIM, ES;;;4500;;20/03/2013 10:30;4;AT;100;1585; ; ;0;0;0;0;0;0;0;0;0;0;0;1;0;0;0;0;0;12403;M'BOI MIRIM, ES;;;42;JARDIM ANGELA;1;0
D031301332;6361;ELISIO TEIXEIRA LEITE, AV;;;5231;;20/03/2013 10:30;2;CO;74;1066; ; ;2;0;0;0;0;0;0;0;0;0;0;0;0;0;0;0;0;6361;ELISIO TEIXEIRA LEITE, AV;;;29;FREGUESIA DO O;1;0
D031300149;19083;TOPAZIO, RUA;;;400;;20/03/2013 10:30;4;AT;6;1392; ; ;1;0;0;0;0;0;0;0;0;0;0;0;0;0;0;0;0;19083;TOPAZIO, RUA;;;37;JABAQUARA;1;0
D031300026;11824;LIBERO BADARO, RUA;;;119;;20/03/2013 11:00;4;AT;1;2293; ; ;0;1;0;0;0;0;0;0;0;0;0;0;0;0;0;0;0;11824;LIBERO BADARO, RUA;;;80;SE;1;0
D031301378;8262;GUAIAUNA, RUA;;;395;;20/03/2013 11:40;2;CO;10;3167; ; ;1;1;0;0;0;0;0;0;0;0;0;0;0;0;0;0;0;8262;GUAIAUNA, RUA;;;60;PENHA;1;0
D031302071;10152;JOAO BATISTA CONTI, AV PROF;;;138;;20/03/2013 11:40;2;CO;103;1144; ; ;1;1;0;0;0;0;0;0;0;0;0;0;0;0;0;0;0;10152;JOAO BATISTA CONTI, AV PROF;;;46;JOSE BONIFACIO;1;0
D031300562;6819;EUSEBIO MATOSO, AV;;;0;NADA CONSTA ;20/03/2013 12:00;2;CO;14;2211; ; ;1;1;0;0;0;0;0;0;0;0;0;0;0;0;0;0;0;6819;EUSEBIO MATOSO, AV;;;63;PINHEIROS;1;0
D031302358;19001;TIRO AO POMBO, RUA;;;231;;20/03/2013 12:00;4;AT;45;663; ; ;0;0;0;0;0;0;0;0;0;0;0;0;0;0;0;1;0;19001;TIRO AO POMBO, RUA;;;40;JAGUARE;0;1
D031300072;19996;XAVIER DE TOLEDO, RUA CEL;;;100;;20/03/2013 12:17;4;AT;3;2333;B; ;0;1;0;0;0;0;0;0;0;0;0;0;0;0;0;0;0;19996;XAVIER DE TOLEDO, RUA CEL;;;0;NULL;1;0
D031300027;6642;ESTADO, AV DO;;;4643;;20/03/2013 12:18;2;CO;1;2304; ; ;1;1;0;0;0;0;0;0;0;0;0;0;0;0;0;0;0;6642;ESTADO, AV DO;;;9;BOM RETIRO;1;0
D031300648;7491;FRANCISCO MATARAZZO, AV;;;10000;;20/03/2013 12:20;4;AT;23;1528; ; ;1;0;0;0;0;0;0;0;0;0;0;0;0;0;0;0;0;7491;FRANCISCO MATARAZZO, AV;;;6;BARRA FUNDA;1;0
D031301092;541;ALCANTARA, RUA;967;AMAMBAI, RUA;0;;20/03/2013 12:30;2;CO;19;1108; ; ;1;1;0;0;0;0;0;0;0;0;0;0;0;0;0;0;0;541;ALCANTARA, RUA;967;AMAMBAI, RUA;91;VILA MARIA;2;0
D031300820;25406;ESMIRNA, RUA;;;100;;20/03/2013 12:39;2;CH;46;1364; ; ;1;1;0;0;0;0;0;0;0;0;0;0;0;0;0;0;0;25406;ESMIRNA, RUA;;;52;MARSILAC;2;0
D031300339;4596;CATARINA, AV STA;11510;LACEDEMONIA, RUA;0;;20/03/2013 13:18;2;CO;27;803; ; ;1;1;0;0;0;0;0;0;0;0;0;0;0;0;0;0;0;4596;CATARINA, AV STA;11510;LACEDEMONIA, RUA;15;CAMPO BELO;1;0
D031300188;17831;SAPUCAIA, RUA;;;326;;20/03/2013 13:22;2;CO;8;2056; ; ;2;0;0;0;0;0;0;0;0;0;0;0;0;0;0;0;0;17831;SAPUCAIA, RUA;;;10;BRAS;1;0
D031300731;7500;FRANCISCO MORATO, AV PROF;;;2100;;20/03/2013 13:55;2;CO;34;1769; ; ;4;0;0;0;0;0;0;0;0;0;0;0;0;0;0;0;0;7500;FRANCISCO MORATO, AV PROF;;;12;BUTANTA;1;0
D031300857;35598;CIDADE UNIVERSITARIA, PTE DA;;;0;NADA CONSTA ;20/03/2013 14:00;2;CO;51;1354; ; ;2;1;0;0;0;0;0;0;0;0;0;0;0;0;0;0;0;35598;CIDADE UNIVERSITARIA, PTE DA;;;2;ALTO DE PINHEIR;1;0
D031301638;34128;JOAO DE LUCA, AV VER;;;200;;20/03/2013 14:16;4;AT;43;1108; ; ;0;0;0;0;0;0;0;0;0;0;0;0;0;0;0;1;0;34128;JOAO DE LUCA, AV VER;;;42;JARDIM ANGELA;1;0
D031300218;3653;BRESSER, RUA;;;882;;20/03/2013 14:42;4;AT;12;1602; ; ;0;1;0;0;0;0;0;0;0;0;0;0;0;0;0;0;0;3653;BRESSER, RUA;;;10;BRAS;1;0
D031301214;12716;MANUEL GAYA, RUA;;;214;;20/03/2013 14:46;2;CO;39;1335;C; ;1;1;0;0;0;0;0;0;0;0;0;0;0;0;0;0;0;12716;MANUEL GAYA, RUA;;;83;TREMEMBE;1;0
D031301686;20048;YERVANT KISSAJIKIAN, AV;;;574;;20/03/2013 14:48;2;CL;80;978; ; ;0;2;0;0;0;0;0;0;0;0;0;0;0;0;0;0;0;20048;YERVANT KISSAJIKIAN, AV;;;29;FREGUESIA DO O;1;0
D031302300;19708;VILA EMA, AV;;;5264;;20/03/2013 14:50;2;CO;70;856; ; ;1;1;0;0;0;0;0;0;0;0;0;0;0;0;0;0;0;19708;VILA EMA, AV;;;26;CONSOLACAO;1;0
D031301360;25957;ARICANDUVA, PTE;;;0;NADA CONSTA ;20/03/2013 15:00;2;CO;10;876; ; ;1;1;0;0;0;0;0;0;0;0;0;0;0;0;0;0;0;25957;ARICANDUVA, PTE;;;3;ANHANGUERA;1;0
D031300582;10387;JOAO MOURA, RUA;9262;IPERO, RUA;0;;20/03/2013 15:41;2;CL;14;2617; ; ;1;0;0;0;0;0;0;0;0;0;0;1;0;0;0;0;0;9262;IPERO, RUA;10387;JOAO MOURA, RUA;63;PINHEIROS;1;0
D031300585;7257;FONSECA RODRIGUES, AV PROF;;;835;;20/03/2013 16:20;2;CO;14;2692; ; ;1;1;0;0;0;0;0;0;0;0;0;0;0;0;0;0;0;7257;FONSECA RODRIGUES, AV PROF;;;2;ALTO DE PINHEIR;1;0
D031301639;5606;CUPECE, AV;;;2443;;20/03/2013 16:40;4;AT;43;1115; ; ;0;0;0;0;0;0;0;0;0;0;0;1;0;0;0;0;0;5606;CUPECE, AV;;;22;CIDADE ADEMAR;1;0
D031300692;4115;CANDIDO PORTINARI, AV;;;441;;20/03/2013 17:10;2;CO;33;2557;B; ;1;1;0;0;0;0;0;0;0;0;0;0;0;0;0;0;0;4115;CANDIDO PORTINARI, AV;;;39;JAGUARA;1;0
D031301246;27090;EMILIA MARQUES FERREIRA, RUA;;;59;;20/03/2013 17:15;2;CO;45;671; ; ;1;1;0;0;0;0;0;0;0;0;0;0;0;0;0;0;0;27090;EMILIA MARQUES FERREIRA, RUA;;;40;JAGUARE;1;0
D031302049;21508;RAIMUNDO DE PAULO FREITAS, RUA;;;481;;20/03/2013 17:30;2;CH;67;822; ; ;2;2;0;0;0;0;0;0;0;0;0;0;0;0;0;0;0;21508;RAIMUNDO DE PAULO FREITAS, RUA;;;50;LIMAO;2;0
D031301687;20048;YERVANT KISSAJIKIAN, AV;;;1415;;20/03/2013 17:30;2;CL;80;984; ; ;1;1;0;0;0;0;0;0;0;0;0;0;0;0;0;0;0;20048;YERVANT KISSAJIKIAN, AV;;;29;FREGUESIA DO O;1;0
D031301094;1044;MERE AMEDEA, RUA;35588;SILVIO LEANDRO, RUA;0;;20/03/2013 17:30;2;CO;19;1115; ; ;1;1;0;0;0;0;0;0;0;0;0;0;0;0;0;0;0;1044;MERE AMEDEA, RUA;35588;SILVIO LEANDRO, RUA;91;VILA MARIA;1;0
D031301709;3509;BELMIRA MARIN, AV DONA;;;3988;;20/03/2013 18:00;2;CF;85;1991; ; ;1;1;0;0;0;0;0;0;0;0;0;0;0;0;0;0;0;3509;BELMIRA MARIN, AV DONA;;;30;GRAJAU;2;0
D031302406;12436;MACEDO SOARES, AV EMB;;;4500;;20/03/2013 18:00;4;AT;7;1888;A; ;1;0;0;0;0;0;0;0;0;0;0;0;0;0;0;0;0;29772;MARGINAL DO RIO TIETE, AV;;;48;LAPA;0;1
D031300536;12436;MACEDO SOARES, AV EMB;;;0; - PTE.FREG.D;20/03/2013 18:05;2;CO;7;1997; ; ;1;1;0;0;0;0;0;0;0;0;0;0;0;0;0;0;0;29772;MARGINAL DO RIO TIETE, AV;;;48;LAPA;1;0
D031301158;27358;FUAD LUTFALLA, AV;;;946;;20/03/2013 18:40;2;QD;28;1517; ; ;0;0;1;0;0;0;0;0;0;0;0;0;0;0;0;0;0;27358;FUAD LUTFALLA, AV;;;4;ARICANDUVA;1;0
D031300693;12234;LUIS FRANCISCO LOMBARD, RUA;;;0;PROXIMO  - AGENOR COU;20/03/2013 19:00;4;AT;33;2558; ; ;1;0;0;0;0;0;0;0;0;0;0;0;0;0;0;0;0;12234;LUIS FRANCISCO LOMBARD, RUA;;;31;GUAIANASES;1;0
D031300028;8024;GLICERIO, RUA;;;66;;20/03/2013 19:05;4;AT;1;2320; ; ;1;0;0;0;0;0;0;0;0;0;0;0;0;0;0;0;0;8024;GLICERIO, RUA;;;80;SE;1;0
D031300583;16017;PEDROSO DE MORAIS, AV;;;0;NADA CONSTA ;20/03/2013 19:15;2;CO;14;2645; ; ;1;0;0;0;1;0;0;0;0;0;0;0;0;0;0;0;0;16017;PEDROSO DE MORAIS, AV;;;45;JARDIM SAO LUIS;1;0
D031302159;19012;TITA RUFFO, RUA;6977;FILIPE MARINETTI, RUA;0;;20/03/2013 19:20;2;CO;49;3838; ; ;2;0;0;0;0;0;0;0;0;0;0;0;0;0;0;0;0;6977;FILIPE MARINETTI, RUA;19012;TITA RUFFO, RUA;75;SAO MATEUS;1;0
D031300923;13014;MARGINAL DO RIO PINHEIROS, AV;;;115;;20/03/2013 19:30;2;CO;89;1779; ; ;1;1;0;0;0;0;0;0;0;0;0;0;0;0;0;0;0;13014;MARGINAL DO RIO PINHEIROS, AV;;;40;JAGUARE;1;0
D031302271;22268;OSVALDO VALLE CORDEIRO, AV;;;100;;20/03/2013 19:39;2;CO;66;1780; ; ;1;1;0;0;0;0;0;0;0;0;0;0;0;0;0;0;0;22268;OSVALDO VALLE CORDEIRO, AV;;;38;JACANA;1;0
D031300488;43154;TANCREDO NEVES, AV PRES;;;0;PROXIMO  - RUA DO LAG;20/03/2013 19:50;2;CO;95;2400; ; ;1;1;0;0;0;0;0;0;0;0;0;0;0;0;0;0;0;43154;TANCREDO NEVES, AV PRES;;;18;CANGAIBA;1;0
D031300234;10177;JOAO BOEMER, RUA;17180;RITA, RUA STA;0;;20/03/2013 20:00;2;CO;12;2067; ; ;2;0;0;0;0;0;0;0;0;0;0;0;0;0;0;0;0;10177;JOAO BOEMER, RUA;17180;RITA, RUA STA;8;BELEM;1;0
D031300219;16006;PEDRO VICENTE, RUA;;;421;;20/03/2013 20:30;4;AT;12;1611; ; ;1;0;0;0;0;0;0;0;0;0;0;0;0;0;0;0;0;16006;PEDRO VICENTE, RUA;;;25;CIDADE TIRADENT;1;0
D031302338;35449;BANDEIRANTES, VIA DOS;;;23000;;20/03/2013 20:50;4;AT;33;2567; ; ;1;0;0;0;0;0;0;0;0;0;0;0;0;0;0;0;0;35449;BANDEIRANTES, VIA DOS;;;64;PIRITUBA;0;1
D031302022;3994;CAMPANELLA, AV;;;748;;20/03/2013 21:12;2;CO;64;2895; ; ;1;1;0;0;0;0;0;0;0;0;0;0;0;0;0;0;0;3994;CAMPANELLA, AV;;;36;ITAQUERA;1;0
D031300620;16011;PEDROSO ALVARENGA, RUA;;;743;;20/03/2013 21:30;2;CO;15;2629; ; ;0;1;0;0;0;0;0;0;0;0;0;0;0;0;0;1;0;16011;PEDROSO ALVARENGA, RUA;;;28;ERMELINO MATARA;1;0
D031300094;14804;NOVE DE JULHO, AV;;;1918;;20/03/2013 21:45;4;AT;4;2202; ; ;1;0;0;0;0;0;0;0;0;0;0;0;0;0;0;0;0;14804;NOVE DE JULHO, AV;;;63;PINHEIROS;1;0
D031302215;9044;RAGUEB CHOHFI, AV;;;5900;;20/03/2013 21:48;2;CO;54;3747; ; ;1;1;0;0;0;0;0;0;0;0;0;0;0;0;0;0;0;9044;RAGUEB CHOHFI, AV;;;32;IGUATEMI;2;0
D031301451;185;ADELINO, RUA PDE;3458;BOM SUCESSO, RUA;0;;20/03/2013 21:50;2;CL;30;1514; ; ;1;0;0;0;0;0;0;0;0;0;0;1;0;0;0;0;0;185;ADELINO, RUA PDE;3458;BOM SUCESSO, RUA;82;TATUAPE;1;0
D031300890;16878;RAPOSO TAVARES, VIA;;;0;QUILOMETRO  - 16,800;20/03/2013 22:00;2;CO;75;2275; ; ;1;1;0;0;0;0;0;0;0;0;0;0;0;0;0;0;0;16878;RAPOSO TAVARES, VIA;;;13;CACHOEIRINHA;1;0
D031301229;21310;ANTONIO MARIA LAET, AV DR;;;271;;20/03/2013 22:21;2;CL;39;2895; ; ;1;0;1;0;0;0;0;0;0;0;0;0;0;0;0;0;0;21310;ANTONIO MARIA LAET, AV DR;;;0;NULL;2;0
D031300912;6980;FELIPE PINEL, AV DR;;;750;;20/03/2013 22:50;2;CF;87;2886; ; ;2;0;0;0;0;0;0;0;0;0;0;0;0;0;0;0;0;6980;FELIPE PINEL, AV DR;;;64;PIRITUBA;3;0
D031301598;9112;INACIO DE LOYOLA, PCA STO;10270;JOAO DIAS, AV;0;;20/03/2013 23:00;2;CL;11;3114; ; ;0;1;0;0;0;0;0;0;0;0;0;1;0;0;0;0;0;10198;JOAO CARLOS DA SILVA BORGES, AV;10270;JOAO DIAS, AV;67;REPUBLICA;2;0
D031301989;9084;IMPERADOR, ES DO;;;3830;;21/03/2013 01:30;2;CH;63;2022; ; ;1;0;0;0;0;0;0;0;0;0;0;0;0;0;0;0;0;9084;IMPERADOR, ES DO;;;89;VILA JACUI;1;0
D031301356;39012;POETA, AV DO;39027;CARLOS CALVO, RUA;0;;21/03/2013 01:34;2;SI;90;1117; ; ;1;0;0;1;0;0;0;0;0;0;0;0;0;0;0;0;0;39012;POETA, AV DO;39027;CARLOS CALVO, RUA;  ;;1;0
D031301796;9220;INTERLAGOS, AV;;;2255;;21/03/2013 02:55;2;CH;99;3115; ; ;0;0;0;0;0;0;0;0;1;0;0;0;0;0;0;0;0;9220;INTERLAGOS, AV;;;16;CAMPO GRANDE;2;0
D031301496;4736;CELSO GARCIA, AV;27094;SALIM FARAH MALUF, AV;0;;21/03/2013 04:30;2;CO;52;831; ; ;2;0;0;0;0;0;0;0;0;0;0;0;0;0;0;0;0;4736;CELSO GARCIA, AV;27094;SALIM FARAH MALUF, AV;8;BELEM;1;0
D031301135;14767;NOVA CANTAREIRA, AV;;;1548;;21/03/2013 05:15;4;AT;20;2522; ; ;1;0;0;0;0;0;0;0;0;0;0;0;0;0;0;0;0;14767;NOVA CANTAREIRA, AV;;;83;TREMEMBE;1;0
D031301020;2455;ATALIBA LEONEL, AV GAL;;;3539;;21/03/2013 05:20;2;QM;9;1715; ; ;0;1;0;0;0;0;0;0;0;0;0;0;0;0;0;0;0;2455;ATALIBA LEONEL, AV GAL;;;88;VILA GUILHERME;1;0
D031301682;20048;YERVANT KISSAJIKIAN, AV;;;2600;;21/03/2013 06:05;4;AT;80;403; ; ;0;1;0;0;0;0;0;0;0;0;0;0;0;0;0;0;0;20048;YERVANT KISSAJIKIAN, AV;;;29;FREGUESIA DO O;1;0
D031302339;6808;EUROPA, AV;;;725;;21/03/2013 06:15;4;AT;15;1396;C; ;0;0;1;0;0;0;0;0;0;0;0;0;0;0;0;0;0;6808;EUROPA, AV;;;63;PINHEIROS;0;1
D031300694;310;AGENOR COUTO DE MAGALHAES, AV;;;0;PROXIMO  -  VILA CLAR;21/03/2013 06:20;2;CO;33;2570; ; ;1;1;0;0;0;0;0;0;0;0;0;0;0;0;0;0;0;310;AGENOR COUTO DE MAGALHAES, AV;;;64;PIRITUBA;2;0
D031301575;19931;WASHINGTON LUIS, AV;;;0;NADA CONSTA ;21/03/2013 06:30;2;CO;11;1298; ; ;0;1;0;0;0;0;0;0;0;0;0;0;0;0;0;1;0;19931;WASHINGTON LUIS, AV;;;30;GRAJAU;1;0
D031301599;3216;BENTO BRANCO DE ANDRADE FILHO, RUA;;;477;;21/03/2013 07:00;4;AT;11;3131; ; ;0;1;0;0;0;0;0;0;0;0;0;0;0;0;0;0;0;3216;BENTO BRANCO DE ANDRADE FILHO, RUA;;;72;SANTO AMARO;1;0
D031301136;14767;NOVA CANTAREIRA, AV;;;4354;;21/03/2013 07:00;4;AT;20;2325; ; ;1;0;0;0;0;0;0;0;0;0;0;0;0;0;0;0;0;14767;NOVA CANTAREIRA, AV;;;83;TREMEMBE;1;0
D031301457;18961;TIJUCO PRETO, RUA;7014;FERNANDES PINHEIRO, RUA;0;;21/03/2013 07:04;2;CO;30;1604; ; ;1;0;1;0;0;0;0;0;0;0;0;0;0;0;0;0;0;7014;FERNANDES PINHEIRO, RUA;18961;TIJUCO PRETO, RUA;82;TATUAPE;1;0
D031300399;19789;VIRGILIO DE LEMOS, RUA;;;681;;21/03/2013 07:22;2;QM;35;2546; ; ;0;1;0;0;0;0;0;0;0;0;0;0;0;0;0;0;0;19789;VIRGILIO DE LEMOS, RUA;;;  ;;1;0
D031300732;7500;FRANCISCO MORATO, AV PROF;;;1627;;21/03/2013 07:29;2;CO;34;1780; ; ;1;1;0;0;0;0;0;0;0;0;0;0;0;0;0;0;0;7500;FRANCISCO MORATO, AV PROF;;;12;BUTANTA;1;0
D031300294;2394;ASCENDINO REIS, AV PROF;;;965;;21/03/2013 07:39;2;CT;16;3734; ; ;2;0;0;0;0;0;0;0;0;0;0;0;0;0;0;0;0;2394;ASCENDINO REIS, AV PROF;;;53;MOEMA;1;0
D031300939;61669;ITAPAIUNA, RUA;;;1800;;21/03/2013 07:45;2;CO;89;2281; ; ;1;1;0;0;0;0;0;0;0;0;0;0;0;0;0;0;0;61669;ITAPAIUNA, RUA;;;29;FREGUESIA DO O;1;0
D031300030;15984;PEDRO II, PQ DOM;;;900;;21/03/2013 08:00;4;AT;1;2328; ; ;0;0;0;0;0;0;0;0;0;0;0;1;0;0;0;0;0;15984;PEDRO II, PQ DOM;;;1;AGUA RASA;1;0
D031300029;33306;LESTE-OESTE, VD;;;0;SOBRE  - VIADUTO;21/03/2013 08:00;2;CO;1;2324; ; ;2;1;0;0;0;0;0;0;0;0;0;0;0;0;0;0;0;33667;LESTE-OESTE, LIG;;;2;ALTO DE PINHEIR;1;0
D031300068;9276;IPIRANGA, AV;9543;ITAPETININGA, RUA BR DE;0;;21/03/2013 08:00;2;QM;3;1643;C; ;0;1;0;0;0;0;0;0;0;0;0;0;0;0;0;0;0;9276;IPIRANGA, AV;9543;ITAPETININGA, RUA BR DE;67;REPUBLICA;1;0
D031300733;14267;MORUMBI, AV;3622;BRAULIO, RUA S;0;;21/03/2013 08:00;2;CO;34;1782; ; ;1;1;0;0;0;0;0;0;0;0;0;0;0;0;0;0;0;3622;BRAULIO, RUA S;14267;MORUMBI, AV;55;MORUMBI;1;0
D031300322;43154;TANCREDO NEVES, AV PRES;;;0;TUNEL  - MARIA MAL;21/03/2013 08:06;2;SI;26;2408; ; ;1;1;0;0;0;0;0;0;0;0;0;0;0;0;0;0;0;43154;TANCREDO NEVES, AV PRES;;;18;CANGAIBA;1;0
D031300735;3020;BEGONIAS, RUA DAS;;;37;;21/03/2013 08:06;2;QM;34;1789; ; ;0;1;0;0;0;0;0;0;0;0;0;0;0;0;0;0;0;3020;BEGONIAS, RUA DAS;;;55;MORUMBI;1;0
D031300624;4933;CIDADE JARDIM, AV;;;0;SOBRE  - PTE.;21/03/2013 08:15;2;CO;15;2991; ; ;0;1;0;0;0;0;0;0;0;0;0;0;0;0;0;1;0;4933;CIDADE JARDIM, AV;;;63;PINHEIROS;1;0
D031300534;8267;GUAICURUS, RUA;;;1467;;21/03/2013 08:30;4;AT;7;1830; ; ;0;0;1;0;0;0;0;0;0;0;0;0;0;0;0;0;0;8267;GUAICURUS, RUA;;;48;LAPA;1;0
D031301733;35858;GUIDO CALOI, AV;;;4560;;21/03/2013 08:30;2;QM;92;1840;C; ;0;1;0;0;0;0;0;0;0;0;0;0;0;0;0;0;0;35858;GUIDO CALOI, AV;;;32;IGUATEMI;1;0
D031300661;16463;POMPEIA, AV;14799;HAVAI, RUA;0;;21/03/2013 08:30;2;CO;23;1838; ; ;1;1;0;0;0;0;0;0;0;0;0;0;0;0;0;0;0;14799;HAVAI, RUA;16463;POMPEIA, AV;61;PERDIZES;1;0
D031300858;19817;VITAL BRASIL, AV;;;57;;21/03/2013 08:45;2;CO;51;1364; ; ;1;1;0;0;0;0;0;0;0;0;0;0;0;0;0;0;0;19817;VITAL BRASIL, AV;;;13;CACHOEIRINHA;1;0
D031300510;24491;IMIGRANTES, VIA DOS;;;12800;;21/03/2013 09:00;4;AT;97;805; ; ;0;0;0;0;0;0;0;0;0;0;0;1;0;0;0;0;0;24491;IMIGRANTES, VIA DOS;;;  ;;1;0
D031302092;2603;AURORA DAS DORES, RUA;;;200;;21/03/2013 09:30;2;QD;41;1679; ; ;0;0;1;0;0;0;0;0;0;0;0;0;0;0;0;0;0;2603;AURORA DAS DORES, RUA;;;87;VILA FORMOSA;1;0
D031300501;7237;FLORIDA, RUA;12193;LUIS CARLOS BERRINI, AV ENG;0;;21/03/2013 10:00;2;QM;96;1332; ; ;1;1;0;0;0;0;0;0;0;0;0;0;0;0;0;0;0;7237;FLORIDA, RUA;12193;LUIS CARLOS BERRINI, AV ENG;34;ITAIM BIBI;1;0
D031301095;3830;LUIS FELIPE DE ORLEANS, RUA DOM;;;687;;21/03/2013 10:35;2;QM;19;1121; ; ;0;1;0;0;0;0;0;0;0;0;0;0;0;0;0;0;0;3830;LUIS FELIPE DE ORLEANS, RUA DOM;;;91;VILA MARIA;1;0