id_acidente;codloga;logradouroA;codlogb;logradouroB;alt_num;referencia;data;cod_acid;tipo_acidente;dp;numero_BO;sentido;pista;automovel;moto;onibus;caminhao;bicicleta;moto_taxi;onibus_fretado;onibus_urbano;microonibus;van;vuc;caminhonete;carreta;jipe;outros;sem_informacao;carroca;princ_a;paiA;princ_b;paiB;cod_distrito;distrito;vit_ferida;vit_morta
D031302127;19884;VOLUNTARIOS DA PATRIA, RUA;;;1413;;22/03/2013 15:45;2;CO;13;3093; ; ;0;0;0;0;1;0;0;1;0;0;0;0;0;0;0;0;0;19884;VOLUNTARIOS DA PATRIA, RUA;;;  ;;1;0
D031301734;10270;JOAO DIAS, AV;;;0;PROXIMO  - TERM JOAO ;22/03/2013 16:00;2;CO;92;1885; ; ;1;1;0;0;0;0;0;0;0;0;0;0;0;0;0;0;0;10270;JOAO DIAS, AV;;;72;SANTO AMARO;2;0
D031302133;74318;PEDRO ANTONIO PIMENTEL, RUA PROF;;;218;;22/03/2013 16:20;2;CT;49;878; ; ;0;2;0;0;0;0;0;0;0;0;0;0;0;0;0;0;0;74318;PEDRO ANTONIO PIMENTEL, RUA PROF;;;55;MORUMBI;2;0
D031302273;2181;ARICANDUVA, AV;;;5555;;22/03/2013 16:30;2;CL;66;1818; ; ;1;1;0;0;0;0;0;0;0;0;0;0;0;0;0;0;0;2181;ARICANDUVA, AV;;;60;PENHA;1;0
D031302037;12156;LUIZ AYRES, RUA DR;;;1800;;22/03/2013 16:50;2;CT;65;981;B; ;1;1;0;0;0;0;0;0;0;0;0;0;0;0;0;0;0;12156;LUIZ AYRES, RUA DR;;;5;ARTUR ALVIM;1;0
D031302274;2181;ARICANDUVA, AV;;;5555;;22/03/2013 17:00;4;AT;66;1821; ; ;1;0;0;0;0;0;0;0;0;0;0;0;0;0;0;0;0;2181;ARICANDUVA, AV;;;60;PENHA;1;0
D031300402;22588;NICOLAU WEBER, PCA;;;62;;22/03/2013 17:15;4;AT;35;2614; ; ;0;1;0;0;0;0;0;0;0;0;0;0;0;0;0;0;0;22588;NICOLAU WEBER, PCA;;;42;JARDIM ANGELA;1;0
D031301140;18151;SEZEFREDO FAGUNDES, AV CEL;;;1943;;22/03/2013 17:20;2;CO;20;2577; ; ;1;1;0;0;0;0;0;0;0;0;0;0;0;0;0;0;0;18151;SEZEFREDO FAGUNDES, AV CEL;;;22;CIDADE ADEMAR;1;0
D031300738;98772;OCTAVIO FRIAS DE OLIVEIRA, PTE;;;0;PROXIMO  - AV ALCIDES;22/03/2013 17:30;2;CO;34;1854; ; ;1;1;0;0;0;0;0;0;0;0;0;0;0;0;0;0;0;98772;OCTAVIO FRIAS DE OLIVEIRA, PTE;;;55;MORUMBI;1;0
D031301797;6238;NACOES UNIDAS, AV DAS;;;19740;;22/03/2013 17:40;2;CO;99;3212; ; ;1;1;0;0;0;0;0;0;0;0;0;0;0;0;0;0;0;13014;MARGINAL DO RIO PINHEIROS, AV;;;90;VILA LEOPOLDINA;2;0
D031302264;2181;ARICANDUVA, AV;;;5670;;22/03/2013 17:45;2;CO;66;1444; ; ;1;1;0;0;0;0;0;0;0;0;0;0;0;0;0;0;0;2181;ARICANDUVA, AV;;;60;PENHA;1;0
D031300419;2394;ASCENDINO REIS, AV PROF;;;560;;22/03/2013 18:00;4;AT;36;833; ; ;0;1;0;0;0;0;0;0;0;0;0;0;0;0;0;0;0;2394;ASCENDINO REIS, AV PROF;;;53;MOEMA;1;0
D031302257;2181;ARICANDUVA, AV;;;6470;;22/03/2013 18:30;4;AT;66;1360; ; ;1;0;0;0;0;0;0;0;0;0;0;0;0;0;0;0;0;2181;ARICANDUVA, AV;;;60;PENHA;1;0
D031300191;543;ALCANTARA MACHADO, AV;;;618;;22/03/2013 18:30;2;QM;8;2109; ; ;0;1;0;0;0;0;0;0;0;0;0;0;0;0;0;0;0;543;ALCANTARA MACHADO, AV;;;10;BRAS;1;0
D031300341;19100;BANDEIRANTES, AV DOS;;;11;;22/03/2013 18:30;2;SI;27;1741; ; ;0;0;0;0;0;0;0;0;1;0;0;0;0;0;0;1;0;19100;BANDEIRANTES, AV DOS;;;24;CIDADE LIDER;1;0
D031300431;19764;VINTE E TRES DE MAIO, AV;;;0;PROXIMO  - VD.TUTOIA;22/03/2013 18:42;2;CO;36;1315; ; ;1;1;0;0;0;0;0;0;0;0;0;0;0;0;0;0;0;19764;VINTE E TRES DE MAIO, AV;;;17;CAMPO LIMPO;2;0
D031301070;3813;CAETANO ALVARES, AV ENG;;;3525;;22/03/2013 19:00;2;CO;13;3100; ; ;1;1;0;0;0;0;0;0;0;0;0;0;0;0;0;0;0;3813;CAETANO ALVARES, AV ENG;;;21;CASA VERDE;1;0
D031302163;12296;LUIS ROSSETI, RUA;;;0;PROXIMO  - AV RAGUEB ;22/03/2013 19:38;4;AT;49;3934; ; ;0;0;0;0;0;0;0;0;0;0;0;0;0;0;0;1;0;12296;LUIS ROSSETI, RUA;;;51;MANDAQUI;1;0
D031300756;14267;MORUMBI, AV;;;1200;;22/03/2013 19:40;2;CO;34;2420; ; ;1;1;0;0;0;0;0;0;0;0;0;0;0;0;0;0;0;14267;MORUMBI, AV;;;55;MORUMBI;1;0
D031300587;16919;REBOUCAS, AV;;;1278;;22/03/2013 20:10;4;AT;14;2730; ; ;1;0;0;0;0;0;0;0;0;0;0;0;0;0;0;0;0;16919;REBOUCAS, AV;;;44;JARDIM PAULISTA;1;0
D031301994;9084;IMPERADOR, ES DO;;;2000;;22/03/2013 20:30;2;CL;63;2950; ; ;1;0;0;1;0;0;0;0;0;0;0;0;0;0;0;0;0;9084;IMPERADOR, ES DO;;;89;VILA JACUI;1;0
D031301745;61545;HOLDA BOTTO MALANCONI, RUA;60485;JULES BORDET, RUA;0;;22/03/2013 21:15;4;AT;92;3636; ; ;0;1;0;0;0;0;0;0;0;0;0;0;0;0;0;0;0;60485;JULES BORDET, RUA;61545;HOLDA BOTTO MALANCONI, RUA;45;JARDIM SAO LUIS;1;0
D031300375;8944;IBIRAPUERA, AV;;;1897;;22/03/2013 21:52;2;SI;27;2971; ; ;0;1;0;0;0;0;0;0;0;0;0;0;0;0;0;0;0;8944;IBIRAPUERA, AV;;;53;MOEMA;2;0
D031300374;17181;VICENTE LEPORACE, RUA;7791;GABRIELE D'ANNUNZIO, RUA;0;;22/03/2013 21:52;2;CO;27;2935; ; ;0;0;0;0;0;0;0;0;0;0;0;2;0;0;0;0;0;7791;GABRIELE D'ANNUNZIO, RUA;17181;VICENTE LEPORACE, RUA;15;CAMPO BELO;1;0
D031301518;45042;VILA PRUDENTE, RUA;;;185;;22/03/2013 22:02;4;AT;56;1479; ; ;1;0;0;0;0;0;0;0;0;0;0;0;0;0;0;0;0;45042;VILA PRUDENTE, RUA;;;95;VILA PRUDENTE;1;0
D031301956;30718;JOSE MARTINS LISBOA, AV;;;1014;;22/03/2013 22:04;2;CO;59;3539; ; ;2;1;0;0;0;0;0;0;0;0;0;0;0;0;0;0;0;30718;JOSE MARTINS LISBOA, AV;;;  ;;1;0
D031301080;15188;OTAVIANO ALVES DE LIMA, AV;2479;ATILIO PIFFER, RUA;0;;22/03/2013 22:30;2;CT;13;300045; ; ;1;1;0;0;0;0;0;0;0;0;0;0;0;0;0;0;0;2479;ATILIO PIFFER, RUA;15188;OTAVIANO ALVES DE LIMA, AV;21;CASA VERDE;1;0
D031301977;3106;BELO HORIZONTE, RUA;;;41;;22/03/2013 22:30;4;AT;63;1320; ; ;0;1;0;0;0;0;0;0;0;0;0;0;0;0;0;0;0;3106;BELO HORIZONTE, RUA;;;8;BELEM;1;0
D031302024;4490;CAROLINA FONSECA, RUA;13870;PALMERINO CALABRESE, RUA;0;;22/03/2013 23:00;2;CO;64;2952; ; ;1;1;0;0;0;0;0;0;0;0;0;0;0;0;0;0;0;4490;CAROLINA FONSECA, RUA;13870;PALMERINO CALABRESE, RUA;36;ITAQUERA;1;0
D031301141;18151;SEZEFREDO FAGUNDES, AV CEL;;;3600;;22/03/2013 23:13;2;CO;20;2601; ; ;1;1;0;0;0;0;0;0;0;0;0;0;0;0;0;0;0;18151;SEZEFREDO FAGUNDES, AV CEL;;;22;CIDADE ADEMAR;1;0
D031302042;9580;ITAQUERA, AV;22268;OSVALDO VALLE CORDEIRO, AV;0;;22/03/2013 23:30;4;AT;65;1824; ; ;0;0;0;0;0;0;0;0;0;0;0;1;0;0;0;0;0;9580;ITAQUERA, AV;22268;OSVALDO VALLE CORDEIRO, AV;  ;;1;0
D031302054;11542;NORDESTINA, AV;;;4922;;23/03/2013 00:05;2;CO;67;3537; ; ;1;1;0;0;0;0;0;0;0;0;0;0;0;0;0;0;0;11542;NORDESTINA, AV;;;76;SAO MIGUEL;1;0
D031302392;99466;CHEDID JAFET, AV;;;100;;23/03/2013 00:26;4;AT;16;3844;B; ;1;0;0;0;0;0;0;0;0;0;0;0;0;0;0;0;0;99466;CHEDID JAFET, AV;;;  ;;0;1
D031301972;13881;MIGUEL, AV S;;;5100;;23/03/2013 00:36;2;CT;62;2951; ; ;1;1;0;0;0;0;0;0;0;0;0;0;0;0;0;0;0;13881;MIGUEL, AV S;;;65;PONTE RASA;2;0
D031300138;15967;PEDRO I, AV DOM;9151;INDEPENDENCIA (V PRUDENTE), RUA;0;;23/03/2013 00:50;4;AT;6;509; ; ;0;0;0;0;0;0;0;0;0;0;0;0;0;0;0;1;0;9151;INDEPENDENCIA (V PRUDENTE), RUA;15967;PEDRO I, AV DOM;  ;;1;0
D031301340;46566;NELSON PALMA TRAVASSOS, AV;;;100;;23/03/2013 01:10;2;CO;74;2485; ; ;1;0;1;0;0;0;0;0;0;0;0;0;0;0;0;0;0;46566;NELSON PALMA TRAVASSOS, AV;;;41;JARAGUA;3;0
D031300796;9529;ITAPECERICA, ES DE;;;2000;;23/03/2013 01:10;2;CO;37;2517; ; ;2;0;0;0;0;0;0;0;0;0;0;0;0;0;0;0;0;9529;ITAPECERICA, ES DE;;;29;FREGUESIA DO O;2;0
D031300017;6708;ESTUDANTES, RUA DOS;;;0;PROXIMO  - R.THOMAZ D;23/03/2013 01:30;2;CO;1;2117; ; ;2;0;0;0;0;0;0;0;0;0;0;0;0;0;0;0;0;6708;ESTUDANTES, RUA DOS;;;80;SE;1;0
D031302391;6896;FANFULA, RUA;;;310;;23/03/2013 02:30;4;AT;16;3846; ; ;0;1;0;0;0;0;0;0;0;0;0;0;0;0;0;0;0;6896;FANFULA, RUA;;;  ;;0;1
D031301255;15425;CANTIDIO SAMPAIO, AV DEP;;;517;;23/03/2013 03:00;2;CH;72;1104; ; ;1;0;0;0;0;0;0;0;0;0;0;0;0;0;0;0;0;15425;CANTIDIO SAMPAIO, AV DEP;;;41;JARAGUA;2;0
D031301279;71000;FIRMINOPOLIS, RUA;;;140;;23/03/2013 03:45;2;QM;72;2486; ; ;0;1;0;0;0;0;0;0;0;0;0;0;0;0;0;0;0;71000;FIRMINOPOLIS, RUA;;;8;BELEM;1;0
D031301572;10270;JOAO DIAS, AV;;;2346;;23/03/2013 04:48;2;CT;11;410; ; ;2;0;0;0;0;0;0;0;0;0;0;0;0;0;0;0;0;10270;JOAO DIAS, AV;;;72;SANTO AMARO;1;0
D031301093;4775;CEREJEIRAS, AV DAS;;;318;;23/03/2013 05:00;2;CF;19;1110; ; ;1;0;0;0;0;0;0;0;1;0;0;0;0;0;0;0;0;4775;CEREJEIRAS, AV DAS;;;94;VILA MEDEIROS;2;0
D031301573;4053;MARIO LOPES LEAO, AV;;;650;;23/03/2013 05:00;2;CH;11;411; ; ;1;1;0;0;0;0;0;0;0;0;0;0;0;0;0;0;0;4053;MARIO LOPES LEAO, AV;;;72;SANTO AMARO;2;0
D031301601;19931;WASHINGTON LUIS, AV;;;800;;23/03/2013 05:30;2;CO;11;3224; ; ;1;1;0;0;0;0;0;0;0;0;0;0;0;0;0;0;0;19931;WASHINGTON LUIS, AV;;;30;GRAJAU;1;0
D031300950;13014;MARGINAL DO RIO PINHEIROS, AV;;;0;NADA CONSTA ;23/03/2013 05:45;2;QM;89;3782; ; ;0;1;0;0;0;0;0;0;0;0;0;0;0;0;0;0;0;13014;MARGINAL DO RIO PINHEIROS, AV;;;40;JAGUARE;1;0
D031301333;15425;CANTIDIO SAMPAIO, AV DEP;;;0;NADA CONSTA ;23/03/2013 06:30;2;CF;74;1105; ; ;2;0;0;0;0;0;0;0;0;0;0;0;0;0;0;0;0;15425;CANTIDIO SAMPAIO, AV DEP;;;41;JARAGUA;1;0
D031302397;18464;JORGE DUPRAT FIGUEIREDO, RUA;;;385;;23/03/2013 06:37;2;CH;26;2448; ; ;0;1;0;0;0;0;0;0;0;0;0;0;0;0;0;0;0;18464;JORGE DUPRAT FIGUEIREDO, RUA;;;0;NULL;0;1
D031301355;98904;PAULO FREIRE, AV EDUC;;;0;PROXIMO  - VIA FERNAO;23/03/2013 06:43;2;CO;90;1103; ; ;0;0;0;0;1;0;0;0;0;0;0;1;0;0;0;0;0;98904;PAULO FREIRE, AV EDUC;;;91;VILA MARIA;1;0
D031301839;2483;ATLANTICA ANT. ROBERT KENNEDY, AV;;;3500;;23/03/2013 06:46;2;CO;102;415; ; ;1;1;0;0;0;0;0;0;0;0;0;0;0;0;0;0;0;2483;ATLANTICA ANT. ROBERT KENNEDY, AV;;;23;CIDADE DUTRA;1;0
D031302176;6927;HARRY DANHENBERG, RUA;;;700;;23/03/2013 07:04;2;QM;53;888; ; ;0;1;0;0;0;0;0;0;0;0;0;0;0;0;0;0;0;6927;HARRY DANHENBERG, RUA;;;24;CIDADE LIDER;1;0
D031301735;8368;GUARAPIRANGA, AV;35858;GUIDO CALOI, AV;0;;23/03/2013 07:15;2;QM;92;1896; ; ;0;1;0;0;0;0;0;0;0;0;0;0;0;0;0;0;0;8368;GUARAPIRANGA, AV;35858;GUIDO CALOI, AV;45;JARDIM SAO LUIS;2;0
D031302177;15924;PEDRO FELICIANO, RUA;19070;TOME ALVARES DE CASTRO, RUA;0;;23/03/2013 07:30;4;AT;53;902; ; ;1;0;0;0;0;0;0;0;0;0;0;0;0;0;0;0;0;15924;PEDRO FELICIANO, RUA;19070;TOME ALVARES DE CASTRO, RUA;58;PARQUE DO CARMO;1;0
D031301666;6334;ELLIS MAAS, AV;10508;JOAO ZELTNER, RUA;0;;23/03/2013 07:30;2;SI;47;3653; ; ;1;1;0;0;0;0;0;0;0;0;0;0;0;0;0;0;0;6334;ELLIS MAAS, AV;10508;JOAO ZELTNER, RUA;19;CAPAO REDONDO;1;0
D031302014;21253;AGUIA DE HAIA, AV;;;367;;23/03/2013 07:39;2;CO;64;2469; ; ;1;1;0;0;0;0;0;0;0;0;0;0;0;0;0;0;0;21253;AGUIA DE HAIA, AV;;;0;NULL;1;0
D031301602;16075;PEREIRA BARRETO, RUA;;;36;;23/03/2013 08:20;2;CH;11;3225; ; ;1;1;0;0;0;0;0;0;0;0;0;0;0;0;0;0;0;16075;PEREIRA BARRETO, RUA;;;29;FREGUESIA DO O;1;0
D031301293;7061;FERNAO DIAS, VIA;;;84800;;23/03/2013 08:20;2;CL;73;1108; ; ;1;0;0;1;0;0;0;0;0;0;0;0;0;0;0;0;0;7061;FERNAO DIAS, VIA;;;38;JACANA;2;0
D031302221;17269;RODOLFO PIRANI, AV;;;377;;23/03/2013 09:15;2;CO;55;896; ; ;1;1;0;0;0;0;0;0;0;0;0;0;0;0;0;0;0;17269;RODOLFO PIRANI, AV;;;55;MORUMBI;1;0
D031301603;998;SANTO AMARO, AL;;;747;;23/03/2013 09:30;2;CO;11;3227; ; ;1;1;0;0;0;0;0;0;0;0;0;0;0;0;0;0;0;998;SANTO AMARO, AL;;;72;SANTO AMARO;1;0
D031301294;8253;PAULO LINCOLN DO VALLE PONTIN, AV;;;61;;23/03/2013 09:30;2;CO;73;1117; ; ;1;1;0;0;0;0;0;0;0;0;0;0;0;0;0;0;0;8253;PAULO LINCOLN DO VALLE PONTIN, AV;;;38;JACANA;1;0
D031300650;2271;ARNALDO, AV DR;;;1516;;23/03/2013 10:00;4;AT;23;1603; ; ;0;0;0;0;0;0;0;0;0;0;0;1;0;0;0;0;0;2271;ARNALDO, AV DR;;;26;CONSOLACAO;2;0
D031301992;9084;IMPERADOR, ES DO;;;2707;;23/03/2013 10:00;2;QM;63;2473; ; ;0;1;0;0;0;0;0;0;0;0;0;0;0;0;0;0;0;9084;IMPERADOR, ES DO;;;89;VILA JACUI;1;0
D031301713;12403;M'BOI MIRIM, ES;;;2667;;23/03/2013 10:00;4;AT;92;679; ; ;0;1;0;0;0;0;0;0;0;0;0;0;0;0;0;0;0;12403;M'BOI MIRIM, ES;;;42;JARDIM ANGELA;1;0
D031300032;16870;RANGEL PESTANA, AV;;;300;;23/03/2013 10:30;4;AT;1;2390; ; ;1;0;0;0;0;0;0;0;0;0;0;0;0;0;0;0;0;16870;RANGEL PESTANA, AV;;;1;AGUA RASA;1;0
D031300791;18132;BATISTA CRESPO, RUA;;;100;;23/03/2013 10:30;2;CO;37;2451; ; ;1;1;0;0;0;0;0;0;0;0;0;0;0;0;0;0;0;18132;BATISTA CRESPO, RUA;;;29;FREGUESIA DO O;1;0
D031301801;8439;GUAVIRUTUBA, RUA;;;1380;;23/03/2013 11:00;2;CO;100;680; ; ;2;1;0;0;0;0;0;0;0;0;0;0;0;0;0;0;0;8439;GUAVIRUTUBA, RUA;;;42;JARDIM ANGELA;1;0
D031302015;2701;BACURAU, RUA;;;641;;23/03/2013 11:00;4;AT;64;2481; ; ;1;0;0;0;0;0;0;0;0;0;0;0;0;0;0;0;0;2701;BACURAU, RUA;;;36;ITAQUERA;1;0
D031300073;4659;CAXIAS, AV DUQ DE;17115;RIO BRANCO, AV;0;;23/03/2013 11:30;4;AT;3;2406; ; ;0;1;0;0;0;0;0;0;0;0;0;0;0;0;0;0;0;4659;CAXIAS, AV DUQ DE;17115;RIO BRANCO, AV;67;REPUBLICA;2;0
D031301642;70611;LUIS GONZAGA BICUDO, RUA;64621;JOAO NOEL VON SONNLEITHNER, RUA;0;;23/03/2013 11:40;2;CO;43;1164; ; ;1;0;0;0;1;0;0;0;0;0;0;0;0;0;0;0;0;64621;JOAO NOEL VON SONNLEITHNER, RUA;70611;LUIS GONZAGA BICUDO, RUA;  ;;1;0
D031301952;72982;CACHOEIRA MANGANAL, RUA;;;42;;23/03/2013 11:40;2;CT;59;1198; ; ;0;1;0;0;0;0;0;0;0;0;0;1;0;0;0;0;0;72982;CACHOEIRA MANGANAL, RUA;;;54;MOOCA;1;0
D031300479;16951;REGINO ARAGAO, RUA;6298;ELBA, RUA;0;;23/03/2013 11:57;2;CO;95;1441; ; ;1;1;0;0;0;0;0;0;0;0;0;0;0;0;0;0;0;6298;ELBA, RUA;16951;REGINO ARAGAO, RUA;69;SACOMA;2;0
D031301764;8269;GUAICURI, RUA DO;;;99;;23/03/2013 13:00;4;AT;98;3160; ; ;0;1;0;0;0;0;0;0;0;0;0;0;0;0;0;0;0;8269;GUAICURI, RUA DO;;;22;CIDADE ADEMAR;1;0
D031301000;14270;MORVAN DIAS DE FIGUEIREDO, AV;;;0;ACESSO  - TERM.ROD.T;23/03/2013 13:00;2;CO;9;1116;A; ;1;1;0;0;0;0;0;0;0;0;0;0;0;0;0;0;0;29772;MARGINAL DO RIO TIETE, AV;;;0;NULL;1;0
D031301467;34122;MELO FREIRE, RUA;18071;SERRA DE JAPI, RUA;0;;23/03/2013 14:10;2;CO;30;2128; ; ;2;0;0;0;0;0;0;0;0;0;0;0;0;0;0;1;0;18071;SERRA DE JAPI, RUA;34122;MELO FREIRE, RUA;82;TATUAPE;1;0
D031302038;36173;ESTANISLAU DE CAMPOS, AV PDE;34654;WALDEMAR TIETZ, AV;0;;23/03/2013 14:16;2;CO;65;992; ; ;0;1;0;0;0;0;0;0;1;0;0;0;0;0;0;0;0;34654;WALDEMAR TIETZ, AV;36173;ESTANISLAU DE CAMPOS, AV PDE;  ;;1;0
D031300120;17237;ROCHA, RUA;;;175;;23/03/2013 14:30;4;AT;5;1598; ; ;0;0;0;0;0;0;0;0;0;0;0;0;0;0;0;1;0;17237;ROCHA, RUA;;;7;BELA VISTA;1;0
D031302018;16778;QUIXERAMOBIM, RUA;;;89;;23/03/2013 14:30;2;CL;64;2535; ; ;1;1;0;0;0;0;0;0;0;0;0;1;0;0;0;0;0;16778;QUIXERAMOBIM, RUA;;;49;LIBERDADE;1;0
D031300836;35449;BANDEIRANTES, VIA DOS;;;26;;23/03/2013 14:44;2;SI;46;2658; ; ;2;0;0;1;0;0;0;0;0;0;0;0;0;0;0;0;0;35449;BANDEIRANTES, VIA DOS;;;64;PIRITUBA;5;0
D031301510;8720;HENRY FORD, AV;;;900;;23/03/2013 15:30;2;QM;56;934; ; ;0;1;0;0;0;0;0;0;0;0;0;0;0;0;0;0;0;8720;HENRY FORD, AV;;;95;VILA PRUDENTE;1;0
D031300824;1429;ANHANGUERA, VIA;;;26500;;23/03/2013 15:55;2;CH;46;1431; ; ;0;1;0;0;0;0;0;0;0;0;0;0;0;0;0;0;0;1429;ANHANGUERA, VIA;;;73;SAO DOMINGOS;1;0
D031301380;954;AMADOR BUENO DA VEIGA, AV;;;2250;;23/03/2013 16:00;2;CT;10;3307; ; ;1;1;0;0;0;0;0;0;0;0;0;0;0;0;0;0;0;954;AMADOR BUENO DA VEIGA, AV;;;60;PENHA;1;0
D031301967;14917;OLAVO EGIDIO DE SOUZA ARANHA, AV;;;1330;;23/03/2013 16:30;4;AT;62;1201; ; ;1;1;0;0;0;0;0;0;0;0;0;0;0;0;0;0;0;14917;OLAVO EGIDIO DE SOUZA ARANHA, AV;;;49;LIBERDADE;1;0
D031302222;63078;MORRO DAS PEDRAS, RUA;;;30;;23/03/2013 16:50;2;CH;55;934; ; ;2;1;0;0;0;0;0;0;0;0;0;0;0;0;0;0;0;63078;MORRO DAS PEDRAS, RUA;;;55;MORUMBI;1;0
D031302001;8039;GODOFREDO, RUA BR DE;;;50;;23/03/2013 17:30;2;CO;64;2097; ; ;1;1;0;0;0;0;0;0;0;0;0;0;0;0;0;0;0;8039;GODOFREDO, RUA BR DE;;;36;ITAQUERA;1;0
D031300787;99949;CARLOS CALDEIRA FILHO, AV;;;55;;23/03/2013 17:30;2;CO;37;2363; ; ;1;1;0;0;0;0;0;0;0;0;0;0;0;0;0;0;0;99949;CARLOS CALDEIRA FILHO, AV;;;19;CAPAO REDONDO;1;0
D031300252;5881;DINO BUENO, AL;;;552;;23/03/2013 18:20;4;AT;77;1626;C; ;1;0;0;0;0;0;0;0;0;0;0;0;0;0;0;0;0;5881;DINO BUENO, AL;;;70;SANTA CECILIA;1;0
D031300035;6642;ESTADO, AV DO;;;100;;23/03/2013 18:35;4;AT;1;2528; ; ;0;0;0;1;0;0;0;0;0;0;0;0;0;0;0;0;0;6642;ESTADO, AV DO;;;9;BOM RETIRO;1;0
D031301454;27094;SALIM FARAH MALUF, AV;;;2475;;23/03/2013 18:50;2;CO;30;1567; ; ;0;1;0;0;1;0;0;0;0;0;0;0;0;0;0;0;0;27094;SALIM FARAH MALUF, AV;;;82;TATUAPE;1;0
D031301870;34798;CARLO BIBIENA, RUA;;;320;;23/03/2013 19:32;2;CL;22;2137; ; ;3;0;0;0;0;0;0;0;0;0;0;0;0;0;0;0;0;34798;CARLO BIBIENA, RUA;;;53;MOEMA;1;0
D031301142;13133;MARIA AMALIA LOPES AZEVEDO, RUA;14767;NOVA CANTAREIRA, AV;0;;23/03/2013 20:00;2;CO;20;2608; ; ;0;0;1;0;1;0;0;0;0;0;0;0;0;0;0;0;0;13133;MARIA AMALIA LOPES AZEVEDO, RUA;14767;NOVA CANTAREIRA, AV;  ;;1;0
D031301194;277;AFONSO LOPES VIEIRA, RUA;;;320;;23/03/2013 20:30;2;CO;38;2500; ; ;1;1;0;0;0;0;0;0;0;0;0;0;0;0;0;0;0;277;AFONSO LOPES VIEIRA, RUA;;;13;CACHOEIRINHA;2;0
D031301830;10036;JEQUIRITUBA, RUA;;;249;;23/03/2013 20:40;2;CO;101;2058; ; ;1;1;0;0;0;0;0;0;0;0;0;0;0;0;0;0;0;10036;JEQUIRITUBA, RUA;;;30;GRAJAU;2;0
D031300966;9141;INDAIATUBA, RUA VISC DE;;;206;;23/03/2013 21:07;2;CO;91;1944; ; ;1;1;0;0;0;0;0;0;0;0;0;0;0;0;0;0;0;9141;INDAIATUBA, RUA VISC DE;;;48;LAPA;1;0
D031301677;20514;MANUEL ALVES SOARES, AV;;;507;;23/03/2013 21:10;2;CO;48;3173; ; ;1;1;0;0;0;0;0;0;0;0;0;0;0;0;0;0;0;20514;MANUEL ALVES SOARES, AV;;;32;IGUATEMI;1;0
D031301869;9806;PIRES DO RIO, AV;34802;AURELIANO JOSE LESSA, RUA;0;;23/03/2013 21:38;2;CO;22;2106; ; ;1;1;0;0;0;0;0;0;0;0;0;0;0;0;0;0;0;9806;PIRES DO RIO, AV;34802;AURELIANO JOSE LESSA, RUA;76;SAO MIGUEL;2;0
D031301976;16490;PONTE RASA, RUA;;;302;;23/03/2013 21:45;2;CH;62;3307; ; ;1;1;0;0;0;0;0;0;0;0;0;0;0;0;0;0;0;16490;PONTE RASA, RUA;;;0;NULL;1;0
D031301107;15093;OSAKA, RUA;;;1179;;23/03/2013 22:19;2;CH;19;2609;B; ;0;1;0;0;0;0;0;0;0;0;0;0;0;0;0;0;0;15093;OSAKA, RUA;;;36;ITAQUERA;1;0
D031301546;6532;ERARIO, RUA DO;;;5;;23/03/2013 22:26;2;CO;57;1821; ; ;1;1;0;0;0;0;0;0;0;0;0;0;0;0;0;0;0;6532;ERARIO, RUA DO;;;1;AGUA RASA;1;0
D031301143;14767;NOVA CANTAREIRA, AV;;;200;;23/03/2013 23:30;2;CO;20;2610; ; ;1;1;0;0;0;0;0;0;0;0;0;0;0;0;0;0;0;14767;NOVA CANTAREIRA, AV;;;83;TREMEMBE;1;0
D031300663;7491;FRANCISCO MATARAZZO, AV;;;694;;23/03/2013 23:35;2;CO;23;1947; ; ;2;1;0;0;0;0;0;0;0;0;0;0;0;0;0;0;0;7491;FRANCISCO MATARAZZO, AV;;;6;BARRA FUNDA;1;0
D031300891;36622;VICTOR OSVALDO CARELLI, RUA;3732;JOAQUIM LAPAS VEIGA, RUA;0;;24/03/2013 00:15;2;CH;75;2368; ; ;1;1;0;0;0;0;0;0;0;0;0;0;0;0;0;0;0;3732;JOAQUIM LAPAS VEIGA, RUA;37087;ANTONIO RAMIRO DA SILVA, AV;68;RIO PEQUENO;3;0
D031301786;9220;INTERLAGOS, AV;20048;YERVANT KISSAJIKIAN, AV;0;;24/03/2013 00:17;2;CL;99;1324; ; ;1;1;0;0;0;0;0;0;0;0;0;0;0;0;0;0;0;9220;INTERLAGOS, AV;20048;YERVANT KISSAJIKIAN, AV;16;CAMPO GRANDE;1;0
D031301957;67840;CONFLUENCIA DA FORQUILHA, RUA;;;463;;24/03/2013 00:30;4;AT;59;3681; ; ;0;1;0;0;0;0;0;0;0;0;0;0;0;0;0;0;0;67840;CONFLUENCIA DA FORQUILHA, RUA;;;54;MOOCA;1;0
D031301831;3509;BELMIRA MARIN, AV DONA;;;3775;;24/03/2013 00:50;2;CO;101;2064; ; ;1;1;0;0;0;0;0;0;0;0;0;0;0;0;0;0;0;3509;BELMIRA MARIN, AV DONA;;;30;GRAJAU;1;0
D031301925;98912;JOSE PINHEIRO BORGES, AV;;;0;PROXIMO  - AV PIRES D;24/03/2013 01:40;2;CT;32;2124; ; ;1;1;0;0;0;0;0;0;0;0;0;0;0;0;0;0;0;98912;JOSE PINHEIRO BORGES, AV;;;36;ITAQUERA;1;0