id_acidente;codloga;logradouroA;codlogb;logradouroB;alt_num;referencia;data;cod_acid;tipo_acidente;dp;numero_BO;sentido;pista;automovel;moto;onibus;caminhao;bicicleta;moto_taxi;onibus_fretado;onibus_urbano;microonibus;van;vuc;caminhonete;carreta;jipe;outros;sem_informacao;carroca;princ_a;paiA;princ_b;paiB;cod_distrito;distrito;vit_ferida;vit_morta
D031301971;21253;AGUIA DE HAIA, AV;67188;CONCORDIA DO MUCURI, RUA;0;;25/03/2013 16:00;2;CL;62;2523; ; ;1;1;0;0;0;0;0;0;0;0;0;0;0;0;0;0;0;21253;AGUIA DE HAIA, AV;67188;CONCORDIA DO MUCURI, RUA;65;PONTE RASA;1;0
D031301145;18151;SEZEFREDO FAGUNDES, AV CEL;;;2483;;25/03/2013 16:09;4;AT;20;2676; ; ;0;1;0;0;0;0;0;0;0;0;0;0;0;0;0;0;0;18151;SEZEFREDO FAGUNDES, AV CEL;;;22;CIDADE ADEMAR;1;0
D031300268;12165;LUIS ANTONIO, AV BRIG;;;2504;;25/03/2013 16:50;4;AT;78;2358; ; ;0;0;0;0;0;0;0;1;0;0;0;0;0;0;0;0;0;12165;LUIS ANTONIO, AV BRIG;;;7;BELA VISTA;1;0
D031300535;5072;CLELIA, RUA;;;222;;25/03/2013 17:08;4;AT;7;1985; ; ;0;1;0;0;0;0;0;0;0;0;0;0;0;0;0;0;0;5072;CLELIA, RUA;;;48;LAPA;1;0
D031300225;4736;CELSO GARCIA, AV;;;560;;25/03/2013 17:10;4;AT;12;1711; ; ;1;0;0;0;0;0;0;0;0;0;0;0;0;0;0;0;0;4736;CELSO GARCIA, AV;;;82;TATUAPE;2;0
D031301239;4715;CELESTINO BOURROUL, AV PROF;;;986;;25/03/2013 17:30;2;CO;40;1032; ; ;2;0;0;0;0;0;0;0;0;0;0;1;0;0;0;0;0;4715;CELESTINO BOURROUL, AV PROF;;;50;LIMAO;1;0
D031300253;5431;ARTHUR DA COSTA E SILVA, VEL PRES;;;0;NADA CONSTA ;25/03/2013 17:30;2;CL;77;1671; ; ;1;1;0;0;0;0;0;0;0;0;0;0;0;0;0;0;0;5431;ARTHUR DA COSTA E SILVA, VEL PRES;;;70;SANTA CECILIA;1;0
D031301501;4736;CELSO GARCIA, AV;8552;GUSTAVO SANTIAGO, RUA CEL;0;;25/03/2013 17:43;2;CT;52;930;B; ;0;0;0;0;1;0;0;1;0;0;0;0;0;0;0;0;0;4736;CELSO GARCIA, AV;18347;SIRIA, RUA;82;TATUAPE;1;0
D031300945;8000;GIOVANNI GRONCHI, AV;;;3577;;25/03/2013 18:00;2;CO;89;2434; ; ;1;1;0;0;0;0;0;0;0;0;0;0;0;0;0;0;0;8000;GIOVANNI GRONCHI, AV;;;55;MORUMBI;1;0
D031301607;4371;CARLOS GOMES, RUA;;;627;;25/03/2013 19:00;2;CO;11;3329; ; ;1;1;0;0;0;0;0;0;0;0;0;0;0;0;0;0;0;4371;CARLOS GOMES, RUA;;;72;SANTO AMARO;2;0
D031300739;16337;ELISEU DE ALMEIDA, AV;17108;RIO AZUL, RUA;0;;25/03/2013 19:20;2;CO;34;1877; ; ;1;1;0;0;0;0;0;0;0;0;0;0;0;0;0;0;0;16337;ELISEU DE ALMEIDA, AV;17108;RIO AZUL, RUA;  ;;1;0
D031301075;9723;JABOATAO, RUA;4230;CARANDAI, RUA;0;;25/03/2013 19:50;2;CO;13;3218; ; ;1;1;0;0;0;0;0;0;0;0;0;0;0;0;0;0;0;2479;ATILIO PIFFER, RUA;4230;CARANDAI, RUA;21;CASA VERDE;1;0
D031300489;5762;DELAMARE, AV ALM;;;3300;;25/03/2013 20:03;2;CO;95;2556; ; ;0;2;0;0;0;0;0;0;0;0;0;0;0;0;0;0;0;5762;DELAMARE, AV ALM;;;33;IPIRANGA;2;0
D031301243;3813;CAETANO ALVARES, AV ENG;19853;VITORIA, AV BR DA;0;;25/03/2013 20:30;2;CO;40;3216; ; ;0;1;0;0;0;0;0;0;0;0;0;0;0;0;0;1;0;3813;CAETANO ALVARES, AV ENG;19853;VITORIA, AV BR DA;21;CASA VERDE;1;0
D031300522;6858;FABIA, RUA;;;0;PROXIMO  - DULIO COMP;25/03/2013 21:00;2;CO;7;1442; ; ;1;1;0;0;0;0;0;0;0;0;0;0;0;0;0;0;0;6858;FABIA, RUA;;;48;LAPA;1;0
D031301283;66114;GONCALO DO ABAETE, RUA S;61020;SILVIO BUENO PERUCHE, RUA;0;;25/03/2013 22:52;2;CO;72;2591;C; ;1;1;0;0;0;0;0;0;0;0;0;0;0;0;0;0;0;60404;DIOGENES CAMPOS AIRES, RUA;61020;SILVIO BUENO PERUCHE, RUA;29;FREGUESIA DO O;1;0
D031302377;72670;INACIO MONTEIRO, RUA;;;2689;;25/03/2013 22:55;4;AT;62;1259; ; ;1;0;0;0;0;0;0;0;0;0;0;0;0;0;0;0;0;72670;INACIO MONTEIRO, RUA;;;  ;;0;1
D031302119;72670;INACIO MONTEIRO, RUA;;;1179;;25/03/2013 23:05;4;AT;44;1903; ; ;1;0;0;0;0;0;0;0;0;0;0;0;0;0;0;0;0;72670;INACIO MONTEIRO, RUA;;;50;LIMAO;1;0
D031302276;2181;ARICANDUVA, AV;;;5550;;25/03/2013 23:30;2;CO;66;1905; ; ;3;0;0;0;0;0;0;0;0;0;0;0;0;0;0;0;0;2181;ARICANDUVA, AV;;;60;PENHA;1;0
D031301926;8214;GREGORIO RAMALHO, RUA;9804;AURELIANO BARREIROS, RUA;0;;25/03/2013 23:30;2;CO;32;2167; ; ;1;1;0;0;0;0;0;0;0;0;0;0;0;0;0;0;0;8214;GREGORIO RAMALHO, RUA;9804;AURELIANO BARREIROS, RUA;36;ITAQUERA;1;0
D031301284;16051;PENHA BRASIL, AV GAL;66115;SIMEAO JOSE DE NAZARE, RUA MEST;0;;26/03/2013 00:30;2;CO;72;2593; ; ;0;1;1;0;0;0;0;0;0;0;0;0;0;0;0;0;0;16051;PENHA BRASIL, AV GAL;66115;SIMEAO JOSE DE NAZARE, RUA MEST;13;CACHOEIRINHA;1;0
D031300967;16838;RAIMUNDO PEREIRA DE MAGAL., AV;;;500;;26/03/2013 00:40;2;CH;91;1988; ; ;1;0;0;0;0;0;0;0;0;0;0;0;0;0;0;0;0;16838;RAIMUNDO PEREIRA DE MAGAL., AV;;;31;GUAIANASES;1;0
D031300804;66161;JUSTINO, RUA PDE;;;196;;26/03/2013 01:00;2;CO;37;2679; ; ;1;1;0;0;0;0;0;0;0;0;0;0;0;0;0;0;0;66161;JUSTINO, RUA PDE;;;29;FREGUESIA DO O;1;0
D031302191;99246;ARICANDUVA, ES;;;12011;;26/03/2013 03:30;2;CT;53;1909;C; ;0;2;1;0;0;0;0;0;0;0;0;0;0;0;0;0;0;99246;ARICANDUVA, ES;;;46;JOSE BONIFACIO;2;0
D031300797;34682;CAMPO LIMPO, ES DO;;;4694;;26/03/2013 05:50;2;CO;37;2529;C; ;1;1;0;0;0;0;0;0;0;0;0;0;0;0;0;0;0;34682;CAMPO LIMPO, ES DO;;;17;CAMPO LIMPO;1;0
D031301688;20048;YERVANT KISSAJIKIAN, AV;20957;HERMENEGILDO MARTINI, RUA;0;;26/03/2013 06:08;2;CO;80;1049; ; ;1;0;1;0;0;0;0;0;0;0;0;0;0;0;0;0;0;20048;YERVANT KISSAJIKIAN, AV;20957;HERMENEGILDO MARTINI, RUA;  ;;1;0
D031300055;4561;CASTELO BRANCO, AV PRES;18411;SALESOPOLIS, RUA;0;;26/03/2013 06:30;2;CO;2;1684; ; ;1;1;0;0;0;0;0;0;0;0;0;0;0;0;0;0;0;4561;CASTELO BRANCO, AV PRES;18411;SALESOPOLIS, RUA;9;BOM RETIRO;1;0
D031300765;9529;ITAPECERICA, ES DE;;;970;;26/03/2013 06:40;2;SI;37;1942; ; ;1;1;0;0;0;0;0;0;0;0;0;0;0;0;0;0;0;9529;ITAPECERICA, ES DE;;;29;FREGUESIA DO O;1;0
D031302295;5049;CLAUDIO AUGUSTO FERNANDES, AV;;;521;;26/03/2013 07:00;2;CO;69;3019; ; ;1;0;0;0;1;0;0;0;0;0;0;0;0;0;0;0;0;5049;CLAUDIO AUGUSTO FERNANDES, AV;;;55;MORUMBI;1;0
D031300825;1368;BERNARDO JOSE DE LORENA, RUA;;;100;;26/03/2013 07:00;4;AT;46;1467; ; ;1;0;0;0;0;0;0;0;0;0;0;0;0;0;0;0;0;1368;BERNARDO JOSE DE LORENA, RUA;;;52;MARSILAC;1;0
D031301461;7645;FRONTIN, AV CD DE;16251;PINHALZINHO, RUA;0;;26/03/2013 07:10;2;SI;30;1688; ; ;1;1;0;0;0;0;0;0;0;0;0;0;0;0;0;0;0;7645;FRONTIN, AV CD DE;16251;PINHALZINHO, RUA;82;TATUAPE;1;0
D031301160;3771;INAJAR DE SOUZA, AV;;;4043;;26/03/2013 07:20;2;CO;28;1612; ; ;0;1;0;0;0;0;0;0;1;0;0;0;0;0;0;0;0;3771;INAJAR DE SOUZA, AV;;;50;LIMAO;1;0
D031301707;15507;TEOTONIO VILELA, AV SEN;;;4450;;26/03/2013 07:53;2;CL;85;1632; ; ;2;1;0;0;0;0;0;0;0;0;0;0;0;0;0;0;0;15507;TEOTONIO VILELA, AV SEN;;;23;CIDADE DUTRA;1;0
D031300516;3724;BURITIS, RUA DOS;5551;CRUZ DAS ALMAS, RUA;0;;26/03/2013 08:00;2;CO;97;2698; ; ;1;1;0;0;0;0;0;0;1;0;0;0;0;0;0;0;0;3724;BURITIS, RUA DOS;5551;CRUZ DAS ALMAS, RUA;37;JABAQUARA;1;0
D031301001;1039;AMAZONAS DA SILVA, RUA;;;602;;26/03/2013 08:00;2;CL;9;1178;C; ;0;1;0;1;0;0;0;0;0;0;0;0;0;0;0;0;0;1039;AMAZONAS DA SILVA, RUA;;;88;VILA GUILHERME;1;0
D031300298;2692;BACELAR, RUA DR;15025;ONZE DE JUNHO, AV;0;;26/03/2013 08:00;2;CH;16;4011; ; ;1;1;0;0;0;0;0;0;0;0;0;0;0;0;0;0;0;2692;BACELAR, RUA DR;15025;ONZE DE JUNHO, AV;79;SAUDE;1;0
D031300121;19764;VINTE E TRES DE MAIO, AV;;;919;;26/03/2013 08:15;2;CT;5;1643; ; ;4;1;0;0;0;0;0;0;0;0;0;0;0;0;0;0;0;19764;VINTE E TRES DE MAIO, AV;;;17;CAMPO LIMPO;1;0
D031300379;16675;ANTONIO DE MACEDO SOARES, RUA;16318;JOAO DE SOUSA DIAS, RUA;0;;26/03/2013 08:17;4;AT;27;3103; ; ;0;0;0;0;0;0;0;0;0;0;0;1;0;0;0;0;0;16318;JOAO DE SOUSA DIAS, RUA;16675;ANTONIO DE MACEDO SOARES, RUA;15;CAMPO BELO;1;0
D031301487;15032;ORATORIO, AV DO;20454;ARNALDO  BARBOSA, RUA DR;0;;26/03/2013 08:52;2;CO;42;1090; ; ;0;1;0;0;0;0;0;0;0;0;0;1;0;0;0;0;0;15032;ORATORIO, AV DO;20454;ARNALDO  BARBOSA, RUA DR;74;SAO LUCAS;1;0
D031300740;12819;ARTHUR DE SOUZA SANTOS, PCA;;;737;;26/03/2013 09:00;2;QM;34;1884; ; ;0;1;0;0;0;0;0;0;0;0;0;0;0;0;0;0;0;12819;ARTHUR DE SOUZA SANTOS, PCA;;;16;CAMPO GRANDE;1;0
D031300917;13014;MARGINAL DO RIO PINHEIROS, AV;;;400;;26/03/2013 09:40;2;CO;89;1441; ; ;1;1;0;0;0;0;0;0;0;0;0;0;0;0;0;0;0;13014;MARGINAL DO RIO PINHEIROS, AV;;;  ;;1;0
D031300306;9159;INDIANOPOLIS, AV;;;1137;;26/03/2013 09:40;2;CT;16;4214; ; ;1;1;0;0;0;0;0;0;0;0;0;0;0;0;0;0;0;9159;INDIANOPOLIS, AV;;;79;SAUDE;1;0
D031301899;13881;MIGUEL, AV S;;;1847;;26/03/2013 09:54;4;AT;24;3070; ; ;0;1;0;0;0;0;0;0;0;0;0;0;0;0;0;0;0;13881;MIGUEL, AV S;;;65;PONTE RASA;1;0
D031302232;17824;SAPOPEMBA, AV;;;19046;;26/03/2013 10:00;2;TB;55;1277; ; ;0;0;0;1;0;0;0;0;0;0;0;0;0;0;0;0;0;17824;SAPOPEMBA, AV;;;33;IPIRANGA;2;0
D031300916;13014;MARGINAL DO RIO PINHEIROS, AV;;;0;PROXIMO  - PTE.CID.JA;26/03/2013 11:00;2;QM;89;811; ; ;0;1;0;0;0;0;0;0;0;0;0;0;0;0;0;0;0;13014;MARGINAL DO RIO PINHEIROS, AV;;;  ;;1;0
D031300457;13915;MIGUEL ESTEFANO, AV;;;2080;;26/03/2013 11:54;2;CO;83;737; ; ;1;1;0;0;0;0;0;0;0;0;0;0;0;0;0;0;0;13915;MIGUEL ESTEFANO, AV;;;27;CURSINO;1;0
D031301323;6224;EDU CHAVES, AV;;;0;NADA CONSTA ;26/03/2013 12:00;2;CO;73;3071; ; ;0;1;0;0;0;0;0;0;1;0;0;0;0;0;0;0;0;6224;EDU CHAVES, AV;;;38;JACANA;1;0
D031300885;73078;MARGARIDA IZAR, RUA;;;164;;26/03/2013 12:00;2;CO;75;1048; ; ;0;0;0;1;0;0;0;1;0;0;0;0;0;0;0;0;0;73078;MARGARIDA IZAR, RUA;;;0;NULL;1;0
D031301393;15304;PAES DE BARROS, AV;;;1131;;26/03/2013 12:06;2;CO;18;549; ; ;1;1;1;0;0;0;0;0;0;0;0;0;0;0;0;0;0;15304;PAES DE BARROS, AV;;;16;CAMPO GRANDE;1;0
D031301161;17061;RIBEIRO DE MORAIS, RUA;;;925;;26/03/2013 12:24;2;CH;28;1629; ; ;0;0;1;0;0;0;0;0;0;0;0;0;0;0;0;0;0;17061;RIBEIRO DE MORAIS, RUA;;;4;ARICANDUVA;3;0
D031300095;2271;ARNALDO, AV DR;;;10;;26/03/2013 12:30;4;AT;4;2256; ; ;1;0;0;0;0;0;0;0;0;0;0;0;0;0;0;0;0;2271;ARNALDO, AV DR;;;26;CONSOLACAO;1;0
D031301531;24338;LUIZ IGNACIO ANHAIA MELLO, AV PROF;;;1100;;26/03/2013 13:00;2;CL;56;1895; ; ;1;0;0;1;0;0;0;0;0;0;0;0;0;0;0;0;0;24338;LUIZ IGNACIO ANHAIA MELLO, AV PROF;;;26;CONSOLACAO;1;0
D031301555;6239;EDUARDO COTCHING, AV DR;14713;VITORIAS, PCA NSRA DAS;0;;26/03/2013 13:00;2;CO;58;712; ; ;0;1;0;0;0;0;0;0;0;0;0;1;0;0;0;0;0;6239;EDUARDO COTCHING, AV DR;14713;VITORIAS, PCA NSRA DAS;87;VILA FORMOSA;1;0
D031302069;98912;JOSE PINHEIRO BORGES, AV;;;269;;26/03/2013 13:30;4;AT;103;992; ; ;1;0;0;0;0;0;0;0;0;0;0;2;0;0;0;0;0;98912;JOSE PINHEIRO BORGES, AV;;;36;ITAQUERA;1;0
D031300122;12165;LUIS ANTONIO, AV BRIG;;;1404;;26/03/2013 13:40;2;CO;5;1662; ; ;1;1;0;0;0;0;0;0;0;0;0;0;0;0;0;0;0;12165;LUIS ANTONIO, AV BRIG;;;7;BELA VISTA;1;0
D031301613;10270;JOAO DIAS, AV;;;403;;26/03/2013 13:42;4;AT;11;900105; ; ;1;0;0;0;0;0;0;0;0;0;0;0;0;0;0;0;0;10270;JOAO DIAS, AV;;;72;SANTO AMARO;1;0
D031302192;60675;AFONSO DE SAMPAIO E SOUSA, AV;;;567;;26/03/2013 13:44;4;AT;53;1917; ; ;1;1;0;0;0;0;0;0;0;0;0;0;0;0;0;0;0;60675;AFONSO DE SAMPAIO E SOUSA, AV;;;51;MANDAQUI;2;0
D031301736;12403;M'BOI MIRIM, ES;;;307;;26/03/2013 14:00;4;AT;92;1961; ; ;1;0;0;0;0;0;0;0;0;0;0;0;0;0;0;0;0;12403;M'BOI MIRIM, ES;;;42;JARDIM ANGELA;1;0
D031302020;3994;CAMPANELLA, AV;;;180;;26/03/2013 14:00;4;AT;64;2551; ; ;1;0;0;0;0;0;0;0;0;0;0;0;0;0;0;0;0;3994;CAMPANELLA, AV;;;36;ITAQUERA;1;0
D031300743;12502;MAGALHAES DE CASTRO, AV;;;0;QUILOMETRO  - 6;26/03/2013 14:00;2;CO;34;1899; ; ;1;1;0;0;0;0;0;0;0;0;0;0;0;0;0;0;0;13014;MARGINAL DO RIO PINHEIROS, AV;;;12;BUTANTA;1;0
D031301076;11170;JOSE RANGEL DE CAMARGO, RUA;;;377;;26/03/2013 14:00;4;AT;13;3260; ; ;0;0;0;0;0;0;0;0;0;0;0;1;0;0;0;0;0;11170;JOSE RANGEL DE CAMARGO, RUA;;;21;CASA VERDE;1;0
D031301623;33015;SADAMU INOUE, AV;;;0;PROXIMO  - AV SEN TEO;26/03/2013 14:00;4;AT;25;809; ; ;0;0;0;0;0;0;0;0;0;0;0;1;0;0;0;0;0;33015;SADAMU INOUE, AV;;;76;SAO MIGUEL;1;0
D031301096;8478;GUILHERME COTCHING, AV;;;1170;;26/03/2013 14:10;4;AT;19;1197;B; ;0;1;0;0;0;0;0;0;0;0;0;0;0;0;0;0;0;8478;GUILHERME COTCHING, AV;;;91;VILA MARIA;1;0
D031301146;20087;ZUMKELLER, AV;16477;PONTA GROSSA, RUA;0;;26/03/2013 14:13;2;CO;20;2703; ; ;1;1;0;0;0;0;0;0;0;0;0;0;0;0;0;0;0;16477;PONTA GROSSA, RUA;20087;ZUMKELLER, AV;51;MANDAQUI;1;0
D031300503;21514;ROQUE PETRONI JUNIOR, AV;;;800;;26/03/2013 14:18;4;AT;96;1389; ; ;0;0;1;0;0;0;0;0;0;0;0;0;0;0;0;0;0;21514;ROQUE PETRONI JUNIOR, AV;;;30;GRAJAU;1;0
D031300652;16463;POMPEIA, AV;;;1771;;26/03/2013 14:30;2;CO;23;1646; ; ;1;2;0;0;0;0;0;0;0;0;0;0;0;0;0;0;0;16463;POMPEIA, AV;;;19;CAPAO REDONDO;2;0
D031301406;18454;SOUSA BANDEIRA, AV;;;136;;26/03/2013 14:58;4;AT;21;1005; ; ;1;0;0;0;0;0;0;0;0;0;0;0;0;0;0;0;0;18454;SOUSA BANDEIRA, AV;;;38;JACANA;1;0
D031300653;1475;ANTARTICA, AV;;;214;;26/03/2013 15:04;4;AT;23;1648; ; ;0;0;0;0;0;0;0;0;0;0;0;0;0;0;0;1;0;1475;ANTARTICA, AV;;;6;BARRA FUNDA;1;0
D031300325;43154;TANCREDO NEVES, AV PRES;;;100;;26/03/2013 15:15;2;SI;26;2574; ; ;0;1;0;1;0;0;0;0;0;0;0;0;0;0;0;0;0;43154;TANCREDO NEVES, AV PRES;;;18;CANGAIBA;1;0
D031300991;831;ALTINO, AV PRES;;;2986;;26/03/2013 15:20;2;QM;93;1996; ; ;0;1;0;0;0;0;0;0;0;0;0;1;0;0;0;0;0;831;ALTINO, AV PRES;;;40;JAGUARE;1;0
D031302399;12403;M'BOI MIRIM, ES;;;7018;;26/03/2013 15:22;2;CF;100;1628; ; ;0;1;1;0;0;0;0;0;0;0;0;0;0;0;0;0;0;12403;M'BOI MIRIM, ES;;;42;JARDIM ANGELA;0;1
D031301247;15485;PARAPUA, RUA;;;720;;26/03/2013 15:30;2;CO;45;721;B; ;1;1;0;0;0;0;0;0;0;0;0;0;0;0;0;0;0;15485;PARAPUA, RUA;;;4;ARICANDUVA;1;0
D031301900;7874;GENTIL BRAGA, RUA;;;368;;26/03/2013 15:45;2;CO;24;3090; ; ;1;0;0;0;1;0;0;0;0;0;0;0;0;0;0;0;0;7874;GENTIL BRAGA, RUA;;;18;CANGAIBA;1;0
D031300589;7086;FERREIRA DE ARAUJO, RUA;19890;VUPABUSSU, RUA;0;;26/03/2013 16:00;2;CO;14;2868; ; ;1;1;0;0;0;0;0;0;0;0;0;0;0;0;0;0;0;7086;FERREIRA DE ARAUJO, RUA;19890;VUPABUSSU, RUA;63;PINHEIROS;1;0
D031301614;10270;JOAO DIAS, AV;3216;BENTO BRANCO DE ANDRADE FILHO, RUA;0;;26/03/2013 16:40;2;CO;11;900102; ; ;1;1;0;0;0;0;0;0;0;0;0;0;0;0;0;0;0;3216;BENTO BRANCO DE ANDRADE FILHO, RUA;10270;JOAO DIAS, AV;72;SANTO AMARO;1;0
D031300590;6238;NACOES UNIDAS, AV DAS;;;9999;;26/03/2013 17:05;2;CO;14;2869; ; ;1;1;0;0;0;0;0;0;0;0;0;0;0;0;0;0;0;13014;MARGINAL DO RIO PINHEIROS, AV;;;90;VILA LEOPOLDINA;1;0
D031300096;5245;CONSOLACAO, RUA DA;12132;LUIS, AV S;0;;26/03/2013 17:29;4;AT;4;2264; ; ;0;0;0;0;0;0;0;1;0;0;0;0;0;0;0;0;0;5245;CONSOLACAO, RUA DA;19996;XAVIER DE TOLEDO, RUA CEL;67;REPUBLICA;1;0
D031301477;4502;CARRAO, AV CONS;;;2000;;26/03/2013 17:30;4;AT;31;1653; ; ;0;1;0;0;0;0;0;0;0;0;0;0;0;0;0;0;0;4502;CARRAO, AV CONS;;;20;CARRAO;1;0
D031300876;5309;CORIFEU DE AZEVEDO MARQUES, AV;;;1674;;26/03/2013 17:30;2;CO;51;900063; ; ;1;1;0;0;0;0;0;0;0;0;0;0;0;0;0;0;0;5309;CORIFEU DE AZEVEDO MARQUES, AV;;;12;BUTANTA;1;0
D031301922;18803;TEODORO, RUA S;;;500;;26/03/2013 17:30;2;CO;32;2055; ; ;1;1;0;0;0;0;0;0;0;0;0;0;0;0;0;0;0;18803;TEODORO, RUA S;;;51;MANDAQUI;1;0
D031301863;17820;TITO, AV MAL;;;1307;;26/03/2013 17:40;2;CO;22;1591; ; ;1;1;0;0;0;0;0;0;0;0;0;0;0;0;0;0;0;17820;TITO, AV MAL;;;53;MOEMA;1;0
D031300992;14685;ASSUNCAO, AV NSRA DA;;;0;NADA CONSTA ;26/03/2013 17:42;2;SI;93;2004; ; ;1;1;0;0;0;0;0;0;0;0;0;0;0;0;0;0;0;14685;ASSUNCAO, AV NSRA DA;;;68;RIO PEQUENO;1;0
D031300074;15323;PAICANDU, LGO DO;;;70;;26/03/2013 17:45;4;AT;3;2503; ; ;0;0;0;0;0;0;0;1;0;0;0;0;0;0;0;0;0;15323;PAICANDU, LGO DO;;;5;ARTUR ALVIM;1;0
D031302241;17824;SAPOPEMBA, AV;;;29000;;26/03/2013 17:59;2;CF;55;4098; ; ;0;0;0;1;0;0;0;0;0;0;0;1;0;0;0;0;0;17824;SAPOPEMBA, AV;;;33;IPIRANGA;1;0
D031300238;4736;CELSO GARCIA, AV;3653;BRESSER, RUA;0;;26/03/2013 17:59;4;AT;12;1735; ; ;1;0;0;0;0;0;0;0;0;0;0;0;0;0;0;0;0;3653;BRESSER, RUA;4736;CELSO GARCIA, AV;10;BRAS;1;0
D031302122;21711;SATURNINO PEREIRA, RUA;;;751;;26/03/2013 18:30;2;CO;44;1926; ; ;2;0;0;0;0;0;0;0;0;0;0;0;0;0;0;0;0;21711;SATURNINO PEREIRA, RUA;;;50;LIMAO;2;0
D031301342;5350;CORREDOR, ES DO;;;693;;26/03/2013 18:30;2;CO;74;2609; ; ;0;2;0;0;0;0;0;0;0;0;0;0;0;0;0;0;0;5350;CORREDOR, ES DO;;;41;JARAGUA;1;0
D031300799;3079;BELEZAS, AV DAS;;;526;;26/03/2013 18:30;2;CO;37;2556; ; ;0;1;0;0;0;0;0;1;0;0;0;0;0;0;0;0;0;3079;BELEZAS, AV DAS;;;85;VILA ANDRADE;1;0
D031301529;6642;ESTADO, AV DO;;;1000;;26/03/2013 19:30;2;CO;56;1885; ; ;1;1;0;0;0;0;0;0;0;0;0;0;0;0;0;0;0;6642;ESTADO, AV DO;;;9;BOM RETIRO;1;0
D031301901;75996;PASTORIL DE ITAPETINGA, RUA;;;559;;26/03/2013 19:56;2;CL;24;30952; ; ;1;1;0;0;0;0;0;0;0;0;0;0;0;0;0;0;0;75996;PASTORIL DE ITAPETINGA, RUA;;;49;LIBERDADE;1;0
D031301679;12017;LOURENCO CABREIRA, AV;13698;MATIAS BECK, AV;0;;26/03/2013 21:20;4;AT;48;3293; ; ;1;0;0;0;0;0;0;0;0;0;0;0;0;0;0;0;0;7653;FRUTUOSO BARBOSA, RUA;12017;LOURENCO CABREIRA, AV;23;CIDADE DUTRA;1;0
D031302040;12156;LUIZ AYRES, RUA DR;;;2500;;27/03/2013 00:15;4;AT;65;1026; ; ;1;0;0;0;0;0;0;0;0;0;0;0;0;0;0;0;0;12156;LUIZ AYRES, RUA DR;;;5;ARTUR ALVIM;1;0
D031300861;13019;ESCOLA POLITECNICA, AV;;;3547;;27/03/2013 05:09;4;AT;51;1460; ; ;1;0;0;0;0;0;0;0;0;0;0;0;0;0;0;0;0;13019;ESCOLA POLITECNICA, AV;;;40;JAGUARE;1;0
D031300152;19583;VERGUEIRO, RUA;;;4416;;27/03/2013 06:50;2;CO;6;1512; ; ;1;1;0;0;0;0;0;0;0;0;0;0;0;0;0;0;0;19583;VERGUEIRO, RUA;;;33;IPIRANGA;2;0
D031301147;13133;MARIA AMALIA LOPES AZEVEDO, RUA;;;183;;27/03/2013 07:05;2;CO;20;2722; ; ;1;1;0;0;0;0;0;0;0;0;0;0;0;0;0;0;0;13133;MARIA AMALIA LOPES AZEVEDO, RUA;;;83;TREMEMBE;1;0
D031300448;19764;VINTE E TRES DE MAIO, AV;;;0;PROXIMO  - R.CARAVELA;27/03/2013 07:10;2;CO;36;4017; ; ;1;1;0;0;0;0;0;0;0;0;0;0;0;0;0;0;0;19764;VINTE E TRES DE MAIO, AV;;;17;CAMPO LIMPO;1;0
D031301644;34128;JOAO DE LUCA, AV VER;;;20;;27/03/2013 07:11;4;AT;43;1205; ; ;0;1;0;0;0;0;0;0;0;0;0;0;0;0;0;0;0;34128;JOAO DE LUCA, AV VER;;;42;JARDIM ANGELA;2;0
D031302261;2181;ARICANDUVA, AV;;;5670;;27/03/2013 07:12;2;QD;66;1408; ; ;0;1;0;0;0;0;0;0;0;0;0;0;0;0;0;0;0;2181;ARICANDUVA, AV;;;60;PENHA;1;0
D031301990;23879;LARANJA DA CHINA, AV;;;304;;27/03/2013 07:12;2;CL;63;2198; ; ;1;1;0;0;0;0;0;0;0;0;0;0;0;0;0;0;0;23879;LARANJA DA CHINA, AV;;;53;MOEMA;1;0
D031301866;8886;HUMBERTO ROMANI, RUA;;;110;;27/03/2013 07:30;4;AT;22;1604; ; ;0;0;0;0;0;0;0;0;0;1;0;0;0;0;0;0;0;8886;HUMBERTO ROMANI, RUA;;;76;SAO MIGUEL;1;0
D031302262;71986;SAUL BORGES CARNEIRO, RUA;;;200;;27/03/2013 07:30;2;CO;66;1409; ; ;2;0;0;0;1;0;0;0;0;0;0;0;0;0;0;0;0;71986;SAUL BORGES CARNEIRO, RUA;;;38;JACANA;1;0
D031300056;17507;RUDGE, AV;;;555;;27/03/2013 07:50;4;AT;2;1695;C; ;0;1;0;0;0;0;0;0;0;0;0;0;0;0;0;0;0;17507;RUDGE, AV;;;70;SANTA CECILIA;3;0
D031301625;42892;HENRIQUE REIMBERG, RUA;;;0;NADA CONSTA ;27/03/2013 07:50;2;CL;25;825; ; ;0;1;0;0;0;0;0;0;1;0;0;0;0;0;0;0;0;42892;HENRIQUE REIMBERG, RUA;;;56;PARELHEIROS;1;0
D031301077;3202;BENTA PEREIRA, RUA;5681;DAMIANA DA CUNHA, RUA;0;;27/03/2013 07:50;2;CO;13;3282;C; ;1;1;0;0;0;0;0;0;0;0;0;0;0;0;0;0;0;3202;BENTA PEREIRA, RUA;5681;DAMIANA DA CUNHA, RUA;71;SANTANA;1;0