id_acidente;codloga;logradouroA;codlogb;logradouroB;alt_num;referencia;data;cod_acid;tipo_acidente;dp;numero_BO;sentido;pista;automovel;moto;onibus;caminhao;bicicleta;moto_taxi;onibus_fretado;onibus_urbano;microonibus;van;vuc;caminhonete;carreta;jipe;outros;sem_informacao;carroca;princ_a;paiA;princ_b;paiB;cod_distrito;distrito;vit_ferida;vit_morta
D031301534;1026;AMASIO, RUA STO;;;0;NADA CONSTA ;28/03/2013 13:15;2;CO;56;1920; ; ;1;0;0;0;0;0;0;0;0;0;0;1;0;0;0;0;0;1026;AMASIO, RUA STO;;;95;VILA PRUDENTE;2;0
D031300482;11562;LAGRIMAS, ES DAS;;;1968;;28/03/2013 13:15;2;CH;95;1536; ; ;1;0;0;0;1;0;0;0;0;0;0;0;0;0;0;0;0;11562;LAGRIMAS, ES DAS;;;69;SACOMA;1;0
D031300657;7491;FRANCISCO MATARAZZO, AV;;;0;SOB  - VD.ANTARTI;28/03/2013 13:15;4;AT;23;1687; ; ;0;0;1;0;0;0;0;0;0;0;0;0;0;0;0;0;0;7491;FRANCISCO MATARAZZO, AV;;;6;BARRA FUNDA;1;0
D031301217;16658;PROMESSAS, RUA DAS;;;180;;28/03/2013 13:30;2;CL;39;1464; ; ;1;0;0;0;1;0;0;0;0;0;0;0;0;0;0;0;0;16658;PROMESSAS, RUA DAS;;;22;CIDADE ADEMAR;1;0
D031302193;36394;SHINZABURO MIZUTANI, RUA;;;0;NADA CONSTA ;28/03/2013 13:50;2;CO;53;1961; ; ;1;0;0;0;0;0;0;0;0;0;0;1;0;0;0;0;0;36394;SHINZABURO MIZUTANI, RUA;;;51;MANDAQUI;1;0
D031302050;74672;MATEUS BARBOSA DE REZENDE, RUA;21199;JOSE PESSOTA, RUA;0;;28/03/2013 14:00;2;CO;67;908; ; ;1;0;0;0;1;0;0;0;0;0;0;0;0;0;0;0;0;21199;JOSE PESSOTA, RUA;74672;MATEUS BARBOSA DE REZENDE, RUA;  ;;1;0
D031302296;43404;VILANOVA ARTIGAS, AV ARQ;;;1381;;28/03/2013 14:10;2;SI;69;3111; ; ;2;0;0;0;0;0;0;0;0;0;0;0;0;0;0;0;0;43404;VILANOVA ARTIGAS, AV ARQ;;;56;PARELHEIROS;3;0
D031300382;19100;BANDEIRANTES, AV DOS;10678;JORGE FALEIROS, RUA;0;;28/03/2013 14:13;2;CO;27;1392; ; ;1;1;0;0;0;0;0;0;0;0;0;0;0;0;0;0;0;10678;JORGE FALEIROS, RUA;19100;BANDEIRANTES, AV DOS;63;PINHEIROS;1;0
D031301464;12101;LUCILIA DE QUEIROZ, RUA;6305;ELEONORA CINTRA, RUA;0;;28/03/2013 14:50;2;QD;30;1764; ; ;0;0;1;0;0;0;0;0;0;0;0;0;0;0;0;0;0;6305;ELEONORA CINTRA, RUA;12101;LUCILIA DE QUEIROZ, RUA;  ;;1;0
D031302165;9044;RAGUEB CHOHFI, AV;2176;FRANCISCO BARBOSA, RUA;0;;28/03/2013 14:54;2;CL;49;4182; ; ;1;1;0;0;0;0;0;0;0;0;0;0;0;0;0;0;0;9044;RAGUEB CHOHFI, AV;71007;LUIZA DE JESUS FERREIRA, RUA;32;IGUATEMI;1;0
D031300058;2864;BARRA DO TIBAJI, RUA;;;0;NADA CONSTA ;28/03/2013 15:00;2;CO;2;1727; ; ;0;1;0;0;0;0;0;1;0;0;0;0;0;0;0;0;0;2864;BARRA DO TIBAJI, RUA;;;9;BOM RETIRO;2;0
D031300314;15609;PATRIOTAS, RUA DOS;12611;MANIFESTO, RUA;0;;28/03/2013 15:00;2;QD;17;1807; ; ;0;0;1;0;0;0;0;0;0;0;0;0;0;0;0;0;0;12611;MANIFESTO, RUA;15609;PATRIOTAS, RUA DOS;33;IPIRANGA;1;0
D031301770;3633;BRAS DE ABREU, AV;;;35;;28/03/2013 15:30;2;CO;98;3508; ; ;1;1;0;0;0;0;0;0;0;0;0;0;0;0;0;0;0;3633;BRAS DE ABREU, AV;;;22;CIDADE ADEMAR;1;0
D031302309;15032;ORATORIO, AV DO;;;4659;;28/03/2013 16:10;2;CO;70;1752; ; ;1;0;1;0;0;0;0;0;0;0;0;0;0;0;0;0;0;15032;ORATORIO, AV DO;;;26;CONSOLACAO;1;0
D031301787;14743;SABARA, AV NSRA DO;;;2926;;28/03/2013 16:30;4;AT;99;1430; ; ;1;0;0;0;0;0;0;0;0;0;0;0;0;0;0;0;0;14743;SABARA, AV NSRA DO;;;16;CAMPO GRANDE;1;0
D031301384;954;AMADOR BUENO DA VEIGA, AV;;;1348;;28/03/2013 16:45;2;CT;10;3504; ; ;1;1;0;0;0;0;0;0;0;0;0;0;0;0;0;0;0;954;AMADOR BUENO DA VEIGA, AV;;;60;PENHA;1;0
D031302194;28746;LUIZ DE TOLEDO PIZA SOBRINHO, PCA;;;0;PROXIMO  - AV MARIA L;28/03/2013 17:00;2;CL;53;1970; ; ;2;0;0;0;0;0;0;0;0;0;0;0;0;0;0;0;0;28746;LUIZ DE TOLEDO PIZA SOBRINHO, PCA;;;30;GRAJAU;2;0
D031300593;31780;EUSEBIO MATOSO, PTE;;;0;NADA CONSTA ;28/03/2013 17:00;2;CO;14;2951; ; ;0;1;0;0;0;0;0;1;0;0;0;1;0;0;0;0;0;31780;EUSEBIO MATOSO, PTE;;;45;JARDIM SAO LUIS;1;0
D031300099;1356;ANGELICA, AV;10947;JOSE EUSEBIO, RUA CEL;0;;28/03/2013 17:00;2;CO;4;2325; ; ;1;1;0;0;0;0;0;0;0;0;0;0;0;0;0;0;0;1356;ANGELICA, AV;10947;JOSE EUSEBIO, RUA CEL;26;CONSOLACAO;1;0
D031301535;24338;LUIZ IGNACIO ANHAIA MELLO, AV PROF;5836;DIANOPOLIS, RUA;0;;28/03/2013 17:03;4;AT;56;1926; ; ;0;1;0;0;0;0;0;0;0;0;0;0;0;0;0;0;0;5836;DIANOPOLIS, RUA;24338;LUIZ IGNACIO ANHAIA MELLO, AV PROF;95;VILA PRUDENTE;1;0
D031300100;989;AMARAL GURGEL, RUA;5245;CONSOLACAO, RUA DA;0;;28/03/2013 17:15;2;CF;4;2328; ; ;1;1;0;0;0;0;0;0;0;0;0;0;0;0;0;0;0;989;AMARAL GURGEL, RUA;5245;CONSOLACAO, RUA DA;  ;;2;0
D031300862;6678;ESTEVAO LOPES, RUA;;;0;PROXIMO  - AV DR VITA;28/03/2013 17:30;2;CP;51;1478; ; ;2;0;0;0;0;0;0;0;0;0;0;1;0;0;0;0;0;6678;ESTEVAO LOPES, RUA;;;12;BUTANTA;1;0
D031301813;12403;M'BOI MIRIM, ES;;;0;NADA CONSTA ;28/03/2013 18:00;4;AT;100;1672; ; ;0;1;0;0;0;0;0;0;0;0;0;0;0;0;0;0;0;12403;M'BOI MIRIM, ES;;;42;JARDIM ANGELA;1;0
D031300594;6819;EUSEBIO MATOSO, AV;;;800;;28/03/2013 18:11;2;CO;14;2952; ; ;0;1;0;0;0;0;0;0;0;0;0;1;0;0;0;0;0;6819;EUSEBIO MATOSO, AV;;;63;PINHEIROS;1;0
D031300595;2149;ARCOVERDE, RUA CARD;5596;CUNHA GAGO, RUA;0;;28/03/2013 18:24;4;AT;14;2955; ; ;1;0;0;0;0;0;0;0;0;0;0;0;0;0;0;0;0;2149;ARCOVERDE, RUA CARD;5596;CUNHA GAGO, RUA;26;CONSOLACAO;1;0
D031300795;34682;CAMPO LIMPO, ES DO;;;1860;;28/03/2013 18:30;2;CO;37;2513; ; ;1;1;0;0;0;0;0;0;0;0;0;0;0;0;0;0;0;34682;CAMPO LIMPO, ES DO;;;17;CAMPO LIMPO;1;0
D031300254;5431;ARTHUR DA COSTA E SILVA, VEL PRES;;;0;PROXIMO  - LAG STA CE;28/03/2013 18:30;2;CO;77;1743; ; ;1;1;0;0;0;0;0;0;0;0;0;0;0;0;0;0;0;5431;ARTHUR DA COSTA E SILVA, VEL PRES;;;  ;;2;0
D031300863;16878;RAPOSO TAVARES, VIA;;;12800;;28/03/2013 18:45;2;CO;51;1479; ; ;1;1;0;0;0;0;0;0;0;0;0;0;0;0;0;0;0;16878;RAPOSO TAVARES, VIA;;;13;CACHOEIRINHA;1;0
D031301253;6361;ELISIO TEIXEIRA LEITE, AV;;;2845;;28/03/2013 18:50;2;CO;45;2684; ; ;1;1;0;0;0;0;0;0;0;0;0;0;0;0;0;0;0;6361;ELISIO TEIXEIRA LEITE, AV;;;29;FREGUESIA DO O;1;0
D031300664;38857;NICOLAS BOER, AV;;;0;NADA CONSTA ;28/03/2013 19:00;4;AT;23;2048; ; ;0;1;0;0;0;0;0;0;0;0;0;0;0;0;0;0;0;38857;NICOLAS BOER, AV;;;35;ITAIM PAULISTA;1;0
D031300611;5175;COLOMBIA, RUA;5443;COSTA RICA, RUA;0;;28/03/2013 19:00;2;CO;15;1539; ; ;1;1;0;0;0;0;0;0;0;0;0;0;0;0;0;0;0;5175;COLOMBIA, RUA;5443;COSTA RICA, RUA;44;JARDIM PAULISTA;1;0
D031300272;10004;JAU, AL;16028;PEIXOTO GOMIDE, RUA;0;;28/03/2013 19:30;2;CO;78;2468; ; ;1;1;0;0;0;0;0;0;0;0;0;0;0;0;0;0;0;10004;JAU, AL;16028;PEIXOTO GOMIDE, RUA;44;JARDIM PAULISTA;1;0
D031300592;6897;FARIA LIMA, AV BRIG;;;550;;28/03/2013 19:30;2;CT;14;2950; ; ;1;1;0;0;0;0;0;0;0;0;0;0;0;0;0;0;0;6897;FARIA LIMA, AV BRIG;;;63;PINHEIROS;1;0
D031302208;99999;METALURGICOS, AV DOS;;;1291;;28/03/2013 19:30;2;CO;54;1846;B; ;1;1;0;0;0;0;0;0;0;0;0;0;0;0;0;0;0;99999;METALURGICOS, AV DOS;;;25;CIDADE TIRADENT;2;0
D031302400;38494;FUNCIONARIOS PUBLICOS, AV DOS;;;18;;28/03/2013 19:31;4;AT;47;3892; ; ;0;0;0;0;0;0;0;0;0;0;0;0;0;0;0;1;0;38494;FUNCIONARIOS PUBLICOS, AV DOS;;;32;IGUATEMI;0;1
D031300303;8379;GUARAREMA, RUA;;;585;;28/03/2013 19:35;4;AT;16;4107; ; ;0;0;0;0;0;0;0;0;0;0;0;0;0;0;0;1;0;8379;GUARAREMA, RUA;;;27;CURSINO;1;0
D031300329;5689;DANIEL, RUA S;;;200;;28/03/2013 19:40;2;QD;26;2759; ; ;0;0;1;0;0;0;0;0;0;0;0;0;0;0;0;0;0;5689;DANIEL, RUA S;;;27;CURSINO;1;0
D031301110;5204;CONCEICAO (ES.), AV;;;3120;;28/03/2013 19:45;2;QD;19;4775; ; ;0;0;0;0;0;0;0;1;0;0;0;0;0;0;0;0;0;5204;CONCEICAO (ES.), AV;;;88;VILA GUILHERME;1;0
D031300059;17507;RUDGE, AV;;;386;;28/03/2013 19:46;4;AT;2;1731; ; ;0;1;0;0;0;0;0;0;0;0;0;0;0;0;0;0;0;17507;RUDGE, AV;;;70;SANTA CECILIA;1;0
D031300894;16878;RAPOSO TAVARES, VIA;;;0;QUILOMETRO  - 16,500;28/03/2013 20:40;2;CO;75;2509; ; ;1;1;0;0;0;0;0;0;0;0;0;0;0;0;0;0;0;16878;RAPOSO TAVARES, VIA;;;13;CACHOEIRINHA;1;0
D031300305;26501;JOSE MARIA WHITAKER, AV;6045;DOMINGOS OSVALDO BATAGLIA, RUA;0;;28/03/2013 21:00;2;CO;16;4128; ; ;2;0;0;0;0;0;0;0;0;0;0;0;0;0;0;0;0;6045;DOMINGOS OSVALDO BATAGLIA, RUA;26501;JOSE MARIA WHITAKER, AV;79;SAUDE;1;0
D031300446;57;ABILIO SOARES, RUA;3274;BERNARDINO DE CAMPOS, AV;0;;28/03/2013 21:30;4;AT;36;3212; ; ;0;1;0;0;0;0;0;0;0;0;0;0;0;0;0;0;0;57;ABILIO SOARES, RUA;3274;BERNARDINO DE CAMPOS, AV;92;VILA MARIANA;1;0
D031301995;9084;IMPERADOR, ES DO;21253;AGUIA DE HAIA, AV;0;;28/03/2013 21:30;2;QD;63;3180; ; ;0;0;1;0;0;0;0;0;0;0;0;0;0;0;0;0;0;9084;IMPERADOR, ES DO;21253;AGUIA DE HAIA, AV;89;VILA JACUI;1;0
D031301611;19844;VITOR MANZINI, AV;;;470;;28/03/2013 21:35;2;CL;11;3464; ; ;0;1;0;0;0;0;0;0;0;0;0;0;0;0;0;1;0;19844;VITOR MANZINI, AV;;;29;FREGUESIA DO O;1;0
D031300911;15626;PAULA FERREIRA, AV;;;0;NADA CONSTA ;28/03/2013 22:20;4;AT;87;2862; ; ;0;1;0;0;0;0;0;0;0;0;0;0;0;0;0;0;0;15626;PAULA FERREIRA, AV;;;64;PIRITUBA;2;0
D031300270;3581;BRASIL, AV;5175;COLOMBIA, RUA;0;;28/03/2013 22:32;2;CO;78;2457; ; ;1;1;0;0;0;0;0;1;0;0;0;0;0;0;0;0;0;3581;BRASIL, AV;5175;COLOMBIA, RUA;44;JARDIM PAULISTA;1;0
D031302242;74033;JOSE RICARDO DA COSTA, RUA;;;340;;28/03/2013 23:14;2;CO;55;4196; ; ;1;0;0;0;0;0;0;0;0;0;0;1;0;0;0;0;0;74033;JOSE RICARDO DA COSTA, RUA;;;55;MORUMBI;3;0
D031301692;20048;YERVANT KISSAJIKIAN, AV;;;3132;;28/03/2013 23:25;2;CT;80;3362; ; ;0;2;0;0;0;0;0;0;0;0;0;0;0;0;0;0;0;20048;YERVANT KISSAJIKIAN, AV;;;29;FREGUESIA DO O;2;0
D031300839;73197;MOGEIRO, RUA;;;500;;28/03/2013 23:25;4;AT;46;2860; ; ;1;0;0;0;0;0;0;0;0;0;0;0;0;0;0;0;0;73197;MOGEIRO, RUA;;;52;MARSILAC;1;0
D031300658;18908;TOMAS EDSON, AV;;;286;;28/03/2013 23:25;2;CO;23;1702; ; ;1;1;0;0;0;0;0;0;0;0;0;0;0;0;0;0;0;18908;TOMAS EDSON, AV;;;35;ITAIM PAULISTA;1;0
D031301031;36061;LUIZ DUMONT VILLARES, AV;;;580;;28/03/2013 23:30;2;CO;9;2776; ; ;0;2;0;0;0;0;0;0;0;0;0;0;0;0;0;0;0;36061;LUIZ DUMONT VILLARES, AV;;;22;CIDADE ADEMAR;1;0
D031301536;24338;LUIZ IGNACIO ANHAIA MELLO, AV PROF;;;0;NADA CONSTA ;28/03/2013 23:45;2;CO;56;1936; ; ;1;1;0;0;0;0;0;0;0;0;0;0;0;0;0;0;0;24338;LUIZ IGNACIO ANHAIA MELLO, AV PROF;;;26;CONSOLACAO;1;0
D031300060;4561;CASTELO BRANCO, AV PRES;;;0;PROXIMO  - MATARAZZO;28/03/2013 23:48;2;CO;2;1736; ; ;1;1;0;0;0;0;0;0;0;0;0;0;0;0;0;0;0;29772;MARGINAL DO RIO TIETE, AV;;;6;BARRA FUNDA;1;0
D031301285;71000;FIRMINOPOLIS, RUA;;;336;;29/03/2013 01:20;2;QM;72;2689; ; ;0;1;0;0;0;0;0;0;0;0;0;0;0;0;0;0;0;71000;FIRMINOPOLIS, RUA;;;8;BELEM;1;0
D031301649;16540;DELFINO FACCHINA, RUA;;;606;;29/03/2013 01:20;4;AT;43;3366; ; ;0;0;0;0;0;0;0;0;0;0;0;0;0;0;0;1;0;16540;DELFINO FACCHINA, RUA;;;29;FREGUESIA DO O;1;0
D031301557;16971;RENATA, AV;12496;MAFALDA, RUA;0;;29/03/2013 02:00;2;CT;58;1692; ; ;3;0;0;0;0;0;0;0;0;0;0;0;0;0;0;0;0;12496;MAFALDA, RUA;16971;RENATA, AV;87;VILA FORMOSA;2;0
D031300995;3607;BRASILIA MARCONDES BUARQUE, RUA;;;246;;29/03/2013 02:40;2;CO;93;2052; ; ;1;0;0;0;0;0;0;0;0;0;0;1;0;0;0;0;0;3607;BRASILIA MARCONDES BUARQUE, RUA;;;40;JAGUARE;2;0
D031302416;6897;FARIA LIMA, AV BRIG;;;3400;;29/03/2013 03:15;2;CH;15;3887; ; ;0;1;0;0;0;0;0;0;0;0;0;0;0;0;0;0;0;6897;FARIA LIMA, AV BRIG;;;  ;;0;1
D031300271;15656;PAULISTA, AV;;;1100;;29/03/2013 03:16;4;AT;78;2462; ; ;1;0;0;0;0;0;0;0;0;0;0;0;0;0;0;0;0;15656;PAULISTA, AV;;;7;BELA VISTA;1;0
D031301855;2483;ATLANTICA ANT. ROBERT KENNEDY, AV;;;3621;;29/03/2013 03:28;2;CO;102;3460; ; ;1;1;0;0;0;0;0;0;0;0;0;0;0;0;0;0;0;2483;ATLANTICA ANT. ROBERT KENNEDY, AV;;;23;CIDADE DUTRA;1;0
D031301002;5204;CONCEICAO (ES.), AV;;;1510;;29/03/2013 04:00;2;CH;9;1212; ; ;1;0;0;0;0;0;0;0;0;0;0;0;0;0;0;0;0;5204;CONCEICAO (ES.), AV;;;88;VILA GUILHERME;2;0
D031302355;7671;GABRIEL, AV S;;;201;;29/03/2013 04:00;2;CH;15;436; ; ;1;0;0;0;0;0;0;0;0;0;0;0;0;0;0;0;0;7671;GABRIEL, AV S;;;34;ITAIM BIBI;0;1
D031300304;3523;BOSQUE DA SAUDE, AV;;;834;;29/03/2013 04:20;2;CH;16;4108; ; ;1;0;0;0;0;0;0;0;0;0;0;0;0;0;0;0;0;3523;BOSQUE DA SAUDE, AV;;;27;CURSINO;1;0
D031300469;1247;ANCHIETA, VIA;;;0;QUILOMETRO  - 10;29/03/2013 04:30;2;CF;95;905; ; ;2;0;0;0;0;0;0;0;0;0;0;0;0;0;0;0;0;1247;ANCHIETA, VIA;;;33;IPIRANGA;1;0
D031302166;13671;MATEO BEI, AV;;;764;;29/03/2013 05:00;2;CT;49;4205; ; ;1;1;0;0;0;0;0;0;0;0;0;0;0;0;0;0;0;13671;MATEO BEI, AV;;;75;SAO MATEUS;2;0
D031302414;20075;ZITO, RUA DR;;;174;;29/03/2013 05:10;4;AT;97;977; ; ;1;0;0;0;0;0;0;0;0;0;0;0;0;0;0;0;0;20075;ZITO, RUA DR;;;  ;;0;1
D031301698;15507;TEOTONIO VILELA, AV SEN;;;4696;;29/03/2013 05:33;4;AT;85;725;B; ;0;1;0;0;0;0;0;0;0;0;0;0;0;0;0;0;0;15507;TEOTONIO VILELA, AV SEN;;;23;CIDADE DUTRA;1;0
D031301206;8320;GUAPIRA, AV;;;600;;29/03/2013 05:41;2;CH;39;1215;B; ;1;0;0;0;0;0;0;0;0;0;0;0;0;0;0;0;0;8320;GUAPIRA, AV;;;38;JACANA;1;0
D031301840;2483;ATLANTICA ANT. ROBERT KENNEDY, AV;;;3744;;29/03/2013 05:45;4;AT;102;441; ; ;1;0;0;0;0;0;0;0;0;0;0;0;0;0;0;0;0;2483;ATLANTICA ANT. ROBERT KENNEDY, AV;;;23;CIDADE DUTRA;1;0
D031300160;15967;PEDRO I, AV DOM;651;ALEXANDRINO DA SILVEIRA BUENO, RUA;0;;29/03/2013 06:30;2;CO;8;2281; ; ;2;0;0;0;0;0;0;0;0;0;0;0;0;0;0;0;0;651;ALEXANDRINO DA SILVEIRA BUENO, RUA;15967;PEDRO I, AV DOM;14;CAMBUCI;1;0
D031302246;17135;RIO DAS PEDRAS, AV;;;3099;;29/03/2013 07:15;2;CH;66;988; ; ;1;0;0;0;0;0;0;0;0;0;0;0;0;0;0;0;0;17135;RIO DAS PEDRAS, AV;;;27;CURSINO;2;0
D031301003;36061;LUIZ DUMONT VILLARES, AV;12056;LUCAS DE FREITAS AZEVEDO, RUA;0;;29/03/2013 07:24;2;CO;9;1220;C; ;1;0;0;0;1;0;0;0;0;0;0;0;0;0;0;0;0;12056;LUCAS DE FREITAS AZEVEDO, RUA;36061;LUIZ DUMONT VILLARES, AV;  ;;1;0
D031300383;19931;WASHINGTON LUIS, AV;;;500;;29/03/2013 07:30;2;QM;27;3218; ; ;0;1;0;0;0;0;0;0;0;0;0;0;0;0;0;0;0;19931;WASHINGTON LUIS, AV;;;30;GRAJAU;1;0
D031302245;2181;ARICANDUVA, AV;;;1500;;29/03/2013 07:37;4;AT;66;986; ; ;1;0;0;0;0;0;0;0;0;0;0;0;0;0;0;0;0;2181;ARICANDUVA, AV;;;60;PENHA;2;0
D031300233;4561;CASTELO BRANCO, AV PRES;3222;BENTO DE CAMARGO BARROS, PCA;0;;29/03/2013 07:50;2;CP;12;1775; ; ;1;0;0;0;0;0;0;0;0;0;0;0;0;0;0;0;0;3222;BENTO DE CAMARGO BARROS, PCA;4561;CASTELO BRANCO, AV PRES;9;BOM RETIRO;1;0
D031300908;41011;AGARUM, RUA;;;0;NADA CONSTA ;29/03/2013 08:09;2;CF;87;16492; ; ;1;0;0;0;0;0;0;1;0;0;0;0;0;0;0;0;0;41011;AGARUM, RUA;;;31;GUAIANASES;1;0
D031302167;12286;LUIS PITTA, RUA;;;2408;;29/03/2013 09:10;4;AT;49;4206; ; ;1;0;0;0;0;0;0;0;0;0;0;0;0;0;0;0;0;12286;LUIS PITTA, RUA;;;75;SAO MATEUS;1;0
D031300197;543;ALCANTARA MACHADO, AV;7122;FIGUEIRA, RUA DA;0;;29/03/2013 09:34;2;CH;8;2283; ; ;0;0;0;0;0;0;0;0;0;0;0;1;0;0;0;0;0;7122;FIGUEIRA, RUA DA;15524;PARNAIBA, RUA VISC DE;10;BRAS;1;0
D031301737;35858;GUIDO CALOI, AV;;;2230;;29/03/2013 10:00;4;AT;92;2035; ; ;1;0;0;0;0;0;0;0;0;0;0;0;0;0;0;0;0;35858;GUIDO CALOI, AV;;;32;IGUATEMI;1;0
D031300612;8889;HUNGRIA, RUA;16919;REBOUCAS, AV;0;;29/03/2013 11:00;2;CO;15;1542; ; ;0;1;0;0;0;0;0;0;0;0;0;1;0;0;0;0;0;8889;HUNGRIA, RUA;16919;REBOUCAS, AV;63;PINHEIROS;1;0
D031300057;17799;SANTOS DUMONT, AV;6642;ESTADO, AV DO;0;;29/03/2013 12:20;4;AT;2;1721; ; ;1;0;0;0;0;0;0;0;0;0;0;0;0;0;0;0;0;6642;ESTADO, AV DO;17799;SANTOS DUMONT, AV;9;BOM RETIRO;1;0
D031302378;37111;MUSICA DA BOA NOITE, TV;;;50;;29/03/2013 12:30;4;AT;49;4247; ; ;1;0;0;0;0;0;0;0;0;0;0;0;0;0;0;0;0;37111;MUSICA DA BOA NOITE, TV;;;77;SAO RAFAEL;0;1
D031300036;13853;MERCURIO, AV;7786;GASOMETRO, RUA DO;0;;29/03/2013 13:20;2;CO;1;2548; ; ;1;0;0;0;0;0;0;0;0;0;0;1;0;0;0;0;0;7786;GASOMETRO, RUA DO;13853;MERCURIO, AV;80;SE;1;0
D031302169;9044;RAGUEB CHOHFI, AV;;;4398;;29/03/2013 13:56;4;AT;49;4221; ; ;0;0;0;0;0;0;0;0;0;0;0;1;0;0;0;0;0;9044;RAGUEB CHOHFI, AV;;;32;IGUATEMI;1;0
D031300841;18262;SILVIO DE CAMPOS, AV DR;;;0;PROXIMO  - AV RAIMUND;29/03/2013 14:08;4;AT;46;900152; ; ;0;1;0;0;0;0;0;0;0;0;0;0;0;0;0;0;0;18262;SILVIO DE CAMPOS, AV DR;;;  ;;1;0
D031300037;6708;ESTUDANTES, RUA DOS;;;480;;29/03/2013 14:40;4;AT;1;2549; ; ;1;0;0;0;0;0;0;0;0;0;0;0;0;0;0;0;0;6708;ESTUDANTES, RUA DOS;;;80;SE;1;0
D031302216;45354;SARA KUBITSCHEK, RUA;;;500;;29/03/2013 14:50;4;AT;54;4231; ; ;1;0;0;0;0;0;0;0;0;0;0;0;0;0;0;0;0;45354;SARA KUBITSCHEK, RUA;;;25;CIDADE TIRADENT;1;0
D031302206;99861;CACHOEIRA DO CAMPO GRANDE, RUA;;;0;PROXIMO  - R CARLOS M;29/03/2013 15:45;2;CO;54;1790; ; ;1;1;0;0;0;0;0;0;0;0;0;0;0;0;0;0;0;99861;CACHOEIRA DO CAMPO GRANDE, RUA;;;25;CIDADE TIRADENT;2;0
D031301537;1111;AMERICO VESPUCCI, RUA;24338;LUIZ IGNACIO ANHAIA MELLO, AV PROF;0;;29/03/2013 16:45;2;CL;56;1948; ; ;1;0;0;0;0;0;0;0;0;0;0;1;0;0;0;0;0;1111;AMERICO VESPUCCI, RUA;24338;LUIZ IGNACIO ANHAIA MELLO, AV PROF;95;VILA PRUDENTE;1;0
D031301344;16838;RAIMUNDO PEREIRA DE MAGAL., AV;;;13000;;29/03/2013 17:00;2;TB;74;2708;C; ;0;0;0;1;0;0;0;0;0;0;0;0;0;0;0;0;0;16838;RAIMUNDO PEREIRA DE MAGAL., AV;;;31;GUAIANASES;5;0
D031301814;12403;M'BOI MIRIM, ES;;;6000;;29/03/2013 18:30;2;CO;100;1734; ; ;1;1;0;0;0;0;0;0;0;0;0;0;0;0;0;0;0;12403;M'BOI MIRIM, ES;;;42;JARDIM ANGELA;1;0
D031301927;2516;AUGUSTO CARLOS BAUMAN, RUA;;;562;;29/03/2013 19:30;2;CO;32;2262; ; ;1;1;0;0;0;0;0;0;0;0;0;0;0;0;0;0;0;2516;AUGUSTO CARLOS BAUMAN, RUA;;;36;ITAQUERA;1;0
D031301060;71701;DOMINGOS DA COSTA MATA, RUA;;;271;;29/03/2013 19:30;2;CO;13;2792; ; ;0;2;0;0;0;0;0;0;0;0;0;0;0;0;0;0;0;71701;DOMINGOS DA COSTA MATA, RUA;;;8;BELEM;2;0
D031301958;7341;SERRA DO APODI, RUA;9456;FREGUESIA DE SAO ROMAO, RUA;0;;29/03/2013 19:30;4;AT;59;3947; ; ;0;1;0;0;0;0;0;0;0;0;0;0;0;0;0;0;0;7341;SERRA DO APODI, RUA;9456;FREGUESIA DE SAO ROMAO, RUA;43;JARDIM HELENA;1;0
D031301947;12993;DIOGO DA COSTA TAVARES, AV;;;0;NADA CONSTA ;29/03/2013 20:00;2;CL;50;3901; ; ;1;1;0;0;0;0;0;0;0;0;0;0;0;0;0;0;0;12993;DIOGO DA COSTA TAVARES, AV;;;43;JARDIM HELENA;1;0
D031302319;36324;MARIA DA CONCEICAO STANWEZ, RUA;;;92;;29/03/2013 20:00;2;CO;70;3139; ; ;0;1;0;0;0;0;0;0;0;0;0;1;0;0;0;0;0;36324;MARIA DA CONCEICAO STANWEZ, RUA;;;56;PARELHEIROS;1;0
D031302025;7552;FRANCISCO RODRIGUES SECKLER, RUA;;;348;;29/03/2013 20:11;2;CO;64;3196; ; ;1;1;0;0;0;0;0;0;0;0;0;0;0;0;0;0;0;7552;FRANCISCO RODRIGUES SECKLER, RUA;;;36;ITAQUERA;1;0
D031300135;21822;QUATORZE DE JULHO, RUA;;;0;ACESSO  - AV.RADIAL ;29/03/2013 20:30;4;AT;5;2505; ; ;0;0;0;0;0;0;0;0;0;0;0;0;0;0;0;1;0;21822;QUATORZE DE JULHO, RUA;;;17;CAMPO LIMPO;1;0
D031301345;6361;ELISIO TEIXEIRA LEITE, AV;;;7572;;29/03/2013 20:40;2;CO;74;2722; ; ;1;1;0;0;0;0;0;0;0;0;0;0;0;0;0;0;0;6361;ELISIO TEIXEIRA LEITE, AV;;;29;FREGUESIA DO O;3;0
D031302411;67210;JOSE VENANCIO DIAS, RUA CEL;;;432;;29/03/2013 21:00;2;CO;33;2881; ; ;1;1;0;0;0;0;0;0;0;0;0;0;0;0;0;0;0;67210;JOSE VENANCIO DIAS, RUA CEL;;;31;GUAIANASES;1;1
D031301871;2396;ASCENSO FERNANDES, RUA;14975;OLIVEIRA FREIRE, AV;0;;29/03/2013 21:00;2;CO;22;2268;C; ;1;1;0;0;0;0;0;0;0;0;0;0;0;0;0;0;0;2396;ASCENSO FERNANDES, RUA;14975;OLIVEIRA FREIRE, AV;43;JARDIM HELENA;2;0