id_acidente;codloga;logradouroA;codlogb;logradouroB;alt_num;referencia;data;cod_acid;tipo_acidente;dp;numero_BO;sentido;pista;automovel;moto;onibus;caminhao;bicicleta;moto_taxi;onibus_fretado;onibus_urbano;microonibus;van;vuc;caminhonete;carreta;jipe;outros;sem_informacao;carroca;princ_a;paiA;princ_b;paiB;cod_distrito;distrito;vit_ferida;vit_morta
D031300326;9981;JOSE BUENO BICALHO, RUA ENG;16602;PAGANO SOBRINHO, RUA;0;;29/03/2013 21:00;2;QM;26;2654; ; ;1;1;0;0;0;0;0;0;0;0;0;0;0;0;0;0;0;9981;JOSE BUENO BICALHO, RUA ENG;16602;PAGANO SOBRINHO, RUA;69;SACOMA;2;0
D031301694;34824;ZIKE TUMA, RUA;;;100;;29/03/2013 21:09;2;CO;80;900054; ; ;1;1;0;0;0;0;0;0;0;0;0;0;0;0;0;0;0;34824;ZIKE TUMA, RUA;;;29;FREGUESIA DO O;1;0
D031302101;2878;BARREIRA GRANDE, AV DA;;;3300;;29/03/2013 21:40;4;AT;41;3140; ; ;1;0;0;0;0;0;0;0;0;0;0;0;0;0;0;0;0;2878;BARREIRA GRANDE, AV DA;;;78;SAPOPEMBA;1;0
D031300506;17034;RIBEIRAO CLARO, RUA;;;309;;29/03/2013 21:42;2;CO;96;2464; ; ;1;1;0;0;0;0;0;0;0;0;0;0;0;0;0;0;0;17034;RIBEIRAO CLARO, RUA;;;28;ERMELINO MATARA;2;0
D031302026;61827;ALVES E ROCHA FILHO, AV CEL;;;511;;29/03/2013 22:10;2;SI;64;3205; ; ;0;1;0;0;0;0;0;0;0;0;0;0;0;0;0;0;0;61827;ALVES E ROCHA FILHO, AV CEL;;;53;MOEMA;1;0
D031301254;17554;SABAO, ES DO;;;1600;;29/03/2013 22:47;4;AT;45;2713; ; ;0;1;0;0;0;0;0;0;0;0;0;0;0;0;0;0;0;17554;SABAO, ES DO;;;40;JAGUARE;1;0
D031302102;17135;RIO DAS PEDRAS, AV;9134;INCONFIDENCIA MINEIRA, AV;0;;29/03/2013 22:50;2;CF;41;3147; ; ;2;0;0;0;0;0;0;0;0;0;0;0;0;0;0;0;0;9134;INCONFIDENCIA MINEIRA, AV;17135;RIO DAS PEDRAS, AV;4;ARICANDUVA;2;0
D031301032;13172;MARIA CANDIDA, RUA;8989;IDA DA SILVA, RUA;0;;30/03/2013 00:00;2;CO;9;2793; ; ;1;1;0;0;0;0;0;0;0;0;0;0;0;0;0;0;0;8989;IDA DA SILVA, RUA;13172;MARIA CANDIDA, RUA;88;VILA GUILHERME;2;0
D031301612;9573;LUIZ SERAPHICO JUNIOR, RUA;;;753;;30/03/2013 00:40;4;AT;11;3486; ; ;1;0;0;0;0;0;0;0;0;0;0;0;0;0;0;0;0;9573;LUIZ SERAPHICO JUNIOR, RUA;;;72;SANTO AMARO;4;0
D031301928;11542;NORDESTINA, AV;;;3024;;30/03/2013 00:47;2;CH;32;2266; ; ;1;0;0;0;0;0;0;1;0;0;0;0;0;0;0;0;0;11542;NORDESTINA, AV;;;76;SAO MIGUEL;1;0
D031301419;15436;PARAGUASSU PAULISTA, AV;;;711;;30/03/2013 01:20;2;CF;21;3524; ; ;1;1;0;0;0;0;0;0;0;0;0;0;0;0;0;0;0;15436;PARAGUASSU PAULISTA, AV;;;38;JACANA;2;0
D031300895;16878;RAPOSO TAVARES, VIA;;;0;QUILOMETRO  - 16,000;30/03/2013 01:30;2;QM;75;2522; ; ;0;1;0;0;0;0;0;0;0;0;0;0;0;0;0;0;0;16878;RAPOSO TAVARES, VIA;;;13;CACHOEIRINHA;1;0
D031301558;4736;CELSO GARCIA, AV;;;2580;;30/03/2013 06:55;2;CO;81;604; ; ;0;1;0;0;1;0;0;0;0;0;0;0;0;0;0;0;0;4736;CELSO GARCIA, AV;;;82;TATUAPE;1;0
D031300384;999;SANTO AMARO, AV;;;3920;;30/03/2013 08:30;2;CO;27;3249; ; ;0;0;1;0;0;0;0;2;0;0;0;0;0;0;0;0;0;999;SANTO AMARO, AV;;;34;ITAIM BIBI;2;0
D031301574;6238;NACOES UNIDAS, AV DAS;;;21800;;30/03/2013 09:00;2;CO;11;450; ; ;3;0;0;1;0;0;0;0;0;0;0;0;0;0;0;0;0;13014;MARGINAL DO RIO PINHEIROS, AV;;;90;VILA LEOPOLDINA;1;0
D031301097;7840;GAVEA, RUA;15131;GUARANESIA, RUA;0;;30/03/2013 10:00;2;CO;19;1247;C; ;1;1;0;0;0;0;0;0;0;0;0;0;0;0;0;0;0;7840;GAVEA, RUA;15131;GUARANESIA, RUA;91;VILA MARIA;2;0
D031301295;17480;RUBENS, RUA CAP;13450;MARIO BARBEDO, RUA TTE;0;;30/03/2013 11:30;2;CO;73;1244; ; ;0;1;0;0;0;0;0;1;0;0;0;0;0;0;0;0;0;13450;MARIO BARBEDO, RUA TTE;17480;RUBENS, RUA CAP;38;JACANA;2;0
D031300078;17115;RIO BRANCO, AV;2595;AURORA, RUA;0;;30/03/2013 11:40;4;AT;3;2581; ; ;0;1;0;0;0;0;0;0;0;0;0;0;0;0;0;0;0;2595;AURORA, RUA;17115;RIO BRANCO, AV;67;REPUBLICA;1;0
D031301738;13687;MATEUS SERRAO, RUA;;;5;;30/03/2013 12:00;4;AT;92;2053; ; ;1;0;0;0;0;0;0;0;0;0;0;0;0;0;0;0;0;13687;MATEUS SERRAO, RUA;;;32;IGUATEMI;1;0
D031300540;6238;NACOES UNIDAS, AV DAS;;;0;QUILOMETRO  - 3;30/03/2013 12:14;2;TB;14;660; ; ;0;0;0;1;0;0;0;0;0;0;0;0;0;0;0;0;0;13014;MARGINAL DO RIO PINHEIROS, AV;;;90;VILA LEOPOLDINA;1;0
D031302178;60675;AFONSO DE SAMPAIO E SOUSA, AV;;;1590;;30/03/2013 12:35;2;CL;53;1020; ; ;1;1;0;0;0;0;0;0;0;0;0;0;0;0;0;0;0;60675;AFONSO DE SAMPAIO E SOUSA, AV;;;51;MANDAQUI;1;0
D031302051;4936;CEMBIRA, RUA;;;1350;;30/03/2013 12:49;2;CF;67;925; ; ;1;0;0;1;0;0;0;0;0;0;0;0;0;0;0;0;0;4936;CEMBIRA, RUA;;;86;VILA CURUCA;3;0
D031300827;99374;RECANTO DOS HUMILDES, RUA;;;100;;30/03/2013 13:00;2;CF;46;1529; ; ;2;0;0;0;0;0;0;0;0;0;0;0;0;0;0;0;0;99374;RECANTO DOS HUMILDES, RUA;;;  ;;2;0
D031300828;20291;TURISTICA DO JARAGUA, ES;;;1240;;30/03/2013 13:50;4;AT;46;1530; ; ;0;1;0;0;0;0;0;0;0;0;0;0;0;0;0;0;0;20291;TURISTICA DO JARAGUA, ES;;;31;GUAIANASES;1;0
D031302297;42053;ORESTE DAMOLIN, RUA;;;100;;30/03/2013 14:00;2;CO;69;3237; ; ;1;1;0;0;0;0;0;0;0;0;0;0;0;0;0;0;0;42053;ORESTE DAMOLIN, RUA;;;26;CONSOLACAO;1;0
D031301256;79941;ENRIQUE AROCA, TR;;;0;PROXIMO  - AV DEPU.CA;30/03/2013 14:44;4;AT;72;1252; ; ;0;0;0;0;0;0;0;0;0;0;0;0;0;0;0;1;0;79941;ENRIQUE AROCA, TR;;;48;LAPA;1;0
D031301398;4102;CANDIDO DORES, RUA DR;;;30;;30/03/2013 14:50;2;CO;21;611; ; ;2;0;0;0;0;0;0;0;0;0;0;0;0;0;0;0;0;4102;CANDIDO DORES, RUA DR;;;38;JACANA;1;0
D031300038;16249;PINHAL, RUA CD DO;;;102;;30/03/2013 14:56;4;AT;   ;2563; ; ;1;0;0;0;0;0;0;0;0;0;0;0;0;0;0;0;0;16249;PINHAL, RUA CD DO;;;2;ALTO DE PINHEIR;1;0
D031302301;15032;ORATORIO, AV DO;;;6510;;30/03/2013 15:15;4;AT;70;1015; ; ;1;0;0;0;0;0;0;0;0;0;0;0;0;0;0;0;0;15032;ORATORIO, AV DO;;;26;CONSOLACAO;1;0
D031301465;6741;EUCLIDES PACHECO, RUA;18072;SERRA DE JUREA, RUA;0;;30/03/2013 15:50;2;CO;30;1781; ; ;2;0;0;0;0;0;0;0;0;0;0;0;0;0;0;0;0;6741;EUCLIDES PACHECO, RUA;18072;SERRA DE JUREA, RUA;82;TATUAPE;1;0
D031302093;17135;RIO DAS PEDRAS, AV;66131;ALTO DA CONCEICAO, RUA;0;;30/03/2013 15:50;2;CO;41;1998; ; ;1;1;0;0;0;0;0;0;0;0;0;0;0;0;0;0;0;17135;RIO DAS PEDRAS, AV;66131;ALTO DA CONCEICAO, RUA;  ;;2;0
D031301507;27101;ROGERIO ALVES DE TOLEDO, AV;;;1000;;30/03/2013 16:20;2;CO;52;3544; ; ;1;1;0;0;0;0;0;0;0;0;0;0;0;0;0;0;0;29772;MARGINAL DO RIO TIETE, AV;;;27;CURSINO;1;0
D031302041;3411;BOAVENTURA, RUA MAJ;;;197;;30/03/2013 16:54;4;AT;65;1077;C; ;1;0;0;0;0;0;0;0;0;0;0;0;0;0;0;0;0;3411;BOAVENTURA, RUA MAJ;;;5;ARTUR ALVIM;1;0
D031301904;75412;LUIZ IMPARATO, AV;;;0;NADA CONSTA ;30/03/2013 17:00;4;AT;24;3220; ; ;0;0;0;0;0;0;0;0;0;0;0;1;0;0;0;0;0;75412;LUIZ IMPARATO, AV;;;49;LIBERDADE;1;0
D031302217;34500;IGUATEMI, AV;;;2133;;30/03/2013 17:00;4;AT;54;4289;B; ;1;0;0;0;0;0;0;0;0;0;0;0;0;0;0;0;0;34500;IGUATEMI, AV;;;50;LIMAO;1;0
D031302170;46186;SOMOS TODOS IGUAIS, TR;;;1000;;30/03/2013 17:20;2;CO;49;4293; ; ;1;1;0;0;0;0;0;0;0;0;0;0;0;0;0;0;0;46186;SOMOS TODOS IGUAIS, TR;;;32;IGUATEMI;2;0
D031302417;10785;JOSE ARTUR NOVA, AV DR;14637;NITRO - QUIMICA, AV;0;;30/03/2013 17:30;2;CT;63;2400;B; ;1;1;0;0;0;0;0;0;0;0;0;0;0;0;0;0;0;10785;JOSE ARTUR NOVA, AV DR;14637;NITRO - QUIMICA, AV;  ;;0;1
D031301650;17912;SEBASTIAO ANDRADE BONANI, RUA;;;407;;30/03/2013 18:15;2;CL;43;3427; ; ;1;1;0;0;0;0;0;0;0;0;0;0;0;0;0;0;0;17912;SEBASTIAO ANDRADE BONANI, RUA;;;29;FREGUESIA DO O;1;0
D031300666;14146;MONTE ALEGRE, RUA;3880;CAIUBI, RUA;0;;30/03/2013 18:29;2;CO;23;2081; ; ;2;0;0;0;0;0;0;0;0;0;0;0;0;0;0;0;0;3880;CAIUBI, RUA;14146;MONTE ALEGRE, RUA;61;PERDIZES;2;0
D031300327;10728;JEAN DE LA HUERTA, RUA;;;175;;30/03/2013 19:10;2;CO;26;2680; ; ;0;1;0;0;0;0;0;0;0;0;0;0;0;0;0;1;0;10728;JEAN DE LA HUERTA, RUA;;;69;SACOMA;1;0
D031302027;3994;CAMPANELLA, AV;;;664;;30/03/2013 19:30;2;CO;64;3222; ; ;2;0;0;0;0;0;0;0;0;0;0;0;0;0;0;0;0;3994;CAMPANELLA, AV;;;36;ITAQUERA;1;0
D031301821;25182;EMBU-GUACU, ES DO;;;9154;;30/03/2013 20:30;2;SI;100;900007; ; ;1;1;1;0;0;0;0;0;0;0;0;0;0;0;0;0;0;25182;EMBU-GUACU, ES DO;;;32;IGUATEMI;1;0
D031300416;2235;ARMANDO DE ARRUDA PEREIRA, AV ENG;;;0;NADA CONSTA ;30/03/2013 20:50;2;QD;35;4163; ; ;0;0;1;0;0;0;0;0;0;0;0;0;0;0;0;0;0;2235;ARMANDO DE ARRUDA PEREIRA, AV ENG;;;37;JABAQUARA;1;0
D031300949;18561;LUIZ MIGLIANO, RUA DR;17847;SARAIVA DE OLIVEIRA, AV ENG;0;;30/03/2013 21:20;2;CO;89;2599; ; ;1;1;0;0;0;0;0;0;0;0;0;0;0;0;0;0;0;17847;SARAIVA DE OLIVEIRA, AV ENG;18561;LUIZ MIGLIANO, RUA DR;  ;;1;0
D031300798;9529;ITAPECERICA, ES DE;;;0;PROXIMO  - TERM CAPEL;30/03/2013 22:10;2;CO;37;2543; ; ;1;0;0;0;0;0;0;1;0;0;0;0;0;0;0;0;0;9529;ITAPECERICA, ES DE;;;29;FREGUESIA DO O;1;0
D031300236;6642;ESTADO, AV DO;5567;CRUZEIRO DO SUL, AV;0;;30/03/2013 22:25;2;CO;12;2309; ; ;2;0;0;0;0;0;0;0;0;0;0;0;0;0;0;0;0;5567;CRUZEIRO DO SUL, AV;6642;ESTADO, AV DO;57;PARI;1;0
D031301769;16492;PONTES DE MORAIS, RUA;2522;AUGUSTO DE CASTRO, AV;0;;30/03/2013 22:40;2;CF;98;3435; ; ;0;1;1;0;0;0;0;0;0;0;0;0;0;0;0;0;0;2522;AUGUSTO DE CASTRO, AV;16492;PONTES DE MORAIS, RUA;22;CIDADE ADEMAR;1;0
D031302103;17135;RIO DAS PEDRAS, AV;;;1197;;30/03/2013 23:10;2;CO;41;3172; ; ;1;0;0;0;0;0;0;0;0;0;0;1;0;0;0;0;0;17135;RIO DAS PEDRAS, AV;;;27;CURSINO;2;0
D031301479;4502;CARRAO, AV CONS;;;3500;;30/03/2013 23:30;2;CO;31;1709; ; ;2;0;0;0;0;0;0;0;0;0;0;0;0;0;0;0;0;4502;CARRAO, AV CONS;;;20;CARRAO;3;0
D031301929;2516;AUGUSTO CARLOS BAUMAN, RUA;;;10;;31/03/2013 00:40;2;QM;32;2295; ; ;0;1;0;0;0;0;0;0;0;0;0;0;0;0;0;0;0;2516;AUGUSTO CARLOS BAUMAN, RUA;;;36;ITAQUERA;1;0
D031301033;20089;ZUQUIM, RUA DR;14916;OLAVO EGIDIO, RUA DR;0;;31/03/2013 01:30;2;CO;9;2826; ; ;2;0;0;0;0;0;0;0;0;0;0;0;0;0;0;0;0;14916;OLAVO EGIDIO, RUA DR;20089;ZUQUIM, RUA DR;71;SANTANA;3;0
D031301710;15507;TEOTONIO VILELA, AV SEN;;;8100;;31/03/2013 02:30;2;CO;85;2262; ; ;3;0;0;0;0;0;0;0;0;0;0;1;0;0;0;0;0;15507;TEOTONIO VILELA, AV SEN;;;23;CIDADE DUTRA;4;0
D031301462;18068;SERRA DE BRAGANCA, RUA;1967;APUCARANA, RUA;0;;31/03/2013 03:08;2;CO;30;1710; ; ;2;0;0;0;0;0;0;0;0;0;0;0;0;0;0;0;0;1967;APUCARANA, RUA;18068;SERRA DE BRAGANCA, RUA;82;TATUAPE;3;0
D031302398;17772;SANT'ANNA, AV COMEN;;;430;;31/03/2013 06:44;2;CO;47;3965; ; ;0;1;0;0;0;0;0;0;0;0;0;0;0;0;0;1;0;17772;SANT'ANNA, AV COMEN;;;29;FREGUESIA DO O;0;1
D031301669;29896;PIRAJUSSARA-VALO VELHO, ES;;;1548;;31/03/2013 07:10;2;CO;47;3968; ; ;0;0;0;0;1;0;0;0;0;0;0;1;0;0;0;0;0;29896;PIRAJUSSARA-VALO VELHO, ES;;;29;FREGUESIA DO O;1;0
D031301832;15507;TEOTONIO VILELA, AV SEN;;;8110;;31/03/2013 07:30;2;CO;101;2267; ; ;1;1;0;0;0;0;0;0;0;0;0;0;0;0;0;0;0;15507;TEOTONIO VILELA, AV SEN;;;23;CIDADE DUTRA;1;0
D031301420;2181;ARICANDUVA, AV;;;3836;;31/03/2013 08:30;2;CO;21;3568; ; ;4;0;0;0;0;0;0;0;0;0;0;0;0;0;0;0;0;2181;ARICANDUVA, AV;;;60;PENHA;2;0
D031301680;9913;JANGADEIRO, AV DO;;;246;;31/03/2013 09:00;2;CO;48;3458;B; ;1;2;0;0;0;0;0;0;0;0;0;0;0;0;0;0;0;9913;JANGADEIRO, AV DO;;;23;CIDADE DUTRA;2;0
D031302028;26992;ARMACAO DOS BUZIOS, AV;;;0;NADA CONSTA ;31/03/2013 09:08;2;CH;64;3245; ; ;1;0;0;0;0;0;0;0;0;0;0;0;0;0;0;0;0;26992;ARMACAO DOS BUZIOS, AV;;;3;ANHANGUERA;3;0
D031301905;69854;CAREIRO, RUA;;;100;;31/03/2013 09:47;4;AT;24;3247; ; ;0;1;0;0;0;0;0;0;0;0;0;0;0;0;0;0;0;69854;CAREIRO, RUA;;;49;LIBERDADE;1;0
D031300913;15626;PAULA FERREIRA, AV;;;2839;;31/03/2013 10:40;2;CF;87;2927; ; ;0;0;2;0;0;0;0;0;0;0;0;0;0;0;0;0;0;15626;PAULA FERREIRA, AV;;;64;PIRITUBA;4;0
D031300411;21185;MASCOTE, AV;;;267;;31/03/2013 11:50;2;CO;35;2877; ; ;2;0;0;0;0;0;0;0;0;0;0;0;0;0;0;0;0;21185;MASCOTE, AV;;;0;NULL;1;0
D031301833;3509;BELMIRA MARIN, AV DONA;;;2662;;31/03/2013 12:00;2;CO;101;2271; ; ;1;1;0;0;0;0;0;0;1;0;0;0;0;0;0;0;0;3509;BELMIRA MARIN, AV DONA;;;30;GRAJAU;1;0
D031301798;9220;INTERLAGOS, AV;;;3554;;31/03/2013 12:30;2;SI;99;4230; ; ;1;0;1;0;0;0;0;0;0;0;0;0;0;0;0;0;0;9220;INTERLAGOS, AV;;;16;CAMPO GRANDE;1;0
D031302379;9134;INCONFIDENCIA MINEIRA, AV;2878;BARREIRA GRANDE, AV DA;0;;31/03/2013 12:30;4;AT;69;3188; ; ;0;0;1;0;0;0;0;0;0;0;0;0;0;0;0;0;0;2878;BARREIRA GRANDE, AV DA;9134;INCONFIDENCIA MINEIRA, AV;  ;;0;1
D031302196;36285;ADRIANO BERTOZZI, AV;;;1381;;31/03/2013 12:39;2;CO;53;2024; ; ;0;1;1;0;0;0;0;0;0;0;0;0;0;0;0;0;0;36285;ADRIANO BERTOZZI, AV;;;51;MANDAQUI;2;0
D031301670;9529;ITAPECERICA, ES DE;;;9950;;31/03/2013 12:45;2;CO;47;4010; ; ;3;0;0;0;0;0;0;0;0;0;0;0;0;0;0;0;0;9529;ITAPECERICA, ES DE;;;29;FREGUESIA DO O;1;0
D031302078;37269;JARDIM TAMOIO, RUA;;;100;;31/03/2013 13:00;2;CL;103;2312; ; ;1;1;0;0;0;0;0;0;0;0;0;0;0;0;0;0;0;37269;JARDIM TAMOIO, RUA;;;51;MANDAQUI;1;0
D031300447;13739;MAURICIO CARDOSO, RUA MAL;;;100;;31/03/2013 13:30;2;CO;36;2289; ; ;2;1;0;0;0;0;0;0;0;0;0;0;0;0;0;0;0;13739;MAURICIO CARDOSO, RUA MAL;;;53;MOEMA;1;0
D031300700;72767;JOSE THEODORO, RUA;;;0;PROXIMO  - C DE FUTEB;31/03/2013 13:50;2;CO;33;2961; ; ;1;1;0;0;0;0;0;0;0;0;0;0;0;0;0;0;0;72767;JOSE THEODORO, RUA;;;43;JARDIM HELENA;1;0
D031302243;17824;SAPOPEMBA, AV;;;14034;;31/03/2013 14:25;2;CT;55;4319; ; ;1;1;0;0;0;0;0;0;0;0;0;0;0;0;0;0;0;17824;SAPOPEMBA, AV;;;33;IPIRANGA;2;0
D031300075;5245;CONSOLACAO, RUA DA;12132;LUIS, AV S;0;;31/03/2013 14:45;2;CO;3;2515; ; ;1;1;0;0;0;0;0;0;0;0;0;0;0;0;0;0;0;5245;CONSOLACAO, RUA DA;19996;XAVIER DE TOLEDO, RUA CEL;67;REPUBLICA;1;0
D031301286;15425;CANTIDIO SAMPAIO, AV DEP;;;2551;;31/03/2013 14:50;4;AT;72;2774; ; ;0;0;0;0;0;0;0;1;0;0;0;0;0;0;0;0;0;15425;CANTIDIO SAMPAIO, AV DEP;;;41;JARAGUA;1;0
D031301873;4409;MOHAMAD IBRAHIN SALEH, RUA;;;165;;31/03/2013 15:00;4;AT;22;2316; ; ;1;0;0;0;0;0;0;0;0;0;0;0;0;0;0;0;0;4409;MOHAMAD IBRAHIN SALEH, RUA;;;76;SAO MIGUEL;1;0
D031302277;17135;RIO DAS PEDRAS, AV;75435;ARRAIAS DO ARAGUAIA, AV;0;;31/03/2013 15:00;2;CO;66;2028; ; ;0;1;0;0;0;0;0;0;0;0;0;0;0;0;0;2;0;17135;RIO DAS PEDRAS, AV;34100;CICERO CANUTO DE LIMA, AV PAST;4;ARICANDUVA;2;0
D031300801;34682;CAMPO LIMPO, ES DO;;;2518;;31/03/2013 15:23;2;SI;37;2570; ; ;0;1;1;1;0;0;0;0;0;0;0;0;0;0;0;0;0;34682;CAMPO LIMPO, ES DO;;;17;CAMPO LIMPO;1;0
D031301421;7645;FRONTIN, AV CD DE;;;0;NADA CONSTA ;31/03/2013 15:25;2;CO;21;3577; ; ;2;0;0;0;0;0;0;0;0;0;0;0;0;0;0;0;0;7645;FRONTIN, AV CD DE;;;93;VILA MATILDE;1;0
D031302172;46936;JACU-PESSEGO/NOVA TRABALHADORE, AV;;;0;PROXIMO  - AV.RAGUEB ;31/03/2013 16:00;2;CO;49;4335; ; ;0;1;0;0;0;0;0;0;0;0;0;1;0;0;0;0;0;46936;JACU-PESSEGO/NOVA TRABALHADORE, AV;;;46;JOSE BONIFACIO;1;0
D031301230;18444;SOTOMANO, RUA TTE;;;1412;;31/03/2013 16:00;4;AT;39;3238; ; ;0;1;0;0;0;0;0;0;0;0;0;0;0;0;0;0;0;18444;SOTOMANO, RUA TTE;;;22;CIDADE ADEMAR;1;0
D031302055;21647;JOAO BARBOSA DE LIMA, RUA;;;337;;31/03/2013 16:05;4;AT;67;3908; ; ;0;1;0;0;0;0;0;0;0;0;0;0;0;0;0;0;0;21647;JOAO BARBOSA DE LIMA, RUA;;;50;LIMAO;1;0
D031300417;3913;EMBIARA, RUA;;;117;;31/03/2013 16:19;4;AT;35;4192; ; ;0;1;0;0;0;0;0;0;0;0;0;0;0;0;0;0;0;3913;EMBIARA, RUA;;;37;JABAQUARA;1;0
D031302207;99999;METALURGICOS, AV DOS;;;100;;31/03/2013 16:30;2;SI;54;1821; ; ;2;0;0;0;0;0;0;0;0;0;0;0;0;0;0;0;0;99999;METALURGICOS, AV DOS;;;25;CIDADE TIRADENT;1;0
D031300869;16680;PUJAIS SABATE, AV;17162;RIO PEQUENO, AV DO;0;;31/03/2013 16:30;4;AT;51;2097; ; ;0;1;0;0;0;0;0;0;0;0;0;0;0;0;0;0;0;16680;PUJAIS SABATE, AV;17162;RIO PEQUENO, AV DO;68;RIO PEQUENO;1;0
D031301820;38494;FUNCIONARIOS PUBLICOS, AV DOS;;;1001;;31/03/2013 18:00;2;CO;100;3982; ; ;0;3;0;0;0;0;0;0;0;0;0;0;0;0;0;0;0;38494;FUNCIONARIOS PUBLICOS, AV DOS;;;32;IGUATEMI;2;0
D031301346;18594;TAIPAS, ES;;;1705;;31/03/2013 18:15;4;AT;74;2788; ; ;1;0;0;0;0;0;0;0;0;0;0;0;0;0;0;0;0;18594;TAIPAS, ES;;;52;MARSILAC;1;0
D031300625;5105;CLODOMIRO AMAZONAS, RUA;;;815;;31/03/2013 18:16;2;CO;15;3038; ; ;2;0;0;0;0;0;0;0;0;0;0;0;0;0;0;0;0;5105;CLODOMIRO AMAZONAS, RUA;;;34;ITAIM BIBI;2;0
D031301169;29031;FREGUESIA DO O, PTE;;;0;NADA CONSTA ;31/03/2013 18:40;2;CT;28;3439; ; ;1;1;0;0;0;0;0;0;0;0;0;0;0;0;0;0;0;13605;MARTINELLI, AV COMEN;;;44;JARDIM PAULISTA;1;0
D031302171;22406;BARROS PENTEADO, RUA;;;485;;31/03/2013 19:00;4;AT;49;4330; ; ;1;0;0;0;0;0;0;0;0;0;0;0;0;0;0;0;0;22406;BARROS PENTEADO, RUA;;;55;MORUMBI;1;0
D031301569;4736;CELSO GARCIA, AV;;;2477;;31/03/2013 19:02;2;QD;81;1724; ; ;0;0;1;0;0;0;0;0;0;0;0;0;0;0;0;0;0;4736;CELSO GARCIA, AV;;;82;TATUAPE;1;0
D031300237;5567;CRUZEIRO DO SUL, AV;32826;PIETRO GIANNOCCARO, RUA;0;;31/03/2013 19:20;2;CO;12;2337; ; ;1;0;0;0;1;0;0;0;0;0;0;0;0;0;0;0;0;5567;CRUZEIRO DO SUL, AV;32826;PIETRO GIANNOCCARO, RUA;57;PARI;1;0
D031301693;34403;AZAMBUJA SUZANO, RUA PROF;;;159;;31/03/2013 19:26;4;AT;80;4198; ; ;0;0;0;0;0;0;0;0;0;0;0;0;0;0;0;1;0;34403;AZAMBUJA SUZANO, RUA PROF;;;29;FREGUESIA DO O;1;0
D031301148;12460;MACIEL BAIAO, PCA;;;0;NADA CONSTA ;31/03/2013 19:30;2;CO;20;2824; ; ;1;0;0;0;1;0;0;0;0;0;0;0;0;0;0;0;0;12460;MACIEL BAIAO, PCA;;;22;CIDADE ADEMAR;1;0
D031301231;1816;ANTONIO PAIVA SAMPAIO, AV COMTE;;;132;;31/03/2013 19:30;2;CO;39;3251;B; ;1;1;0;0;0;0;0;0;0;0;0;0;0;0;0;0;0;1816;ANTONIO PAIVA SAMPAIO, AV COMTE;;;84;TUCURUVI;1;0
D031302047;9580;ITAQUERA, AV;;;8266;;31/03/2013 19:30;2;CT;65;3290; ; ;0;1;1;0;0;0;0;0;0;0;0;0;0;0;0;0;0;9580;ITAQUERA, AV;;;24;CIDADE LIDER;2;0
D031300597;6897;FARIA LIMA, AV BRIG;;;1336;;31/03/2013 20:39;4;AT;14;3035; ; ;1;0;0;0;0;0;0;0;0;0;0;0;0;0;0;0;0;6897;FARIA LIMA, AV BRIG;;;63;PINHEIROS;1;0
D031301385;18724;TARUMA, AV;43777;CARVALHO PINTO, AV GOV;0;;31/03/2013 21:00;4;AT;10;3591; ; ;1;0;0;0;0;0;0;0;0;0;0;0;0;0;0;0;0;18724;TARUMA, AV;43777;CARVALHO PINTO, AV GOV;18;CANGAIBA;1;0
D031301630;15507;TEOTONIO VILELA, AV SEN;33095;HERMOGENES DE F. LEITAO FILHO, EST;0;;31/03/2013 21:30;2;CF;25;2274; ; ;0;1;0;1;0;0;0;0;0;0;0;0;0;0;0;0;0;15507;TEOTONIO VILELA, AV SEN;33095;HERMOGENES DE F. LEITAO FILHO, EST;56;PARELHEIROS;1;0
D031302218;45521;ELOA DO VALLE QUADROS, RUA DNA;;;400;;31/03/2013 21:45;4;AT;54;4340; ; ;0;1;0;0;0;0;0;0;0;0;0;0;0;0;0;0;0;45521;ELOA DO VALLE QUADROS, RUA DNA;;;25;CIDADE TIRADENT;1;0
D031301358;4521;CARVALHO MOURAO, RUA MIN;;;10;;31/03/2013 22:00;2;CO;90;3252; ; ;2;0;0;0;0;0;0;0;0;0;0;0;0;0;0;0;0;4521;CARVALHO MOURAO, RUA MIN;;;94;VILA MEDEIROS;2;0
D031300517;4801;CHARLES HOYT, RUA;;;23;;31/03/2013 22:02;4;AT;97;2714; ; ;0;1;0;0;0;0;0;0;0;0;0;0;0;0;0;0;0;4801;CHARLES HOYT, RUA;;;37;JABAQUARA;1;0
D031300273;2497;AUGUSTA, RUA;7306;FRANCA, AL;0;;31/03/2013 22:08;2;CF;78;2523; ; ;1;1;0;0;0;0;0;0;0;0;0;0;0;0;0;0;0;2497;AUGUSTA, RUA;7306;FRANCA, AL;44;JARDIM PAULISTA;1;0
D031300468;5618;CURSINO, AV DO;;;3400;;31/03/2013 22:50;2;CF;83;2717; ; ;0;1;0;0;0;0;0;0;0;0;0;0;0;0;0;1;0;5618;CURSINO, AV DO;;;27;CURSINO;2;0
D031302173;1393;ANGELO DE CANDIA, RUA;;;1949;;31/03/2013 23:00;2;SI;49;4354; ; ;0;0;0;0;0;0;0;0;0;0;0;0;0;0;0;1;0;1393;ANGELO DE CANDIA, RUA;;;75;SAO MATEUS;1;0