id_acidente;codloga;logradouroA;codlogb;logradouroB;alt_num;referencia;data;cod_acid;tipo_acidente;dp;numero_BO;sentido;pista;automovel;moto;onibus;caminhao;bicicleta;moto_taxi;onibus_fretado;onibus_urbano;microonibus;van;vuc;caminhonete;carreta;jipe;outros;sem_informacao;carroca;princ_a;paiA;princ_b;paiB;cod_distrito;distrito;vit_ferida;vit_morta
D031301991;13881;MIGUEL, AV S;46936;JACU-PESSEGO/NOVA TRABALHADORE, AV;0;;31/03/2013 23:03;2;CT;63;2367; ; ;2;0;1;0;0;0;0;0;0;0;0;0;0;0;0;0;0;13881;MIGUEL, AV S;46936;JACU-PESSEGO/NOVA TRABALHADORE, AV;89;VILA JACUI;2;0
D031300598;2149;ARCOVERDE, RUA CARD;;;2432;;31/03/2013 23:56;2;QM;14;3043; ; ;0;1;0;0;0;0;0;0;0;0;0;0;0;0;0;0;0;2149;ARCOVERDE, RUA CARD;;;44;JARDIM PAULISTA;1;0
D041302050;2945;BRASILIO BARNI, RUA PROF;;;300;;01/04/2013 00:00;2;QM;49;4382; ; ;0;1;0;0;0;0;0;0;0;0;0;0;0;0;0;0;0;2945;BRASILIO BARNI, RUA PROF;;;75;SAO MATEUS;2;0
D041302240;78277;MANUEL FRANCA DOS SANTOS, RUA;;;174;;01/04/2013 00:24;2;QM;69;3216; ; ;0;1;0;0;0;0;0;0;0;0;0;0;0;0;0;0;0;78277;MANUEL FRANCA DOS SANTOS, RUA;;;56;PARELHEIROS;0;1
D041301955;21253;AGUIA DE HAIA, AV;;;4000;;01/04/2013 01:08;2;CO;64;3309; ; ;2;0;0;0;0;0;0;0;0;0;0;0;0;0;0;0;0;21253;AGUIA DE HAIA, AV;;;0;NULL;3;0
D041301094;10945;JOSE ERMIRIO DE MORAES, AV SEN;;;1707;;01/04/2013 02:30;2;CO;20;2853; ; ;1;1;0;0;0;0;0;0;0;0;0;0;0;0;0;0;0;10945;JOSE ERMIRIO DE MORAES, AV SEN;;;83;TREMEMBE;1;0
D041301092;8436;GUATIAIA, RUA;;;6;;01/04/2013 02:56;2;CH;20;2851; ; ;1;0;0;0;0;0;0;0;0;0;0;0;0;0;0;0;0;8436;GUATIAIA, RUA;;;8;BELEM;2;0
D041300515;16740;QUINTANA, RUA;;;915;;01/04/2013 05:54;2;CL;96;1448; ; ;1;1;0;0;0;0;0;0;0;0;0;0;0;0;0;0;0;16740;QUINTANA, RUA;;;30;GRAJAU;1;0
D041301930;13881;MIGUEL, AV S;;;7900;;01/04/2013 06:40;4;AT;63;2332; ; ;0;1;0;0;0;0;0;0;0;0;0;0;0;0;0;0;0;13881;MIGUEL, AV S;;;65;PONTE RASA;1;0
D041301667;8368;GUARAPIRANGA, AV;35858;GUIDO CALOI, AV;0;;01/04/2013 06:51;2;CO;92;2065;B; ;1;1;0;0;0;0;0;0;0;0;0;0;0;0;0;0;0;8368;GUARAPIRANGA, AV;35858;GUIDO CALOI, AV;45;JARDIM SAO LUIS;1;0
D041301608;9529;ITAPECERICA, ES DE;;;6358;;01/04/2013 07:00;2;CO;47;3994; ; ;1;0;0;0;0;0;0;1;0;0;0;0;0;0;0;0;0;9529;ITAPECERICA, ES DE;;;29;FREGUESIA DO O;1;0
D041301095;61359;ALCINDO BUENO DE ASSIS, RUA;;;2000;;01/04/2013 07:05;4;AT;20;2869; ; ;1;0;0;0;0;0;0;0;0;0;0;0;0;0;0;0;0;61359;ALCINDO BUENO DE ASSIS, RUA;;;22;CIDADE ADEMAR;1;0
D041300406;7882;GEORGE CORBISIER, AV ENG;;;119;;01/04/2013 07:15;2;CO;35;2872;C; ;1;1;0;0;0;0;0;0;0;0;0;0;0;0;0;0;0;7882;GEORGE CORBISIER, AV ENG;;;37;JABAQUARA;1;0
D041300881;28914;PIQUERI, PTE DO;;;0;PROXIMO  - AV.OTAVIAN;01/04/2013 07:20;2;CT;87;1807; ; ;1;0;0;0;0;0;0;0;0;0;0;1;0;0;0;0;0;28914;PIQUERI, PTE DO;;;4;ARICANDUVA;1;0
D041301139;15188;OTAVIANO ALVES DE LIMA, AV;;;3600;;01/04/2013 07:30;2;CO;28;1955; ; ;1;1;0;0;0;0;0;0;0;0;0;0;0;0;0;0;0;29772;MARGINAL DO RIO TIETE, AV;;;23;CIDADE DUTRA;1;0
D041302156;21661;EDGARD PINTO CESAR, RUA;;;417;;01/04/2013 07:44;4;AT;70;1764; ; ;1;0;0;0;0;0;0;0;0;0;0;0;0;0;0;0;0;21661;EDGARD PINTO CESAR, RUA;;;56;PARELHEIROS;1;0
D041300496;11562;LAGRIMAS, ES DAS;;;1462;;01/04/2013 07:45;2;QM;95;1714; ; ;1;2;0;0;0;0;0;0;0;0;0;0;0;0;0;0;0;11562;LAGRIMAS, ES DAS;;;69;SACOMA;2;0
D041300554;24491;IMIGRANTES, VIA DOS;;;9;;01/04/2013 07:50;2;CO;97;1166; ; ;1;1;0;0;0;0;0;0;0;0;0;0;0;0;0;0;0;24491;IMIGRANTES, VIA DOS;;;  ;;2;0
D041302242;1344;ANGA, RUA;;;896;;01/04/2013 08:00;4;AT;53;2189; ; ;0;0;0;1;0;0;0;0;0;0;0;0;0;0;0;0;0;1344;ANGA, RUA;;;87;VILA FORMOSA;0;1
D041301534;9600;BRAGANCA PAULISTA, RUA;;;266;;01/04/2013 08:00;4;AT;11;353; ; ;1;0;0;0;0;0;0;0;0;0;0;0;0;0;0;0;0;9600;BRAGANCA PAULISTA, RUA;;;72;SANTO AMARO;1;0
D041301949;3895;CAJUPIRANGA, RUA;8911;IBIRANHEM, RUA;0;;01/04/2013 08:00;2;QM;64;2701; ; ;0;1;0;0;0;0;0;0;0;0;0;0;0;0;0;0;0;3895;CAJUPIRANGA, RUA;8911;IBIRANHEM, RUA;85;VILA ANDRADE;1;0
D041301034;2479;ATILIO PIFFER, RUA;20043;ZANZIBAR, RUA;0;;01/04/2013 08:00;2;CF;13;3458; ; ;0;1;0;0;0;0;0;0;0;1;0;0;0;0;0;0;0;2479;ATILIO PIFFER, RUA;20043;ZANZIBAR, RUA;21;CASA VERDE;1;0
D041300810;16878;RAPOSO TAVARES, VIA;;;0;QUILOMETRO  - 13,300;01/04/2013 08:10;2;CO;51;1500; ; ;1;1;0;0;0;0;0;0;0;0;0;0;0;0;0;0;0;16878;RAPOSO TAVARES, VIA;;;13;CACHOEIRINHA;1;0
D041300154;543;ALCANTARA MACHADO, AV;;;180;;01/04/2013 08:25;2;CO;8;2349; ; ;1;1;0;0;0;0;0;0;0;0;0;0;0;0;0;0;0;543;ALCANTARA MACHADO, AV;;;10;BRAS;1;0
D041301783;3509;BELMIRA MARIN, AV DONA;;;2583;;01/04/2013 08:30;2;CO;101;2289; ; ;1;0;0;1;0;0;0;0;0;0;0;0;0;0;0;0;0;3509;BELMIRA MARIN, AV DONA;;;30;GRAJAU;2;0
D041300493;7461;FRANCISCO INACIO, RUA CEL;16994;RENO, RUA DO;0;;01/04/2013 08:30;2;SI;95;1564; ; ;1;1;0;0;0;0;0;0;0;0;0;0;0;0;0;0;0;7461;FRANCISCO INACIO, RUA CEL;16994;RENO, RUA DO;69;SACOMA;1;0
D041301948;3861;TREVO DE SANTA MARIA, RUA;;;579;;01/04/2013 09:00;2;CO;64;2689; ; ;1;1;0;0;0;0;0;0;0;0;0;0;0;0;0;0;0;3861;TREVO DE SANTA MARIA, RUA;;;36;ITAQUERA;1;0
D041300566;4593;CATAO, RUA;;;72;;01/04/2013 09:00;4;AT;7;2258; ; ;0;0;0;0;0;0;0;0;0;0;0;0;0;0;0;1;0;4593;CATAO, RUA;;;48;LAPA;1;0
D041302095;37222;PALANQUE, ES DO;;;2010;;01/04/2013 09:15;2;QF;54;1835; ; ;0;0;1;0;0;0;0;0;0;0;0;0;0;0;0;0;0;37222;PALANQUE, ES DO;;;50;LIMAO;1;0
D041301241;15751;PAULO GARCIA AQUILINE, RUA;;;510;;01/04/2013 09:15;4;AT;45;983; ; ;0;0;0;0;0;0;0;0;0;0;0;1;0;0;0;0;0;15751;PAULO GARCIA AQUILINE, RUA;;;11;BRASILANDIA;1;0
D041300093;21064;PLINIO DE QUEIROZ, VD DR;14804;NOVE DE JULHO, AV;0;;01/04/2013 09:30;2;CO;4;2531; ; ;1;1;0;0;0;0;0;0;0;0;0;0;0;0;0;0;0;14804;NOVE DE JULHO, AV;21064;PLINIO DE QUEIROZ, VD DR;  ;;1;0
D041300215;19583;VERGUEIRO, RUA;2762;BALTAZAR LISBOA, RUA;0;;01/04/2013 09:30;2;CO;6;4239; ; ;0;1;0;0;0;0;0;0;0;0;0;1;0;0;0;0;0;14642;NOE AZEVEDO, AV PROF;19583;VERGUEIRO, RUA;92;VILA MARIANA;1;0
D041301079;5845;DIAS DA SILVA, RUA;;;658;;01/04/2013 09:34;2;CL;19;1253; ; ;0;1;0;1;0;0;0;0;0;0;0;0;0;0;0;0;0;5845;DIAS DA SILVA, RUA;;;91;VILA MARIA;1;0
D041300649;6471;SAO VICENTE, AV MARQ DE;;;0;NADA CONSTA ;01/04/2013 09:40;2;CT;23;1732; ; ;0;1;0;0;0;0;0;1;0;0;0;0;0;0;0;0;0;6471;SAO VICENTE, AV MARQ DE;;;6;BARRA FUNDA;2;0
D041300012;13853;MERCURIO, AV;;;500;;01/04/2013 09:41;4;AT;1;2922; ; ;1;0;0;0;0;0;0;0;0;0;0;0;0;0;0;0;0;13853;MERCURIO, AV;;;9;BOM RETIRO;1;0
D041301414;6932;FEIJO, AV REG;;;640;;01/04/2013 10:00;2;CO;30;1794; ; ;2;0;0;0;0;0;0;0;0;0;0;0;0;0;0;0;0;6932;FEIJO, AV REG;;;1;AGUA RASA;1;0
D041300989;36061;LUIZ DUMONT VILLARES, AV;;;3000;;01/04/2013 10:00;2;QD;9;1920;B; ;0;0;0;0;0;0;0;1;0;0;0;0;0;0;0;0;0;36061;LUIZ DUMONT VILLARES, AV;;;22;CIDADE ADEMAR;1;0
D041300119;10342;JOAO JULIAO, RUA;;;100;;01/04/2013 10:00;4;AT;5;1738; ; ;1;0;0;0;0;0;0;0;0;0;0;0;0;0;0;0;0;10342;JOAO JULIAO, RUA;;;7;BELA VISTA;1;0
D041300005;1521;ANTONIO, RUA STO;;;211;;01/04/2013 10:07;2;CO;1;2584; ; ;1;1;0;0;0;0;0;0;0;0;0;0;0;0;0;0;0;1521;ANTONIO, RUA STO;;;67;REPUBLICA;1;0
D041300811;13019;ESCOLA POLITECNICA, AV;;;5950;;01/04/2013 10:23;2;QM;51;1509; ; ;0;1;0;0;0;0;0;0;0;0;0;0;0;0;0;0;0;13019;ESCOLA POLITECNICA, AV;;;40;JAGUARE;1;0
D041301039;15038;ORDEM E PROGRESSO, AV;;;1000;;01/04/2013 10:30;2;QD;13;3476; ; ;0;0;1;0;0;0;0;0;0;0;0;0;0;0;0;0;0;15038;ORDEM E PROGRESSO, AV;;;35;ITAIM PAULISTA;1;0
D041300216;5567;CRUZEIRO DO SUL, AV;;;0;ACESSO  - AV.MARDINA;01/04/2013 10:30;2;CO;12;1812; ; ;1;1;0;0;0;0;0;0;0;0;0;0;0;0;0;0;0;5567;CRUZEIRO DO SUL, AV;;;5;ARTUR ALVIM;2;0
D041301307;5350;CORREDOR, ES DO;62388;IVO CAVALCANTI, RUA;0;;01/04/2013 10:45;2;CO;74;1484; ; ;0;1;0;0;0;0;0;0;0;0;0;1;0;0;0;0;0;5350;CORREDOR, ES DO;62388;IVO CAVALCANTI, RUA;41;JARAGUA;2;0
D041300407;66;ABRAAO DE MORAIS, AV PROF;6347;ELISA SILVEIRA, RUA;0;;01/04/2013 11:00;4;AT;35;2889; ; ;1;0;0;0;0;0;0;0;0;0;0;0;0;0;0;0;0;66;ABRAAO DE MORAIS, AV PROF;6347;ELISA SILVEIRA, RUA;79;SAUDE;1;0
D041301035;15038;ORDEM E PROGRESSO, AV;;;1020;;01/04/2013 11:18;2;CT;13;3462; ; ;1;1;0;0;0;0;0;0;0;0;0;0;0;0;0;0;0;15038;ORDEM E PROGRESSO, AV;;;35;ITAIM PAULISTA;1;0
D041300685;18410;SOLIMOES, RUA;1427;ANHANGUERA, RUA;0;;01/04/2013 11:25;2;CO;23;900154; ; ;1;1;0;0;0;0;0;0;0;0;0;0;0;0;0;0;0;1427;ANHANGUERA, RUA;18410;SOLIMOES, RUA;70;SANTA CECILIA;1;0
D041301478;2729;BAIA GRANDE, RUA;;;562;;01/04/2013 11:50;2;CT;56;2044; ; ;1;0;1;0;0;0;0;0;0;0;0;0;0;0;0;0;0;2729;BAIA GRANDE, RUA;;;95;VILA PRUDENTE;1;0
D041300087;5245;CONSOLACAO, RUA DA;;;1700;;01/04/2013 11:54;4;AT;4;2392; ; ;1;1;0;0;0;0;0;0;0;0;0;0;0;0;0;0;0;5245;CONSOLACAO, RUA DA;;;26;CONSOLACAO;2;0
D041300379;10918;JOSE DINIZ, AV VER;10586;JOAQUIM NABUCO, RUA;0;;01/04/2013 12:06;2;CO;27;3321; ; ;1;1;0;0;0;0;0;0;0;0;0;0;0;0;0;0;0;10586;JOAQUIM NABUCO, RUA;10918;JOSE DINIZ, AV VER;15;CAMPO BELO;1;0
D041300516;4249;CARDOSO DE MELO, AV DR;3031;BEIRA RIO, RUA;0;;01/04/2013 12:30;2;SI;96;1458; ; ;0;1;0;1;0;0;0;0;0;0;0;0;0;0;0;0;0;3031;BEIRA RIO, RUA;4249;CARDOSO DE MELO, AV DR;34;ITAIM BIBI;1;0
D041302049;9044;RAGUEB CHOHFI, AV;22427;CONFEDERACAO DOS TAMOIOS, RUA;0;;01/04/2013 12:40;4;AT;49;4368; ; ;0;0;1;0;0;0;0;0;0;0;0;0;0;0;0;0;0;9044;RAGUEB CHOHFI, AV;22427;CONFEDERACAO DOS TAMOIOS, RUA;32;IGUATEMI;1;0
D041301885;46936;JACU-PESSEGO/NOVA TRABALHADORE, AV;;;0;PROXIMO  - R.SABBADO ;01/04/2013 13:00;2;CO;32;3377; ; ;2;0;0;0;0;0;0;0;0;0;0;0;0;0;0;0;0;46936;JACU-PESSEGO/NOVA TRABALHADORE, AV;;;46;JOSE BONIFACIO;3;0
D041301912;16634;ABEL TAVARES, AV;;;1093;;01/04/2013 13:02;2;CO;62;1290;C; ;1;1;0;0;0;0;0;0;0;0;0;0;0;0;0;0;0;16634;ABEL TAVARES, AV;;;28;ERMELINO MATARA;1;0
D041300408;2235;ARMANDO DE ARRUDA PEREIRA, AV ENG;;;400;;01/04/2013 13:13;2;CO;35;2901; ; ;1;0;1;0;0;0;0;0;0;0;0;0;0;0;0;0;0;2235;ARMANDO DE ARRUDA PEREIRA, AV ENG;;;37;JABAQUARA;2;0
D041300773;1429;ANHANGUERA, VIA;;;17000;;01/04/2013 13:15;2;QM;46;1555; ; ;0;1;0;0;0;0;0;0;0;0;0;0;0;0;0;0;0;1429;ANHANGUERA, VIA;;;73;SAO DOMINGOS;1;0
D041301468;27094;SALIM FARAH MALUF, AV;;;999;;01/04/2013 13:30;4;AT;52;982; ; ;1;0;0;0;0;0;0;0;0;0;0;0;0;0;0;0;0;27094;SALIM FARAH MALUF, AV;;;82;TATUAPE;1;0
D041301037;14770;NOVA DOS PORTUGUESES, RUA;;;66;;01/04/2013 14:00;2;CO;13;3468; ; ;1;1;0;0;0;0;0;0;0;0;0;0;0;0;0;0;0;14770;NOVA DOS PORTUGUESES, RUA;;;71;SANTANA;1;0
D041301038;288;AFONSO SCHMIDT, AL;;;656;;01/04/2013 14:00;4;AT;13;3469; ; ;1;0;0;0;0;0;0;0;0;0;0;0;0;0;0;0;0;288;AFONSO SCHMIDT, AL;;;71;SANTANA;1;0
D041301729;13035;MIGUEL YUNES, RUA;;;545;;01/04/2013 14:00;2;CT;99;1478; ; ;1;1;0;0;0;0;0;0;0;0;0;0;0;0;0;0;0;13035;MIGUEL YUNES, RUA;;;16;CAMPO GRANDE;2;0
D041301866;18803;TEODORO, RUA S;9624;VICTORIO SANTIM, RUA;0;;01/04/2013 14:00;2;CO;32;2355; ; ;3;0;0;0;0;0;0;0;0;0;0;0;0;0;0;0;0;9624;VICTORIO SANTIM, RUA;18803;TEODORO, RUA S;36;ITAQUERA;2;0
D041300086;5245;CONSOLACAO, RUA DA;;;1777;;01/04/2013 14:22;2;CO;4;2391; ; ;1;1;0;0;0;0;0;0;0;0;0;0;0;0;0;0;0;5245;CONSOLACAO, RUA DA;;;26;CONSOLACAO;1;0
D041300650;61;ABRAAO RIBEIRO, AV DR;;;283;;01/04/2013 14:37;4;AT;23;1740; ; ;1;0;0;0;0;0;0;0;0;0;0;0;0;0;0;0;0;61;ABRAAO RIBEIRO, AV DR;;;70;SANTA CECILIA;1;0
D041302157;12895;ANTONIO MARQUES JULIAO, RUA;;;150;;01/04/2013 14:40;2;CO;70;1787; ; ;2;0;0;0;0;0;0;0;0;0;0;0;0;0;0;0;0;12895;ANTONIO MARQUES JULIAO, RUA;;;74;SAO LUCAS;2;0
D041301202;8320;GUAPIRA, AV;;;1812;;01/04/2013 15:00;2;CH;39;1511; ; ;1;1;0;0;0;0;0;0;0;0;0;0;0;0;0;0;0;8320;GUAPIRA, AV;;;38;JACANA;1;0
D041301036;14770;NOVA DOS PORTUGUESES, RUA;;;350;;01/04/2013 15:30;2;CO;13;3466; ; ;1;1;0;0;0;0;0;0;0;0;0;0;0;0;0;0;0;14770;NOVA DOS PORTUGUESES, RUA;;;71;SANTANA;1;0
D041300217;10528;JOAQUIM CARLOS, RUA;;;48;;01/04/2013 15:44;2;CO;12;1816; ; ;1;1;0;0;0;0;0;0;0;0;0;0;0;0;0;0;0;10528;JOAQUIM CARLOS, RUA;;;8;BELEM;1;0
D041302015;11936;ALBERTO LUPO (ANTIGA R. LISBOA, RUA;;;11;;01/04/2013 15:50;2;CO;41;1968; ; ;1;1;0;0;0;0;0;0;0;0;0;0;0;0;0;0;0;11936;ALBERTO LUPO (ANTIGA R. LISBOA, RUA;;;78;SAPOPEMBA;1;0
D041300155;3653;BRESSER, RUA;;;2500;;01/04/2013 16:00;2;CO;8;2364; ; ;1;1;0;0;0;0;0;0;0;0;0;0;0;0;0;0;0;3653;BRESSER, RUA;;;10;BRAS;1;0
D041301656;99144;OPCAO BRASIL NATAL, RUA;;;1;;01/04/2013 16:00;4;AT;85;1761; ; ;0;0;0;0;0;0;0;0;0;0;0;0;0;0;0;1;0;99144;OPCAO BRASIL NATAL, RUA;;;30;GRAJAU;1;0
D041300476;9294;JOAO JOSE DA SILVA, RUA;;;300;;01/04/2013 16:23;2;QF;83;790; ; ;0;0;0;1;0;0;0;0;0;0;0;0;0;0;0;0;0;9294;JOAO JOSE DA SILVA, RUA;;;69;SACOMA;1;0
D041300497;5762;DELAMARE, AV ALM;;;1800;;01/04/2013 16:30;2;QM;95;1727; ; ;0;1;0;0;0;0;0;0;0;0;0;0;0;0;0;0;0;5762;DELAMARE, AV ALM;;;33;IPIRANGA;1;0
D041300437;19764;VINTE E TRES DE MAIO, AV;3274;BERNARDINO DE CAMPOS, AV;0;;01/04/2013 16:30;2;CT;36;1461; ; ;1;1;0;0;0;0;0;0;0;0;0;0;0;0;0;0;0;3274;BERNARDINO DE CAMPOS, AV;19764;VINTE E TRES DE MAIO, AV;  ;;1;0
D041301535;1085;AMERICO BRASILIENSE, RUA;;;1550;;01/04/2013 16:40;2;CT;11;3558; ; ;1;1;0;0;0;0;0;0;0;0;0;0;0;0;0;0;0;1085;AMERICO BRASILIENSE, RUA;;;72;SANTO AMARO;1;0
D041301446;24338;LUIZ IGNACIO ANHAIA MELLO, AV PROF;18389;MANUEL DA COSTA, RUA;0;;01/04/2013 17:15;2;CO;42;1175; ; ;1;1;0;0;0;0;0;0;0;0;0;0;0;0;0;0;0;18389;MANUEL DA COSTA, RUA;24338;LUIZ IGNACIO ANHAIA MELLO, AV PROF;  ;;1;0
D041301381;18454;SOUSA BANDEIRA, AV;44742;BERNARDINO BRITO FONSECA DE CA, AV;0;;01/04/2013 17:17;2;CO;21;1101; ; ;1;0;0;0;1;0;0;0;0;0;0;0;0;0;0;0;0;18454;SOUSA BANDEIRA, AV;44742;BERNARDINO BRITO FONSECA DE CA, AV;93;VILA MATILDE;1;0
D041302120;17135;RIO DAS PEDRAS, AV;;;3343;;01/04/2013 17:30;2;CO;66;1486; ; ;0;2;0;0;0;0;0;0;0;0;0;0;0;0;0;0;0;17135;RIO DAS PEDRAS, AV;;;27;CURSINO;1;0
D041302009;38984;PORFIRIO DA PAZ, AV GAL;;;1745;;01/04/2013 17:30;4;AT;41;1722; ; ;0;0;0;0;0;0;0;0;1;0;0;0;0;0;0;0;0;38984;PORFIRIO DA PAZ, AV GAL;;;78;SAPOPEMBA;1;0
D041301627;60544;JOSE ALVES DA SILVA, RUA;;;200;;01/04/2013 17:30;2;QM;47;5214; ; ;0;1;0;0;0;0;0;0;0;0;0;0;0;0;0;0;0;60544;JOSE ALVES DA SILVA, RUA;;;29;FREGUESIA DO O;1;0
D041301216;36061;LUIZ DUMONT VILLARES, AV;;;1859;;01/04/2013 17:40;2;CO;39;3294; ; ;0;1;0;0;0;0;0;0;0;0;0;1;0;0;0;0;0;36061;LUIZ DUMONT VILLARES, AV;;;22;CIDADE ADEMAR;1;0
D041300373;19931;WASHINGTON LUIS, AV;;;3480;;01/04/2013 18:20;4;AT;27;5519; ; ;0;1;0;0;0;0;0;0;0;0;0;0;0;0;0;0;0;19931;WASHINGTON LUIS, AV;;;30;GRAJAU;1;0
D041301148;5947;EDGAR FACO, AV GAL;;;1418;;01/04/2013 18:30;2;CT;28;3483; ; ;0;1;0;0;0;0;0;0;0;0;0;1;0;0;0;0;0;5947;EDGAR FACO, AV GAL;;;64;PIRITUBA;1;0
D041301610;4975;HENRIQUE SAM MINDLIN, RUA;;;1;;01/04/2013 18:40;2;QM;47;4103; ; ;0;1;0;0;0;0;0;0;0;0;0;0;0;0;0;0;0;4975;HENRIQUE SAM MINDLIN, RUA;;;19;CAPAO REDONDO;2;0
D041301769;12403;M'BOI MIRIM, ES;;;8000;;01/04/2013 18:50;4;AT;100;4025; ; ;0;0;1;0;0;0;0;0;0;0;0;0;0;0;0;0;0;12403;M'BOI MIRIM, ES;;;42;JARDIM ANGELA;1;0
D041301455;24338;LUIZ IGNACIO ANHAIA MELLO, AV PROF;;;4703;;01/04/2013 18:51;2;CH;42;2021; ; ;1;1;0;0;0;0;0;0;0;0;0;0;0;0;0;0;0;24338;LUIZ IGNACIO ANHAIA MELLO, AV PROF;;;26;CONSOLACAO;1;0
D041300198;6642;ESTADO, AV DO;;;6945;;01/04/2013 19:25;2;SI;6;2367; ; ;0;1;0;0;0;0;0;0;0;0;0;1;0;0;0;0;0;6642;ESTADO, AV DO;;;9;BOM RETIRO;1;0
D041300254;16321;PIRACICABA, AL BR DE;;;209;;01/04/2013 19:30;4;AT;77;1360; ; ;1;0;0;0;0;0;0;0;0;0;0;0;0;0;0;0;0;16321;PIRACICABA, AL BR DE;;;11;BRASILANDIA;1;0
D041301770;5379;CORREIA PAMPLONA, RUA;62251;INACIO COUTO, RUA;0;;01/04/2013 19:30;4;AT;100;40284; ; ;1;0;0;0;0;0;0;0;0;0;0;0;0;0;0;0;0;5379;CORREIA PAMPLONA, RUA;62251;INACIO COUTO, RUA;42;JARDIM ANGELA;1;0
D041301341;954;AMADOR BUENO DA VEIGA, AV;;;617;;01/04/2013 19:38;4;AT;10;23625;B; ;1;0;0;0;0;0;0;0;0;0;0;0;0;0;0;0;0;954;AMADOR BUENO DA VEIGA, AV;;;60;PENHA;1;0
D041300760;20956;NINA STOCCO, RUA PROFA;;;1350;;01/04/2013 20:00;4;AT;37;2609; ; ;0;1;0;0;0;0;0;0;0;0;0;0;0;0;0;0;0;20956;NINA STOCCO, RUA PROFA;;;29;FREGUESIA DO O;1;0
D041301918;20990;ANTONIO DE CASTRO LOPES, RUA PROF;;;1301;;01/04/2013 20:45;2;CO;62;3354; ; ;1;1;0;0;0;0;0;0;0;0;0;0;0;0;0;0;0;20990;ANTONIO DE CASTRO LOPES, RUA PROF;;;49;LIBERDADE;1;0
D041301841;954;AMADOR BUENO DA VEIGA, AV;;;0;PROXIMO  - CARVALHO P;01/04/2013 22:09;4;AT;24;3359; ; ;1;1;0;0;0;0;0;0;0;0;0;0;0;0;0;0;0;954;AMADOR BUENO DA VEIGA, AV;;;60;PENHA;1;0
D041300832;473;ALBERTO BONFIGLIOLI, AV COMEN;;;0;NADA CONSTA ;01/04/2013 22:34;2;CO;51;3090; ; ;0;1;0;0;0;0;0;0;0;0;0;0;0;0;0;1;0;473;ALBERTO BONFIGLIOLI, AV COMEN;;;12;BUTANTA;1;0
D041300061;19764;VINTE E TRES DE MAIO, AV;;;0;TUNEL  - SOB.ANHANG;01/04/2013 23:00;2;CO;3;1834; ; ;1;1;0;0;0;0;0;0;0;0;0;0;0;0;0;0;0;19764;VINTE E TRES DE MAIO, AV;;;17;CAMPO LIMPO;1;0
D041300462;5570;CUBATAO, RUA;271;AFONSO DE FREITAS, RUA;0;;02/04/2013 00:33;2;CO;36;3340; ; ;4;0;0;0;0;0;0;0;0;0;0;0;0;0;0;0;0;271;AFONSO DE FREITAS, RUA;5570;CUBATAO, RUA;92;VILA MARIANA;2;0
D041300689;35449;BANDEIRANTES, VIA DOS;;;15;;02/04/2013 02:10;2;CT;33;2988; ; ;0;1;0;1;0;0;0;0;0;0;0;0;0;0;0;0;0;35449;BANDEIRANTES, VIA DOS;;;64;PIRITUBA;1;0
D041301669;20062;NERIO NUNES, RUA DR;;;253;;02/04/2013 05:25;2;CH;92;2096; ; ;2;0;0;0;0;0;0;0;0;0;0;0;0;0;0;0;0;20062;NERIO NUNES, RUA DR;;;29;FREGUESIA DO O;2;0
D041300477;13915;MIGUEL ESTEFANO, AV;;;10;;02/04/2013 06:00;2;CH;83;792;C; ;0;1;0;0;0;0;0;0;0;0;0;0;0;0;0;0;0;13915;MIGUEL ESTEFANO, AV;;;27;CURSINO;1;0
D041301609;9529;ITAPECERICA, ES DE;;;4659;;02/04/2013 06:10;4;AT;47;4039; ; ;0;1;0;0;0;0;0;0;0;0;0;0;0;0;0;0;0;9529;ITAPECERICA, ES DE;;;29;FREGUESIA DO O;2;0
D041302030;20804;LUIS MATEUS (GUAIANAZES), RUA;;;0;PROXIMO  - E.DE IGUAT;02/04/2013 06:18;2;CO;44;2003; ; ;1;1;0;0;0;0;0;0;0;0;0;0;0;0;0;0;0;20804;LUIS MATEUS (GUAIANAZES), RUA;;;51;MANDAQUI;1;0
D041301658;60027;JOAO AMOS COMENIUS, RUA;;;500;;02/04/2013 06:20;2;QD;85;1904; ; ;0;0;1;0;0;0;0;0;0;0;0;0;0;0;0;0;0;60027;JOAO AMOS COMENIUS, RUA;;;32;IGUATEMI;1;0
D041300940;7836;GASTAO VIDIGAL, AV DR;;;0;PROXIMO  - HELIOPOLIS;02/04/2013 06:51;2;CO;91;2126; ; ;1;1;0;0;0;0;0;0;0;0;0;0;0;0;0;0;0;7836;GASTAO VIDIGAL, AV DR;;;90;VILA LEOPOLDINA;1;0
D041300812;16878;RAPOSO TAVARES, VIA;;;13;;02/04/2013 06:55;2;CO;51;1521; ; ;0;1;0;0;0;0;0;0;0;0;0;0;0;0;0;1;0;16878;RAPOSO TAVARES, VIA;;;13;CACHOEIRINHA;1;0
D041301393;7645;FRONTIN, AV CD DE;44742;BERNARDINO BRITO FONSECA DE CA, AV;0;;02/04/2013 07:00;2;CT;21;1911; ; ;1;0;1;0;0;0;0;0;0;0;0;0;0;0;0;0;0;7645;FRONTIN, AV CD DE;44742;BERNARDINO BRITO FONSECA DE CA, AV;93;VILA MATILDE;1;0