id_acidente;codloga;logradouroA;codlogb;logradouroB;alt_num;referencia;data;cod_acid;tipo_acidente;dp;numero_BO;sentido;pista;automovel;moto;onibus;caminhao;bicicleta;moto_taxi;onibus_fretado;onibus_urbano;microonibus;van;vuc;caminhonete;carreta;jipe;outros;sem_informacao;carroca;princ_a;paiA;princ_b;paiB;cod_distrito;distrito;vit_ferida;vit_morta
D041302121;2181;ARICANDUVA, AV;;;6049;;02/04/2013 07:09;2;CO;66;1492; ; ;0;1;0;0;1;0;0;0;0;0;0;0;0;0;0;0;0;2181;ARICANDUVA, AV;;;60;PENHA;1;0
D041301721;478;ALBERTO CARDOSO DE MELLO NETO, RUA DR;;;527;;02/04/2013 07:10;2;CF;98;4745; ; ;0;2;0;0;0;0;0;0;0;0;0;0;0;0;0;0;0;478;ALBERTO CARDOSO DE MELLO NETO, RUA DR;;;63;PINHEIROS;1;0
D041301308;15425;CANTIDIO SAMPAIO, AV DEP;;;5230;;02/04/2013 07:45;4;AT;74;1498; ; ;0;1;0;0;0;0;0;0;0;0;0;0;0;0;0;0;0;15425;CANTIDIO SAMPAIO, AV DEP;;;41;JARAGUA;1;0
D041301581;15509;PARELHEIROS, RUA;;;291;;02/04/2013 07:50;4;AT;25;866; ; ;0;1;0;0;0;0;0;0;0;0;0;0;0;0;0;0;0;15509;PARELHEIROS, RUA;;;36;ITAQUERA;1;0
D041301326;33234;MARGINAL DIREITA DO TIETE, AV;;;5114;;02/04/2013 07:50;2;CO;90;1296;C; ;0;1;0;0;0;0;0;1;0;0;0;0;0;0;0;0;0;29772;MARGINAL DO RIO TIETE, AV;;;39;JAGUARA;2;0
D041300704;1429;ANHANGUERA, VIA;;;0;QUILOMETRO  - 16;02/04/2013 08:15;2;CO;33;3707; ; ;0;0;0;1;0;0;0;1;0;0;0;0;0;0;0;0;0;1429;ANHANGUERA, VIA;;;73;SAO DOMINGOS;1;0
D041301342;43777;CARVALHO PINTO, AV GOV;;;1023;;02/04/2013 08:15;2;CL;10;3645; ; ;0;1;0;0;0;0;0;0;0;0;0;1;0;0;0;0;0;43777;CARVALHO PINTO, AV GOV;;;41;JARAGUA;1;0
D041302107;9589;ADELIA CHOHFI, AV;;;1000;;02/04/2013 08:18;4;AT;55;1348; ; ;1;0;0;0;0;0;0;0;0;0;0;0;0;0;0;0;0;9589;ADELIA CHOHFI, AV;;;75;SAO MATEUS;1;0
D041300961;99137;LINEU PRESTES (C.UNIVERS.), AV PROF;;;275;;02/04/2013 08:20;2;CO;93;1524; ; ;1;0;0;0;1;0;0;0;0;0;0;0;0;0;0;0;0;99137;LINEU PRESTES (C.UNIVERS.), AV PROF;;;2;ALTO DE PINHEIR;1;0
D041302114;9589;ADELIA CHOHFI, AV;;;55;;02/04/2013 08:25;4;AT;55;4595; ; ;0;0;1;0;0;0;0;0;0;0;0;0;0;0;0;0;0;9589;ADELIA CHOHFI, AV;;;75;SAO MATEUS;1;0
D041300904;12502;MAGALHAES DE CASTRO, AV;;;0;ACESSO  - PTE.JOAO D;02/04/2013 08:26;2;CL;89;2620; ; ;1;1;0;0;0;0;0;0;0;0;0;0;0;0;0;0;0;13014;MARGINAL DO RIO PINHEIROS, AV;;;12;BUTANTA;1;0
D041301096;14767;NOVA CANTAREIRA, AV;;;1691;;02/04/2013 08:30;2;CT;20;2902; ; ;1;1;0;0;0;0;0;0;0;0;0;0;0;0;0;0;0;14767;NOVA CANTAREIRA, AV;;;83;TREMEMBE;1;0
D041300514;3912;CALIFORNIA, RUA;11482;KANSAS, RUA;0;;02/04/2013 08:30;2;SI;96;942; ; ;1;1;0;0;0;0;0;0;0;0;0;0;0;0;0;0;0;3912;CALIFORNIA, RUA;11482;KANSAS, RUA;34;ITAIM BIBI;1;0
D041300409;36098;AFFONSO D'ESCRAGNOLLE TAUNAY, AV;;;0;NADA CONSTA ;02/04/2013 08:30;2;CT;35;2937; ; ;1;1;0;0;0;0;0;0;0;0;0;0;0;0;0;0;0;36098;AFFONSO D'ESCRAGNOLLE TAUNAY, AV;;;24;CIDADE LIDER;1;0
D041301536;6238;NACOES UNIDAS, AV DAS;21251;RUBENS GOMES BUENO, RUA DR;0;;02/04/2013 08:37;2;CO;11;3587;C; ;0;3;0;0;0;0;0;0;0;0;0;0;0;0;0;0;0;6238;NACOES UNIDAS, AV DAS;21251;RUBENS GOMES BUENO, RUA DR;72;SANTO AMARO;4;0
D041300273;18102;SERTORIO, RUA MAJ;989;AMARAL GURGEL, RUA;0;;02/04/2013 08:42;2;CO;77;2416; ; ;1;0;0;0;1;0;0;0;0;0;0;0;0;0;0;0;0;989;AMARAL GURGEL, RUA;18102;SERTORIO, RUA MAJ;  ;;1;0
D041300823;16878;RAPOSO TAVARES, VIA;;;12;;02/04/2013 09:00;2;CT;51;1854; ; ;0;2;0;0;0;0;0;0;0;0;0;0;0;0;0;0;0;16878;RAPOSO TAVARES, VIA;;;13;CACHOEIRINHA;1;0
D041300813;8603;HEITOR ANTONIO EIRAS GARCIA, AV ENG;;;1010;;02/04/2013 09:20;2;CO;51;1528; ; ;0;1;0;0;0;0;0;1;0;0;0;0;0;0;0;0;0;8603;HEITOR ANTONIO EIRAS GARCIA, AV ENG;;;68;RIO PEQUENO;1;0
D041302207;14213;MOOCA, RUA DA;9831;JAGUARA, RUA BR DE;0;;02/04/2013 09:22;2;CT;18;2387; ; ;1;1;0;1;0;0;0;0;0;0;0;0;0;0;0;0;0;9831;JAGUARA, RUA BR DE;14213;MOOCA, RUA DA;14;CAMBUCI;0;1
D041301415;1967;APUCARANA, RUA;18068;SERRA DE BRAGANCA, RUA;0;;02/04/2013 09:30;2;CO;30;1815; ; ;1;1;0;0;0;0;0;0;0;0;0;0;0;0;0;0;0;1967;APUCARANA, RUA;18068;SERRA DE BRAGANCA, RUA;82;TATUAPE;1;0
D041301166;7347;FRANCISCO RANIERI, AV DR;3423;LACERDA MARQUES, RUA;0;;02/04/2013 09:30;4;AT;38;1679; ; ;1;0;0;0;0;0;0;0;0;0;0;0;0;0;0;0;0;3423;LACERDA MARQUES, RUA;7347;FRANCISCO RANIERI, AV DR;51;MANDAQUI;1;0
D041301477;6642;ESTADO, AV DO;;;7000;;02/04/2013 10:20;2;SI;56;2031; ; ;1;1;0;0;0;0;0;0;0;0;0;0;0;0;0;0;0;6642;ESTADO, AV DO;;;9;BOM RETIRO;1;0
D041300156;14213;MOOCA, RUA DA;;;1145;;02/04/2013 10:30;2;CO;8;2393; ; ;1;1;0;0;0;0;0;0;0;0;0;0;0;0;0;0;0;14213;MOOCA, RUA DA;;;16;CAMPO GRANDE;1;0
D041300034;6642;ESTADO, AV DO;17799;SANTOS DUMONT, AV;0;;02/04/2013 10:40;2;CO;2;1820; ; ;0;1;0;0;0;0;0;0;0;0;0;1;0;0;0;0;0;6642;ESTADO, AV DO;17799;SANTOS DUMONT, AV;9;BOM RETIRO;1;0
D041300192;1934;APENINOS, RUA;;;747;;02/04/2013 10:50;2;CO;6;1767; ; ;1;1;0;0;0;0;0;0;0;0;0;0;0;0;0;0;0;1934;APENINOS, RUA;;;49;LIBERDADE;1;0
D041301250;15425;CANTIDIO SAMPAIO, AV DEP;;;1800;;02/04/2013 11:02;2;CH;72;2838; ; ;0;0;2;0;0;0;0;0;0;0;0;0;0;0;0;0;0;15425;CANTIDIO SAMPAIO, AV DEP;;;41;JARAGUA;1;0
D041300517;8341;GUARAIUVA, RUA;4564;CASTILHO, RUA;0;;02/04/2013 11:14;2;SI;96;1478; ; ;1;1;0;0;0;0;0;0;0;0;0;0;0;0;0;0;0;4564;CASTILHO, RUA;8341;GUARAIUVA, RUA;34;ITAIM BIBI;1;0
D041301097;18151;SEZEFREDO FAGUNDES, AV CEL;;;1124;;02/04/2013 11:15;4;AT;20;2909; ; ;0;1;0;0;0;0;0;0;0;0;0;0;0;0;0;0;0;18151;SEZEFREDO FAGUNDES, AV CEL;;;22;CIDADE ADEMAR;1;0
D041301668;35858;GUIDO CALOI, AV;;;25;;02/04/2013 11:39;2;CO;92;2091; ; ;0;1;0;0;0;0;0;0;0;0;0;1;0;0;0;0;0;35858;GUIDO CALOI, AV;;;32;IGUATEMI;2;0
D041300625;4933;CIDADE JARDIM, AV;;;143;;02/04/2013 11:45;2;CL;15;1650; ; ;0;1;0;0;0;0;0;0;0;0;0;1;0;0;0;0;0;4933;CIDADE JARDIM, AV;;;63;PINHEIROS;1;0
D041301623;60544;JOSE ALVES DA SILVA, RUA;;;600;;02/04/2013 11:50;4;AT;47;5073; ; ;1;0;0;0;0;0;0;0;0;0;0;0;0;0;0;0;0;60544;JOSE ALVES DA SILVA, RUA;;;29;FREGUESIA DO O;1;0
D041300583;6897;FARIA LIMA, AV BRIG;16919;REBOUCAS, AV;0;;02/04/2013 11:50;4;AT;14;1533; ; ;1;0;0;0;0;0;0;0;0;0;0;0;0;0;0;0;0;6897;FARIA LIMA, AV BRIG;16919;REBOUCAS, AV;63;PINHEIROS;1;0
D041300814;8603;HEITOR ANTONIO EIRAS GARCIA, AV ENG;4147;FIUZA DE CASTRO, AV MAL;0;;02/04/2013 11:55;2;CO;51;1529; ; ;1;0;0;0;1;0;0;0;0;0;0;0;0;0;0;0;0;4147;FIUZA DE CASTRO, AV MAL;8603;HEITOR ANTONIO EIRAS GARCIA, AV ENG;12;BUTANTA;1;0
D041300627;14804;NOVE DE JULHO, AV;;;5858;;02/04/2013 12:00;4;AT;15;1821; ; ;1;0;0;0;0;0;0;0;0;0;0;0;0;0;0;0;0;14804;NOVE DE JULHO, AV;;;63;PINHEIROS;1;0
D041301508;9184;INGAIBOS, RUA;;;68;;02/04/2013 12:20;2;CO;58;763; ; ;1;1;0;0;0;0;0;0;0;0;0;0;0;0;0;0;0;9184;INGAIBOS, RUA;;;87;VILA FORMOSA;1;0
D041301643;20048;YERVANT KISSAJIKIAN, AV;;;2010;;02/04/2013 12:30;2;CL;80;1132; ; ;1;1;0;0;0;0;0;0;0;0;0;0;0;0;0;0;0;20048;YERVANT KISSAJIKIAN, AV;;;29;FREGUESIA DO O;1;0
D041301134;15485;PARAPUA, RUA;;;378;;02/04/2013 12:49;2;CO;28;1756; ; ;0;1;0;0;0;0;0;0;0;0;0;0;0;0;0;1;0;15485;PARAPUA, RUA;;;4;ARICANDUVA;1;0
D041302209;6642;ESTADO, AV DO;15511;PARI, LGO DO;0;;02/04/2013 13:15;4;AT;1;2633; ; ;0;0;0;0;0;0;0;0;0;0;0;0;0;0;0;1;0;6642;ESTADO, AV DO;15629;PAULA SOUSA, RUA;80;SE;0;1
D041301950;21253;AGUIA DE HAIA, AV;9084;IMPERADOR, ES DO;0;;02/04/2013 13:17;2;CO;64;2739; ; ;1;0;0;0;0;0;0;1;0;0;0;0;0;0;0;0;0;9084;IMPERADOR, ES DO;21253;AGUIA DE HAIA, AV;89;VILA JACUI;1;0
D041301080;14270;MORVAN DIAS DE FIGUEIREDO, AV;;;4221;;02/04/2013 13:20;2;QM;19;1276; ; ;0;1;0;0;0;0;0;0;0;0;0;0;0;0;0;0;0;29772;MARGINAL DO RIO TIETE, AV;;;0;NULL;1;0
D041301343;13399;MARIETA XAVIER, RUA;;;211;;02/04/2013 13:30;4;AT;10;3654; ; ;1;0;0;0;0;0;0;0;0;0;0;0;0;0;0;0;0;13399;MARIETA XAVIER, RUA;;;41;JARAGUA;1;0
D041300850;3732;JOAQUIM LAPAS VEIGA, RUA;36622;VICTOR OSVALDO CARELLI, RUA;0;;02/04/2013 13:31;2;CH;75;1119; ; ;1;0;0;0;0;0;0;0;0;0;0;0;0;0;0;0;0;3732;JOAQUIM LAPAS VEIGA, RUA;37087;ANTONIO RAMIRO DA SILVA, AV;68;RIO PEQUENO;1;0
D041300277;2497;AUGUSTA, RUA;;;2700;;02/04/2013 13:48;4;AT;78;2577; ; ;0;1;0;0;0;0;0;0;0;0;0;0;0;0;0;0;0;2497;AUGUSTA, RUA;;;26;CONSOLACAO;1;0
D041301417;18961;TIJUCO PRETO, RUA;9399;ISIDRO TINOCO, RUA;0;;02/04/2013 14:00;4;AT;30;1827; ; ;1;0;0;0;0;0;0;0;0;0;0;0;0;0;0;0;0;9399;ISIDRO TINOCO, RUA;18961;TIJUCO PRETO, RUA;82;TATUAPE;2;0
D041300120;2368;ARTUR PRADO, RUA;;;449;;02/04/2013 14:15;2;CO;5;1779; ; ;1;1;0;0;0;0;0;0;0;0;0;0;0;0;0;0;0;2368;ARTUR PRADO, RUA;;;7;BELA VISTA;1;0
D041302208;7500;FRANCISCO MORATO, AV PROF;;;2709;;02/04/2013 14:30;2;QM;34;446; ; ;0;1;0;0;0;0;0;0;0;0;0;0;0;0;0;0;0;7500;FRANCISCO MORATO, AV PROF;;;12;BUTANTA;1;1
D041301138;15626;PAULA FERREIRA, AV;;;100;;02/04/2013 14:40;2;CO;28;1837; ; ;1;1;0;0;0;0;0;0;0;0;0;0;0;0;0;0;0;15626;PAULA FERREIRA, AV;;;64;PIRITUBA;1;0
D041300284;3581;BRASIL, AV;;;299;;02/04/2013 15:00;2;CO;78;2843; ; ;2;1;0;0;0;0;0;0;0;0;0;0;0;0;0;0;0;3581;BRASIL, AV;;;63;PINHEIROS;1;0
D041302150;2878;BARREIRA GRANDE, AV DA;;;2600;;02/04/2013 15:00;2;QD;69;3586; ; ;0;0;1;0;0;0;0;0;0;0;0;0;0;0;0;0;0;2878;BARREIRA GRANDE, AV DA;;;78;SAPOPEMBA;1;0
D041300088;5245;CONSOLACAO, RUA DA;;;1560;;02/04/2013 15:08;2;CT;4;2441; ; ;1;1;0;0;0;0;0;0;0;0;0;0;0;0;0;0;0;5245;CONSOLACAO, RUA DA;;;26;CONSOLACAO;1;0
D041300903;18561;LUIZ MIGLIANO, RUA DR;;;2100;;02/04/2013 15:30;2;CO;89;2227; ; ;1;1;0;0;0;0;0;0;0;0;0;0;0;0;0;0;0;18561;LUIZ MIGLIANO, RUA DR;;;0;NULL;1;0
D041300486;5618;CURSINO, AV DO;;;2700;;02/04/2013 15:35;2;CT;83;1040; ; ;0;0;0;0;0;0;0;1;0;0;0;1;0;0;0;0;0;5618;CURSINO, AV DO;;;27;CURSINO;1;0
D041300990;1356;ANGELICA, AV;;;51;;02/04/2013 15:40;4;AT;9;1964; ; ;0;1;0;0;0;0;0;0;0;0;0;0;0;0;0;0;0;1356;ANGELICA, AV;;;70;SANTA CECILIA;1;0
D041301412;6305;ELEONORA CINTRA, RUA;;;0;NADA CONSTA ;02/04/2013 15:40;2;QD;30;1144; ; ;0;0;0;0;0;0;0;1;0;0;0;0;0;0;0;0;0;6305;ELEONORA CINTRA, RUA;;;87;VILA FORMOSA;1;0
D041300186;19583;VERGUEIRO, RUA;;;3827;;02/04/2013 15:42;2;QF;6;1575; ; ;0;0;0;0;0;0;0;1;0;0;0;0;0;0;0;0;0;19583;VERGUEIRO, RUA;;;33;IPIRANGA;1;0
D041300564;19080;TONELERO, RUA;;;0;PROXIMO  - PC CEL CIP;02/04/2013 15:45;2;QM;7;2101; ; ;0;1;0;0;0;0;0;0;0;0;0;1;0;0;0;0;0;19080;TONELERO, RUA;;;14;CAMBUCI;1;0
D041300167;6642;ESTADO, AV DO;;;4579;;02/04/2013 16:33;2;CO;8;2395; ; ;0;1;0;1;0;0;0;0;0;0;0;0;0;0;0;0;0;6642;ESTADO, AV DO;;;9;BOM RETIRO;1;0
D041301904;17820;TITO, AV MAL;;;3802;;02/04/2013 16:34;2;CO;59;4036; ; ;0;1;0;0;0;0;0;0;0;0;0;1;0;0;0;0;0;17820;TITO, AV MAL;;;53;MOEMA;1;0
D041301843;6509;ENTRE-RIOS, RUA;13881;MIGUEL, AV S;0;;02/04/2013 16:40;2;QF;24;3450; ; ;0;0;0;0;0;0;0;0;1;0;0;0;0;0;0;0;0;6509;ENTRE-RIOS, RUA;13881;MIGUEL, AV S;41;JARAGUA;1;0
D041300547;12378;LUSSANVIRA, RUA;;;27;;02/04/2013 17:00;2;CH;96;959; ; ;1;0;0;0;0;0;0;0;0;0;0;0;0;0;0;0;0;12378;LUSSANVIRA, RUA;;;37;JABAQUARA;1;0
D041300600;18524;SUMIDOURO, RUA;;;66;;02/04/2013 17:10;2;QD;14;3776; ; ;0;0;1;0;0;0;0;0;0;0;0;0;0;0;0;0;0;18524;SUMIDOURO, RUA;;;45;JARDIM SAO LUIS;1;0
D041300255;14947;OLIMPIO DA SILVEIRA, AV GAL;3674;BROTERO, RUA CONS;0;;02/04/2013 17:30;2;CT;77;1377; ; ;1;1;0;0;0;0;0;0;0;0;0;0;0;0;0;0;0;3674;BROTERO, RUA CONS;14947;OLIMPIO DA SILVEIRA, AV GAL;70;SANTA CECILIA;1;0
D041300007;11649;LAVAPES, RUA DO;;;81;;02/04/2013 18:27;4;AT;1;2652; ; ;0;1;0;0;0;0;0;0;0;0;0;0;0;0;0;0;0;11649;LAVAPES, RUA DO;;;49;LIBERDADE;1;0
D041300815;16878;RAPOSO TAVARES, VIA;;;13600;;02/04/2013 18:30;2;CO;51;1545; ; ;1;1;0;0;0;0;0;0;0;0;0;0;0;0;0;0;0;16878;RAPOSO TAVARES, VIA;;;13;CACHOEIRINHA;1;0
D041300630;12326;JUSCELINO KUBITSCHEK, AV PRES;;;0;ACESSO  - TN.S.CAMAR;02/04/2013 18:30;2;CT;15;1917; ; ;0;1;0;0;0;0;0;0;0;0;0;0;0;0;0;1;0;12326;JUSCELINO KUBITSCHEK, AV PRES;;;34;ITAIM BIBI;1;0
D041300623;12326;JUSCELINO KUBITSCHEK, AV PRES;;;546;;02/04/2013 18:43;2;QM;15;1615; ; ;0;1;0;0;0;0;0;0;0;0;0;0;0;0;0;0;0;12326;JUSCELINO KUBITSCHEK, AV PRES;;;34;ITAIM BIBI;1;0
D041300816;12502;MAGALHAES DE CASTRO, AV;;;0;QUILOMETRO  - 5;02/04/2013 19:00;2;CO;51;1550; ; ;1;2;0;0;0;0;0;0;0;0;0;0;0;0;0;0;0;13014;MARGINAL DO RIO PINHEIROS, AV;;;12;BUTANTA;2;0
D041301594;1731;ANTONIO GIL, RUA;;;569;;02/04/2013 19:45;2;CO;43;1281; ; ;1;0;0;0;1;0;0;0;0;0;0;0;0;0;0;0;0;1731;ANTONIO GIL, RUA;;;22;CIDADE ADEMAR;1;0
D041301509;16594;PRETORIA, RUA;;;1024;;02/04/2013 19:45;2;CT;58;775; ; ;3;0;0;0;0;0;0;0;0;0;0;0;0;0;0;0;0;16594;PRETORIA, RUA;;;27;CURSINO;1;0
D041301098;13133;MARIA AMALIA LOPES AZEVEDO, RUA;;;1475;;02/04/2013 20:00;2;CL;20;2931; ; ;0;2;0;0;0;0;0;0;0;0;0;0;0;0;0;0;0;13133;MARIA AMALIA LOPES AZEVEDO, RUA;;;83;TREMEMBE;2;0
D041302018;64582;MOURA E COSTA, RUA;13024;ESTEVAO DO LORETO, RUA;0;;02/04/2013 20:01;2;CH;41;3303; ; ;1;0;0;0;0;0;0;0;0;0;0;0;0;0;0;0;0;13024;ESTEVAO DO LORETO, RUA;64582;MOURA E COSTA, RUA;78;SAPOPEMBA;3;0
D041301041;7294;FORTUNATO MINOZZI, RUA;;;50;;02/04/2013 21:50;2;CF;13;3549; ; ;1;1;0;0;0;0;0;0;0;0;0;0;0;0;0;0;0;7294;FORTUNATO MINOZZI, RUA;;;21;CASA VERDE;1;0
D041300548;12877;MARAPES, RUA DOS;;;112;;02/04/2013 22:15;2;CO;97;964; ; ;1;1;0;0;0;0;0;0;0;0;0;0;0;0;0;0;0;12877;MARAPES, RUA DOS;;;37;JABAQUARA;1;0
D041300905;69817;JOSE FELIX, RUA;;;25;;02/04/2013 22:30;2;CO;89;2637; ; ;1;1;0;0;0;0;0;0;0;0;0;0;0;0;0;0;0;69817;JOSE FELIX, RUA;;;0;NULL;1;0
D041301747;6810;EUSEBIO STEVAUX, AV ENG;;;0;NADA CONSTA ;02/04/2013 22:40;2;CO;99;1907; ; ;1;0;0;1;0;0;0;0;0;0;0;0;0;0;0;0;0;6810;EUSEBIO STEVAUX, AV ENG;;;16;CAMPO GRANDE;1;0
D041301043;12863;MARAMBAIA, RUA;;;10;;02/04/2013 23:00;2;CO;13;3571; ; ;1;1;0;0;0;0;0;0;0;0;0;0;0;0;0;0;0;12863;MARAMBAIA, RUA;;;21;CASA VERDE;1;0
D041301722;852;ALVARENGA, ES DO;12832;MAR PAULISTA, RUA DO;0;;02/04/2013 23:10;2;CL;98;4962; ; ;1;1;0;0;0;0;0;0;0;0;0;0;0;0;0;0;0;852;ALVARENGA, ES DO;12832;MAR PAULISTA, RUA DO;59;PEDREIRA;1;0
D041300240;4561;CASTELO BRANCO, AV PRES;;;0;NADA CONSTA ;02/04/2013 23:13;2;CT;12;2405; ; ;1;0;0;1;0;0;0;0;0;0;0;0;0;0;0;0;0;29772;MARGINAL DO RIO TIETE, AV;;;6;BARRA FUNDA;2;0
D041301931;13881;MIGUEL, AV S;;;7900;;02/04/2013 23:20;2;CT;63;2466; ; ;2;0;0;0;0;0;0;0;0;0;0;0;0;0;0;0;0;13881;MIGUEL, AV S;;;65;PONTE RASA;2;0
D041301763;43643;JULIANA BUDAI, RUA;;;101;;02/04/2013 23:25;2;QM;100;2005; ; ;0;1;0;0;0;0;0;0;0;0;0;0;0;0;0;0;0;43643;JULIANA BUDAI, RUA;;;26;CONSOLACAO;1;0
D041300793;49570;MACHADO DE ASSIS (ANHANGUERA), R;49571;JUDAS TADEU   (ANHAGUERA), R SAO;0;;02/04/2013 23:50;4;AT;46;3026; ; ;1;0;0;0;0;0;0;0;0;0;0;0;0;0;0;0;0;49570;MACHADO DE ASSIS (ANHANGUERA), R;49571;JUDAS TADEU   (ANHAGUERA), R SAO;3;ANHANGUERA;1;0
D041300973;831;ALTINO, AV PRES;;;238;;03/04/2013 01:14;2;CO;93;2649; ; ;1;1;0;0;0;0;0;0;0;0;0;0;0;0;0;0;0;831;ALTINO, AV PRES;;;40;JAGUARE;1;0
D041301181;9078;IMIRIM, AV;;;4490;;03/04/2013 05:58;2;QD;38;2188; ; ;0;0;1;0;0;0;0;0;0;0;0;0;0;0;0;0;0;9078;IMIRIM, AV;;;71;SANTANA;1;0
D041301204;21310;ANTONIO MARIA LAET, AV DR;;;500;;03/04/2013 06:40;4;AT;39;1548; ; ;0;0;0;0;0;0;0;0;0;0;0;0;0;0;0;1;0;21310;ANTONIO MARIA LAET, AV DR;;;0;NULL;1;0
D041301277;40430;TRES CRUZES, ES;;;100;;03/04/2013 07:00;2;CO;73;3380; ; ;1;1;0;0;0;0;0;0;0;0;0;0;0;0;0;0;0;40430;TRES CRUZES, ES;;;  ;;2;0
D041300380;19100;BANDEIRANTES, AV DOS;;;4800;;03/04/2013 07:10;2;CO;27;3373; ; ;1;1;0;0;0;0;0;0;0;0;0;0;0;0;0;0;0;19100;BANDEIRANTES, AV DOS;;;24;CIDADE LIDER;1;0
D041301275;8253;PAULO LINCOLN DO VALLE PONTIN, AV;;;426;;03/04/2013 07:21;4;AT;73;3359; ; ;0;1;0;0;0;0;0;0;0;0;0;0;0;0;0;0;0;8253;PAULO LINCOLN DO VALLE PONTIN, AV;;;38;JACANA;1;0
D041300690;35449;BANDEIRANTES, VIA DOS;;;14900;;03/04/2013 07:30;2;CT;33;3049; ; ;0;1;0;0;0;0;0;0;0;0;0;0;0;0;0;0;0;35449;BANDEIRANTES, VIA DOS;;;64;PIRITUBA;2;0
D041301913;2429;ASSIS RIBEIRO, RUA DR;;;7640;;03/04/2013 07:30;2;CO;62;1322; ; ;0;1;0;0;0;0;0;0;0;0;0;1;0;0;0;0;0;2429;ASSIS RIBEIRO, RUA DR;;;28;ERMELINO MATARA;1;0
D041300902;13014;MARGINAL DO RIO PINHEIROS, AV;;;0;PROXIMO  -  AV.DONA H;03/04/2013 07:34;2;CO;89;1168; ; ;1;2;0;0;0;0;0;0;0;0;0;0;0;0;0;0;0;13014;MARGINAL DO RIO PINHEIROS, AV;;;40;JAGUARE;1;0
D041300879;15626;PAULA FERREIRA, AV;;;1903;;03/04/2013 07:40;4;AT;87;1741; ; ;0;1;0;0;0;0;0;0;0;0;0;0;0;0;0;0;0;15626;PAULA FERREIRA, AV;;;64;PIRITUBA;2;0
D041300715;14267;MORUMBI, AV;;;0;NADA CONSTA ;03/04/2013 07:50;2;SI;34;2060; ; ;2;0;0;1;0;0;0;0;0;0;0;0;0;0;0;0;0;14267;MORUMBI, AV;;;55;MORUMBI;1;0
D041301251;15425;CANTIDIO SAMPAIO, AV DEP;;;3494;;03/04/2013 07:58;4;AT;72;2867; ; ;0;1;0;0;0;0;0;0;0;0;0;0;0;0;0;0;0;15425;CANTIDIO SAMPAIO, AV DEP;;;41;JARAGUA;2;0
D041301135;5947;EDGAR FACO, AV GAL;;;244;;03/04/2013 08:00;2;CO;28;1765; ; ;2;1;0;0;0;0;0;0;0;0;0;0;0;0;0;0;0;5947;EDGAR FACO, AV GAL;;;64;PIRITUBA;3;0
D041301203;21310;ANTONIO MARIA LAET, AV DR;;;0;NADA CONSTA ;03/04/2013 08:00;2;CL;39;1546;C; ;0;1;0;1;0;0;0;0;0;0;0;0;0;0;0;0;0;21310;ANTONIO MARIA LAET, AV DR;;;0;NULL;1;0
D041300651;6471;SAO VICENTE, AV MARQ DE;;;979;;03/04/2013 08:05;2;CL;23;1776; ; ;1;1;0;0;0;0;0;0;0;0;0;0;0;0;0;0;0;6471;SAO VICENTE, AV MARQ DE;;;6;BARRA FUNDA;1;0
D041300714;7500;FRANCISCO MORATO, AV PROF;;;2351;;03/04/2013 08:08;2;CO;34;2055; ; ;1;2;0;0;0;0;0;0;0;0;0;0;0;0;0;0;0;7500;FRANCISCO MORATO, AV PROF;;;12;BUTANTA;1;0
D041302210;6769;EUGENIO DE MEDEIROS, RUA;;;162;;03/04/2013 08:15;4;AT;14;3165; ; ;0;0;1;0;0;0;0;0;0;0;0;0;0;0;0;0;0;6769;EUGENIO DE MEDEIROS, RUA;;;63;PINHEIROS;0;1
D041301670;8368;GUARAPIRANGA, AV;35858;GUIDO CALOI, AV;0;;03/04/2013 08:20;2;CF;92;2119; ; ;1;1;0;0;0;0;0;0;0;0;0;0;0;0;0;0;0;8368;GUARAPIRANGA, AV;35858;GUIDO CALOI, AV;45;JARDIM SAO LUIS;1;0
D041300089;2497;AUGUSTA, RUA;;;761;;03/04/2013 08:40;2;CO;4;2460; ; ;1;1;0;0;0;0;0;0;0;0;0;0;0;0;0;0;0;2497;AUGUSTA, RUA;;;26;CONSOLACAO;2;0
D041301997;10739;RIO IMBURANA, RUA;;;248;;03/04/2013 08:50;2;CO;103;1367;C; ;0;1;0;0;0;0;0;0;1;0;0;0;0;0;0;0;0;10739;RIO IMBURANA, RUA;;;46;JOSE BONIFACIO;1;0
D041300438;14251;MORGADO DE MATEUS, RUA;;;76;;03/04/2013 08:50;2;CO;36;1497; ; ;1;1;0;0;0;0;0;0;0;0;0;0;0;0;0;0;0;14251;MORGADO DE MATEUS, RUA;;;9;BOM RETIRO;1;0
D041300381;10918;JOSE DINIZ, AV VER;12453;PASCAL, RUA;0;;03/04/2013 08:55;4;AT;27;3377; ; ;0;0;0;0;0;0;0;1;0;0;0;0;0;0;0;0;0;10918;JOSE DINIZ, AV VER;12453;PASCAL, RUA;15;CAMPO BELO;1;0
D041300988;18296;SIMAO JORGE, RUA;;;14;;03/04/2013 09:00;2;CO;9;1550; ; ;1;1;0;0;0;0;0;0;0;0;0;0;0;0;0;0;0;18296;SIMAO JORGE, RUA;;;47;LAJEADO;1;0