id_acidente;codloga;logradouroA;codlogb;logradouroB;alt_num;referencia;data;cod_acid;tipo_acidente;dp;numero_BO;sentido;pista;automovel;moto;onibus;caminhao;bicicleta;moto_taxi;onibus_fretado;onibus_urbano;microonibus;van;vuc;caminhonete;carreta;jipe;outros;sem_informacao;carroca;princ_a;paiA;princ_b;paiB;cod_distrito;distrito;vit_ferida;vit_morta
D041302026;11602;LATERAL, RUA;;;32;;04/04/2013 15:55;2;SI;41;900005; ; ;0;0;0;0;0;0;0;0;0;0;0;1;0;0;0;0;0;11602;LATERAL, RUA;;;4;ARICANDUVA;1;0
D041300717;14483;NELSON HUNGRIA, RUA MIN;;;11;;04/04/2013 15:55;2;SI;34;2106; ; ;0;1;0;0;0;0;0;0;0;0;0;1;0;0;0;0;0;14483;NELSON HUNGRIA, RUA MIN;;;55;MORUMBI;2;0
D041301730;12039;LOURIVAL ALVES DE SOUZA, AV SARG;;;100;;04/04/2013 16:30;2;CO;99;1542; ; ;0;1;0;0;0;0;0;0;0;0;0;1;0;0;0;0;0;12039;LOURIVAL ALVES DE SOUZA, AV SARG;;;16;CAMPO GRANDE;1;0
D041301920;7068;FERNAO MENDES PINTO, RUA;26145;SALVADOR FONTOURA, RUA;0;;04/04/2013 16:53;2;CF;62;3493; ; ;0;0;1;0;1;0;0;0;0;0;0;0;0;0;0;0;0;7068;FERNAO MENDES PINTO, RUA;26145;SALVADOR FONTOURA, RUA;28;ERMELINO MATARA;1;0
D041300001;7610;FREDERICO ALVARENGA, RUA;;;0;PROXIMO  - BOM PRATO;04/04/2013 17:30;4;AT;1;1840; ; ;0;0;1;0;0;0;0;0;0;0;0;0;0;0;0;0;0;7610;FREDERICO ALVARENGA, RUA;;;80;SE;1;0
D041301992;22894;DIONISIO ERBA, RUA;;;55;;04/04/2013 18:00;2;CO;68;4175; ; ;0;0;0;0;1;0;0;1;0;0;0;0;0;0;0;0;0;22894;DIONISIO ERBA, RUA;;;50;LIMAO;1;0
D041300587;8004;GIRASSOL, RUA;;;270;;04/04/2013 18:20;2;CO;14;3195; ; ;1;1;0;0;0;0;0;0;0;0;0;0;0;0;0;0;0;8004;GIRASSOL, RUA;;;63;PINHEIROS;1;0
D041301637;9220;INTERLAGOS, AV;;;6180;;04/04/2013 18:30;2;CO;48;2404; ; ;1;1;0;0;0;0;0;0;0;0;0;0;0;0;0;0;0;9220;INTERLAGOS, AV;;;16;CAMPO GRANDE;1;0
D041300062;19764;VINTE E TRES DE MAIO, AV;;;60;;04/04/2013 18:30;2;CT;3;1860; ; ;1;1;0;0;0;0;0;0;0;0;0;0;0;0;0;0;0;19764;VINTE E TRES DE MAIO, AV;;;17;CAMPO LIMPO;1;0
D041300544;19100;BANDEIRANTES, AV DOS;;;0;NADA CONSTA ;04/04/2013 18:30;2;CT;96;4022; ; ;0;2;0;0;0;0;0;0;0;0;0;0;0;0;0;0;0;19100;BANDEIRANTES, AV DOS;;;24;CIDADE LIDER;1;0
D041301149;36284;PETRONIO PORTELA, AV MIN;;;645;;04/04/2013 19:00;2;CO;28;3625; ; ;1;1;0;0;0;0;0;0;0;0;0;0;0;0;0;0;0;36284;PETRONIO PORTELA, AV MIN;;;4;ARICANDUVA;1;0
D041301087;541;ALCANTARA, RUA;6314;ELI, RUA;0;;04/04/2013 19:04;4;AT;19;3003; ; ;1;0;0;0;0;0;0;0;0;0;0;0;0;0;0;0;0;541;ALCANTARA, RUA;6314;ELI, RUA;91;VILA MARIA;1;0
D041302102;99999;METALURGICOS, AV DOS;;;1111;;04/04/2013 19:07;2;CL;54;4525; ; ;1;1;0;0;0;0;0;0;0;0;0;0;0;0;0;0;0;99999;METALURGICOS, AV DOS;;;25;CIDADE TIRADENT;2;0
D041300892;21095;JOSE SALOMON, AV CON;67729;JOAO PEREIRA DALVA, RUA;0;;04/04/2013 19:15;2;CO;87;3115; ; ;0;2;0;0;0;0;0;0;0;0;0;0;0;0;0;0;0;21095;JOSE SALOMON, AV CON;67729;JOAO PEREIRA DALVA, RUA;  ;;2;0
D041300153;543;ALCANTARA MACHADO, AV;;;3700;;04/04/2013 19:40;2;CO;8;975; ; ;1;1;0;0;0;0;0;0;0;0;0;0;0;0;0;0;0;543;ALCANTARA MACHADO, AV;;;10;BRAS;1;0
D041301456;5425;COSTA BARROS, RUA;;;600;;04/04/2013 19:42;2;QD;42;2105; ; ;0;0;1;0;0;0;0;0;0;0;0;0;0;0;0;0;0;5425;COSTA BARROS, RUA;;;95;VILA PRUDENTE;1;0
D041300161;4543;CASSANDOCA, AV;;;98;;04/04/2013 19:45;2;CO;8;2461; ; ;1;1;0;0;0;0;0;0;0;0;0;0;0;0;0;0;0;4543;CASSANDOCA, AV;;;54;MOOCA;1;0
D041301183;15426;PARADA PINTO, AV;41502;JOSE FERREIRA DE CASTRO, RUA;0;;04/04/2013 19:54;2;CO;38;2918; ; ;1;1;0;0;0;0;0;0;0;0;0;0;0;0;0;0;0;14242;MOREIRA DE BARROS, RUA CONS;15426;PARADA PINTO, AV;51;MANDAQUI;1;0
D041300339;6642;ESTADO, AV DO;15609;PATRIOTAS, RUA DOS;0;;04/04/2013 20:42;4;AT;17;5450;C; ;0;0;1;0;0;0;0;0;0;0;0;0;0;0;0;0;0;6642;ESTADO, AV DO;15609;PATRIOTAS, RUA DOS;33;IPIRANGA;1;0
D041300097;9562;ITAPOLIS, RUA;;;555;;04/04/2013 21:00;4;AT;4;2652; ; ;1;0;0;0;0;0;0;0;0;0;0;0;0;0;0;0;0;9562;ITAPOLIS, RUA;;;26;CONSOLACAO;1;0
D041301056;19884;VOLUNTARIOS DA PATRIA, RUA;;;2100;;04/04/2013 21:00;4;AT;13;3896; ; ;1;0;0;0;0;0;0;0;0;0;0;0;0;0;0;0;0;19884;VOLUNTARIOS DA PATRIA, RUA;;;8;BELEM;1;0
D041300064;9276;IPIRANGA, AV;17115;RIO BRANCO, AV;0;;04/04/2013 22:22;4;AT;3;1888; ; ;0;0;0;0;0;0;0;0;0;0;0;0;0;0;0;1;0;9276;IPIRANGA, AV;17115;RIO BRANCO, AV;67;REPUBLICA;1;0
D041300063;4659;CAXIAS, AV DUQ DE;;;330;;04/04/2013 22:28;4;AT;3;1824; ; ;1;0;0;0;0;0;0;0;0;0;0;0;0;0;0;0;0;4659;CAXIAS, AV DUQ DE;;;67;REPUBLICA;1;0
D041301345;42369;AIRTON SENNA DA SILVA, VIA;;;11;;04/04/2013 22:30;4;AT;10;3759; ; ;1;0;0;0;0;0;0;0;0;0;0;0;0;0;0;0;0;42369;AIRTON SENNA DA SILVA, VIA;;;18;CANGAIBA;1;0
D041302178;11063;JOSE MARIA, AV PDE;;;0;NADA CONSTA ;05/04/2013 00:05;4;AT;11;4593; ; ;1;0;0;0;0;0;0;0;0;0;0;0;0;0;0;0;0;11063;JOSE MARIA, AV PDE;;;72;SANTO AMARO;0;1
D041301540;998;SANTO AMARO, AL;;;0;PROXIMO  - PADRE JOSE;05/04/2013 00:05;4;AT;11;3719;C; ;1;0;0;0;0;0;0;0;0;0;0;0;0;0;0;0;0;998;SANTO AMARO, AL;;;72;SANTO AMARO;1;0
D041302076;16173;PESSEGO, ES DO;36396;IOSOSUKE OKAUE, RUA;0;;05/04/2013 02:21;2;CO;53;2171; ; ;1;1;0;0;0;0;0;0;0;0;0;0;0;0;0;0;0;16173;PESSEGO, ES DO;36396;IOSOSUKE OKAUE, RUA;58;PARQUE DO CARMO;1;0
D041301861;11294;FONTOURA XAVIER, RUA;;;945;;05/04/2013 03:37;4;AT;32;2225; ; ;1;0;0;0;0;0;0;0;0;0;0;0;0;0;0;0;0;11294;FONTOURA XAVIER, RUA;;;36;ITAQUERA;1;0
D041300880;11259;JOY ARRUDA, RUA DR;;;60;;05/04/2013 04:30;2;CH;87;1783; ; ;0;0;1;0;0;0;0;0;0;0;0;0;0;0;0;0;0;11259;JOY ARRUDA, RUA DR;;;4;ARICANDUVA;1;0
D041301844;954;AMADOR BUENO DA VEIGA, AV;;;4560;;05/04/2013 05:00;2;CO;24;3513; ; ;1;1;0;0;0;0;0;0;0;0;0;0;0;0;0;0;0;954;AMADOR BUENO DA VEIGA, AV;;;60;PENHA;1;0
D041301611;9529;ITAPECERICA, ES DE;;;8599;;05/04/2013 06:30;2;CO;47;4212; ; ;1;1;0;0;0;0;0;0;0;0;0;0;0;0;0;0;0;9529;ITAPECERICA, ES DE;;;29;FREGUESIA DO O;1;0
D041302031;72670;INACIO MONTEIRO, RUA;;;8800;;05/04/2013 06:40;2;CL;44;2081; ; ;0;1;0;0;0;0;0;0;0;1;0;0;0;0;0;0;0;72670;INACIO MONTEIRO, RUA;;;50;LIMAO;1;0
D041301101;14767;NOVA CANTAREIRA, AV;;;300;;05/04/2013 06:40;2;CO;20;3063; ; ;2;0;0;0;0;0;0;0;0;0;0;0;0;0;0;0;0;14767;NOVA CANTAREIRA, AV;;;83;TREMEMBE;2;0
D041301102;351;AGUA FRIA, AV;;;365;;05/04/2013 06:43;2;CH;20;3017; ; ;1;0;0;0;0;0;0;0;0;0;0;0;0;0;0;0;0;351;AGUA FRIA, AV;;;71;SANTANA;1;0
D041301983;10988;JOSE GRAVONSKY, RUA DR;;;100;;05/04/2013 06:50;2;CO;68;1071; ; ;1;1;0;0;0;0;0;0;0;0;0;0;0;0;0;0;0;10988;JOSE GRAVONSKY, RUA DR;;;47;LAJEADO;1;0
D041300906;18561;LUIZ MIGLIANO, RUA DR;;;50;;05/04/2013 06:55;2;CO;89;2724; ; ;1;0;0;1;0;0;0;0;0;0;0;0;0;0;0;0;0;18561;LUIZ MIGLIANO, RUA DR;;;0;NULL;1;0
D041301046;288;AFONSO SCHMIDT, AL;;;283;;05/04/2013 07:00;2;CO;13;3644; ; ;1;1;0;0;0;0;0;0;0;0;0;0;0;0;0;0;0;288;AFONSO SCHMIDT, AL;;;71;SANTANA;1;0
D041302131;2181;ARICANDUVA, AV;;;3200;;05/04/2013 07:00;2;CT;66;1801; ; ;1;0;0;1;0;0;0;0;0;0;0;0;0;0;0;0;0;2181;ARICANDUVA, AV;;;60;PENHA;1;0
D041301168;44645;DIREITOS HUMANOS, AV;;;2007;;05/04/2013 07:00;2;CO;38;1740;C; ;2;0;0;0;0;0;0;0;0;0;0;0;0;0;0;0;0;44645;DIREITOS HUMANOS, AV;;;8;BELEM;1;0
D041300280;17240;ROCHA AZEVEDO, AL MIN;;;0;NADA CONSTA ;05/04/2013 07:00;2;QF;78;2659; ; ;1;0;0;0;0;0;0;0;0;0;0;0;0;0;0;0;0;17240;ROCHA AZEVEDO, AL MIN;;;34;ITAIM BIBI;3;0
D041301404;14196;MONTEMAGNO, AV;;;501;;05/04/2013 07:10;4;AT;29;915; ; ;1;0;0;0;0;0;0;0;0;0;0;0;0;0;0;0;0;14196;MONTEMAGNO, AV;;;46;JOSE BONIFACIO;1;0
D041302122;9580;ITAQUERA, AV;;;425;;05/04/2013 07:20;2;CL;66;1558; ; ;1;1;0;0;0;0;0;0;0;0;0;0;0;0;0;0;0;9580;ITAQUERA, AV;;;24;CIDADE LIDER;1;0
D041300442;3274;BERNARDINO DE CAMPOS, AV;271;AFONSO DE FREITAS, RUA;0;;05/04/2013 07:20;2;CO;36;1531; ; ;1;1;0;0;0;0;0;0;0;0;0;0;0;0;0;0;0;271;AFONSO DE FREITAS, RUA;3274;BERNARDINO DE CAMPOS, AV;92;VILA MARIANA;1;0
D041302053;13671;MATEO BEI, AV;;;1469;;05/04/2013 07:22;2;CO;49;4543; ; ;1;0;0;1;0;0;0;0;0;0;0;0;0;0;0;0;0;13671;MATEO BEI, AV;;;75;SAO MATEUS;1;0
D041301845;13881;MIGUEL, AV S;;;500;;05/04/2013 07:30;2;CO;24;3523; ; ;0;1;0;0;0;0;0;0;1;0;0;0;0;0;0;0;0;13881;MIGUEL, AV S;;;65;PONTE RASA;1;0
D041300495;11562;LAGRIMAS, ES DAS;;;0;PROXIMO  - VD.CV.MACK;05/04/2013 07:30;4;AT;95;1693; ; ;1;0;0;0;0;0;0;0;0;0;0;0;0;0;0;0;0;11562;LAGRIMAS, ES DAS;;;69;SACOMA;1;0
D041301105;13133;MARIA AMALIA LOPES AZEVEDO, RUA;;;383;;05/04/2013 07:30;4;AT;20;3042; ; ;0;1;0;0;0;0;0;0;0;0;0;0;0;0;0;0;0;13133;MARIA AMALIA LOPES AZEVEDO, RUA;;;83;TREMEMBE;1;0
D041301671;8368;GUARAPIRANGA, AV;;;0;NADA CONSTA ;05/04/2013 07:30;2;CO;92;2106; ; ;1;1;0;0;0;0;0;0;0;0;0;0;0;0;0;0;0;8368;GUARAPIRANGA, AV;;;45;JARDIM SAO LUIS;1;0
D041302106;45521;ELOA DO VALLE QUADROS, RUA DNA;;;399;;05/04/2013 07:30;2;CO;54;6210; ; ;0;1;0;0;0;0;0;0;0;0;0;0;0;0;0;1;0;45521;ELOA DO VALLE QUADROS, RUA DNA;;;25;CIDADE TIRADENT;1;0
D041300942;16966;REMEDIOS, AV DOS;;;0;NADA CONSTA ;05/04/2013 07:35;2;CT;91;2221; ; ;1;1;0;0;0;0;0;0;0;0;0;0;0;0;0;0;0;16966;REMEDIOS, AV DOS;;;43;JARDIM HELENA;1;0
D041300588;18278;SILVIO SACRAMENTO, RUA;;;270;;05/04/2013 07:37;4;AT;14;3219; ; ;1;0;0;0;0;0;0;0;0;0;0;0;0;0;0;0;0;18278;SILVIO SACRAMENTO, RUA;;;20;CARRAO;1;0
D041300683;61;ABRAAO RIBEIRO, AV DR;;;0;NADA CONSTA ;05/04/2013 07:40;2;CO;23;90005; ; ;1;0;0;0;0;0;0;0;0;0;0;1;0;0;0;0;0;61;ABRAAO RIBEIRO, AV DR;;;70;SANTA CECILIA;2;0
D041300536;17064;RIBEIRO DO VALE, RUA;;;120;;05/04/2013 07:50;2;CO;96;3481; ; ;1;1;0;0;0;0;0;0;0;0;0;0;0;0;0;0;0;17064;RIBEIRO DO VALE, RUA;;;30;GRAJAU;1;0
D041300480;5618;CURSINO, AV DO;;;3869;;05/04/2013 07:51;2;QM;83;836; ; ;0;1;0;0;0;0;0;0;0;0;0;0;0;0;0;0;0;5618;CURSINO, AV DO;;;27;CURSINO;1;0
D041300383;19100;BANDEIRANTES, AV DOS;;;4563;;05/04/2013 08:09;2;CO;27;3462; ; ;1;1;0;0;0;0;0;0;0;0;0;0;0;0;0;0;0;19100;BANDEIRANTES, AV DOS;;;24;CIDADE LIDER;1;0
D041300220;7786;GASOMETRO, RUA DO;;;405;;05/04/2013 08:10;2;QD;12;1948; ; ;0;0;0;0;0;0;0;1;0;0;0;0;0;0;0;0;0;7786;GASOMETRO, RUA DO;;;10;BRAS;1;0
D041300008;11818;LIBERDADE, AV DA;;;104;;05/04/2013 08:10;4;AT;1;2750; ; ;0;1;0;0;0;0;0;0;0;0;0;0;0;0;0;0;0;11818;LIBERDADE, AV DA;;;49;LIBERDADE;1;0
D041301081;10384;JOAO MONTEIRO DA ROCHA, RUA CABO;1446;ANESIO ANTAO FERREIRA, RUA SOLD;0;;05/04/2013 08:10;2;CO;19;1312; ; ;1;1;0;0;0;0;0;0;0;0;0;0;0;0;0;0;0;1446;ANESIO ANTAO FERREIRA, RUA SOLD;10384;JOAO MONTEIRO DA ROCHA, RUA CABO;91;VILA MARIA;1;0
D041301206;8320;GUAPIRA, AV;;;1150;;05/04/2013 08:11;2;CO;39;1591; ; ;1;1;0;0;0;0;0;0;0;0;0;0;0;0;0;0;0;8320;GUAPIRA, AV;;;38;JACANA;2;0
D041301422;34122;MELO FREIRE, RUA;;;0;PROXIMO  - R APUCURAN;05/04/2013 08:30;2;CO;30;1903; ; ;1;1;0;0;0;0;0;0;0;0;0;0;0;0;0;0;0;34122;MELO FREIRE, RUA;;;27;CURSINO;1;0
D041300655;7781;VICENTE MIGUEL MARINO, RUA CON;;;220;;05/04/2013 08:40;2;CH;23;1833; ; ;1;0;0;0;1;0;0;0;0;0;0;0;0;0;0;0;0;7781;VICENTE MIGUEL MARINO, RUA CON;;;70;SANTA CECILIA;1;0
D041300549;24491;IMIGRANTES, VIA DOS;;;6000;;05/04/2013 08:50;2;CO;97;988; ; ;0;1;0;0;0;0;0;0;0;0;0;1;0;0;0;0;0;24491;IMIGRANTES, VIA DOS;;;  ;;1;0
D041300817;19817;VITAL BRASIL, AV;;;600;;05/04/2013 09:00;2;CT;51;1597; ; ;1;1;0;0;0;0;0;0;0;0;0;0;0;0;0;0;0;19817;VITAL BRASIL, AV;;;13;CACHOEIRINHA;1;0
D041301967;9580;ITAQUERA, AV;;;8070;;05/04/2013 09:00;2;QM;65;1172; ; ;0;1;0;0;0;0;0;0;0;0;0;0;0;0;0;0;0;9580;ITAQUERA, AV;;;24;CIDADE LIDER;1;0
D041300309;33750;MACHADO, RUA PDE;;;900;;05/04/2013 09:01;2;CO;16;4426; ; ;1;1;0;0;0;0;0;0;0;0;0;0;0;0;0;0;0;33750;MACHADO, RUA PDE;;;21;CASA VERDE;1;0
D041300060;880;ALVARO DE CARVALHO, RUA;;;164;;05/04/2013 09:20;2;SI;3;1001; ; ;1;1;0;0;0;0;0;0;0;0;0;0;0;0;0;0;0;880;ALVARO DE CARVALHO, RUA;;;67;REPUBLICA;1;0
D041300189;14576;NICOLAU DE SOUSA QUEIROS, RUA DR;;;635;;05/04/2013 09:22;2;CO;6;1623; ; ;1;1;0;0;0;0;0;0;0;0;0;0;0;0;0;0;0;14576;NICOLAU DE SOUSA QUEIROS, RUA DR;;;92;VILA MARIANA;1;0
D041300190;15822;PEDRA AZUL, RUA;;;0;NADA CONSTA ;05/04/2013 09:41;2;CO;6;1524; ; ;2;0;0;0;0;0;0;0;0;0;0;0;0;0;0;0;0;15822;PEDRA AZUL, RUA;;;37;JABAQUARA;1;0
D041301207;18664;TANQUE VELHO, RUA;4122;CANEDOS, RUA;0;;05/04/2013 09:49;2;CO;39;1594; ; ;2;0;0;0;0;0;0;0;0;0;0;0;0;0;0;0;0;4122;CANEDOS, RUA;18664;TANQUE VELHO, RUA;84;TUCURUVI;1;0
D041301998;37269;JARDIM TAMOIO, RUA;;;130;;05/04/2013 09:50;2;QD;103;1409; ; ;0;0;0;0;0;0;0;0;1;0;0;0;0;0;0;0;0;37269;JARDIM TAMOIO, RUA;;;51;MANDAQUI;1;0
D041301469;4736;CELSO GARCIA, AV;;;5500;;05/04/2013 10:00;2;CH;52;1044; ; ;0;0;1;0;0;0;0;0;0;0;0;0;0;0;0;0;0;4736;CELSO GARCIA, AV;;;82;TATUAPE;1;0
D041300521;4249;CARDOSO DE MELO, AV DR;18794;TENERIFE, RUA;0;;05/04/2013 10:00;2;CO;96;1695; ; ;0;1;0;0;0;0;0;0;0;0;0;1;0;0;0;0;0;4249;CARDOSO DE MELO, AV DR;18794;TENERIFE, RUA;34;ITAIM BIBI;1;0
D041300162;543;ALCANTARA MACHADO, AV;16407;PLACIDINA, RUA;0;;05/04/2013 10:00;2;CO;83;2480; ; ;1;1;0;0;0;0;0;0;0;0;0;0;0;0;0;0;0;543;ALCANTARA MACHADO, AV;16407;PLACIDINA, RUA;10;BRAS;1;0
D041301704;7146;FIM DE SEMANA, AV;;;207;;05/04/2013 10:20;4;AT;92;5626; ; ;0;1;0;0;0;0;0;0;0;0;0;0;0;0;0;0;0;7146;FIM DE SEMANA, AV;;;45;JARDIM SAO LUIS;2;0
D041300718;17822;SAPETUBA, RUA;6105;DRAUSIO, RUA;0;;05/04/2013 10:20;2;SI;34;2124; ; ;2;1;0;0;0;0;0;0;0;0;0;0;0;0;0;0;0;6105;DRAUSIO, RUA;17822;SAPETUBA, RUA;12;BUTANTA;1;0
D041301347;18724;TARUMA, AV;43777;CARVALHO PINTO, AV GOV;0;;05/04/2013 10:24;2;CO;10;3773; ; ;1;1;0;0;0;0;0;0;0;0;0;0;0;0;0;0;0;18724;TARUMA, AV;43777;CARVALHO PINTO, AV GOV;18;CANGAIBA;1;0
D041300384;10412;JOAO PEDRO CARDOSO, AV;;;232;;05/04/2013 11:05;4;AT;27;3474; ; ;0;1;0;0;0;0;0;0;0;0;0;0;0;0;0;0;0;10412;JOAO PEDRO CARDOSO, AV;;;15;CAMPO BELO;1;0
D041301336;2490;ATUAI, RUA;;;967;;05/04/2013 11:30;4;AT;10;1051; ; ;1;0;0;0;0;0;0;0;0;0;0;0;0;0;0;0;0;2490;ATUAI, RUA;;;60;PENHA;1;0
D041302032;21711;SATURNINO PEREIRA, RUA;;;0;NADA CONSTA ;05/04/2013 11:30;2;QD;44;2102; ; ;0;0;0;0;0;0;0;1;0;0;0;0;0;0;0;0;0;21711;SATURNINO PEREIRA, RUA;;;50;LIMAO;1;0
D041300310;66;ABRAAO DE MORAIS, AV PROF;;;1919;;05/04/2013 11:50;2;CT;16;4437; ; ;2;0;0;0;0;0;0;0;0;0;0;0;0;0;0;0;0;66;ABRAAO DE MORAIS, AV PROF;;;79;SAUDE;1;0
D041300033;4561;CASTELO BRANCO, AV PRES;;;12120;;05/04/2013 12:00;2;CT;2;1373; ; ;4;0;0;0;0;0;0;0;0;0;0;0;0;0;0;0;0;29772;MARGINAL DO RIO TIETE, AV;;;6;BARRA FUNDA;1;0
D041300122;15372;PAMPLONA, RUA;;;287;;05/04/2013 12:09;4;AT;5;1844; ; ;0;1;0;0;0;0;0;0;0;0;0;0;0;0;0;0;0;15372;PAMPLONA, RUA;;;17;CAMPO LIMPO;1;0
D041300682;7491;FRANCISCO MATARAZZO, AV;;;194;;05/04/2013 12:15;2;CO;23;3041; ; ;0;1;0;0;0;0;0;0;0;0;0;1;0;0;0;0;0;7491;FRANCISCO MATARAZZO, AV;;;6;BARRA FUNDA;2;0
D041301862;2516;AUGUSTO CARLOS BAUMAN, RUA;;;500;;05/04/2013 12:20;2;CO;32;2243;C; ;1;0;1;0;0;0;0;0;0;0;0;0;0;0;0;0;0;2516;AUGUSTO CARLOS BAUMAN, RUA;;;36;ITAQUERA;5;0
D041302098;34500;IGUATEMI, AV;;;7000;;05/04/2013 12:35;2;QD;54;1949; ; ;0;0;0;0;0;0;0;1;0;0;0;0;0;0;0;0;0;34500;IGUATEMI, AV;;;50;LIMAO;2;0
D041301448;19708;VILA EMA, AV;;;2333;;05/04/2013 12:38;4;AT;42;1274;C; ;0;0;0;1;0;0;0;0;0;0;0;0;0;0;0;0;0;19708;VILA EMA, AV;;;26;CONSOLACAO;1;0
D041300656;18519;SUMARE, AV;;;100;;05/04/2013 12:50;2;CT;23;1844; ; ;0;2;0;0;0;0;0;0;0;0;0;0;0;0;0;0;0;18519;SUMARE, AV;;;61;PERDIZES;1;0
D041301966;47022;MIGUEL IGNACIO CURI, AV;;;12;;05/04/2013 12:57;4;AT;65;1168; ; ;1;0;0;0;0;0;0;0;0;0;0;0;0;0;0;0;0;47022;MIGUEL IGNACIO CURI, AV;;;36;ITAQUERA;1;0
D041301103;19884;VOLUNTARIOS DA PATRIA, RUA;;;4580;;05/04/2013 13:00;2;CO;20;3035; ; ;1;1;0;0;0;0;0;0;0;0;0;0;0;0;0;0;0;19884;VOLUNTARIOS DA PATRIA, RUA;;;8;BELEM;1;0
D041301208;19201;TUCURUVI, AV;;;668;;05/04/2013 13:00;4;AT;39;1601; ; ;0;0;0;0;0;0;0;1;0;0;0;0;0;0;0;0;0;19201;TUCURUVI, AV;;;22;CIDADE ADEMAR;1;0
D041300992;10622;JOAQUINA RAMALHO, AV;;;126;;05/04/2013 13:00;4;AT;9;2038; ; ;1;0;0;0;0;0;0;0;0;0;0;0;0;0;0;0;0;10622;JOAQUINA RAMALHO, AV;;;88;VILA GUILHERME;1;0
D041301441;4502;CARRAO, AV CONS;12381;LUTECIA, RUA;0;;05/04/2013 13:00;2;CO;31;2191; ; ;1;1;0;0;0;0;0;0;0;0;0;0;0;0;0;0;0;4502;CARRAO, AV CONS;12381;LUTECIA, RUA;20;CARRAO;1;0
D041300494;11562;LAGRIMAS, ES DAS;;;3334;;05/04/2013 13:15;2;CO;95;1663; ; ;0;1;0;0;0;0;0;0;0;1;0;0;0;0;0;0;0;11562;LAGRIMAS, ES DAS;;;69;SACOMA;1;0
D041301348;7703;GABRIELA MISTRAL, AV;3145;BENEDITO DE CAMARGO, RUA PDE;0;;05/04/2013 13:23;2;CL;10;3780; ; ;1;0;0;0;0;0;0;0;0;0;0;1;0;0;0;0;0;3145;BENEDITO DE CAMARGO, RUA PDE;16052;PENHA DE FRANCA, AV;60;PENHA;1;0
D041300311;3523;BOSQUE DA SAUDE, AV;;;1108;;05/04/2013 14:00;2;CT;16;4438; ; ;3;0;0;0;0;0;0;0;1;0;0;1;0;0;0;0;0;3523;BOSQUE DA SAUDE, AV;;;27;CURSINO;2;0
D041301104;18151;SEZEFREDO FAGUNDES, AV CEL;;;1250;;05/04/2013 14:13;2;SI;20;3040; ; ;3;0;0;0;0;0;0;0;0;0;0;0;0;0;0;0;0;18151;SEZEFREDO FAGUNDES, AV CEL;;;22;CIDADE ADEMAR;3;0
D041301047;4308;CARLOS BELMIRO CORREIA, RUA;;;959;;05/04/2013 14:18;2;CO;13;3666; ; ;1;0;0;0;0;0;0;0;0;0;0;1;0;0;0;0;0;4308;CARLOS BELMIRO CORREIA, RUA;;;21;CASA VERDE;1;0
D041300256;5431;ARTHUR DA COSTA E SILVA, VEL PRES;;;0;NADA CONSTA ;05/04/2013 15:30;2;CT;77;1447; ; ;2;0;0;0;0;0;0;0;0;0;0;2;0;0;0;0;0;5431;ARTHUR DA COSTA E SILVA, VEL PRES;;;70;SANTA CECILIA;1;0
D041301519;6371;ELISABETH DE ROBIANO, AV CDSSA;;;1950;;05/04/2013 15:30;2;CO;81;1047; ; ;0;0;0;2;0;0;0;0;0;0;0;0;0;0;0;0;0;29772;MARGINAL DO RIO TIETE, AV;;;82;TATUAPE;1;0
D041300901;11913;LINO COUTINHO, RUA;;;1969;;05/04/2013 15:30;4;AT;17;1960; ; ;0;0;0;0;1;0;0;0;0;0;0;0;0;0;0;0;0;11913;LINO COUTINHO, RUA;;;33;IPIRANGA;2;0
D041301169;64137;FRANCISCO MACHADO DA SILVA, AV;;;697;;05/04/2013 15:40;2;CO;38;1755; ; ;0;1;0;0;0;0;0;1;0;0;0;0;0;0;0;0;0;64137;FRANCISCO MACHADO DA SILVA, AV;;;13;CACHOEIRINHA;2;0
D041300385;10918;JOSE DINIZ, AV VER;;;1300;;05/04/2013 15:40;2;SI;27;3483; ; ;1;1;0;0;0;0;0;0;0;0;0;0;0;0;0;0;0;10918;JOSE DINIZ, AV VER;;;15;CAMPO BELO;1;0
D041301706;2522;AUGUSTO DE CASTRO, AV;;;400;;05/04/2013 16:00;2;QD;98;1227; ; ;0;0;0;0;0;0;0;1;0;0;0;0;0;0;0;0;0;2522;AUGUSTO DE CASTRO, AV;;;22;CIDADE ADEMAR;1;0
D041301507;15034;ORATORIO, RUA DO;15304;PAES DE BARROS, AV;0;;05/04/2013 16:00;4;AT;57;900009; ; ;0;1;0;0;0;0;0;0;0;0;0;0;0;0;0;0;0;14213;MOOCA, RUA DA;15304;PAES DE BARROS, AV;54;MOOCA;1;0
D041301731;14743;SABARA, AV NSRA DO;;;1061;;05/04/2013 16:37;4;AT;99;1553; ; ;0;0;1;0;0;0;0;0;0;0;0;0;0;0;0;0;0;14743;SABARA, AV NSRA DO;;;16;CAMPO GRANDE;1;0
D041300443;19583;VERGUEIRO, RUA;;;1925;;05/04/2013 17:10;4;AT;36;1546; ; ;0;1;0;0;0;0;0;0;0;0;0;0;0;0;0;0;0;19583;VERGUEIRO, RUA;;;33;IPIRANGA;1;0