id_acidente;codloga;logradouroA;codlogb;logradouroB;alt_num;referencia;data;cod_acid;tipo_acidente;dp;numero_BO;sentido;pista;automovel;moto;onibus;caminhao;bicicleta;moto_taxi;onibus_fretado;onibus_urbano;microonibus;van;vuc;caminhonete;carreta;jipe;outros;sem_informacao;carroca;princ_a;paiA;princ_b;paiB;cod_distrito;distrito;vit_ferida;vit_morta
D041300745;3937;CAMARGO, RUA;19817;VITAL BRASIL, AV;0;;09/04/2013 20:00;2;CO;34;2898; ; ;2;0;0;0;0;0;0;0;0;0;0;0;0;0;0;0;0;3937;CAMARGO, RUA;19817;VITAL BRASIL, AV;12;BUTANTA;1;0
D041302142;9580;ITAQUERA, AV;;;8000;;09/04/2013 20:11;2;CO;66;2336; ; ;0;0;0;0;1;0;0;0;0;0;0;1;0;0;0;0;0;9580;ITAQUERA, AV;;;24;CIDADE LIDER;1;0
D041300593;15321;PAIS LEME, RUA;;;524;;09/04/2013 20:17;4;AT;14;3411; ; ;1;0;0;0;0;0;0;0;0;0;0;0;0;0;0;0;0;15321;PAIS LEME, RUA;;;69;SACOMA;1;0
D041300314;3523;BOSQUE DA SAUDE, AV;;;1430;;09/04/2013 20:30;2;CO;16;4684; ; ;0;1;0;0;0;0;0;0;0;0;0;0;0;0;0;1;0;3523;BOSQUE DA SAUDE, AV;;;27;CURSINO;1;0
D041302141;66596;MORUBIXABA, RUA;;;255;;09/04/2013 20:30;2;CO;66;2327; ; ;0;1;1;0;0;0;0;0;0;0;0;0;0;0;0;0;0;66596;MORUBIXABA, RUA;;;38;JACANA;1;0
D041300425;7882;GEORGE CORBISIER, AV ENG;;;1651;;09/04/2013 21:40;2;CO;35;4688;B; ;1;0;0;0;1;0;0;0;0;0;0;0;0;0;0;0;0;7882;GEORGE CORBISIER, AV ENG;;;37;JABAQUARA;1;0
D041301947;9084;IMPERADOR, ES DO;6596;ESCOTEIROS, RUA DOS;0;;09/04/2013 21:56;4;AT;63;3744; ; ;0;0;0;0;0;0;0;0;1;0;0;0;0;0;0;0;0;6596;ESCOTEIROS, RUA DOS;9084;IMPERADOR, ES DO;89;VILA JACUI;1;0
D041302246;46936;JACU-PESSEGO/NOVA TRABALHADORE, AV;64721;FLOR DE SEDA, RUA;0;;09/04/2013 22:25;4;AT;63;2606;C; ;0;0;0;1;0;0;0;0;0;0;0;0;0;0;0;0;0;46936;JACU-PESSEGO/NOVA TRABALHADORE, AV;64721;FLOR DE SEDA, RUA;89;VILA JACUI;0;1
D041300967;3376;BILLINGS, AV ENG;;;0;SOB  - PTE.JAGUAR;09/04/2013 22:53;2;CO;93;2360; ; ;1;0;0;0;1;0;0;0;0;0;0;0;0;0;0;0;0;13014;MARGINAL DO RIO PINHEIROS, AV;;;40;JAGUARE;1;0
D041300351;19583;VERGUEIRO, RUA;;;0;NADA CONSTA ;09/04/2013 23:00;4;AT;26;3766; ; ;0;0;0;0;0;0;0;0;0;0;0;0;0;0;0;1;0;19583;VERGUEIRO, RUA;;;33;IPIRANGA;1;0
D041301946;9084;IMPERADOR, ES DO;;;4256;;09/04/2013 23:30;4;AT;63;3742; ; ;0;0;0;0;0;0;0;0;0;0;0;0;0;0;0;1;0;9084;IMPERADOR, ES DO;;;89;VILA JACUI;1;0
D041301518;4736;CELSO GARCIA, AV;3072;BELEM, RUA;0;;09/04/2013 23:30;2;CL;81;1022; ; ;1;1;0;0;0;0;0;0;0;0;0;0;0;0;0;0;0;3072;BELEM, RUA;4736;CELSO GARCIA, AV;8;BELEM;1;0
D041301285;9512;ITAMONTE, RUA;6224;EDU CHAVES, AV;0;;09/04/2013 23:45;2;CO;73;3671; ; ;1;1;0;0;0;0;0;0;0;0;0;0;0;0;0;0;0;6224;EDU CHAVES, AV;9512;ITAMONTE, RUA;38;JACANA;2;0
D041302268;98750;SEM INFORMACAO DE ENDERECO, SI;;;0;NADA CONSTA ;10/04/2013 00:21;2;QM;16;5565; ; ;0;1;0;0;0;0;0;0;0;0;0;0;0;0;0;0;0;98750;SEM INFORMACAO DE ENDERECO, SI;;;  ;;0;1
D041300614;6897;FARIA LIMA, AV BRIG;;;0;NADA CONSTA ;10/04/2013 01:39;4;AT;14;40747; ; ;0;0;1;0;0;0;0;0;0;0;0;0;0;0;0;0;0;6897;FARIA LIMA, AV BRIG;;;63;PINHEIROS;1;0
D041301985;63234;JOAO GOMES DE FARIAS, RUA;67863;MARIA AMELIA DE ASSUNCAO, RUA;0;;10/04/2013 05:10;4;AT;68;1111; ; ;1;0;0;0;0;0;0;0;0;0;0;0;0;0;0;0;0;63234;JOAO GOMES DE FARIAS, RUA;67863;MARIA AMELIA DE ASSUNCAO, RUA;  ;;1;0
D041300759;34682;CAMPO LIMPO, ES DO;7500;FRANCISCO MORATO, AV PROF;0;;10/04/2013 05:40;2;QM;37;2191; ; ;0;1;0;0;0;0;0;0;0;0;0;0;0;0;0;0;0;7500;FRANCISCO MORATO, AV PROF;34682;CAMPO LIMPO, ES DO;  ;;2;0
D041301483;27018;JACINTO MENEZES PALHARES, AV;;;87;;10/04/2013 06:40;2;CF;56;2238; ; ;1;1;0;0;0;0;0;0;0;0;0;0;0;0;0;0;0;27018;JACINTO MENEZES PALHARES, AV;;;26;CONSOLACAO;2;0
D041301346;43777;CARVALHO PINTO, AV GOV;5545;CRUBIXA, RUA;0;;10/04/2013 06:48;4;AT;10;3761; ; ;0;1;0;0;0;0;0;0;0;0;0;0;0;0;0;1;0;5545;CRUBIXA, RUA;43777;CARVALHO PINTO, AV GOV;18;CANGAIBA;2;0
D041300222;5567;CRUZEIRO DO SUL, AV;;;144;;10/04/2013 06:50;2;SI;12;2003; ; ;1;1;0;0;0;0;0;0;0;0;0;0;0;0;0;0;0;5567;CRUZEIRO DO SUL, AV;;;5;ARTUR ALVIM;1;0
D041301644;42148;BRUNO TAUT, RUA;;;1512;;10/04/2013 07:00;2;CO;80;1226; ; ;0;0;0;0;1;0;0;0;0;0;0;1;0;0;0;0;0;42148;BRUNO TAUT, RUA;;;22;CIDADE ADEMAR;1;0
D041301387;7645;FRONTIN, AV CD DE;;;20;;10/04/2013 07:09;2;CO;21;1222;C; ;1;1;0;0;0;0;0;0;0;0;0;0;0;0;0;0;0;7645;FRONTIN, AV CD DE;;;93;VILA MATILDE;1;0
D041301986;69897;NILDO DO AMARAL JUNIOR, RUA PDE;;;699;;10/04/2013 07:45;2;CL;68;1117; ; ;0;1;0;0;0;0;0;0;0;0;0;1;0;0;0;0;0;69897;NILDO DO AMARAL JUNIOR, RUA PDE;;;50;LIMAO;1;0
D041300345;15704;PAULO ALVES, RUA TTE;;;0;NADA CONSTA ;10/04/2013 07:50;2;CO;26;3024; ; ;1;1;0;0;0;0;0;0;0;0;0;0;0;0;0;0;0;15704;PAULO ALVES, RUA TTE;;;69;SACOMA;1;0
D041301286;7061;FERNAO DIAS, VIA;;;0;QUILOMETRO  - 84;10/04/2013 08:00;2;CO;73;3677; ; ;0;0;0;1;1;0;0;0;0;0;0;0;0;0;0;0;0;7061;FERNAO DIAS, VIA;;;38;JACANA;1;0
D041301224;14736;O, AV NSRA DO;;;1000;;10/04/2013 08:47;2;CO;40;1195; ; ;0;1;0;0;1;0;0;0;0;0;0;0;0;0;0;0;0;14736;O, AV NSRA DO;;;50;LIMAO;2;0
D041301223;6450;EMILIO CARLOS, AV DEP;;;2400;;10/04/2013 09:00;2;CO;40;1194; ; ;1;1;0;0;0;0;0;0;0;0;0;0;0;0;0;0;0;6450;EMILIO CARLOS, AV DEP;;;50;LIMAO;1;0
D041300378;24507;LINO DE MORAES LEME, AV DR;31498;ROBERTO MARINHO - ANT AGUA ESP, AV JORN;0;;10/04/2013 09:00;2;CO;27;3179; ; ;1;1;0;0;0;0;0;0;0;0;0;0;0;0;0;0;0;24507;LINO DE MORAES LEME, AV DR;31498;ROBERTO MARINHO - ANT AGUA ESP, AV JORN;15;CAMPO BELO;1;0
D041300883;16838;RAIMUNDO PEREIRA DE MAGAL., AV;;;5000;;10/04/2013 09:22;2;CT;87;1867; ; ;1;0;0;1;0;0;0;0;0;0;0;0;0;0;0;0;0;16838;RAIMUNDO PEREIRA DE MAGAL., AV;;;31;GUAIANASES;1;0
D041301055;9078;IMIRIM, AV;13116;IBIRATINGA, RUA;0;;10/04/2013 09:40;2;CO;13;3854; ; ;1;1;0;0;0;0;0;0;0;0;0;0;0;0;0;0;0;9078;IMIRIM, AV;13116;IBIRATINGA, RUA;71;SANTANA;2;0
D041300446;19583;VERGUEIRO, RUA;;;1946;;10/04/2013 09:58;4;AT;36;1602; ; ;0;1;0;0;0;0;0;0;0;0;0;0;0;0;0;0;0;19583;VERGUEIRO, RUA;;;33;IPIRANGA;1;0
D041301064;14242;MOREIRA DE BARROS, RUA CONS;;;437;;10/04/2013 10:00;2;QM;13;4125; ; ;0;1;0;0;0;0;0;0;0;0;0;0;0;0;0;0;0;14242;MOREIRA DE BARROS, RUA CONS;;;0;NULL;1;0
D041301547;10270;JOAO DIAS, AV;;;10;;10/04/2013 10:00;2;CO;11;3949; ; ;0;2;0;0;0;0;0;0;0;0;0;0;0;0;0;0;0;10270;JOAO DIAS, AV;;;72;SANTO AMARO;1;0
D041300445;19583;VERGUEIRO, RUA;11922;LINS DE VASCONCELOS, AV;0;;10/04/2013 10:30;4;AT;36;1597; ; ;0;0;0;0;0;0;0;0;0;0;0;1;0;0;0;0;0;11922;LINS DE VASCONCELOS, AV;19583;VERGUEIRO, RUA;92;VILA MARIANA;1;0
D041301735;7917;GERALDO SANT'ANA, AV SARG;;;650;;10/04/2013 10:31;2;CO;99;1618;C; ;0;1;0;0;0;0;0;0;0;0;0;1;0;0;0;0;0;7917;GERALDO SANT'ANA, AV SARG;;;16;CAMPO GRANDE;1;0
D041301818;1100;AMERICO GOMES DA COSTA, RUA;;;98;;10/04/2013 11:25;2;CO;22;1845; ; ;1;1;0;0;0;0;0;0;0;0;0;0;0;0;0;0;0;1100;AMERICO GOMES DA COSTA, RUA;;;76;SAO MIGUEL;1;0
D041300994;5567;CRUZEIRO DO SUL, AV;;;2500;;10/04/2013 11:40;2;CO;9;2129; ; ;4;0;0;0;0;0;0;0;0;0;0;1;0;0;0;0;0;5567;CRUZEIRO DO SUL, AV;;;5;ARTUR ALVIM;3;0
D041300997;20089;ZUQUIM, RUA DR;;;408;;10/04/2013 11:45;4;AT;9;2143; ; ;0;0;0;0;0;0;0;1;0;0;0;0;0;0;0;0;0;20089;ZUQUIM, RUA DR;;;8;BELEM;1;0
D041300551;2235;ARMANDO DE ARRUDA PEREIRA, AV ENG;;;4658;;10/04/2013 11:50;4;AT;97;1029;C; ;1;0;0;0;0;0;0;0;0;0;0;0;0;0;0;0;0;2235;ARMANDO DE ARRUDA PEREIRA, AV ENG;;;37;JABAQUARA;1;0
D041302124;3900;ABETO, RUA;;;22;;10/04/2013 12:00;4;AT;66;1634; ; ;1;0;0;0;0;0;0;0;0;0;0;0;0;0;0;0;0;3900;ABETO, RUA;;;24;CIDADE LIDER;1;0
D041302108;70248;MIGUEL FERREIRA DE MELO, RUA;;;9;;10/04/2013 12:00;4;AT;55;1490; ; ;0;1;0;0;0;0;0;0;0;0;0;0;0;0;0;0;0;70248;MIGUEL FERREIRA DE MELO, RUA;;;55;MORUMBI;1;0
D041300995;12926;MARCILIO FRANCO, RUA CEL;;;813;;10/04/2013 12:20;2;CO;9;2138; ; ;1;0;0;0;1;0;0;0;0;0;0;0;0;0;0;0;0;12926;MARCILIO FRANCO, RUA CEL;;;88;VILA GUILHERME;1;0
D041301891;62716;FERNANDO PACHECO JORDAO, AV;;;1058;;10/04/2013 12:36;2;CO;50;4409; ; ;0;0;0;1;1;0;0;0;0;0;0;0;0;0;0;0;0;62716;FERNANDO PACHECO JORDAO, AV;;;54;MOOCA;1;0
D041300285;17240;ROCHA AZEVEDO, AL MIN;9642;ITU, AL;0;;10/04/2013 12:41;2;CO;78;2866;C; ;1;1;0;0;0;0;0;0;0;0;0;0;0;0;0;0;0;9642;ITU, AL;17240;ROCHA AZEVEDO, AL MIN;44;JARDIM PAULISTA;1;0
D041302012;37398;FELICIO PEREIRA, RUA;;;40;;10/04/2013 12:44;2;SI;41;1902; ; ;1;1;0;0;0;0;0;0;0;0;0;0;0;0;0;0;0;37398;FELICIO PEREIRA, RUA;;;27;CURSINO;1;0
D041301182;9078;IMIRIM, AV;;;3200;;10/04/2013 13:00;2;CO;38;1846; ; ;1;0;0;0;1;0;0;0;0;0;0;0;0;0;0;0;0;9078;IMIRIM, AV;;;71;SANTANA;1;0
D041301582;37764;ALESSANDRO BURI, RUA;;;357;;10/04/2013 13:15;4;AT;25;955; ; ;0;0;0;0;0;0;0;0;1;0;0;0;0;0;0;0;0;37764;ALESSANDRO BURI, RUA;;;76;SAO MIGUEL;1;0
D041300223;16870;RANGEL PESTANA, AV;;;2163;;10/04/2013 13:24;2;CO;12;2023; ; ;0;0;1;0;0;0;0;0;0;0;0;0;0;0;0;0;0;16870;RANGEL PESTANA, AV;;;1;AGUA RASA;1;0
D041301225;15188;OTAVIANO ALVES DE LIMA, AV;;;1580;;10/04/2013 14:00;2;CO;40;1202; ; ;1;1;0;0;0;0;0;0;0;0;0;0;0;0;0;0;0;29772;MARGINAL DO RIO TIETE, AV;;;23;CIDADE DUTRA;1;0
D041301863;98912;JOSE PINHEIRO BORGES, AV;;;0;PROXIMO  - AV.DAVID D;10/04/2013 14:20;2;CT;32;2321;C; ;2;1;0;0;0;0;0;0;0;0;0;0;0;0;0;0;0;98912;JOSE PINHEIRO BORGES, AV;;;36;ITAQUERA;1;0
D041300393;5956;DIVINO SALVADOR, AV;;;398;;10/04/2013 14:55;2;CO;27;3727; ; ;1;1;0;0;0;0;0;0;0;0;0;0;0;0;0;0;0;5956;DIVINO SALVADOR, AV;;;53;MOEMA;1;0
D041301848;2429;ASSIS RIBEIRO, RUA DR;;;100;;10/04/2013 15:00;2;CO;24;3782; ; ;0;2;0;0;0;0;0;0;0;0;0;0;0;0;0;0;0;2429;ASSIS RIBEIRO, RUA DR;;;28;ERMELINO MATARA;1;0
D041301736;6238;NACOES UNIDAS, AV DAS;;;21313;;10/04/2013 15:14;2;CO;99;1624; ; ;1;1;0;0;0;0;0;0;0;0;0;0;0;0;0;0;0;13014;MARGINAL DO RIO PINHEIROS, AV;;;90;VILA LEOPOLDINA;1;0
D041301210;12716;MANUEL GAYA, RUA;;;258;;10/04/2013 15:28;2;CO;39;1689;C; ;0;2;0;0;0;0;0;0;0;0;0;0;0;0;0;0;0;12716;MANUEL GAYA, RUA;;;83;TREMEMBE;1;0
D041300165;544;ALCANTARA MACHADO, VD;;;800;;10/04/2013 16:07;2;CO;8;2672; ; ;0;1;0;0;0;0;0;0;0;0;0;0;0;0;0;0;0;543;ALCANTARA MACHADO, AV;;;10;BRAS;2;0
D041301921;13881;MIGUEL, AV S;;;4710;;10/04/2013 16:40;4;AT;62;3774; ; ;0;1;0;0;0;0;0;0;0;0;0;0;0;0;0;0;0;13881;MIGUEL, AV S;;;65;PONTE RASA;1;0
D041300077;4659;CAXIAS, AV DUQ DE;;;0;PROXIMO  - CRUZ RIO B;10/04/2013 17:27;2;CO;3;2957; ; ;1;1;0;0;0;0;0;0;0;0;0;0;0;0;0;0;0;4659;CAXIAS, AV DUQ DE;;;67;REPUBLICA;1;0
D041300721;12502;MAGALHAES DE CASTRO, AV;;;12000;;10/04/2013 17:30;2;CO;34;2214; ; ;0;2;0;0;0;0;0;0;0;0;0;0;0;0;0;0;0;13014;MARGINAL DO RIO PINHEIROS, AV;;;12;BUTANTA;1;0
D041302125;11830;LIDER, AV;;;1700;;10/04/2013 18:00;2;CO;66;1695; ; ;1;1;0;0;0;0;0;0;0;0;0;0;0;0;0;0;0;11830;LIDER, AV;;;24;CIDADE LIDER;1;0
D041301876;5745;DAVID DOMINGUES FERREIRA, AV;;;10;;10/04/2013 18:00;2;QM;32;2762; ; ;0;1;0;0;0;0;0;0;0;0;0;0;0;0;0;0;0;5745;DAVID DOMINGUES FERREIRA, AV;;;36;ITAQUERA;1;0
D041300945;7836;GASTAO VIDIGAL, AV DR;;;0;NADA CONSTA ;10/04/2013 18:50;4;AT;91;2375; ; ;1;0;0;0;0;0;0;0;0;0;0;0;0;0;0;0;0;7836;GASTAO VIDIGAL, AV DR;;;90;VILA LEOPOLDINA;1;0
D041300040;4561;CASTELO BRANCO, AV PRES;1421;ANHAIA, RUA;0;;10/04/2013 18:50;2;CO;2;2020; ; ;1;1;0;0;0;0;0;0;0;0;0;0;0;0;0;0;0;1421;ANHAIA, RUA;4561;CASTELO BRANCO, AV PRES;9;BOM RETIRO;1;0
D041300658;16463;POMPEIA, AV;;;327;;10/04/2013 19:30;2;QM;23;1936; ; ;0;1;0;0;0;0;0;0;0;0;0;0;0;0;0;0;0;16463;POMPEIA, AV;;;19;CAPAO REDONDO;1;0
D041300542;6238;NACOES UNIDAS, AV DAS;;;2552;;10/04/2013 19:32;2;SI;96;3705; ; ;0;2;0;0;0;0;0;0;0;0;0;0;0;0;0;0;0;13014;MARGINAL DO RIO PINHEIROS, AV;;;90;VILA LEOPOLDINA;2;0
D041300135;15656;PAULISTA, AV;9546;ITAPEVA, RUA;0;;10/04/2013 19:45;2;CT;5;2897;C; ;1;1;0;0;0;0;0;0;0;0;0;0;0;0;0;0;0;9546;ITAPEVA, RUA;15656;PAULISTA, AV;  ;;1;0
D041302055;46191;SINHA MOCA, TR;;;346;;10/04/2013 19:51;2;CO;49;4815; ; ;1;0;0;0;1;0;0;0;0;0;0;0;0;0;0;0;0;46191;SINHA MOCA, TR;;;32;IGUATEMI;1;0
D041301974;12156;LUIZ AYRES, RUA DR;;;100;;10/04/2013 20:00;2;CL;65;3748; ; ;1;0;1;0;0;0;0;0;0;0;0;0;0;0;0;0;0;12156;LUIZ AYRES, RUA DR;;;5;ARTUR ALVIM;1;0
D041301020;12926;MARCILIO FRANCO, RUA CEL;;;163;;10/04/2013 20:00;2;CO;9;3241;C; ;1;1;0;0;0;0;0;0;0;0;0;0;0;0;0;0;0;12926;MARCILIO FRANCO, RUA CEL;;;88;VILA GUILHERME;1;0
D041301827;8240;GUACHOS, AV DOS;8528;GUPEVA, RUA;0;;10/04/2013 20:00;2;CO;22;2637; ; ;1;1;0;0;0;0;0;0;0;0;0;0;0;0;0;0;0;8240;GUACHOS, AV DOS;8528;GUPEVA, RUA;86;VILA CURUCA;1;0
D041300264;14750;NOTHMANN, AL;5098;CLEVELAND, AL;0;;10/04/2013 20:00;4;AT;77;2019; ; ;1;0;0;0;0;0;0;0;0;0;0;0;0;0;0;0;0;5098;CLEVELAND, AL;14750;NOTHMANN, AL;70;SANTA CECILIA;1;0
D041300669;16463;POMPEIA, AV;4889;CHICO, RUA PDE;0;;10/04/2013 20:20;2;CT;23;2386; ; ;0;1;0;0;0;0;0;0;0;0;0;0;0;0;0;1;0;4889;CHICO, RUA PDE;16463;POMPEIA, AV;61;PERDIZES;1;0
D041301638;15507;TEOTONIO VILELA, AV SEN;;;1823;;10/04/2013 20:50;4;AT;48;2576; ; ;0;1;0;0;0;0;0;0;0;0;0;0;0;0;0;0;0;15507;TEOTONIO VILELA, AV SEN;;;23;CIDADE DUTRA;1;0
D041302182;15507;TEOTONIO VILELA, AV SEN;;;1823;;10/04/2013 20:50;4;AT;35;3230;C; ;0;1;0;0;0;0;0;0;0;0;0;0;0;0;0;0;0;15507;TEOTONIO VILELA, AV SEN;;;23;CIDADE DUTRA;1;1
D041300391;19692;VIEIRA DE MORAIS, RUA;11526;REPUBLICA DO IRAQUE, RUA;0;;10/04/2013 21:27;2;SI;27;3708; ; ;2;0;0;0;0;0;0;0;0;0;0;0;0;0;0;0;0;11526;REPUBLICA DO IRAQUE, RUA;19692;VIEIRA DE MORAIS, RUA;15;CAMPO BELO;1;0
D041300911;18561;LUIZ MIGLIANO, RUA DR;;;923;;10/04/2013 21:45;2;SI;89;2934; ; ;1;1;0;0;0;0;0;0;0;0;0;0;0;0;0;0;0;18561;LUIZ MIGLIANO, RUA DR;;;0;NULL;1;0
D041301503;9593;ITAQUERI, RUA;4014;CAMPINEIROS, RUA DOS;0;;10/04/2013 22:38;2;CO;57;2260; ; ;1;1;0;0;0;0;0;0;0;0;0;0;0;0;0;0;0;4014;CAMPINEIROS, RUA DOS;9593;ITAQUERI, RUA;54;MOOCA;1;0
D041301396;44742;BERNARDINO BRITO FONSECA DE CA, AV;30276;UMBERTO GORGATI, RUA;0;;10/04/2013 22:56;2;CO;21;3992; ; ;2;0;0;0;0;0;0;0;0;0;0;0;0;0;0;0;0;30276;UMBERTO GORGATI, RUA;44742;BERNARDINO BRITO FONSECA DE CA, AV;93;VILA MATILDE;1;0
D041300166;6642;ESTADO, AV DO;14805;ALBERTO LION, PCA;0;;10/04/2013 23:08;2;CT;8;2690; ; ;3;0;0;0;0;0;0;0;0;0;0;0;0;0;0;0;0;6642;ESTADO, AV DO;14805;ALBERTO LION, PCA;14;CAMBUCI;1;0
D041301982;7175;FLAMINGO, AV;;;4;;10/04/2013 23:30;2;QD;67;1971; ; ;0;0;0;0;0;0;0;1;0;0;0;0;0;0;0;0;0;7175;FLAMINGO, AV;;;86;VILA CURUCA;1;0
D041300570;19600;VESPASIANO, RUA;5072;CLELIA, RUA;0;;10/04/2013 23:41;2;CL;7;2393; ; ;1;0;0;0;0;0;0;0;0;0;0;1;0;0;0;0;0;5072;CLELIA, RUA;19600;VESPASIANO, RUA;48;LAPA;2;0
D041300201;17083;RICARDO JAFET, AV DR;14449;NAZARE, AV;0;;11/04/2013 00:00;2;CL;6;2689; ; ;1;0;0;0;0;0;0;0;0;0;0;1;0;0;0;0;0;14211;MONUMENTO, PCA;17083;RICARDO JAFET, AV DR;33;IPIRANGA;1;0
D041300912;7180;FLAVIO AMERICO MAURANO, RUA DR;13536;MARIQUITA JULIAO, RUA DONA;0;;11/04/2013 01:23;2;SI;89;2960; ; ;0;1;0;0;0;0;0;0;0;0;0;1;0;0;0;0;0;7180;FLAVIO AMERICO MAURANO, RUA DR;19804;VIRIATO CORREIA, RUA;55;MORUMBI;1;0
D041300697;14350;MUTINGA, AV;3340;BETIM PAIS LEME, RUA;0;;11/04/2013 01:42;4;AT;33;3345; ; ;0;0;0;0;0;0;0;1;0;0;0;0;0;0;0;0;0;3340;BETIM PAIS LEME, RUA;14350;MUTINGA, AV;39;JAGUARA;1;0
D041300546;8376;GUARARAPES, RUA;;;75;;11/04/2013 02:00;2;CO;96;4443; ; ;1;1;0;0;0;0;0;0;0;0;0;0;0;0;0;0;0;8376;GUARARAPES, RUA;;;48;LAPA;1;0
D041300840;16878;RAPOSO TAVARES, VIA;;;0;QUILOMETRO  - 13,600;11/04/2013 02:10;2;CH;51;3457; ; ;1;0;0;0;0;0;0;0;0;0;0;0;0;0;0;0;0;16878;RAPOSO TAVARES, VIA;;;13;CACHOEIRINHA;2;0
D041302081;6927;HARRY DANHENBERG, RUA;12891;MARCELINA, RUA STA;0;;11/04/2013 03:34;2;CO;53;2363; ; ;1;1;0;0;0;0;0;0;0;0;0;0;0;0;0;0;0;6927;HARRY DANHENBERG, RUA;12891;MARCELINA, RUA STA;58;PARQUE DO CARMO;1;0
D041300448;19764;VINTE E TRES DE MAIO, AV;;;0;PROXIMO  - VD.TETOIA;11/04/2013 05:30;2;CO;36;1615; ; ;0;1;0;0;0;0;0;0;0;0;0;1;0;0;0;0;0;19764;VINTE E TRES DE MAIO, AV;;;17;CAMPO LIMPO;2;0
D041301688;35599;JOAO DIAS, PTE;;;0;NADA CONSTA ;11/04/2013 06:15;2;CT;92;4511; ; ;1;1;0;0;0;0;0;0;0;0;0;0;0;0;0;0;0;35599;JOAO DIAS, PTE;;;30;GRAJAU;1;0
D041301449;5425;COSTA BARROS, RUA;;;1695;;11/04/2013 06:40;4;AT;42;1307; ; ;0;0;1;0;0;0;0;0;0;0;0;0;0;0;0;0;0;5425;COSTA BARROS, RUA;;;95;VILA PRUDENTE;1;0
D041301849;10025;JAIME TORRES, AV;;;516;;11/04/2013 06:40;2;CH;24;3794; ; ;0;1;0;0;0;0;0;0;0;0;0;0;0;0;0;0;0;10025;JAIME TORRES, AV;;;65;PONTE RASA;2;0
D041300392;19100;BANDEIRANTES, AV DOS;;;100;;11/04/2013 07:00;2;CL;27;3717; ; ;1;1;0;0;0;0;0;0;0;0;0;0;0;0;0;0;0;19100;BANDEIRANTES, AV DOS;;;24;CIDADE LIDER;1;0
D041300513;1247;ANCHIETA, VIA;;;0;QUILOMETRO  - 11;11/04/2013 07:05;2;QM;95;900002; ; ;0;1;0;0;0;0;0;0;0;0;0;0;0;0;0;0;0;1247;ANCHIETA, VIA;;;33;IPIRANGA;1;0
D041300224;19681;VIDAL DE NEGREIROS, RUA;;;240;;11/04/2013 07:30;2;CH;12;2030; ; ;2;1;0;0;0;0;0;0;0;0;0;0;0;0;0;0;0;19681;VIDAL DE NEGREIROS, RUA;;;25;CIDADE TIRADENT;1;0
D041300710;33234;MARGINAL DIREITA DO TIETE, AV;;;7207;;11/04/2013 07:30;2;CO;33;3878; ; ;2;2;0;0;0;0;0;0;0;0;0;0;0;0;0;0;0;29772;MARGINAL DO RIO TIETE, AV;;;39;JAGUARA;2;0
D041300854;9837;JAGUARE, ES DO;60472;BERTOLDO DI GIOVANNI, RUA;0;;11/04/2013 07:30;2;CO;75;1244; ; ;1;1;0;0;0;0;0;0;0;0;0;0;0;0;0;0;0;9837;JAGUARE, ES DO;60472;BERTOLDO DI GIOVANNI, RUA;96;VILA SONIA;1;0
D041301424;1967;APUCARANA, RUA;6440;EMILIA MARENGO, RUA;0;;11/04/2013 07:40;2;CO;30;2014;C; ;1;1;0;0;0;0;0;0;0;0;0;0;0;0;0;0;0;1967;APUCARANA, RUA;6440;EMILIA MARENGO, RUA;82;TATUAPE;2;0
D041301850;98965;CALIM EID, AV;;;2447;;11/04/2013 07:55;2;CO;24;3797; ; ;0;1;0;0;0;0;0;0;0;0;0;0;0;0;0;0;0;98965;CALIM EID, AV;;;60;PENHA;1;0
D041301423;34122;MELO FREIRE, RUA;;;0;PROXIMO  - R ITAPURA;11/04/2013 08:00;2;QM;30;1991; ; ;0;1;0;0;0;0;0;0;0;0;0;0;0;0;0;0;0;34122;MELO FREIRE, RUA;;;27;CURSINO;1;0
D041301306;42220;USHIKICHI KAMYIA, RUA;;;3500;;11/04/2013 08:10;4;AT;73;900043; ; ;0;0;0;0;1;0;0;0;0;0;0;0;0;0;0;0;0;42220;USHIKICHI KAMYIA, RUA;;;38;JACANA;1;0
D041302185;98750;SEM INFORMACAO DE ENDERECO, SI;;;0;NADA CONSTA ;11/04/2013 08:35;2;QM;101;2821; ; ;0;0;0;0;1;0;0;0;0;0;0;0;0;0;0;0;0;98750;SEM INFORMACAO DE ENDERECO, SI;;;  ;;0;1
D041300819;16878;RAPOSO TAVARES, VIA;;;0;QUILOMETRO  - 14,5;11/04/2013 08:50;2;CT;51;1677; ; ;1;1;0;0;0;0;0;0;0;0;0;0;0;0;0;0;0;16878;RAPOSO TAVARES, VIA;;;13;CACHOEIRINHA;1;0
D041301819;11542;NORDESTINA, AV;;;88;;11/04/2013 09:00;4;AT;22;1851; ; ;0;1;0;0;0;0;0;0;0;0;0;0;0;0;0;0;0;11542;NORDESTINA, AV;;;76;SAO MIGUEL;1;0
D041300998;6856;EZEQUIEL FREIRE, RUA;12501;MAGALHAES, RUA ALF;0;;11/04/2013 09:30;2;CO;9;2165; ; ;0;1;0;0;0;0;0;0;0;0;0;1;0;0;0;0;0;6856;EZEQUIEL FREIRE, RUA;12501;MAGALHAES, RUA ALF;71;SANTANA;1;0