id_acidente;codloga;logradouroA;codlogb;logradouroB;alt_num;referencia;data;cod_acid;tipo_acidente;dp;numero_BO;sentido;pista;automovel;moto;onibus;caminhao;bicicleta;moto_taxi;onibus_fretado;onibus_urbano;microonibus;van;vuc;caminhonete;carreta;jipe;outros;sem_informacao;carroca;princ_a;paiA;princ_b;paiB;cod_distrito;distrito;vit_ferida;vit_morta
D041301258;3771;INAJAR DE SOUZA, AV;;;5696;;11/04/2013 09:45;4;AT;72;3165; ; ;0;1;0;0;0;0;0;0;0;0;0;0;0;0;0;0;0;3771;INAJAR DE SOUZA, AV;;;50;LIMAO;1;0
D041300085;5431;ARTHUR DA COSTA E SILVA, VEL PRES;;;0;NADA CONSTA ;11/04/2013 10:00;2;CT;4;2054; ; ;2;0;0;0;0;0;0;0;0;0;0;0;0;0;0;0;0;5431;ARTHUR DA COSTA E SILVA, VEL PRES;;;70;SANTA CECILIA;1;0
D041302056;9044;RAGUEB CHOHFI, AV;;;4609;;11/04/2013 10:10;4;AT;49;4837; ; ;0;1;0;0;0;0;0;0;0;0;0;0;0;0;0;0;0;9044;RAGUEB CHOHFI, AV;;;32;IGUATEMI;1;0
D041301902;63999;LAGOA CAJUBA, RUA;;;272;;11/04/2013 10:30;2;CH;59;1420; ; ;0;0;0;0;0;0;0;0;1;0;0;0;0;0;0;0;0;63999;LAGOA CAJUBA, RUA;;;53;MOEMA;9;0
D041300413;31674;HUGO BEOLCHI, AV DR;31954;DANTE DELMANTO, VD;0;;11/04/2013 10:30;2;CT;35;3182; ; ;1;1;0;0;0;0;0;0;0;0;0;0;0;0;0;0;0;31674;HUGO BEOLCHI, AV DR;31954;DANTE DELMANTO, VD;  ;;1;0
D041301171;15426;PARADA PINTO, AV;4271;CARIOBA, RUA;0;;11/04/2013 10:40;2;CO;38;1862; ; ;1;0;0;1;0;0;0;0;0;0;0;0;0;0;0;0;0;4271;CARIOBA, RUA;15426;PARADA PINTO, AV;51;MANDAQUI;2;0
D041300168;4543;CASSANDOCA, AV;;;68;;11/04/2013 11:00;2;CO;8;2701; ; ;1;1;0;0;0;0;0;0;0;0;0;0;0;0;0;0;0;4543;CASSANDOCA, AV;;;54;MOOCA;1;0
D041300660;4561;CASTELO BRANCO, AV PRES;20071;ZIMON LEIRNER, RUA;0;;11/04/2013 11:26;2;CO;23;1983; ; ;2;0;0;0;0;0;0;0;0;0;0;0;0;0;0;0;0;4561;CASTELO BRANCO, AV PRES;20071;ZIMON LEIRNER, RUA;6;BARRA FUNDA;3;0
D041300768;9529;ITAPECERICA, ES DE;;;45;;11/04/2013 11:30;2;CT;37;2976; ; ;0;2;0;0;0;0;0;0;0;0;0;0;0;0;0;0;0;9529;ITAPECERICA, ES DE;;;29;FREGUESIA DO O;1;0
D041302219;14350;MUTINGA, AV;3340;BETIM PAIS LEME, RUA;0;;11/04/2013 11:42;4;AT;33;3345; ; ;0;0;1;0;0;0;0;0;0;0;0;0;0;0;0;0;0;3340;BETIM PAIS LEME, RUA;14350;MUTINGA, AV;39;JAGUARA;0;1
D041300014;19745;VINTE E CINCO DE MARCO, RUA;;;0;PROXIMO  - PC.FERNAND;11/04/2013 11:51;4;AT;1;2974; ; ;1;0;0;0;0;0;0;0;0;0;0;0;0;0;0;0;0;19745;VINTE E CINCO DE MARCO, RUA;;;80;SE;1;0
D041300395;10918;JOSE DINIZ, AV VER;;;0;NADA CONSTA ;11/04/2013 13:00;2;CO;27;3740; ; ;0;2;0;0;0;0;0;0;0;0;0;1;0;0;0;0;0;10918;JOSE DINIZ, AV VER;;;15;CAMPO BELO;1;0
D041300169;4543;CASSANDOCA, AV;;;103;;11/04/2013 13:20;4;AT;8;2703; ; ;1;0;0;0;0;0;0;0;0;0;0;0;0;0;0;0;0;4543;CASSANDOCA, AV;;;54;MOOCA;1;0
D041300286;15656;PAULISTA, AV;8562;HADDOCK LOBO, RUA;0;;11/04/2013 13:33;2;CO;78;2896; ; ;0;2;0;0;0;0;0;0;0;0;0;0;0;0;0;0;0;8562;HADDOCK LOBO, RUA;15656;PAULISTA, AV;44;JARDIM PAULISTA;1;0
D041300394;31498;ROBERTO MARINHO - ANT AGUA ESP, AV JORN;;;200;;11/04/2013 13:34;4;AT;27;3737; ; ;1;0;0;0;0;0;0;0;0;0;0;0;0;0;0;0;0;31498;ROBERTO MARINHO - ANT AGUA ESP, AV JORN;;;15;CAMPO BELO;1;0
D041301820;11542;NORDESTINA, AV;;;1211;;11/04/2013 13:40;2;CL;22;1861; ; ;1;0;0;0;0;0;0;0;0;0;0;1;0;0;0;0;0;11542;NORDESTINA, AV;;;76;SAO MIGUEL;1;0
D041300746;27104;JANIO QUADROS, PTE PRS.;;;0;NADA CONSTA ;11/04/2013 14:00;2;CO;34;2569; ; ;0;1;0;0;0;0;0;0;0;0;0;0;0;0;0;1;0;8478;GUILHERME COTCHING, AV;;;10;BRAS;1;0
D041300396;19100;BANDEIRANTES, AV DOS;;;4495;;11/04/2013 14:00;2;CT;27;3744; ; ;0;1;0;0;0;0;0;0;0;0;0;1;0;0;0;0;0;19100;BANDEIRANTES, AV DOS;;;24;CIDADE LIDER;2;0
D041300015;4342;CARLOS DE SOUSA NAZARE, RUA;;;523;;11/04/2013 14:00;4;AT;1;2980; ; ;0;0;0;0;0;0;0;0;0;0;0;1;0;0;0;0;0;4342;CARLOS DE SOUSA NAZARE, RUA;;;80;SE;1;0
D041302027;10503;JOAO XXIII, AV;;;2026;;11/04/2013 14:04;2;CL;41;900009; ; ;1;1;0;0;0;0;0;0;0;0;0;0;0;0;0;0;0;10503;JOAO XXIII, AV;;;4;ARICANDUVA;1;0
D041301678;8368;GUARAPIRANGA, AV;;;2500;;11/04/2013 14:15;2;CO;92;2545; ; ;1;1;0;0;0;0;0;0;0;0;0;0;0;0;0;0;0;8368;GUARAPIRANGA, AV;;;45;JARDIM SAO LUIS;1;0
D041302143;2181;ARICANDUVA, AV;75435;ARRAIAS DO ARAGUAIA, AV;0;;11/04/2013 14:30;2;SI;66;2379; ; ;0;1;0;0;0;0;0;0;0;0;0;0;0;0;0;1;0;2181;ARICANDUVA, AV;75435;ARRAIAS DO ARAGUAIA, AV;75;SAO MATEUS;1;0
D041300449;19583;VERGUEIRO, RUA;4400;CARLOS PETIT, RUA;0;;11/04/2013 14:45;2;CO;36;1628; ; ;2;0;0;0;0;0;0;0;0;0;0;0;0;0;0;0;0;4400;CARLOS PETIT, RUA;19583;VERGUEIRO, RUA;92;VILA MARIANA;2;0
D041302057;9044;RAGUEB CHOHFI, AV;;;3067;;11/04/2013 14:57;4;AT;49;4856; ; ;0;1;0;0;0;0;0;0;0;0;0;0;0;0;0;0;0;9044;RAGUEB CHOHFI, AV;;;32;IGUATEMI;1;0
D041300375;19100;BANDEIRANTES, AV DOS;;;3999;;11/04/2013 15:00;2;CO;27;1664; ; ;1;1;0;0;0;0;0;0;0;0;0;0;0;0;0;0;0;19100;BANDEIRANTES, AV DOS;;;24;CIDADE LIDER;1;0
D041302199;1247;ANCHIETA, VIA;;;1001;;11/04/2013 15:19;2;CT;95;2401; ; ;1;0;1;0;0;0;0;0;0;0;0;0;0;0;0;0;0;1247;ANCHIETA, VIA;;;33;IPIRANGA;0;1
D041300498;1247;ANCHIETA, VIA;;;1001;;11/04/2013 15:19;2;CO;95;1744; ; ;1;0;0;0;0;0;0;1;0;0;0;0;0;0;0;0;0;1247;ANCHIETA, VIA;;;33;IPIRANGA;1;0
D041301236;65519;MANOEL DO NASCIMENTO PINTO, RUA;;;0;PROXIMO  - JOSE DA SI;11/04/2013 15:40;4;AT;45;890;B; ;0;0;0;0;0;0;0;0;1;0;0;0;0;0;0;0;0;65519;MANOEL DO NASCIMENTO PINTO, RUA;;;11;BRASILANDIA;1;0
D041301548;10270;JOAO DIAS, AV;;;9999;;11/04/2013 15:46;2;CO;11;4005; ; ;1;1;0;0;0;0;0;0;0;0;0;0;0;0;0;0;0;10270;JOAO DIAS, AV;;;72;SANTO AMARO;1;0
D041302109;17824;SAPOPEMBA, AV;;;19000;;11/04/2013 16:00;4;AT;55;1517; ; ;1;0;0;0;0;0;0;0;0;0;0;0;0;0;0;0;0;17824;SAPOPEMBA, AV;;;33;IPIRANGA;1;0
D041300397;14531;NHAMBIQUARAS, AL DOS;121;ACOCE, AV;0;;11/04/2013 16:00;4;AT;27;3749; ; ;1;0;0;0;0;0;0;0;0;0;0;0;0;0;0;0;0;121;ACOCE, AV;14531;NHAMBIQUARAS, AL DOS;53;MOEMA;1;0
D041301484;8955;IBITIRAMA, RUA;;;1324;;11/04/2013 16:15;2;CO;56;2277; ; ;1;1;0;0;0;0;0;0;0;0;0;0;0;0;0;0;0;8955;IBITIRAMA, RUA;;;95;VILA PRUDENTE;1;0
D041301485;15047;ORFANATO, RUA;;;204;;11/04/2013 16:30;4;AT;56;2280; ; ;1;0;0;0;0;0;0;0;0;0;0;0;0;0;0;0;0;15047;ORFANATO, RUA;;;33;IPIRANGA;1;0
D041300595;5885;DIOGENES RIBEIRO DE LIMA, AV;;;481;;11/04/2013 16:33;4;AT;14;3488; ; ;0;0;0;0;0;0;0;0;0;0;0;1;0;0;0;0;0;5885;DIOGENES RIBEIRO DE LIMA, AV;;;2;ALTO DE PINHEIR;1;0
D041300958;13854;MERGENTHALER, RUA;15217;OTHAO, RUA;0;;11/04/2013 16:40;2;CO;91;4015; ; ;1;0;0;1;0;0;0;0;0;0;0;0;0;0;0;0;0;13854;MERGENTHALER, RUA;15217;OTHAO, RUA;90;VILA LEOPOLDINA;1;0
D041300017;13853;MERCURIO, AV;23087;DIARIO POPULAR, VD;0;;11/04/2013 16:56;2;CO;1;2988;C; ;1;0;0;0;0;0;0;1;0;0;0;0;0;0;0;0;0;7786;GASOMETRO, RUA DO;13853;MERCURIO, AV;80;SE;1;0
D041301774;12403;M'BOI MIRIM, ES;;;5700;;11/04/2013 17:00;2;CH;100;4548; ; ;0;0;1;0;0;0;0;0;0;0;0;0;0;0;0;0;0;12403;M'BOI MIRIM, ES;;;42;JARDIM ANGELA;9;0
D041300747;7500;FRANCISCO MORATO, AV PROF;;;580;;11/04/2013 17:10;2;CT;34;2970; ; ;2;1;0;0;0;0;0;0;0;0;0;0;0;0;0;0;0;7500;FRANCISCO MORATO, AV PROF;;;12;BUTANTA;1;0
D041300041;1421;ANHAIA, RUA;18038;SERGIO TOMAS, RUA;0;;11/04/2013 17:15;4;AT;2;2046;C; ;1;0;0;0;0;0;0;0;0;0;0;0;0;0;0;0;0;1421;ANHAIA, RUA;18038;SERGIO TOMAS, RUA;9;BOM RETIRO;1;0
D041300568;4781;CERRO CORA, RUA;;;1173;;11/04/2013 17:30;2;CO;7;2357; ; ;1;1;0;0;0;0;0;0;0;0;0;0;0;0;0;0;0;4781;CERRO CORA, RUA;;;48;LAPA;1;0
D041301172;15426;PARADA PINTO, AV;;;2464;;11/04/2013 17:30;2;CO;38;1868; ; ;1;1;0;0;0;0;0;0;0;0;0;0;0;0;0;0;0;15426;PARADA PINTO, AV;;;8;BELEM;1;0
D041300136;4568;CASTRO ALVES, RUA;;;920;;11/04/2013 18:00;4;AT;5;2904; ; ;1;0;0;0;0;0;0;0;0;0;0;0;0;0;0;0;0;4568;CASTRO ALVES, RUA;;;49;LIBERDADE;1;0
D041301864;19133;PAULO LOPES DE LEAO, RUA;;;482;;11/04/2013 18:05;2;CO;32;2352; ; ;2;0;0;0;0;0;0;0;0;0;0;0;0;0;0;0;0;19133;PAULO LOPES DE LEAO, RUA;;;51;MANDAQUI;1;0
D041300315;6013;DOMINGOS DE MORAIS, RUA;;;3114;;11/04/2013 18:15;4;AT;16;4784; ; ;1;0;0;0;0;0;0;0;0;0;0;0;0;0;0;0;0;6013;DOMINGOS DE MORAIS, RUA;;;92;VILA MARIANA;1;0
D041300084;14804;NOVE DE JULHO, AV;;;0;PROXIMO  - PONTO XIV ;11/04/2013 18:30;2;QD;3;4008; ; ;0;0;1;0;0;0;0;0;0;0;0;0;0;0;0;0;0;14804;NOVE DE JULHO, AV;;;63;PINHEIROS;1;0
D041301828;14975;OLIVEIRA FREIRE, AV;;;100;;11/04/2013 19:00;2;CO;22;2674; ; ;1;1;0;0;0;0;0;0;0;0;0;0;0;0;0;0;0;14975;OLIVEIRA FREIRE, AV;;;53;MOEMA;1;0
D041301549;10270;JOAO DIAS, AV;18713;TAQUES BITENCOURT, RUA VIG;0;;11/04/2013 19:10;4;AT;11;4006; ; ;0;0;0;0;0;0;0;1;0;0;0;0;0;0;0;0;0;10270;JOAO DIAS, AV;18713;TAQUES BITENCOURT, RUA VIG;72;SANTO AMARO;1;0
D041300426;2235;ARMANDO DE ARRUDA PEREIRA, AV ENG;;;1100;;11/04/2013 19:20;2;QM;35;4789; ; ;0;1;0;0;0;0;0;0;0;0;0;0;0;0;0;0;0;2235;ARMANDO DE ARRUDA PEREIRA, AV ENG;;;37;JABAQUARA;1;0
D041301727;852;ALVARENGA, ES DO;;;1469;;11/04/2013 19:35;2;CO;98;900062; ; ;0;1;0;0;0;0;0;0;0;0;0;1;0;0;0;0;0;852;ALVARENGA, ES DO;;;59;PEDREIRA;1;0
D041300984;20927;MIGUEL DAMIANI, RUA PAST;;;30;;11/04/2013 19:40;4;AT;93;3496; ; ;0;0;0;0;0;0;0;1;0;0;0;0;0;0;0;0;0;20927;MIGUEL DAMIANI, RUA PAST;;;13;CACHOEIRINHA;1;0
D041301021;10622;JOAQUINA RAMALHO, AV;;;289;;11/04/2013 20:00;4;AT;9;3274; ; ;0;0;0;0;0;0;0;0;0;0;0;1;0;0;0;0;0;10622;JOAQUINA RAMALHO, AV;;;88;VILA GUILHERME;2;0
D041300103;5245;CONSOLACAO, RUA DA;;;1800;;11/04/2013 20:01;4;AT;4;2907; ; ;0;1;0;0;0;0;0;0;0;0;0;0;0;0;0;0;0;5245;CONSOLACAO, RUA DA;;;26;CONSOLACAO;2;0
D041301550;9647;ITU, RUA CD DE;;;1020;;11/04/2013 20:04;2;CF;11;4009; ; ;1;1;0;0;0;0;0;0;0;0;0;0;0;0;0;0;0;9647;ITU, RUA CD DE;;;72;SANTO AMARO;1;0
D041301648;16026;PEIXOTO DE MELO FILHO, RUA;;;257;;11/04/2013 20:34;4;AT;80;3920; ; ;0;1;0;0;0;0;0;0;0;0;0;0;0;0;0;0;0;16026;PEIXOTO DE MELO FILHO, RUA;;;29;FREGUESIA DO O;1;0
D041301458;15032;ORATORIO, AV DO;;;3213;;11/04/2013 21:15;2;CO;42;2285; ; ;4;0;0;0;0;0;0;0;0;0;0;0;0;0;0;0;0;15032;ORATORIO, AV DO;;;26;CONSOLACAO;1;0
D041302220;10177;JOAO BOEMER, RUA;4736;CELSO GARCIA, AV;0;;11/04/2013 21:30;4;AT;14;3579; ; ;1;0;0;0;0;0;0;0;0;0;0;0;0;0;0;0;0;4736;CELSO GARCIA, AV;10177;JOAO BOEMER, RUA;8;BELEM;0;1
D041302179;5794;DEDALEIRO, RUA;3551;GASCO PIETRO, RUA;0;;11/04/2013 21:40;2;CH;14;3492;C; ;1;0;0;0;0;0;0;0;0;0;0;0;0;0;0;0;0;3551;GASCO PIETRO, RUA;5794;DEDALEIRO, RUA;68;RIO PEQUENO;0;1
D041302249;14767;NOVA CANTAREIRA, AV;;;3839;;11/04/2013 22:33;2;CO;20;994;C; ;1;1;0;0;0;0;0;0;0;0;0;0;0;0;0;0;0;14767;NOVA CANTAREIRA, AV;;;83;TREMEMBE;0;1
D041301110;14767;NOVA CANTAREIRA, AV;;;3839;;11/04/2013 22:33;2;CO;20;3276; ; ;1;1;0;0;0;0;0;0;0;0;0;0;0;0;0;0;0;14767;NOVA CANTAREIRA, AV;;;83;TREMEMBE;1;0
D041300748;16337;ELISEU DE ALMEIDA, AV;;;3617;;11/04/2013 23:00;2;CT;34;2573; ; ;1;1;0;0;0;0;0;0;0;0;0;0;0;0;0;0;0;16337;ELISEU DE ALMEIDA, AV;;;0;NULL;1;0
D041301886;4974;COROA DE FRADE, AV;;;700;;11/04/2013 23:05;2;CO;32;3835; ; ;1;0;0;0;0;0;0;0;0;0;0;0;0;0;0;0;0;4974;COROA DE FRADE, AV;;;47;LAJEADO;2;0
D041301805;16247;PINEDO, AV DE;10232;JOAO DE BARROS, AV;0;;11/04/2013 23:33;2;QM;102;4018; ; ;0;1;0;0;0;0;0;0;0;0;0;0;0;0;0;0;0;10232;JOAO DE BARROS, AV;16247;PINEDO, AV DE;81;SOCORRO;1;0
D041301410;8144;GOPIARA, RUA;12588;MANDIUBA, RUA;0;;12/04/2013 01:50;2;CO;29;1486; ; ;1;1;0;0;0;0;0;0;0;0;0;0;0;0;0;0;0;8144;GOPIARA, RUA;12588;MANDIUBA, RUA;1;AGUA RASA;1;0
D041301450;24338;LUIZ IGNACIO ANHAIA MELLO, AV PROF;;;3350;;12/04/2013 02:10;2;CO;42;1327; ; ;0;2;0;0;0;0;0;0;0;0;0;0;0;0;0;0;0;24338;LUIZ IGNACIO ANHAIA MELLO, AV PROF;;;26;CONSOLACAO;1;0
D041302184;98750;SEM INFORMACAO DE ENDERECO, SI;;;0;NADA CONSTA ;12/04/2013 03:25;4;AT;97;1098; ; ;1;0;0;0;0;0;0;0;0;0;0;0;0;0;0;0;0;98750;SEM INFORMACAO DE ENDERECO, SI;;;  ;;0;1
D041301140;5947;EDGAR FACO, AV GAL;;;900;;12/04/2013 04:36;2;CO;28;1961; ; ;2;0;1;0;0;0;0;0;0;0;0;0;0;0;0;0;0;5947;EDGAR FACO, AV GAL;;;64;PIRITUBA;1;0
D041300567;5072;CLELIA, RUA;4593;CATAO, RUA;0;;12/04/2013 05:00;2;CO;7;2337; ; ;0;1;0;0;0;0;0;0;0;0;0;1;0;0;0;0;0;4593;CATAO, RUA;5072;CLELIA, RUA;48;LAPA;1;0
D041300225;4561;CASTELO BRANCO, AV PRES;;;3700;;12/04/2013 07:00;2;SI;12;2044; ; ;1;1;0;0;0;0;0;0;0;0;0;0;0;0;0;0;0;29772;MARGINAL DO RIO TIETE, AV;;;6;BARRA FUNDA;1;0
D041301388;10581;JOAQUIM MARRA, RUA;;;855;;12/04/2013 07:15;2;CT;21;1250; ; ;2;0;1;0;0;0;0;0;0;0;0;0;0;0;0;0;0;10581;JOAQUIM MARRA, RUA;;;93;VILA MATILDE;1;0
D041301309;16838;RAIMUNDO PEREIRA DE MAGAL., AV;;;1000;;12/04/2013 07:17;2;CO;74;1368; ; ;1;0;0;0;0;0;0;0;0;0;0;1;0;0;0;0;0;16838;RAIMUNDO PEREIRA DE MAGAL., AV;;;31;GUAIANASES;3;0
D041301173;4271;CARIOBA, RUA;15426;PARADA PINTO, AV;0;;12/04/2013 07:21;2;CO;38;1874; ; ;0;1;0;0;0;0;0;0;0;0;0;1;0;0;0;0;0;4271;CARIOBA, RUA;15426;PARADA PINTO, AV;51;MANDAQUI;1;0
D041302224;4271;CARIOBA, RUA;15426;PARADA PINTO, AV;0;;12/04/2013 07:21;2;CV;38;3427; ; ;1;1;0;0;0;0;0;0;0;0;0;0;0;0;0;0;0;4271;CARIOBA, RUA;15426;PARADA PINTO, AV;51;MANDAQUI;0;1
D041300855;16878;RAPOSO TAVARES, VIA;;;17;;12/04/2013 07:30;2;CO;75;1259; ; ;1;0;0;0;1;0;0;0;0;0;0;0;0;0;0;0;0;16878;RAPOSO TAVARES, VIA;;;13;CACHOEIRINHA;1;0
D041300968;5309;CORIFEU DE AZEVEDO MARQUES, AV;;;2733;;12/04/2013 07:47;2;CT;93;2401; ; ;1;1;0;0;0;0;0;0;0;0;0;0;0;0;0;0;0;5309;CORIFEU DE AZEVEDO MARQUES, AV;;;12;BUTANTA;1;0
D041301352;7703;GABRIELA MISTRAL, AV;18465;SOUSA MELO, RUA;0;;12/04/2013 07:55;2;CL;10;4041; ; ;1;0;0;1;0;0;0;0;0;0;0;0;0;0;0;0;0;7703;GABRIELA MISTRAL, AV;18465;SOUSA MELO, RUA;  ;;1;0
D041300483;13915;MIGUEL ESTEFANO, AV;;;2000;;12/04/2013 08:10;2;CT;83;882; ; ;1;1;0;0;0;0;0;0;0;0;0;0;0;0;0;0;0;13915;MIGUEL ESTEFANO, AV;;;27;CURSINO;1;0
D041301476;24338;LUIZ IGNACIO ANHAIA MELLO, AV PROF;;;3000;;12/04/2013 08:20;2;CO;56;1983; ; ;1;1;0;0;0;0;0;0;0;0;0;0;0;0;0;0;0;24338;LUIZ IGNACIO ANHAIA MELLO, AV PROF;;;26;CONSOLACAO;1;0
D041301762;19140;TRES MARIAS, RUA DAS;;;100;;12/04/2013 09:10;2;CP;100;1942; ; ;1;0;0;0;0;0;0;0;0;0;0;0;0;0;0;0;0;19140;TRES MARIAS, RUA DAS;;;29;FREGUESIA DO O;2;0
D041301583;32541;PAULO GUILGUER REIMBERG, AV;;;2431;;12/04/2013 09:20;4;AT;25;976; ; ;0;1;0;0;0;0;0;0;0;0;0;0;0;0;0;0;0;32541;PAULO GUILGUER REIMBERG, AV;;;32;IGUATEMI;1;0
D041301551;6238;NACOES UNIDAS, AV DAS;;;16;;12/04/2013 09:20;2;CT;11;4031;C; ;1;1;0;0;0;0;0;0;0;0;0;0;0;0;0;0;0;13014;MARGINAL DO RIO PINHEIROS, AV;;;90;VILA LEOPOLDINA;2;0
D041301273;15425;CANTIDIO SAMPAIO, AV DEP;;;0;NADA CONSTA ;12/04/2013 09:20;2;CO;72;900038; ; ;1;1;0;0;0;0;0;0;0;0;0;0;0;0;0;0;0;15425;CANTIDIO SAMPAIO, AV DEP;;;41;JARAGUA;1;0
D041300722;4989;CIRCULAR DO BOSQUE, RUA;;;400;;12/04/2013 09:31;2;SI;34;2238; ; ;0;1;0;0;0;0;0;0;0;0;0;1;0;0;0;0;0;4989;CIRCULAR DO BOSQUE, RUA;;;55;MORUMBI;1;0
D041301259;41766;CLARA NUNES, RUA;;;155;;12/04/2013 09:32;4;AT;72;3201; ; ;0;0;0;0;0;0;0;0;0;0;0;1;0;0;0;0;0;41766;CLARA NUNES, RUA;;;40;JAGUARE;1;0
D041300596;15893;PEDRO CRISTI, RUA;12786;MANOEL CARLOS F. DE ALMEIDA, RUA DR;0;;12/04/2013 09:35;4;AT;14;3514; ; ;0;0;0;0;0;0;0;1;0;0;0;0;0;0;0;0;0;12786;MANOEL CARLOS F. DE ALMEIDA, RUA DR;15893;PEDRO CRISTI, RUA;63;PINHEIROS;1;0
D041302180;20048;YERVANT KISSAJIKIAN, AV;;;1917;;12/04/2013 10:00;4;AT;80;1274;C; ;1;0;0;0;0;0;0;0;0;0;0;0;0;0;0;0;0;20048;YERVANT KISSAJIKIAN, AV;;;29;FREGUESIA DO O;0;1
D041301353;4736;CELSO GARCIA, AV;9900;ATALEIA, RUA;0;;12/04/2013 10:24;2;CO;10;4044;C; ;1;0;0;0;0;0;0;1;0;0;0;0;0;0;0;0;0;4736;CELSO GARCIA, AV;9900;ATALEIA, RUA;  ;;1;0
D041301552;999;SANTO AMARO, AV;;;5355;;12/04/2013 10:30;2;CO;11;4043; ; ;0;2;0;0;0;0;0;0;0;0;0;0;0;0;0;0;0;999;SANTO AMARO, AV;;;34;ITAIM BIBI;1;0
D041300346;14714;ENCARNACAO, AV NSRA DA;;;0;PROXIMO  -  MONT.COST;12/04/2013 10:30;2;CO;26;3092; ; ;0;0;0;0;1;0;0;0;0;0;0;1;0;0;0;0;0;14714;ENCARNACAO, AV NSRA DA;;;21;CASA VERDE;1;0
D041300098;5245;CONSOLACAO, RUA DA;18040;SERGIPE, RUA;0;;12/04/2013 11:10;2;CT;4;2697; ; ;1;0;0;0;1;0;0;0;0;0;0;0;0;0;0;0;0;5245;CONSOLACAO, RUA DA;18040;SERGIPE, RUA;26;CONSOLACAO;1;0
D041300107;15656;PAULISTA, AV;;;1500;;12/04/2013 11:37;2;SI;4;2962; ; ;0;1;0;0;0;0;0;0;0;0;0;0;0;0;0;1;0;15656;PAULISTA, AV;;;7;BELA VISTA;1;0
D041300472;6013;DOMINGOS DE MORAIS, RUA;;;1700;;12/04/2013 12:05;2;QD;36;4583; ; ;0;0;1;0;0;0;0;0;0;0;0;0;0;0;0;0;0;6013;DOMINGOS DE MORAIS, RUA;;;92;VILA MARIANA;1;0
D041300042;4561;CASTELO BRANCO, AV PRES;;;0;NADA CONSTA ;12/04/2013 12:15;2;QM;2;2073; ; ;0;1;0;0;0;0;0;0;0;0;0;0;0;0;0;0;0;29772;MARGINAL DO RIO TIETE, AV;;;6;BARRA FUNDA;1;0
D041300779;98798;PRINCIPAL, RUA;;;10;;12/04/2013 12:20;4;AT;46;1766; ; ;0;0;0;0;0;0;0;0;0;0;0;1;0;0;0;0;0;98798;PRINCIPAL, RUA;;;30;GRAJAU;1;0
D041301892;17820;TITO, AV MAL;;;6400;;12/04/2013 12:45;4;AT;50;4523; ; ;1;0;0;0;0;0;0;0;0;0;0;0;0;0;0;0;0;17820;TITO, AV MAL;;;53;MOEMA;1;0
D041300305;15223;OTONIS, RUA DOS;;;0;PROXIMO  - R.CAP.MACE;12/04/2013 12:50;2;CF;16;896; ; ;1;1;0;0;0;0;0;0;0;0;0;0;0;0;0;0;0;15223;OTONIS, RUA DOS;;;9;BOM RETIRO;1;0
D041300329;11379;JUNTAS PROVISORIAS, AV;;;407;;12/04/2013 13:05;2;CO;17;2094; ; ;0;1;0;1;0;0;0;0;0;0;0;0;0;0;0;0;0;11379;JUNTAS PROVISORIAS, AV;;;95;VILA PRUDENTE;1;0
D041301531;11328;JULIO DE CASTILHOS, RUA;5092;CLEMENTINO, RUA DR;0;;12/04/2013 13:15;2;CO;81;3054; ; ;1;1;0;0;0;0;0;0;0;0;0;0;0;0;0;0;0;5092;CLEMENTINO, RUA DR;11328;JULIO DE CASTILHOS, RUA;8;BELEM;1;0
D041300123;25954;BENEFICENCIA PORTUGUESA, VD;;;50;;12/04/2013 13:21;4;AT;5;1974; ; ;1;0;0;0;0;0;0;0;0;0;0;0;0;0;0;0;0;25954;BENEFICENCIA PORTUGUESA, VD;;;37;JABAQUARA;1;0
D041300884;11259;JOY ARRUDA, RUA DR;;;279;;12/04/2013 13:30;2;SI;87;1925; ; ;1;1;0;0;0;0;0;0;0;0;0;0;0;0;0;0;0;11259;JOY ARRUDA, RUA DR;;;4;ARICANDUVA;1;0
D041301141;10358;JOAO MACHADO, RUA PROF;;;325;;12/04/2013 14:00;2;CH;28;2001; ; ;0;0;0;0;0;0;0;0;0;0;0;1;0;0;0;0;0;10358;JOAO MACHADO, RUA PROF;;;29;FREGUESIA DO O;1;0
D041300769;16339;CARLOS LACERDA, AV;;;1664;;12/04/2013 14:00;2;QM;37;3016; ; ;0;1;0;0;0;0;0;0;0;0;0;0;0;0;0;0;0;16339;CARLOS LACERDA, AV;;;29;FREGUESIA DO O;1;0
D041300520;21514;ROQUE PETRONI JUNIOR, AV;;;1089;;12/04/2013 14:10;4;AT;96;1692; ; ;1;0;0;0;0;0;0;0;0;0;0;0;0;0;0;0;0;21514;ROQUE PETRONI JUNIOR, AV;;;30;GRAJAU;1;0
D041300274;989;AMARAL GURGEL, RUA;;;480;;12/04/2013 14:15;2;CT;77;2711; ; ;1;1;0;0;0;0;0;0;0;0;0;0;0;0;0;0;0;989;AMARAL GURGEL, RUA;;;67;REPUBLICA;1;0
D041300540;31498;ROBERTO MARINHO - ANT AGUA ESP, AV JORN;;;2000;;12/04/2013 14:30;2;QM;96;3599; ; ;0;1;0;0;0;0;0;0;0;0;0;0;0;0;0;0;0;31498;ROBERTO MARINHO - ANT AGUA ESP, AV JORN;;;15;CAMPO BELO;1;0