id_acidente;codloga;logradouroA;codlogb;logradouroB;alt_num;referencia;data;cod_acid;tipo_acidente;dp;numero_BO;sentido;pista;automovel;moto;onibus;caminhao;bicicleta;moto_taxi;onibus_fretado;onibus_urbano;microonibus;van;vuc;caminhonete;carreta;jipe;outros;sem_informacao;carroca;princ_a;paiA;princ_b;paiB;cod_distrito;distrito;vit_ferida;vit_morta
D041300947;16726;QUEIROZ FILHO, AV;;;830;;14/04/2013 01:35;2;CH;91;2476; ; ;1;0;0;0;0;0;0;0;0;0;0;0;0;0;0;0;0;16726;QUEIROZ FILHO, AV;;;14;CAMBUCI;3;0
D041300138;11538;LAERTE RAMOS DE CARVALHO, RUA PROF;;;133;;14/04/2013 01:56;4;AT;5;2994; ; ;1;0;0;0;0;0;0;0;0;0;0;0;0;0;0;0;0;11538;LAERTE RAMOS DE CARVALHO, RUA PROF;;;67;REPUBLICA;1;0
D041302181;16878;RAPOSO TAVARES, VIA;;;19900;;14/04/2013 02:30;2;QM;89;3081; ; ;0;1;0;0;0;0;0;0;0;0;0;0;0;0;0;0;0;16878;RAPOSO TAVARES, VIA;;;13;CACHOEIRINHA;0;1
D041302068;1306;ANDRE DE ALMEIDA, RUA;13195;MARIA CURSI, AV;0;;14/04/2013 02:30;4;AT;49;5634; ; ;1;0;0;0;0;0;0;0;0;0;0;0;0;0;0;0;0;1306;ANDRE DE ALMEIDA, RUA;13195;MARIA CURSI, AV;75;SAO MATEUS;1;0
D041301261;3771;INAJAR DE SOUZA, AV;;;5700;;14/04/2013 04:00;2;CO;72;3283; ; ;2;0;0;0;0;0;0;0;0;0;0;0;0;0;0;0;0;3771;INAJAR DE SOUZA, AV;;;50;LIMAO;1;0
D041301788;3509;BELMIRA MARIN, AV DONA;;;4299;;14/04/2013 04:30;2;CT;101;2673; ; ;2;0;0;0;0;0;0;0;0;0;0;0;0;0;0;0;0;3509;BELMIRA MARIN, AV DONA;;;30;GRAJAU;1;0
D041300248;4561;CASTELO BRANCO, AV PRES;;;118;;14/04/2013 04:44;4;AT;12;2794; ; ;1;0;0;0;0;0;0;0;0;0;0;0;0;0;0;0;0;29772;MARGINAL DO RIO TIETE, AV;;;6;BARRA FUNDA;1;0
D041301528;6371;ELISABETH DE ROBIANO, AV CDSSA;;;0;FRENTE  - CFAP;14/04/2013 04:50;2;CH;81;2046; ; ;1;0;0;0;0;0;0;0;0;0;0;0;0;0;0;0;0;29772;MARGINAL DO RIO TIETE, AV;;;82;TATUAPE;4;0
D041300948;6238;NACOES UNIDAS, AV DAS;;;0;NADA CONSTA ;14/04/2013 05:10;2;CH;91;2481; ; ;1;0;0;0;0;0;0;0;0;0;0;0;0;0;0;0;0;13014;MARGINAL DO RIO PINHEIROS, AV;;;90;VILA LEOPOLDINA;1;0
D041301228;11885;DOMINGOS TORRES, RUA;;;59;;14/04/2013 05:30;2;CH;40;4005; ; ;1;0;0;0;0;0;0;0;0;0;0;0;0;0;0;0;0;11885;DOMINGOS TORRES, RUA;;;21;CASA VERDE;3;0
D041301586;33015;SADAMU INOUE, AV;;;3500;;14/04/2013 05:30;2;QD;25;1129; ; ;0;0;0;0;0;0;0;1;0;0;0;0;0;0;0;0;0;33015;SADAMU INOUE, AV;;;76;SAO MIGUEL;1;0
D041300699;16790;RADIALISTAS, RUA DOS;13055;INACIO LUIS DA COSTA, RUA;0;;14/04/2013 05:40;2;CO;33;3433; ; ;1;1;0;0;0;0;0;0;0;0;0;0;0;0;0;0;0;13055;INACIO LUIS DA COSTA, RUA;16790;RADIALISTAS, RUA DOS;  ;;1;0
D041302222;6238;NACOES UNIDAS, AV DAS;;;17947;;14/04/2013 05:50;2;CH;14;3757; ; ;1;0;0;0;0;0;0;0;0;0;0;0;0;0;0;0;0;13014;MARGINAL DO RIO PINHEIROS, AV;;;90;VILA LEOPOLDINA;4;1
D041301555;6238;NACOES UNIDAS, AV DAS;;;17947;;14/04/2013 05:50;2;CH;11;4098; ; ;1;0;0;0;0;0;0;0;0;0;0;0;0;0;0;0;0;13014;MARGINAL DO RIO PINHEIROS, AV;;;90;VILA LEOPOLDINA;4;0
D041300266;17115;RIO BRANCO, AV;;;1661;;14/04/2013 06:15;2;CO;77;2115; ; ;4;0;0;0;0;0;0;0;0;0;0;0;0;0;0;0;0;17115;RIO BRANCO, AV;;;5;ARTUR ALVIM;2;0
D041302221;18470;PIRAJUSSARA, AV;;;4123;;14/04/2013 06:30;2;CH;89;3059; ; ;1;0;0;0;0;0;0;0;0;0;0;0;0;0;0;0;0;18470;PIRAJUSSARA, AV;;;13;CACHOEIRINHA;3;1
D041300831;16340;PIRAJUSSARA, RUA;;;4123;;14/04/2013 06:30;2;CH;51;3059; ; ;1;0;0;0;0;0;0;0;0;0;0;0;0;0;0;0;0;16340;PIRAJUSSARA, RUA;;;13;CACHOEIRINHA;4;0
D041301808;11169;JOSE RAFAELI, RUA;;;540;;14/04/2013 07:00;2;CH;102;4100; ; ;1;0;0;0;0;0;0;0;0;0;0;0;0;0;0;0;0;11169;JOSE RAFAELI, RUA;;;81;SOCORRO;1;0
D041300507;98419;ITAMARATI (SACOMA), RUA;;;39;;14/04/2013 07:15;2;SI;95;3162; ; ;0;1;0;0;0;0;0;0;0;0;0;0;0;0;0;1;0;98419;ITAMARATI (SACOMA), RUA;;;69;SACOMA;1;0
D041300171;544;ALCANTARA MACHADO, VD;;;0;NADA CONSTA ;14/04/2013 08:00;2;CH;8;2795; ; ;2;0;0;0;0;0;0;0;0;0;0;0;0;0;0;0;0;543;ALCANTARA MACHADO, AV;;;10;BRAS;1;0
D041300108;9562;ITAPOLIS, RUA;;;0;PROXIMO  - ITAPEMIRIM;14/04/2013 09:00;2;QM;4;3000; ; ;0;1;0;0;0;0;0;0;0;0;0;0;0;0;0;0;0;9562;ITAPOLIS, RUA;;;26;CONSOLACAO;1;0
D041300698;29772;MARGINAL DO RIO TIETE, AV;;;700;;14/04/2013 10:00;2;CH;33;3427; ; ;1;0;0;0;0;0;0;0;0;0;0;0;0;0;0;0;0;29772;MARGINAL DO RIO TIETE, AV;;;13;CACHOEIRINHA;1;0
D041301632;40763;XISTO TEUBER, RUA FREI;;;90;;14/04/2013 10:12;4;AT;47;900082; ; ;1;0;0;0;0;0;0;0;0;0;0;0;0;0;0;0;0;40763;XISTO TEUBER, RUA FREI;;;29;FREGUESIA DO O;1;0
D041301188;277;AFONSO LOPES VIEIRA, RUA;;;500;;14/04/2013 11:55;4;AT;38;3277; ; ;0;0;0;0;0;0;0;0;0;0;0;0;0;0;0;1;0;277;AFONSO LOPES VIEIRA, RUA;;;13;CACHOEIRINHA;1;0
D041300428;4596;CATARINA, AV STA;;;1400;;14/04/2013 13:05;2;QD;35;4931; ; ;0;0;0;0;0;0;0;1;0;0;0;0;0;0;0;0;0;4596;CATARINA, AV STA;;;37;JABAQUARA;1;0
D041302020;98962;JULIANO CARTARI, RUA;;;41;;14/04/2013 13:34;2;CO;41;3766; ; ;1;1;0;0;0;0;0;0;0;0;0;0;0;0;0;0;0;98962;JULIANO CARTARI, RUA;;;78;SAPOPEMBA;1;0
D041301752;9220;INTERLAGOS, AV;14743;SABARA, AV NSRA DO;0;;14/04/2013 14:00;4;AT;99;4111; ; ;0;0;0;0;0;0;0;0;0;0;0;0;0;0;0;1;0;9220;INTERLAGOS, AV;14743;SABARA, AV NSRA DO;16;CAMPO GRANDE;3;0
D041302151;2878;BARREIRA GRANDE, AV DA;;;3979;;14/04/2013 14:18;4;AT;69;3769; ; ;0;0;0;0;0;0;0;0;0;0;0;1;0;0;0;0;0;2878;BARREIRA GRANDE, AV DA;;;78;SAPOPEMBA;1;0
D041302059;9044;RAGUEB CHOHFI, AV;;;3380;;14/04/2013 15:20;2;CO;49;5025; ; ;0;1;1;1;0;0;0;0;0;0;0;0;0;0;0;0;0;9044;RAGUEB CHOHFI, AV;;;32;IGUATEMI;1;0
D041301201;3678;BRUNA GALLEA, RUA;;;40;;14/04/2013 16:20;2;QM;38;900042; ; ;0;1;0;0;0;0;0;0;0;0;0;0;0;0;0;0;0;3678;BRUNA GALLEA, RUA;;;13;CACHOEIRINHA;2;0
D041300916;61245;JOSE RAMON URTIZA, RUA;;;975;;14/04/2013 17:00;2;SI;89;3093; ; ;1;1;0;0;0;0;0;0;0;0;0;0;0;0;0;0;0;61245;JOSE RAMON URTIZA, RUA;;;29;FREGUESIA DO O;1;0
D041301664;3509;BELMIRA MARIN, AV DONA;74739;JOSE QUARESMA JUNIOR, RUA;0;;14/04/2013 17:30;2;CL;85;2686;C; ;3;1;0;0;0;0;0;0;0;0;0;0;0;0;0;0;0;3509;BELMIRA MARIN, AV DONA;74739;JOSE QUARESMA JUNIOR, RUA;30;GRAJAU;1;0
D041300798;27955;FORTUNATA TADIELLO NATUCCI, AV;;;150;;14/04/2013 17:50;2;CO;46;3442;B; ;0;1;0;0;0;0;0;0;0;0;0;1;0;0;0;0;0;27955;FORTUNATA TADIELLO NATUCCI, AV;;;3;ANHANGUERA;2;0
D041302248;98750;SEM INFORMACAO DE ENDERECO, SI;;;0;NADA CONSTA ;14/04/2013 18:12;2;SI;10;4219; ; ;0;1;0;0;0;0;0;0;0;0;0;0;0;0;0;0;0;98750;SEM INFORMACAO DE ENDERECO, SI;;;  ;;0;1
D041301877;11542;NORDESTINA, AV;;;2373;;14/04/2013 18:50;2;CL;32;2778;C; ;0;1;0;0;0;0;0;1;0;0;0;0;0;0;0;0;0;11542;NORDESTINA, AV;;;76;SAO MIGUEL;1;0
D041301830;15465;PARANACITY, RUA;;;11;;14/04/2013 18:53;4;AT;22;2775; ; ;1;0;0;0;0;0;0;0;0;0;0;0;0;0;0;0;0;15465;PARANACITY, RUA;;;53;MOEMA;1;0
D041301462;19708;VILA EMA, AV;;;3255;;14/04/2013 18:55;2;CH;42;2381; ; ;1;0;0;0;0;0;0;0;0;0;0;0;0;0;0;0;0;19708;VILA EMA, AV;;;26;CONSOLACAO;1;0
D041300915;18561;LUIZ MIGLIANO, RUA DR;;;1100;;14/04/2013 18:55;4;AT;89;3090; ; ;1;0;0;0;0;0;0;0;0;0;0;0;0;0;0;0;0;18561;LUIZ MIGLIANO, RUA DR;;;0;NULL;1;0
D041300790;38781;TABULEIROS DE VALENCA, RUA;;;400;;14/04/2013 19:00;4;AT;46;2072; ; ;0;0;0;0;0;0;0;0;0;0;0;0;0;0;0;1;0;38781;TABULEIROS DE VALENCA, RUA;;;52;MARSILAC;1;0
D041300288;14804;NOVE DE JULHO, AV;;;3809;;14/04/2013 19:08;2;CO;78;3015; ; ;1;1;0;0;0;0;0;0;0;0;0;0;0;0;0;0;0;14804;NOVE DE JULHO, AV;;;63;PINHEIROS;1;0
D041300009;15674;PAULO, RUA S;7664;FURTADO, RUA CONS;0;;14/04/2013 19:18;4;AT;1;2810; ; ;1;0;0;0;0;0;0;0;0;0;0;0;0;0;0;0;0;7664;FURTADO, RUA CONS;15674;PAULO, RUA S;49;LIBERDADE;1;0
D041302126;11830;LIDER, AV;;;419;;14/04/2013 19:40;2;QM;66;1700; ; ;0;1;0;0;0;0;0;0;0;0;0;0;0;0;0;0;0;11830;LIDER, AV;;;24;CIDADE LIDER;1;0
D041301319;75479;FERNANDO MENDES DE ALMEIDA, AV;;;1259;;14/04/2013 20:55;4;AT;74;3296; ; ;1;0;0;0;0;0;0;0;0;0;0;0;0;0;0;0;0;75479;FERNANDO MENDES DE ALMEIDA, AV;;;40;JAGUARE;1;0
D041301768;5584;CUMBICA, ES DA;;;531;;14/04/2013 21:00;2;CO;100;2695; ; ;1;1;0;0;0;0;0;0;0;0;0;0;0;0;0;0;0;5584;CUMBICA, ES DA;;;42;JARDIM ANGELA;2;0
D041300841;13019;ESCOLA POLITECNICA, AV;1363;JORGE WARD, RUA;0;;14/04/2013 22:00;2;QM;51;3613; ; ;0;1;0;0;0;0;0;0;0;0;0;0;0;0;0;0;0;1363;JORGE WARD, RUA;22165;PABLO CASALS, AV;45;JARDIM SAO LUIS;2;0
D041301243;78854;ANTONIO VICENTE DE AZEVEDO, RUA DR;;;15;;14/04/2013 22:15;4;AT;45;3298; ; ;1;0;0;0;0;0;0;0;0;0;0;0;0;0;0;0;0;78854;ANTONIO VICENTE DE AZEVEDO, RUA DR;;;40;JAGUARE;1;0
D041301934;67587;JACARANDA DO CAMPO, RUA;62147;FRUTA-DO-PARAISO, RUA;0;;14/04/2013 22:29;2;CO;63;2779; ; ;0;1;0;0;0;0;0;0;0;0;0;0;0;0;0;0;0;62147;FRUTA-DO-PARAISO, RUA;67587;JACARANDA DO CAMPO, RUA;8;BELEM;2;0
D041301356;3063;BELCHIOR DE MELO, RUA;;;105;;14/04/2013 23:00;4;AT;10;4156; ; ;1;0;0;0;0;0;0;0;0;0;0;0;0;0;0;0;0;3063;BELCHIOR DE MELO, RUA;;;41;JARAGUA;3;0
D041301072;6515;EPAMINONDAS MELO DO AMARAL, RUA;;;600;;14/04/2013 23:00;2;CO;13;4531; ; ;1;1;0;0;0;0;0;0;0;0;0;0;0;0;0;0;0;6515;EPAMINONDAS MELO DO AMARAL, RUA;;;21;CASA VERDE;1;0
D041301710;98942;DAVIDE PEREZ, RUA;;;0;NADA CONSTA ;15/04/2013 00:52;2;CH;98;4042; ; ;1;0;0;0;0;0;0;0;0;0;0;0;0;0;0;0;0;98942;DAVIDE PEREZ, RUA;;;59;PEDREIRA;1;0
D041301376;15304;PAES DE BARROS, AV;11728;LEOCADIA CINTRA, RUA;0;;15/04/2013 01:00;2;CO;18;2392; ; ;1;1;0;0;0;0;0;0;0;0;0;0;0;0;0;0;0;11728;LEOCADIA CINTRA, RUA;15304;PAES DE BARROS, AV;54;MOOCA;1;0
D041301394;2181;ARICANDUVA, AV;;;300;;15/04/2013 01:45;2;CO;21;2498; ; ;1;1;0;0;0;0;0;0;0;0;0;0;0;0;0;0;0;2181;ARICANDUVA, AV;;;60;PENHA;1;0
D041301801;2483;ATLANTICA ANT. ROBERT KENNEDY, AV;;;0;PROXIMO  - LARGODO SO;15/04/2013 01:50;2;CH;102;1019; ; ;1;0;0;0;0;0;0;0;0;0;0;0;0;0;0;0;0;2483;ATLANTICA ANT. ROBERT KENNEDY, AV;;;23;CIDADE DUTRA;1;0
D041300724;7500;FRANCISCO MORATO, AV PROF;;;1959;;15/04/2013 04:00;2;SI;34;2270; ; ;1;1;0;0;0;0;0;0;0;0;0;0;0;0;0;0;0;7500;FRANCISCO MORATO, AV PROF;;;12;BUTANTA;2;0
D041302262;99999;METALURGICOS, AV DOS;;;816;;15/04/2013 05:30;4;AT;54;2102; ; ;1;0;0;0;0;0;0;0;0;0;0;0;0;0;0;0;0;99999;METALURGICOS, AV DOS;;;25;CIDADE TIRADENT;0;2
D041301867;98912;JOSE PINHEIRO BORGES, AV;;;0;PROXIMO  - R.SABBADO ;15/04/2013 05:30;2;CO;32;2374; ; ;1;1;0;0;0;0;0;0;0;0;0;0;0;0;0;0;0;98912;JOSE PINHEIRO BORGES, AV;;;36;ITAQUERA;1;0
D041300723;6536;ERASMO TEIXEIRA DE ASSUNCAO, RUA DR;;;0;NADA CONSTA ;15/04/2013 05:45;2;SI;34;2269; ; ;0;1;0;0;0;0;0;1;0;0;0;0;0;0;0;0;0;6536;ERASMO TEIXEIRA DE ASSUNCAO, RUA DR;;;55;MORUMBI;1;0
D041302110;17824;SAPOPEMBA, AV;;;16000;;15/04/2013 06:00;4;AT;55;1543; ; ;0;0;0;0;0;0;0;0;0;0;0;0;0;0;0;1;0;17824;SAPOPEMBA, AV;;;33;IPIRANGA;1;0
D041302161;5425;COSTA BARROS, RUA;67304;CAOPIA, RUA;0;;15/04/2013 06:20;4;AT;70;2006; ; ;1;0;0;0;0;0;0;0;0;0;0;0;0;0;0;0;0;5425;COSTA BARROS, RUA;67304;CAOPIA, RUA;74;SAO LUCAS;1;0
D041300526;6238;NACOES UNIDAS, AV DAS;;;12000;;15/04/2013 06:30;2;CO;96;1801; ; ;1;1;0;0;0;0;0;0;0;0;0;0;0;0;0;0;0;13014;MARGINAL DO RIO PINHEIROS, AV;;;90;VILA LEOPOLDINA;2;0
D041302152;43404;VILANOVA ARTIGAS, AV ARQ;;;980;;15/04/2013 07:15;2;QM;69;3789; ; ;0;1;0;0;0;0;0;0;0;0;0;0;0;0;0;0;0;43404;VILANOVA ARTIGAS, AV ARQ;;;56;PARELHEIROS;1;0
D041301425;43408;ABEL FERREIRA, AV VER;;;555;;15/04/2013 07:15;2;CO;30;2039; ; ;1;1;0;0;0;0;0;0;0;0;0;0;0;0;0;0;0;43408;ABEL FERREIRA, AV VER;;;46;JOSE BONIFACIO;1;0
D041302162;24338;LUIZ IGNACIO ANHAIA MELLO, AV PROF;;;8095;;15/04/2013 07:16;2;CO;70;2009; ; ;0;1;0;0;0;0;0;0;0;0;0;1;0;0;0;0;0;24338;LUIZ IGNACIO ANHAIA MELLO, AV PROF;;;26;CONSOLACAO;2;0
D041301426;34122;MELO FREIRE, RUA;19727;VILELA, RUA;0;;15/04/2013 07:20;2;CO;30;2043; ; ;2;1;0;0;0;0;0;0;0;0;0;0;0;0;0;0;0;19727;VILELA, RUA;34122;MELO FREIRE, RUA;  ;;1;0
D041300700;71232;ERVA CAPITAO, RUA;;;212;;15/04/2013 07:26;2;CO;33;3454; ; ;1;1;0;0;0;0;0;0;0;0;0;0;0;0;0;0;0;71232;ERVA CAPITAO, RUA;;;31;GUAIANASES;1;0
D041300306;15025;ONZE DE JUNHO, AV;;;170;;15/04/2013 07:30;2;CL;16;3149; ; ;1;1;0;0;0;0;0;0;0;0;0;0;0;0;0;0;0;15025;ONZE DE JUNHO, AV;;;0;NULL;1;0
D041300414;21185;MASCOTE, AV;;;918;;15/04/2013 07:40;4;AT;35;3267; ; ;1;0;0;0;0;0;0;0;0;0;0;0;0;0;0;0;0;21185;MASCOTE, AV;;;0;NULL;2;0
D041302270;35449;BANDEIRANTES, VIA DOS;;;25800;;15/04/2013 07:43;2;CL;46;1775; ; ;0;1;0;1;0;0;0;0;0;0;0;0;0;0;0;0;0;35449;BANDEIRANTES, VIA DOS;;;64;PIRITUBA;0;1
D041301917;14094;MOGI DAS CRUZES, ES DE;;;100;;15/04/2013 07:50;2;CO;62;1742;C; ;1;1;0;0;0;0;0;0;0;0;0;0;0;0;0;0;0;14094;MOGI DAS CRUZES, ES DE;;;65;PONTE RASA;1;0
D041301237;34562;JOAO PAULO I, AV;;;2000;;15/04/2013 08:00;4;AT;45;915;C; ;1;0;0;0;0;0;0;0;0;0;0;0;0;0;0;0;0;34562;JOAO PAULO I, AV;;;4;ARICANDUVA;1;0
D041300561;24491;IMIGRANTES, VIA DOS;;;10;;15/04/2013 08:01;2;CO;97;900010; ; ;2;1;0;0;0;0;0;0;0;0;0;0;0;0;0;0;0;24491;IMIGRANTES, VIA DOS;;;  ;;1;0
D041301737;13035;MIGUEL YUNES, RUA;9220;INTERLAGOS, AV;0;;15/04/2013 08:15;2;CO;99;1669; ; ;2;1;0;0;0;0;0;0;0;0;0;0;0;0;0;0;0;6238;NACOES UNIDAS, AV DAS;9220;INTERLAGOS, AV;16;CAMPO GRANDE;1;0
D041301674;10270;JOAO DIAS, AV;;;3685;;15/04/2013 08:40;2;CO;92;2365; ; ;1;1;0;0;0;0;0;0;0;0;0;0;0;0;0;0;0;10270;JOAO DIAS, AV;;;72;SANTO AMARO;1;0
D041301738;14743;SABARA, AV NSRA DO;;;2009;;15/04/2013 09:00;2;CT;99;1674; ; ;0;1;0;1;0;0;0;0;0;0;0;0;0;0;0;0;0;14743;SABARA, AV NSRA DO;;;16;CAMPO GRANDE;1;0
D041302034;15569;PASSAGEM FUNDA, RUA DA;;;300;;15/04/2013 09:00;2;CO;44;2289; ; ;1;1;0;0;0;0;0;0;0;0;0;0;0;0;0;0;0;15569;PASSAGEM FUNDA, RUA DA;;;50;LIMAO;1;0
D041300522;19100;BANDEIRANTES, AV DOS;;;0;PROXIMO  - AV SANTO A;15/04/2013 09:00;2;SI;96;1714; ; ;2;1;0;0;0;0;0;0;0;0;0;0;0;0;0;0;0;19100;BANDEIRANTES, AV DOS;;;24;CIDADE LIDER;1;0
D041300725;19461;VALERIO, AV S;4447;CARMEN SCIGLIANO, RUA PROFA;0;;15/04/2013 09:16;2;SI;34;2279; ; ;1;1;0;0;0;0;0;0;0;0;0;0;0;0;0;0;0;4447;CARMEN SCIGLIANO, RUA PROFA;19461;VALERIO, AV S;  ;;1;0
D041300726;14267;MORUMBI, AV;12495;MADUREIRA, RUA PDE;0;;15/04/2013 09:45;2;CT;34;2280; ; ;2;0;0;0;0;0;0;0;0;0;0;0;0;0;0;0;0;12495;MADUREIRA, RUA PDE;14267;MORUMBI, AV;55;MORUMBI;1;0
D041301059;19884;VOLUNTARIOS DA PATRIA, RUA;;;1442;;15/04/2013 10:40;2;CL;13;4050; ; ;1;1;0;0;0;0;0;0;0;0;0;0;0;0;0;0;0;19884;VOLUNTARIOS DA PATRIA, RUA;;;8;BELEM;1;0
D041301058;37387;HEROIS DA FORCA E. BRASILEIRA, PCA;;;0;NADA CONSTA ;15/04/2013 10:55;2;CO;13;4044; ; ;1;1;0;0;0;0;0;0;0;0;0;0;0;0;0;0;0;37387;HEROIS DA FORCA E. BRASILEIRA, PCA;;;8;BELEM;1;0
D041301908;17820;TITO, AV MAL;;;3404;;15/04/2013 11:00;4;AT;59;4654; ; ;0;0;0;0;0;0;0;1;0;0;0;0;0;0;0;0;0;17820;TITO, AV MAL;;;53;MOEMA;1;0
D041302060;24428;FORTE DO LEME, AV;;;936;;15/04/2013 11:30;2;CO;49;5110; ; ;0;1;0;0;0;0;0;0;0;0;0;1;0;0;0;0;0;24428;FORTE DO LEME, AV;;;51;MANDAQUI;1;0
D041302127;9580;ITAQUERA, AV;;;1276;;15/04/2013 12:00;2;CL;66;1707; ; ;1;1;0;0;0;0;0;0;0;0;0;0;0;0;0;0;0;9580;ITAQUERA, AV;;;24;CIDADE LIDER;1;0
D041301916;2429;ASSIS RIBEIRO, RUA DR;;;8402;;15/04/2013 12:50;2;CO;62;1527;C; ;1;1;0;0;0;0;0;0;0;0;0;0;0;0;0;0;0;2429;ASSIS RIBEIRO, RUA DR;;;28;ERMELINO MATARA;1;0
D041301789;3509;BELMIRA MARIN, AV DONA;;;1043;;15/04/2013 13:00;4;AT;101;2714; ; ;0;1;0;0;0;0;0;0;0;0;0;0;0;0;0;0;0;3509;BELMIRA MARIN, AV DONA;;;30;GRAJAU;1;0
D041300569;2573;AURELIA, RUA;6922;FAUSTOLO, RUA;0;;15/04/2013 13:05;2;CO;7;2383; ; ;1;1;0;0;0;0;0;0;0;0;0;0;0;0;0;0;0;2573;AURELIA, RUA;6922;FAUSTOLO, RUA;48;LAPA;1;0
D041301310;48561;DOURADA, RUA;;;0;PROXIMO  - AV ELISIO ;15/04/2013 13:10;4;AT;74;1652; ; ;1;0;0;0;0;0;0;0;0;0;0;0;0;0;0;0;0;48561;DOURADA, RUA;;;29;FREGUESIA DO O;1;0
D041301987;78261;BALTAZAR BARROSO, RUA;;;0;NADA CONSTA ;15/04/2013 13:30;4;AT;68;1194; ; ;0;0;0;0;0;0;0;0;0;0;0;0;0;0;0;1;0;78261;BALTAZAR BARROSO, RUA;;;50;LIMAO;1;0
D041300499;5762;DELAMARE, AV ALM;;;3000;;15/04/2013 13:49;2;CO;95;1791; ; ;1;1;0;0;0;0;0;0;0;0;0;0;0;0;0;0;0;5762;DELAMARE, AV ALM;;;33;IPIRANGA;1;0
D041301061;14270;MORVAN DIAS DE FIGUEIREDO, AV;;;0;NADA CONSTA ;15/04/2013 15:15;2;CO;13;4058; ; ;1;0;0;0;0;0;0;0;0;0;0;1;0;0;0;0;0;29772;MARGINAL DO RIO TIETE, AV;;;0;NULL;2;0
D041300436;57;ABILIO SOARES, RUA;21344;MARIO KOZEL FILHO, AV SARG;0;;15/04/2013 15:20;2;CT;36;106; ; ;1;0;0;0;0;0;0;0;0;0;0;1;0;0;0;0;0;57;ABILIO SOARES, RUA;21344;MARIO KOZEL FILHO, AV SARG;53;MOEMA;1;0
D041301114;60848;EDUARDO VICENTE NASSER, RUA;;;427;;15/04/2013 15:30;2;CH;20;3413; ; ;1;0;0;0;0;0;0;0;0;0;0;0;0;0;0;0;0;60848;EDUARDO VICENTE NASSER, RUA;;;22;CIDADE ADEMAR;1;0
D041300289;15656;PAULISTA, AV;;;900;;15/04/2013 15:32;2;CO;78;3036; ; ;1;1;0;0;0;0;0;0;0;0;0;1;0;0;0;0;0;15656;PAULISTA, AV;;;7;BELA VISTA;1;0
D041301142;3771;INAJAR DE SOUZA, AV;;;2725;;15/04/2013 16:00;2;OU;28;2005; ; ;0;1;0;0;0;0;0;0;0;0;0;0;0;0;0;0;0;3771;INAJAR DE SOUZA, AV;;;50;LIMAO;1;0
D041301956;8911;IBIRANHEM, RUA;;;100;;15/04/2013 16:00;2;CO;64;3362; ; ;1;1;0;0;0;0;0;0;0;0;0;0;0;0;0;0;0;8911;IBIRANHEM, RUA;;;5;ARTUR ALVIM;1;0
D041301357;4723;CELINA, RUA;;;43;;15/04/2013 16:30;4;AT;10;4204; ; ;0;0;0;0;0;0;0;0;0;0;0;1;0;0;0;0;0;4723;CELINA, RUA;;;60;PENHA;2;0
D041301377;332;AGOSTINHO LATTARI, RUA;;;100;;15/04/2013 16:30;2;CT;18;2409; ; ;1;1;0;1;0;0;0;0;0;0;0;0;0;0;0;0;0;332;AGOSTINHO LATTARI, RUA;;;54;MOOCA;1;0
D041301556;3216;BENTO BRANCO DE ANDRADE FILHO, RUA;35347;ANTONIO FAGGION, RUA ENG;0;;15/04/2013 16:50;2;CO;11;4180; ; ;1;1;0;0;0;0;0;0;0;0;0;0;0;0;0;0;0;3216;BENTO BRANCO DE ANDRADE FILHO, RUA;21852;BIAGIO RIVELLINO, RUA;72;SANTO AMARO;1;0
D041302128;64010;FIGUEIRA DA BARBARIA, RUA;;;270;;15/04/2013 16:55;2;CF;66;1712; ; ;1;1;0;0;0;0;0;0;0;0;0;0;0;0;0;0;0;64010;FIGUEIRA DA BARBARIA, RUA;;;38;JACANA;1;0
D041302038;16494;MIGUEL ACHIOLE DA FONCECA, AV;;;1707;;15/04/2013 17:00;2;CO;44;2515; ; ;1;1;0;0;0;0;0;0;0;0;0;0;0;0;0;0;0;16494;MIGUEL ACHIOLE DA FONCECA, AV;;;50;LIMAO;1;0
D041300044;18993;TIRADENTES, AV;;;300;;15/04/2013 17:40;4;AT;2;2157;B; ;0;1;0;0;0;0;0;0;0;0;0;0;0;0;0;0;0;18993;TIRADENTES, AV;;;9;BOM RETIRO;3;0
D041300111;989;AMARAL GURGEL, RUA;;;0;NADA CONSTA ;15/04/2013 18:00;2;QM;4;3042; ; ;0;1;0;0;0;0;0;0;0;0;0;0;0;0;0;0;0;989;AMARAL GURGEL, RUA;;;67;REPUBLICA;1;0
D041300172;18070;SERRA DE JAIRE, RUA;;;319;;15/04/2013 18:30;4;AT;8;2837; ; ;1;0;0;0;0;0;0;0;0;0;0;0;0;0;0;0;0;18070;SERRA DE JAIRE, RUA;;;10;BRAS;2;0
D041301529;11981;LOPES COUTINHO, RUA;15524;PARNAIBA, RUA VISC DE;0;;15/04/2013 18:30;4;AT;81;2091; ; ;1;0;0;0;0;0;0;0;0;0;0;0;0;0;0;0;0;11981;LOPES COUTINHO, RUA;15524;PARNAIBA, RUA VISC DE;8;BELEM;1;0