id_acidente;codloga;logradouroA;codlogb;logradouroB;alt_num;referencia;data;cod_acid;tipo_acidente;dp;numero_BO;sentido;pista;automovel;moto;onibus;caminhao;bicicleta;moto_taxi;onibus_fretado;onibus_urbano;microonibus;van;vuc;caminhonete;carreta;jipe;outros;sem_informacao;carroca;princ_a;paiA;princ_b;paiB;cod_distrito;distrito;vit_ferida;vit_morta
D041300956;6238;NACOES UNIDAS, AV DAS;;;0;PROXIMO  - JAGUARE;17/04/2013 08:00;2;CL;91;2975; ; ;2;1;0;0;0;0;0;0;0;0;0;0;0;0;0;0;0;13014;MARGINAL DO RIO PINHEIROS, AV;;;90;VILA LEOPOLDINA;1;0
D041300918;60516;MARIE NADER CALFAT, RUA;1144;FREDERICO GUARINON, RUA;0;;17/04/2013 08:30;2;CO;89;3169; ; ;0;1;0;0;0;0;0;0;0;0;0;1;0;0;0;0;0;1144;FREDERICO GUARINON, RUA;60516;MARIE NADER CALFAT, RUA;85;VILA ANDRADE;1;0
D041301764;12403;M'BOI MIRIM, ES;;;1205;;17/04/2013 08:51;2;QM;100;2025; ; ;0;1;0;0;0;0;0;0;0;0;0;0;0;0;0;0;0;12403;M'BOI MIRIM, ES;;;42;JARDIM ANGELA;1;0
D041300730;7500;FRANCISCO MORATO, AV PROF;14267;MORUMBI, AV;0;;17/04/2013 09:17;2;SI;34;2345; ; ;1;1;0;0;0;0;0;0;0;0;0;0;0;0;0;0;0;7500;FRANCISCO MORATO, AV PROF;17822;SAPETUBA, RUA;12;BUTANTA;1;0
D041301765;12403;M'BOI MIRIM, ES;;;7050;;17/04/2013 09:20;4;AT;100;2026; ; ;0;1;0;0;0;0;0;0;0;0;0;0;0;0;0;0;0;12403;M'BOI MIRIM, ES;;;42;JARDIM ANGELA;1;0
D041301980;11542;NORDESTINA, AV;;;2739;;17/04/2013 10:00;4;AT;67;1084; ; ;1;0;0;0;0;0;0;0;0;0;0;0;0;0;0;0;0;11542;NORDESTINA, AV;;;76;SAO MIGUEL;1;0
D041301952;21253;AGUIA DE HAIA, AV;;;123;;17/04/2013 10:15;2;CT;64;3180; ; ;1;1;0;0;0;0;0;0;0;0;0;0;0;0;0;0;0;21253;AGUIA DE HAIA, AV;;;0;NULL;1;0
D041301893;62716;FERNANDO PACHECO JORDAO, AV;;;324;;17/04/2013 11:20;2;CO;50;4760; ; ;1;0;1;0;0;0;0;0;0;0;0;0;0;0;0;0;0;62716;FERNANDO PACHECO JORDAO, AV;;;54;MOOCA;1;0
D041300523;31498;ROBERTO MARINHO - ANT AGUA ESP, AV JORN;11412;JURUBATUBA, AV;0;;17/04/2013 11:40;2;QM;96;1764; ; ;0;1;0;0;0;0;0;0;0;0;0;0;0;0;0;0;0;11412;JURUBATUBA, AV;31498;ROBERTO MARINHO - ANT AGUA ESP, AV JORN;34;ITAIM BIBI;1;0
D041300353;19100;BANDEIRANTES, AV DOS;;;453;;17/04/2013 11:50;2;CT;27;3973; ; ;0;1;0;0;0;0;0;0;0;0;0;1;0;0;0;0;0;19100;BANDEIRANTES, AV DOS;;;24;CIDADE LIDER;1;0
D041301132;2563;AUGUSTO TOLLE, RUA;;;0;NADA CONSTA ;17/04/2013 12:00;4;AT;20;4156; ; ;0;0;0;0;0;0;0;0;0;0;0;1;0;0;0;0;0;2563;AUGUSTO TOLLE, RUA;;;8;BELEM;1;0
D041301438;4502;CARRAO, AV CONS;;;1401;;17/04/2013 12:00;4;AT;31;2134; ; ;0;1;0;0;0;0;0;0;0;0;0;0;0;0;0;0;0;4502;CARRAO, AV CONS;;;20;CARRAO;1;0
D041301002;14270;MORVAN DIAS DE FIGUEIREDO, AV;;;0;NADA CONSTA ;17/04/2013 12:10;2;QM;9;2278;C; ;0;1;0;0;0;0;0;0;0;0;0;0;0;0;0;0;0;29772;MARGINAL DO RIO TIETE, AV;;;0;NULL;2;0
D041300524;6238;NACOES UNIDAS, AV DAS;;;11633;;17/04/2013 12:20;2;CT;96;1771; ; ;0;2;0;0;0;0;0;0;0;0;0;0;0;0;0;0;0;13014;MARGINAL DO RIO PINHEIROS, AV;;;90;VILA LEOPOLDINA;1;0
D041302250;7421;FRANCISCO DE VIVO, RUA;;;97;;17/04/2013 12:20;4;AT;49;5194; ; ;0;0;0;1;0;0;0;0;0;0;0;0;0;0;0;0;0;7421;FRANCISCO DE VIVO, RUA;;;55;MORUMBI;0;1
D041300330;5144;COCKRANE, RUA LORD;18172;SILVA BUENO, RUA;0;;17/04/2013 12:46;2;CO;17;2179; ; ;1;1;0;0;0;0;0;0;0;0;0;0;0;0;0;0;0;5144;COCKRANE, RUA LORD;18172;SILVA BUENO, RUA;33;IPIRANGA;1;0
D041301439;12381;LUTECIA, RUA;17331;ROGERIO GIORGI, RUA;0;;17/04/2013 12:50;2;CO;31;2136; ; ;1;1;0;0;0;0;0;0;0;0;0;0;0;0;0;0;0;12381;LUTECIA, RUA;17331;ROGERIO GIORGI, RUA;20;CARRAO;1;0
D041301263;63201;ANTONIO LOPES DE BARROS, RUA;;;675;;17/04/2013 12:56;2;QM;72;3390; ; ;0;1;0;0;0;0;0;0;0;0;0;0;0;0;0;0;0;63201;ANTONIO LOPES DE BARROS, RUA;;;40;JAGUARE;1;0
D041301389;18811;TEODORO MASCARENHAS, RUA;;;192;;17/04/2013 13:39;4;AT;21;1309; ; ;1;0;0;0;0;0;0;0;0;0;0;0;0;0;0;0;0;18811;TEODORO MASCARENHAS, RUA;;;38;JACANA;1;0
D041301635;60019;RUBENS MONTANARO DE BORBA, AV;;;857;;17/04/2013 14:30;2;CT;48;1499; ; ;2;0;0;0;0;0;0;0;0;0;0;0;0;0;0;0;0;60019;RUBENS MONTANARO DE BORBA, AV;;;32;IGUATEMI;1;0
D041301360;954;AMADOR BUENO DA VEIGA, AV;;;220;;17/04/2013 14:30;2;CT;10;4314; ; ;1;0;1;0;0;0;0;0;0;0;0;0;0;0;0;0;0;954;AMADOR BUENO DA VEIGA, AV;;;60;PENHA;2;0
D041300022;13317;MARIA PAULA, RUA;;;270;;17/04/2013 14:40;4;AT;1;3148; ; ;1;0;0;0;0;0;0;0;0;0;0;0;0;0;0;0;0;13317;MARIA PAULA, RUA;;;17;CAMPO LIMPO;1;0
D041300452;19583;VERGUEIRO, RUA;1201;ANA ROSA, LGO DONA;0;;17/04/2013 14:40;4;AT;36;1727; ; ;0;1;0;0;0;0;0;0;0;0;0;0;0;0;0;0;0;10908;JOSE DE QUEIROS ARANHA, RUA DR;19583;VERGUEIRO, RUA;92;VILA MARIANA;1;0
D041300453;19764;VINTE E TRES DE MAIO, AV;;;4500;;17/04/2013 15:00;2;CT;36;1728; ; ;1;1;0;0;0;0;0;0;0;0;0;0;0;0;0;0;0;19764;VINTE E TRES DE MAIO, AV;;;17;CAMPO LIMPO;1;0
D041301440;10213;JOAO CORDEIRO, RUA;17331;ROGERIO GIORGI, RUA;0;;17/04/2013 15:04;4;AT;31;2143; ; ;1;0;0;0;0;0;0;0;0;0;0;0;0;0;0;0;0;10213;JOAO CORDEIRO, RUA;17331;ROGERIO GIORGI, RUA;20;CARRAO;1;0
D041301119;14767;NOVA CANTAREIRA, AV;;;1897;;17/04/2013 15:10;2;CO;20;3477; ; ;0;1;0;0;0;0;0;0;0;0;0;1;0;0;0;0;0;14767;NOVA CANTAREIRA, AV;;;83;TREMEMBE;1;0
D041300317;4538;CASIMIRO DA ROCHA, AV SEN;;;0;PROXIMO  - AV JABAQUA;17/04/2013 15:40;4;AT;16;5084; ; ;0;0;0;0;0;0;0;0;0;0;0;1;0;0;0;0;0;4538;CASIMIRO DA ROCHA, AV SEN;;;79;SAUDE;1;0
D041300454;19764;VINTE E TRES DE MAIO, AV;;;0;PROXIMO  - VD.GAL.MAR;17/04/2013 16:30;2;QM;36;1730;C; ;0;1;0;0;0;0;0;0;0;0;0;0;0;0;0;0;0;19764;VINTE E TRES DE MAIO, AV;;;17;CAMPO LIMPO;1;0
D041301739;9220;INTERLAGOS, AV;;;2226;;17/04/2013 16:45;2;QM;99;1715; ; ;0;1;0;0;0;0;0;0;0;0;0;0;0;0;0;0;0;9220;INTERLAGOS, AV;;;16;CAMPO GRANDE;2;0
D041300227;13821;MENDES CALDEIRA, RUA;;;0;NADA CONSTA ;17/04/2013 17:00;4;AT;12;2147; ; ;0;1;0;0;0;0;0;0;0;0;0;0;0;0;0;0;0;13821;MENDES CALDEIRA, RUA;;;10;BRAS;2;0
D041300590;16919;REBOUCAS, AV;;;2644;;17/04/2013 17:00;2;CO;14;3241; ; ;1;1;0;0;0;0;0;0;0;0;0;0;0;0;0;0;0;16919;REBOUCAS, AV;;;44;JARDIM PAULISTA;1;0
D041300787;20291;TURISTICA DO JARAGUA, ES;;;1000;;17/04/2013 17:30;2;CO;46;2032; ; ;1;1;0;0;0;0;0;0;0;0;0;0;0;0;0;0;0;20291;TURISTICA DO JARAGUA, ES;;;31;GUAIANASES;1;0
D041300377;19931;WASHINGTON LUIS, AV;;;999;;17/04/2013 17:30;2;CT;27;2202; ; ;0;1;0;0;0;0;0;0;0;0;0;0;0;0;0;1;0;19931;WASHINGTON LUIS, AV;;;30;GRAJAU;1;0
D041300455;19583;VERGUEIRO, RUA;;;2543;;17/04/2013 17:32;4;AT;36;1734; ; ;0;1;0;0;0;0;0;0;0;0;0;0;0;0;0;0;0;19583;VERGUEIRO, RUA;;;33;IPIRANGA;1;0
D041301361;2429;ASSIS RIBEIRO, RUA DR;;;1424;;17/04/2013 17:40;2;QM;10;4321; ; ;0;1;0;0;0;0;0;0;0;0;0;0;0;0;0;0;0;2429;ASSIS RIBEIRO, RUA DR;;;28;ERMELINO MATARA;1;0
D041300842;24349;PANTALEAO BRAS, RUA;;;450;;17/04/2013 17:50;2;CO;51;3766; ; ;2;1;0;0;0;0;0;0;0;0;0;0;0;0;0;0;0;24349;PANTALEAO BRAS, RUA;;;68;RIO PEQUENO;1;0
D041301065;2421;ASSIS CHATEAUBRIAND, AV;;;9999;;17/04/2013 17:57;2;CO;13;4170; ; ;1;1;0;0;0;0;0;0;0;0;0;0;0;0;0;0;0;29772;MARGINAL DO RIO TIETE, AV;;;71;SANTANA;1;0
D041300919;13014;MARGINAL DO RIO PINHEIROS, AV;;;14;;17/04/2013 18:00;2;CT;89;3188; ; ;1;1;0;0;0;0;0;0;0;0;0;0;0;0;0;0;0;13014;MARGINAL DO RIO PINHEIROS, AV;;;40;JAGUARE;1;0
D041300354;8944;IBIRAPUERA, AV;;;3420;;17/04/2013 18:20;4;AT;27;3993; ; ;0;1;0;0;0;0;0;0;0;0;0;0;0;0;0;0;0;8944;IBIRAPUERA, AV;;;53;MOEMA;1;0
D041300429;36098;AFFONSO D'ESCRAGNOLLE TAUNAY, AV;;;730;;17/04/2013 18:30;2;CO;35;5102; ; ;1;1;0;0;0;0;0;0;0;0;0;0;0;0;0;0;0;36098;AFFONSO D'ESCRAGNOLLE TAUNAY, AV;;;24;CIDADE LIDER;1;0
D041300713;11687;LEBRET, AV PDE;;;0;NADA CONSTA ;17/04/2013 18:50;2;CO;34;1125; ; ;1;1;0;0;0;0;0;0;0;0;0;0;0;0;0;0;0;11687;LEBRET, AV PDE;;;55;MORUMBI;1;0
D041301821;10785;JOSE ARTUR NOVA, AV DR;;;1250;;17/04/2013 18:50;2;QM;22;1972; ; ;0;1;0;0;0;0;0;0;0;0;0;0;0;0;0;0;0;10785;JOSE ARTUR NOVA, AV DR;;;43;JARDIM HELENA;1;0
D041301378;11265;JUVENTUS, RUA;;;695;;17/04/2013 19:00;4;AT;18;2456; ; ;0;1;0;0;0;0;0;0;0;0;0;0;0;0;0;0;0;11265;JUVENTUS, RUA;;;54;MOOCA;2;0
D041300205;18618;TAMANDARE, RUA;;;997;;17/04/2013 19:17;2;CH;6;2921; ; ;1;1;0;0;0;0;0;0;0;0;0;0;0;0;0;0;0;18618;TAMANDARE, RUA;;;49;LIBERDADE;1;0
D041301066;15188;OTAVIANO ALVES DE LIMA, AV;;;0;NADA CONSTA ;17/04/2013 19:20;2;CL;13;4172; ; ;1;0;1;0;0;0;0;0;0;0;0;0;0;0;0;0;0;29772;MARGINAL DO RIO TIETE, AV;;;23;CIDADE DUTRA;2;0
D041301776;2850;BARONESA, ES DA;;;385;;17/04/2013 19:40;2;CF;100;4865; ; ;1;1;0;0;0;0;0;0;0;0;0;0;0;0;0;0;0;2850;BARONESA, ES DA;;;42;JARDIM ANGELA;1;0
D041301370;19833;VITOANTONIO DEL VECCHIO, RUA;;;150;;17/04/2013 19:50;4;AT;18;674; ; ;1;0;0;0;0;0;0;0;0;0;0;0;0;0;0;0;0;19833;VITOANTONIO DEL VECCHIO, RUA;;;33;IPIRANGA;2;0
D041302167;1163;ANA CLARA, RUA;;;282;;17/04/2013 20:00;2;CH;70;3906; ; ;0;0;0;0;0;0;0;0;0;0;0;1;0;0;0;0;0;1163;ANA CLARA, RUA;;;74;SAO LUCAS;1;0
D041301191;15426;PARADA PINTO, AV;64361;SAID SAAD, RUA;0;;17/04/2013 22:27;2;CL;38;3404; ; ;0;1;0;0;0;0;0;1;0;0;0;0;0;0;0;0;0;15426;PARADA PINTO, AV;64361;SAID SAAD, RUA;13;CACHOEIRINHA;1;0
D041301588;18519;SUMARE, AV;;;2500;;17/04/2013 22:40;2;CO;25;2805; ; ;1;1;0;0;0;0;0;0;0;0;0;0;0;0;0;0;0;18519;SUMARE, AV;;;61;PERDIZES;2;0
D041300674;7491;FRANCISCO MATARAZZO, AV;;;0;NADA CONSTA ;17/04/2013 22:45;4;AT;23;2577; ; ;0;0;0;0;0;0;0;1;0;0;0;0;0;0;0;0;0;7491;FRANCISCO MATARAZZO, AV;;;6;BARRA FUNDA;1;0
D041300293;10004;JAU, AL;;;0;NADA CONSTA ;17/04/2013 23:01;2;CO;78;3098; ; ;1;1;0;0;0;0;0;0;0;0;0;0;0;0;0;0;0;10004;JAU, AL;;;44;JARDIM PAULISTA;1;0
D041301791;70004;JOSE JULIO MENDES, RUA;3509;BELMIRA MARIN, AV DONA;0;;17/04/2013 23:30;2;CO;101;2804; ; ;0;2;0;0;0;0;0;0;0;0;0;0;0;0;0;0;0;3509;BELMIRA MARIN, AV DONA;70004;JOSE JULIO MENDES, RUA;30;GRAJAU;1;0
D041301792;76317;GONCALO SOARES DE FRANCA, RUA;;;144;;18/04/2013 00:56;2;CT;101;2807; ; ;1;1;0;0;0;0;0;0;0;0;0;0;0;0;0;0;0;76317;GONCALO SOARES DE FRANCA, RUA;;;32;IGUATEMI;1;0
D041300206;15967;PEDRO I, AV DOM;;;100;;18/04/2013 01:35;2;CT;6;2924;B; ;1;1;0;0;0;0;0;0;0;0;0;0;0;0;0;0;0;15967;PEDRO I, AV DOM;;;12;BUTANTA;1;0
D041300543;999;SANTO AMARO, AV;19295;HELIO PELEGRINO, AV;0;;18/04/2013 03:11;2;CH;96;3998;C; ;1;0;0;0;0;0;0;0;0;0;0;0;0;0;0;0;0;999;SANTO AMARO, AV;19295;HELIO PELEGRINO, AV;34;ITAIM BIBI;2;0
D041300731;7500;FRANCISCO MORATO, AV PROF;;;4511;;18/04/2013 05:30;2;QM;34;2368; ; ;0;1;0;0;0;0;0;0;0;0;0;0;0;0;0;0;0;7500;FRANCISCO MORATO, AV PROF;;;12;BUTANTA;1;0
D041301598;5606;CUPECE, AV;;;4037;;18/04/2013 06:00;2;QM;43;1485; ; ;0;1;0;0;0;0;0;0;0;0;0;0;0;0;0;0;0;5606;CUPECE, AV;;;22;CIDADE ADEMAR;2;0
D041300023;15984;PEDRO II, PQ DOM;;;928;;18/04/2013 06:12;4;AT;1;3164; ; ;1;0;0;0;0;0;0;0;0;0;0;0;0;0;0;0;0;15984;PEDRO II, PQ DOM;;;1;AGUA RASA;1;0
D041300917;13014;MARGINAL DO RIO PINHEIROS, AV;;;99;;18/04/2013 06:30;2;CO;89;3107; ; ;1;1;0;0;0;0;0;0;0;0;0;0;0;0;0;0;0;13014;MARGINAL DO RIO PINHEIROS, AV;;;40;JAGUARE;1;0
D041301642;2483;ATLANTICA ANT. ROBERT KENNEDY, AV;4972;BERTA WAITMAN, AV;0;;18/04/2013 06:40;2;CO;48;900002; ; ;2;0;0;0;0;0;0;0;0;0;0;0;0;0;0;0;0;2483;ATLANTICA ANT. ROBERT KENNEDY, AV;4972;BERTA WAITMAN, AV;81;SOCORRO;1;0
D041301489;1111;AMERICO VESPUCCI, RUA;4654;CAVOUR, RUA;0;;18/04/2013 07:00;2;CO;56;2471; ; ;2;0;0;0;0;0;0;0;0;0;0;0;0;0;0;0;0;1111;AMERICO VESPUCCI, RUA;4654;CAVOUR, RUA;95;VILA PRUDENTE;1;0
D041301660;15507;TEOTONIO VILELA, AV SEN;;;4987;;18/04/2013 07:20;2;CO;85;2027; ; ;0;1;0;1;0;0;0;0;0;0;0;0;0;0;0;0;0;15507;TEOTONIO VILELA, AV SEN;;;23;CIDADE DUTRA;1;0
D041300102;33667;LESTE-OESTE, LIG;;;0;SOBRE  - PRACA ROSE;18/04/2013 07:30;4;AA;4;2836; ; ;0;1;0;0;0;0;0;0;0;0;0;0;0;0;0;0;0;33667;LESTE-OESTE, LIG;;;2;ALTO DE PINHEIR;2;0
D041301999;10152;JOAO BATISTA CONTI, AV PROF;12097;LUCILA CERQUEIRA, RUA PROFA;0;;18/04/2013 07:30;2;CO;103;1610; ; ;0;1;0;0;0;0;0;0;0;0;0;0;0;0;0;1;0;10152;JOAO BATISTA CONTI, AV PROF;12097;LUCILA CERQUEIRA, RUA PROFA;46;JOSE BONIFACIO;1;0
D041300318;14653;NOGUEIRA MARTINS, RUA DR;3802;CACIQUES, RUA DOS;0;;18/04/2013 08:25;2;CO;16;5115; ; ;1;0;0;0;0;0;0;0;0;0;0;1;0;0;0;0;0;3802;CACIQUES, RUA DOS;14653;NOGUEIRA MARTINS, RUA DR;79;SAUDE;1;0
D041300355;999;SANTO AMARO, AV;31498;ROBERTO MARINHO - ANT AGUA ESP, AV JORN;0;;18/04/2013 09:00;2;CO;27;4008; ; ;1;0;0;0;1;0;0;0;0;0;0;0;0;0;0;0;0;999;SANTO AMARO, AV;31498;ROBERTO MARINHO - ANT AGUA ESP, AV JORN;34;ITAIM BIBI;1;0
D041301369;6371;ELISABETH DE ROBIANO, AV CDSSA;;;5220;;18/04/2013 09:00;2;CO;10;4975; ; ;1;1;0;0;0;0;0;0;0;0;0;0;0;0;0;0;0;29772;MARGINAL DO RIO TIETE, AV;;;82;TATUAPE;1;0
D041300563;2235;ARMANDO DE ARRUDA PEREIRA, AV ENG;;;4186;;18/04/2013 09:00;4;AT;97;900011; ; ;0;1;0;0;0;0;0;0;0;0;0;0;0;0;0;0;0;2235;ARMANDO DE ARRUDA PEREIRA, AV ENG;;;37;JABAQUARA;1;0
D041300920;18561;LUIZ MIGLIANO, RUA DR;66282;JOSE COIMBRA, RUA;0;;18/04/2013 09:05;2;SI;89;3211; ; ;1;1;0;0;0;0;0;0;0;0;0;0;0;0;0;0;0;18561;LUIZ MIGLIANO, RUA DR;66282;JOSE COIMBRA, RUA;85;VILA ANDRADE;1;0
D041300972;13604;CANDIDO MOTTA FILHO, AV DR;;;183;;18/04/2013 09:15;2;CO;93;2534; ; ;1;1;0;0;0;0;0;0;0;0;0;0;0;0;0;0;0;13604;CANDIDO MOTTA FILHO, AV DR;;;68;RIO PEQUENO;1;0
D041300125;19764;VINTE E TRES DE MAIO, AV;;;0;ACESSO  - VINTE E TR;18/04/2013 09:20;4;AT;5;2089; ; ;1;0;0;0;0;0;0;0;0;0;0;0;0;0;0;0;0;19764;VINTE E TRES DE MAIO, AV;;;17;CAMPO LIMPO;1;0
D041300265;5431;ARTHUR DA COSTA E SILVA, VEL PRES;;;0;NADA CONSTA ;18/04/2013 09:30;2;CT;77;2093; ; ;0;1;0;0;0;0;0;0;0;0;0;1;0;0;0;0;0;5431;ARTHUR DA COSTA E SILVA, VEL PRES;;;70;SANTA CECILIA;1;0
D041300552;24491;IMIGRANTES, VIA DOS;;;10;;18/04/2013 09:30;2;CO;97;1102; ; ;1;1;0;0;0;0;0;0;0;0;0;0;0;0;0;0;0;24491;IMIGRANTES, VIA DOS;;;  ;;1;0
D041301373;9382;ISABEL DIAS, RUA;15034;ORATORIO, RUA DO;0;;18/04/2013 09:40;2;CO;18;1556; ; ;2;0;0;0;0;0;0;0;0;0;0;0;0;0;0;0;0;9382;ISABEL DIAS, RUA;15034;ORATORIO, RUA DO;54;MOOCA;1;0
D041302062;13671;MATEO BEI, AV;;;2773;;18/04/2013 10:11;4;AT;49;5243; ; ;1;0;0;0;0;0;0;0;0;0;0;0;0;0;0;0;0;13671;MATEO BEI, AV;;;75;SAO MATEUS;1;0
D041302129;2181;ARICANDUVA, AV;;;5700;;18/04/2013 10:12;2;CT;66;1756; ; ;0;0;0;0;0;0;0;0;0;0;0;2;0;0;0;0;0;2181;ARICANDUVA, AV;;;60;PENHA;1;0
D041300173;543;ALCANTARA MACHADO, AV;8798;HIPODROMO, RUA;0;;18/04/2013 10:16;4;AT;8;2935; ; ;1;0;0;0;0;0;0;0;0;0;0;0;0;0;0;0;0;543;ALCANTARA MACHADO, AV;8798;HIPODROMO, RUA;54;MOOCA;1;0
D041300228;19516;VAUTIER, AV;;;111;;18/04/2013 10:20;4;AT;12;2160; ; ;0;0;0;1;0;0;0;0;0;0;0;0;0;0;0;0;0;19516;VAUTIER, AV;;;25;CIDADE TIRADENT;1;0
D041301490;24338;LUIZ IGNACIO ANHAIA MELLO, AV PROF;;;1432;;18/04/2013 10:30;2;CT;56;2477; ; ;1;0;0;0;0;0;0;0;0;0;0;1;0;0;0;0;0;24338;LUIZ IGNACIO ANHAIA MELLO, AV PROF;;;26;CONSOLACAO;1;0
D041301584;33015;SADAMU INOUE, AV;;;0;NADA CONSTA ;18/04/2013 11:16;4;AT;25;1025; ; ;0;0;0;0;0;0;0;0;0;0;0;1;0;0;0;0;0;33015;SADAMU INOUE, AV;;;76;SAO MIGUEL;1;0
D041300193;15967;PEDRO I, AV DOM;9148;INDEPENDENCIA (CAMBUCI), RUA DA;0;;18/04/2013 11:19;2;CO;6;1843; ; ;2;0;0;0;0;0;0;0;0;0;0;0;0;0;0;0;0;9148;INDEPENDENCIA (CAMBUCI), RUA DA;15967;PEDRO I, AV DOM;14;CAMBUCI;2;0
D041301619;9529;ITAPECERICA, ES DE;9181;ANDORINHA-DOS-BEIRAIS, AV;0;;18/04/2013 11:40;2;CO;47;4893; ; ;0;1;0;0;0;0;0;0;0;0;0;1;0;0;0;0;0;9181;ANDORINHA-DOS-BEIRAIS, AV;9529;ITAPECERICA, ES DE;19;CAPAO REDONDO;1;0
D041301560;35599;JOAO DIAS, PTE;;;0;PROXIMO  - NAOCOES UN;18/04/2013 12:00;2;CO;11;4286; ; ;1;1;0;0;0;0;0;0;0;0;0;0;0;0;0;0;0;35599;JOAO DIAS, PTE;;;30;GRAJAU;2;0
D041300661;6471;SAO VICENTE, AV MARQ DE;15038;ORDEM E PROGRESSO, AV;0;;18/04/2013 12:00;2;CO;23;2052; ; ;1;1;0;0;0;0;0;0;0;0;0;0;0;0;0;0;0;6471;SAO VICENTE, AV MARQ DE;12197;LUIZ CARLOS MESQUITA, PCA;6;BARRA FUNDA;1;0
D041301675;21983;CRISTIANIA, RUA;;;13;;18/04/2013 12:31;4;AT;92;2445; ; ;1;0;0;0;0;0;0;0;0;0;0;0;0;0;0;0;0;21983;CRISTIANIA, RUA;;;32;IGUATEMI;1;0
D041300858;29444;SYLVIO LAGRECA (ANT. MARGINAL), RUA;;;0;PROXIMO  - JOAQUIM GU;18/04/2013 12:45;2;CO;75;1352; ; ;1;1;0;0;0;0;0;0;0;0;0;0;0;0;0;0;0;29444;SYLVIO LAGRECA (ANT. MARGINAL), RUA;;;66;RAPOSO TAVARES;1;0
D041300174;543;ALCANTARA MACHADO, AV;;;4188;;18/04/2013 12:49;2;CO;8;2937; ; ;0;1;0;0;0;0;0;0;0;0;0;1;0;0;0;0;0;543;ALCANTARA MACHADO, AV;;;10;BRAS;1;0
D041302063;2577;AURELIANO DA SILVA ARRUDA, RUA DR;6983;FELIPPO CORDELLI, RUA;0;;18/04/2013 13:00;4;AT;49;5250; ; ;0;0;0;0;0;0;0;0;0;0;0;1;0;0;0;0;0;2577;AURELIANO DA SILVA ARRUDA, RUA DR;66249;JOSINO MENDES DE A. FREIRE, RUA;  ;;1;0
D041301852;679;ALFREDO BEVILAQUA, RUA MAEST;;;310;;18/04/2013 13:00;4;AT;24;4131; ; ;0;1;0;0;0;0;0;0;0;0;0;0;0;0;0;0;0;679;ALFREDO BEVILAQUA, RUA MAEST;;;60;PENHA;1;0
D041301212;8538;GUSTAVO ADOLFO, AV;;;2420;;18/04/2013 13:13;2;CO;39;1818; ; ;2;0;0;0;1;0;0;0;0;0;0;0;0;0;0;0;0;8538;GUSTAVO ADOLFO, AV;;;94;VILA MEDEIROS;1;0
D041301407;27094;SALIM FARAH MALUF, AV;;;6000;;18/04/2013 13:30;2;CO;29;1022; ; ;0;1;0;2;0;0;0;0;0;0;0;0;0;0;0;0;0;27094;SALIM FARAH MALUF, AV;;;82;TATUAPE;1;0
D041302187;222;ADOLFO PINHEIRO, AV;;;520;;18/04/2013 13:32;4;AT;11;4299; ; ;0;0;1;0;0;0;0;0;0;0;0;0;0;0;0;0;0;222;ADOLFO PINHEIRO, AV;;;72;SANTO AMARO;0;1
D041300331;11379;JUNTAS PROVISORIAS, AV;;;295;;18/04/2013 13:50;2;CO;17;2211; ; ;1;0;0;0;1;0;0;0;0;0;0;0;0;0;0;0;0;11379;JUNTAS PROVISORIAS, AV;;;95;VILA PRUDENTE;1;0
D041300194;11922;LINS DE VASCONCELOS, AV;;;543;;18/04/2013 13:50;2;CO;6;1849; ; ;1;1;0;0;0;0;0;0;0;0;0;0;0;0;0;0;0;11922;LINS DE VASCONCELOS, AV;;;92;VILA MARIANA;1;0
D041300921;61245;JOSE RAMON URTIZA, RUA;;;1000;;18/04/2013 14:20;2;SI;89;3219; ; ;2;0;0;0;0;0;0;0;0;0;0;0;0;0;0;0;0;61245;JOSE RAMON URTIZA, RUA;;;29;FREGUESIA DO O;1;0
D041302100;99236;MOISES DE CORENA, RUA;;;1479;;18/04/2013 14:22;2;CO;54;2194;C; ;1;1;0;0;0;0;0;0;0;0;0;0;0;0;0;0;0;99236;MOISES DE CORENA, RUA;;;25;CIDADE TIRADENT;1;0
D041301329;10471;JOAO SIMAO DE CASTRO, AV;;;0;NADA CONSTA ;18/04/2013 14:30;2;CO;90;1559; ; ;0;1;0;1;0;0;0;0;0;0;0;0;0;0;0;0;0;10471;JOAO SIMAO DE CASTRO, AV;;;94;VILA MEDEIROS;1;0
D041301211;11321;JULIO BUONO, AV;;;1300;;18/04/2013 15:00;4;AT;39;1814; ; ;0;0;0;0;0;0;0;0;0;0;0;1;0;0;0;0;0;11321;JULIO BUONO, AV;;;94;VILA MEDEIROS;1;0
D041302230;11321;JULIO BUONO, AV;;;1300;;18/04/2013 15:00;4;AT;20;370; ; ;1;0;0;0;0;0;0;0;0;0;0;0;0;0;0;0;0;11321;JULIO BUONO, AV;;;94;VILA MEDEIROS;0;1
D041300662;10899;JOSE DE FREITAS GUIMARAES, RUA;19101;TRAIPU, RUA;0;;18/04/2013 15:15;2;CO;23;2153; ; ;1;1;0;0;0;0;0;0;0;0;0;0;0;0;0;0;0;10899;JOSE DE FREITAS GUIMARAES, RUA;19101;TRAIPU, RUA;  ;;1;0