id_acidente;codloga;logradouroA;codlogb;logradouroB;alt_num;referencia;data;cod_acid;tipo_acidente;dp;numero_BO;sentido;pista;automovel;moto;onibus;caminhao;bicicleta;moto_taxi;onibus_fretado;onibus_urbano;microonibus;van;vuc;caminhonete;carreta;jipe;outros;sem_informacao;carroca;princ_a;paiA;princ_b;paiB;cod_distrito;distrito;vit_ferida;vit_morta
D041300360;1314;ANTONIO COMPARATO, RUA;;;47;;20/04/2013 01:14;2;CH;27;4088; ; ;1;0;0;0;0;0;0;0;0;0;0;0;0;0;0;0;0;1314;ANTONIO COMPARATO, RUA;;;15;CAMPO BELO;1;0
D041300675;13464;MARIO DE ANDRADE, RUA;;;100;;20/04/2013 01:27;4;AT;23;2636;B; ;1;0;0;0;0;0;0;0;0;0;0;0;0;0;0;0;0;13464;MARIO DE ANDRADE, RUA;;;70;SANTA CECILIA;1;0
D041301470;13805;MELO PEIXOTO, RUA;;;99;;20/04/2013 01:45;2;CT;52;1239; ; ;1;1;0;0;0;0;0;0;0;0;0;0;0;0;0;0;0;13805;MELO PEIXOTO, RUA;;;82;TATUAPE;1;0
D041300269;5797;DEODORO, PCA MAL;;;0;PROXIMO  - ALBUQ LINS;20/04/2013 01:57;4;AT;77;2236; ; ;1;0;0;0;0;0;0;0;0;0;0;0;0;0;0;0;0;5797;DEODORO, PCA MAL;;;11;BRASILANDIA;1;0
D041300706;1232;ANASTACIO, AV DO;;;0;NADA CONSTA ;20/04/2013 02:30;2;CO;33;3782; ; ;1;1;0;0;0;0;0;0;0;0;0;0;0;0;0;0;0;1232;ANASTACIO, AV DO;;;73;SAO DOMINGOS;1;0
D041301714;20048;YERVANT KISSAJIKIAN, AV;;;3677;;20/04/2013 03:00;2;CH;98;4215; ; ;0;1;0;0;0;0;0;0;0;0;0;0;0;0;0;0;0;20048;YERVANT KISSAJIKIAN, AV;;;29;FREGUESIA DO O;1;0
D041300686;14350;MUTINGA, AV;;;2205;;20/04/2013 04:00;4;AT;33;2118; ; ;1;0;0;0;0;0;0;0;0;0;0;0;0;0;0;0;0;14350;MUTINGA, AV;;;64;PIRITUBA;1;0
D041302074;14350;MUTINGA, AV;;;2205;;20/04/2013 04:00;4;AT;53;2118; ; ;0;0;0;0;0;0;0;0;0;0;0;0;0;0;0;1;0;14350;MUTINGA, AV;;;64;PIRITUBA;1;0
D041300116;5245;CONSOLACAO, RUA DA;13632;MARTINS FONTES, RUA;0;;20/04/2013 04:00;2;CO;4;3167; ; ;1;0;0;0;0;0;0;0;0;0;0;0;0;0;0;1;0;5245;CONSOLACAO, RUA DA;19996;XAVIER DE TOLEDO, RUA CEL;67;REPUBLICA;1;0
D041301398;2181;ARICANDUVA, AV;19221;TUMUCUMAQUE, RUA;0;;20/04/2013 04:30;2;CL;21;4445;B; ;2;0;0;0;0;0;0;0;0;0;0;0;0;0;0;0;0;2181;ARICANDUVA, AV;19221;TUMUCUMAQUE, RUA;20;CARRAO;2;0
D041301777;12403;M'BOI MIRIM, ES;;;3100;;20/04/2013 05:00;4;AT;100;4971; ; ;1;0;0;0;0;0;0;0;0;0;0;0;0;0;0;0;0;12403;M'BOI MIRIM, ES;;;42;JARDIM ANGELA;2;0
D041301879;46936;JACU-PESSEGO/NOVA TRABALHADORE, AV;18803;TEODORO, RUA S;0;;20/04/2013 05:00;4;AT;32;2968; ; ;1;0;0;0;0;0;0;0;0;0;0;0;0;0;0;0;0;16173;PESSEGO, ES DO;46936;JACU-PESSEGO/NOVA TRABALHADORE, AV;58;PARQUE DO CARMO;1;0
D041301397;1702;ANTONIO ESTEVAO DE CARVALHO, AV;;;1588;;20/04/2013 05:30;2;CT;21;4440;B; ;1;1;0;0;0;0;0;0;0;0;0;0;0;0;0;0;0;1702;ANTONIO ESTEVAO DE CARVALHO, AV;;;93;VILA MATILDE;1;0
D041302228;14767;NOVA CANTAREIRA, AV;;;1249;;20/04/2013 05:40;4;AT;20;3561;B; ;2;0;0;0;0;0;0;0;0;0;0;0;0;0;0;0;0;14767;NOVA CANTAREIRA, AV;;;83;TREMEMBE;1;1
D041301767;12403;M'BOI MIRIM, ES;;;4901;;20/04/2013 06:00;2;CO;100;2109; ; ;1;1;1;0;0;0;0;0;0;0;0;0;0;0;0;0;0;12403;M'BOI MIRIM, ES;;;42;JARDIM ANGELA;1;0
D041301589;33015;SADAMU INOUE, AV;;;0;PROXIMO  - AV.SEN.TEO;20/04/2013 06:00;2;CF;25;2881;C; ;1;0;0;0;0;0;0;1;0;0;0;0;0;0;0;0;0;33015;SADAMU INOUE, AV;;;76;SAO MIGUEL;1;0
D041301810;2483;ATLANTICA ANT. ROBERT KENNEDY, AV;;;0;NADA CONSTA ;20/04/2013 06:00;2;CO;102;4366; ; ;0;1;0;1;0;0;0;0;0;0;0;0;0;0;0;0;0;2483;ATLANTICA ANT. ROBERT KENNEDY, AV;;;23;CIDADE DUTRA;1;0
D041302227;98963;RODOANEL MARIO COVAS, VIA;;;0;PROXIMO  - VIA ANHAGU;20/04/2013 06:35;2;CT;33;3623; ; ;0;1;0;1;0;0;0;0;0;0;0;0;0;0;0;0;0;98963;RODOANEL MARIO COVAS, VIA;;;62;PERUS;0;1
D041301836;14975;OLIVEIRA FREIRE, AV;;;120;;20/04/2013 07:00;4;AT;22;2981; ; ;0;0;0;0;0;0;0;0;0;0;0;0;0;0;0;1;0;14975;OLIVEIRA FREIRE, AV;;;53;MOEMA;1;0
D041301835;2396;ASCENSO FERNANDES, RUA;;;10;;20/04/2013 07:00;4;AT;22;2971; ; ;1;0;0;0;0;0;0;0;0;0;0;0;0;0;0;0;0;2396;ASCENSO FERNANDES, RUA;;;43;JARDIM HELENA;1;0
D041301834;11542;NORDESTINA, AV;;;0;NADA CONSTA ;20/04/2013 07:02;4;AT;22;2960; ; ;0;0;0;0;0;0;0;0;0;0;0;0;0;0;0;1;0;11542;NORDESTINA, AV;;;76;SAO MIGUEL;1;0
D041301364;25957;ARICANDUVA, PTE;;;200;;20/04/2013 07:38;2;CL;10;4438; ; ;2;0;1;0;0;0;0;0;0;0;0;0;0;0;0;0;0;25957;ARICANDUVA, PTE;;;3;ANHANGUERA;1;0
D041302189;15425;CANTIDIO SAMPAIO, AV DEP;;;4555;;20/04/2013 07:51;2;CF;47;5035; ; ;1;1;0;0;0;0;0;0;0;0;0;0;0;0;0;0;0;15425;CANTIDIO SAMPAIO, AV DEP;;;41;JARAGUA;0;1
D041301266;15425;CANTIDIO SAMPAIO, AV DEP;;;4999;;20/04/2013 07:51;2;CO;72;3479; ; ;1;1;0;0;0;0;0;0;0;0;0;0;0;0;0;0;0;15425;CANTIDIO SAMPAIO, AV DEP;;;41;JARAGUA;1;0
D041301492;15275;PACHECO E CHAVES, RUA CAP;;;540;;20/04/2013 08:12;2;CL;56;2505; ; ;1;1;0;0;0;0;0;0;0;0;0;0;0;0;0;0;0;15275;PACHECO E CHAVES, RUA CAP;;;26;CONSOLACAO;1;0
D041301860;46936;JACU-PESSEGO/NOVA TRABALHADORE, AV;10152;JOAO BATISTA CONTI, AV PROF;0;;20/04/2013 08:30;2;CT;32;1687; ; ;1;0;0;0;0;0;0;0;0;1;0;0;0;0;0;0;0;10152;JOAO BATISTA CONTI, AV PROF;46936;JACU-PESSEGO/NOVA TRABALHADORE, AV;36;ITAQUERA;1;0
D041301192;44645;DIREITOS HUMANOS, AV;;;800;;20/04/2013 08:40;2;QM;38;3477; ; ;0;1;0;0;0;0;0;0;0;0;0;0;0;0;0;0;0;44645;DIREITOS HUMANOS, AV;;;8;BELEM;1;0
D041300801;16838;RAIMUNDO PEREIRA DE MAGAL., AV;;;15222;;20/04/2013 08:48;2;CP;46;3646; ; ;0;0;0;1;0;0;0;0;0;0;0;0;0;0;0;0;0;16838;RAIMUNDO PEREIRA DE MAGAL., AV;;;31;GUAIANASES;1;0
D041302087;66686;JOAO RIBEIRO DO VALE, RUA;;;0;PROXIMO  - NOVA TRABA;20/04/2013 08:59;2;QM;53;2660; ; ;0;1;0;0;0;0;0;0;0;0;0;0;0;0;0;0;0;66686;JOAO RIBEIRO DO VALE, RUA;;;51;MANDAQUI;1;0
D041300046;10019;JAVAES, RUA;7216;FLORES, RUA GAL;0;;20/04/2013 09:00;2;CO;2;2262; ; ;1;0;0;1;0;0;0;0;0;0;0;0;0;0;0;0;0;4561;CASTELO BRANCO, AV PRES;10019;JAVAES, RUA;9;BOM RETIRO;2;0
D041302145;74846;EUCARIDIUM, RUA;;;82;;20/04/2013 09:05;2;CO;66;2697; ; ;0;1;0;0;0;0;0;0;0;0;0;1;0;0;0;0;0;74846;EUCARIDIUM, RUA;;;0;NULL;1;0
D041301833;11542;NORDESTINA, AV;;;159;;20/04/2013 09:26;2;CO;22;2958; ; ;1;1;0;0;0;0;0;0;0;0;0;0;0;0;0;0;0;11542;NORDESTINA, AV;;;76;SAO MIGUEL;1;0
D041300585;16919;REBOUCAS, AV;;;0;PROXIMO  - SHOPP ELD;20/04/2013 09:30;2;CO;14;2523;B; ;1;0;0;0;1;0;0;0;0;0;0;0;0;0;0;0;0;16919;REBOUCAS, AV;;;44;JARDIM PAULISTA;1;0
D041300338;7746;GAMA LOBO, RUA;;;1100;;20/04/2013 09:30;2;SI;17;9226; ; ;2;0;0;0;0;0;0;0;0;0;0;0;0;0;0;0;0;7746;GAMA LOBO, RUA;;;33;IPIRANGA;2;0
D041300800;20291;TURISTICA DO JARAGUA, ES;;;1000;;20/04/2013 10:12;2;CO;46;3632; ; ;1;1;0;0;0;0;0;0;0;0;0;0;0;0;0;0;0;20291;TURISTICA DO JARAGUA, ES;;;31;GUAIANASES;1;0
D041302065;9044;RAGUEB CHOHFI, AV;;;4850;;20/04/2013 10:30;2;CO;49;5342; ; ;1;1;0;0;0;0;0;0;0;0;0;0;0;0;0;0;0;9044;RAGUEB CHOHFI, AV;;;32;IGUATEMI;2;0
D041300934;21125;JOAO SUSSUMU HIRATA, RUA DEP;61669;ITAPAIUNA, RUA;0;;20/04/2013 10:30;2;CO;89;3508; ; ;1;0;0;0;1;0;0;0;0;0;0;0;0;0;0;0;0;21125;JOAO SUSSUMU HIRATA, RUA DEP;61669;ITAPAIUNA, RUA;85;VILA ANDRADE;1;0
D041300870;21975;ANGELO APARECIDO DOS S.DIAS, RUA;;;46;;20/04/2013 10:50;4;AT;75;3287; ; ;1;0;0;0;0;0;0;0;0;0;0;0;0;0;0;0;0;21975;ANGELO APARECIDO DOS S.DIAS, RUA;;;0;NULL;1;0
D041300750;8070;GOIAS, AV DUQSA DE;;;751;;20/04/2013 11:00;2;SI;34;3250; ; ;0;0;0;0;0;0;0;0;0;0;0;0;0;0;0;1;0;8070;GOIAS, AV DUQSA DE;;;55;MORUMBI;1;0
D041301042;288;AFONSO SCHMIDT, AL;;;0;PROXIMO  - CEMITERIO ;20/04/2013 11:10;2;QD;13;3566; ; ;0;0;1;0;0;0;0;0;0;0;0;0;0;0;0;0;0;288;AFONSO SCHMIDT, AL;;;71;SANTANA;1;0
D041301068;14270;MORVAN DIAS DE FIGUEIREDO, AV;;;0;PROXIMO  - R VOLUNTAR;20/04/2013 11:20;2;CT;13;4274; ; ;1;1;0;0;0;0;0;0;0;0;0;0;0;0;0;0;0;29772;MARGINAL DO RIO TIETE, AV;;;0;NULL;1;0
D041301193;9078;IMIRIM, AV;;;4491;;20/04/2013 11:45;2;CO;38;3492; ; ;1;1;0;0;0;0;0;0;0;0;0;0;0;0;0;0;0;9078;IMIRIM, AV;;;71;SANTANA;1;0
D041301067;14242;MOREIRA DE BARROS, RUA CONS;;;1505;;20/04/2013 11:52;2;QM;13;4273; ; ;0;1;0;0;0;0;0;0;0;0;0;0;0;0;0;0;0;14242;MOREIRA DE BARROS, RUA CONS;;;0;NULL;1;0
D041301269;15425;CANTIDIO SAMPAIO, AV DEP;;;2003;;20/04/2013 12:00;2;CO;72;3523; ; ;1;1;0;0;0;0;0;0;0;0;0;0;0;0;0;0;0;15425;CANTIDIO SAMPAIO, AV DEP;;;41;JARAGUA;1;0
D041300926;9153;JANGADAS, RUA DAS;;;10;;20/04/2013 12:15;4;AT;89;3289; ; ;0;1;0;0;0;0;0;0;0;0;0;0;0;0;0;0;0;9153;JANGADAS, RUA DAS;;;0;NULL;1;0
D041300509;1247;ANCHIETA, VIA;;;0;NADA CONSTA ;20/04/2013 12:45;2;CT;95;3379; ; ;3;0;0;0;0;0;0;0;0;0;0;0;0;0;0;0;0;1247;ANCHIETA, VIA;;;33;IPIRANGA;1;0
D041301123;10945;JOSE ERMIRIO DE MORAES, AV SEN;;;2211;;20/04/2013 12:52;2;CO;20;3577; ; ;1;0;0;0;1;0;0;0;0;0;0;0;0;0;0;0;0;10945;JOSE ERMIRIO DE MORAES, AV SEN;;;83;TREMEMBE;1;0
D041300676;15270;PACAEMBU, AV;;;10;;20/04/2013 13:00;2;CH;23;2655; ; ;1;1;0;0;0;0;0;0;0;0;0;0;0;0;0;0;0;15270;PACAEMBU, AV;;;19;CAPAO REDONDO;1;0
D041301778;12403;M'BOI MIRIM, ES;;;8726;;20/04/2013 13:00;2;CT;100;4982; ; ;1;1;0;0;0;0;0;0;0;0;0;0;0;0;0;0;0;12403;M'BOI MIRIM, ES;;;42;JARDIM ANGELA;1;0
D041301981;7175;FLAMINGO, AV;;;500;;20/04/2013 13:00;4;AT;67;1245; ; ;0;0;0;0;0;0;0;0;0;0;0;1;0;0;0;0;0;7175;FLAMINGO, AV;;;86;VILA CURUCA;1;0
D041300141;4347;CARLOS DO PINHAL, RUA S;;;306;;20/04/2013 13:40;4;AT;5;3187; ; ;1;0;0;0;0;0;0;0;0;0;0;0;0;0;0;0;0;4347;CARLOS DO PINHAL, RUA S;;;7;BELA VISTA;1;0
D041301379;15304;PAES DE BARROS, AV;;;2800;;20/04/2013 13:40;2;CO;18;2526; ; ;1;0;0;0;0;0;0;1;0;0;0;0;0;0;0;0;0;15304;PAES DE BARROS, AV;;;16;CAMPO GRANDE;2;0
D041301622;4975;HENRIQUE SAM MINDLIN, RUA;;;600;;20/04/2013 14:00;2;CO;47;4966; ; ;1;1;0;0;0;0;0;0;0;0;0;0;0;0;0;0;0;4975;HENRIQUE SAM MINDLIN, RUA;;;19;CAPAO REDONDO;1;0
D041301365;929;ALVINOPOLIS, RUA;;;0;PROXIMO  - CONDE DE F;20/04/2013 14:13;2;CO;10;4449; ; ;2;0;0;0;0;0;0;0;0;0;0;0;0;0;0;0;0;929;ALVINOPOLIS, RUA;;;60;PENHA;1;0
D041300361;26500;VICENTE RAO, AV PROF.;19931;WASHINGTON LUIS, AV;0;;20/04/2013 14:19;2;CO;27;4111; ; ;1;1;0;0;0;0;0;0;0;0;0;0;0;0;0;0;0;19931;WASHINGTON LUIS, AV;26500;VICENTE RAO, AV PROF.;72;SANTO AMARO;1;0
D041300843;16878;RAPOSO TAVARES, VIA;;;13900;;20/04/2013 14:30;2;CT;51;3841; ; ;2;0;0;0;0;0;0;0;0;0;0;0;0;0;0;0;0;16878;RAPOSO TAVARES, VIA;;;13;CACHOEIRINHA;1;0
D041301122;19884;VOLUNTARIOS DA PATRIA, RUA;;;3900;;20/04/2013 14:30;2;QM;20;3574; ; ;0;1;0;0;0;0;0;0;0;0;0;0;0;0;0;0;0;19884;VOLUNTARIOS DA PATRIA, RUA;;;8;BELEM;1;0
D041301925;21253;AGUIA DE HAIA, AV;;;3600;;20/04/2013 14:30;2;CO;62;4198; ; ;0;1;0;0;0;0;0;0;0;0;0;1;0;0;0;0;0;21253;AGUIA DE HAIA, AV;;;0;NULL;1;0
D041301025;15630;AGUAS DE SAO PEDRO, AV;;;47;;20/04/2013 15:00;2;CO;9;3576; ; ;2;1;0;0;0;0;0;0;0;0;0;0;0;0;0;0;0;15630;AGUAS DE SAO PEDRO, AV;;;71;SANTANA;1;0
D041301194;9170;INES, AV STA;;;2610;;20/04/2013 15:00;2;CO;38;3500; ; ;1;0;0;0;0;0;0;1;0;0;0;0;0;0;0;0;0;9170;INES, AV STA;;;51;MANDAQUI;4;0
D041301334;14270;MORVAN DIAS DE FIGUEIREDO, AV;;;18000;;20/04/2013 15:10;2;CO;90;4113;R; ;1;1;0;0;0;0;0;0;0;0;0;0;0;0;0;0;0;29772;MARGINAL DO RIO TIETE, AV;;;0;NULL;1;0
D041301268;3771;INAJAR DE SOUZA, AV;;;4000;;20/04/2013 15:24;4;AT;72;3498; ; ;0;1;0;0;0;0;0;0;0;0;0;0;0;0;0;0;0;3771;INAJAR DE SOUZA, AV;;;50;LIMAO;2;0
D041300250;6642;ESTADO, AV DO;10485;JOAO TEODORO, RUA;0;;20/04/2013 15:33;4;AT;12;3011; ; ;1;0;0;0;0;0;0;0;0;0;0;0;0;0;0;0;0;6642;ESTADO, AV DO;10485;JOAO TEODORO, RUA;9;BOM RETIRO;1;0
D041302006;10152;JOAO BATISTA CONTI, AV PROF;;;1400;;20/04/2013 15:45;2;CL;103;2984; ; ;2;0;0;0;0;0;0;0;0;0;0;0;0;0;0;0;0;10152;JOAO BATISTA CONTI, AV PROF;;;46;JOSE BONIFACIO;2;0
D041300602;2149;ARCOVERDE, RUA CARD;7301;FRADIQUE COUTINHO, RUA;0;;20/04/2013 17:30;2;CO;14;3849; ; ;2;0;0;0;0;0;0;0;0;0;0;0;0;0;0;0;0;2149;ARCOVERDE, RUA CARD;7301;FRADIQUE COUTINHO, RUA;63;PINHEIROS;2;0
D041300294;7691;GABRIEL MONTEIRO DA SILVA, AL;6775;EUGENIO LEITE, RUA CON;0;;20/04/2013 17:45;2;CO;78;3196; ; ;1;1;0;0;0;0;0;0;0;0;0;0;0;0;0;0;0;6775;EUGENIO LEITE, RUA CON;7691;GABRIEL MONTEIRO DA SILVA, AL;63;PINHEIROS;1;0
D041301811;2483;ATLANTICA ANT. ROBERT KENNEDY, AV;;;4648;;20/04/2013 17:50;2;CO;102;4398; ; ;0;2;0;0;0;0;0;0;0;0;0;0;0;0;0;0;0;2483;ATLANTICA ANT. ROBERT KENNEDY, AV;;;23;CIDADE DUTRA;2;0
D041301880;98912;JOSE PINHEIRO BORGES, AV;;;0;PROXIMO  - R.ANTONIO ;20/04/2013 18:00;4;AT;32;3001;C; ;1;0;0;0;0;0;0;0;0;0;0;0;0;0;0;0;0;98912;JOSE PINHEIRO BORGES, AV;;;36;ITAQUERA;1;0
D041302229;98912;JOSE PINHEIRO BORGES, AV;;;0;PROXIMO  - R.ANTONIO ;20/04/2013 18:00;4;AT;14;3929; ; ;1;0;0;0;0;0;0;0;0;0;0;0;0;0;0;0;0;98912;JOSE PINHEIRO BORGES, AV;;;36;ITAQUERA;0;1
D041301652;20048;YERVANT KISSAJIKIAN, AV;;;1645;;20/04/2013 18:00;2;CO;80;42448; ; ;1;1;0;0;0;0;0;0;0;0;0;0;0;0;0;0;0;20048;YERVANT KISSAJIKIAN, AV;;;29;FREGUESIA DO O;1;0
D041302118;17824;SAPOPEMBA, AV;;;16500;;20/04/2013 18:00;2;CO;55;5372; ; ;1;1;0;0;0;0;0;0;0;0;0;0;0;0;0;0;0;17824;SAPOPEMBA, AV;;;33;IPIRANGA;1;0
D041301145;5947;EDGAR FACO, AV GAL;28906;MANOEL BARBOSA, RUA;0;;20/04/2013 18:00;4;AT;28;2259; ; ;0;0;0;0;1;0;0;0;0;0;0;0;0;0;0;0;0;5947;EDGAR FACO, AV GAL;28906;MANOEL BARBOSA, RUA;64;PIRITUBA;2;0
D041300019;33667;LESTE-OESTE, LIG;;;0;NADA CONSTA ;20/04/2013 18:37;2;QM;1;3017; ; ;0;1;0;0;0;0;0;0;0;0;0;0;0;0;0;0;0;33667;LESTE-OESTE, LIG;;;2;ALTO DE PINHEIR;1;0
D041301295;3199;BENJAMIN PEREIRA, RUA;;;222;;20/04/2013 18:50;2;CF;73;4119;B; ;1;1;0;0;0;0;0;0;0;0;0;0;0;0;0;0;0;3199;BENJAMIN PEREIRA, RUA;;;38;JACANA;1;0
D041301590;36031;COLONIA, ES DA;;;3200;;20/04/2013 18:52;2;CF;25;2895; ; ;1;0;0;0;0;0;0;1;0;0;0;0;0;0;0;0;0;36031;COLONIA, ES DA;;;76;SAO MIGUEL;2;0
D041302088;16173;PESSEGO, ES DO;18803;TEODORO, RUA S;0;;20/04/2013 19:24;4;AT;53;2673; ; ;0;0;0;0;0;0;0;0;0;0;0;0;0;0;0;1;0;16173;PESSEGO, ES DO;46936;JACU-PESSEGO/NOVA TRABALHADORE, AV;58;PARQUE DO CARMO;1;0
D041301322;15425;CANTIDIO SAMPAIO, AV DEP;;;5000;;20/04/2013 19:57;4;AT;74;3511; ; ;1;0;0;0;0;0;0;0;0;0;0;0;0;0;0;0;0;15425;CANTIDIO SAMPAIO, AV DEP;;;41;JARAGUA;1;0
D041301990;5408;COSME DEODATO TADEU, RUA PROF;;;0;NADA CONSTA ;20/04/2013 20:00;2;SI;68;1232; ; ;1;1;0;0;0;0;0;0;0;0;0;0;0;0;0;0;0;5408;COSME DEODATO TADEU, RUA PROF;;;45;JARDIM SAO LUIS;2;0
D041301229;4496;CAROLINA SOARES, RUA;;;347;;20/04/2013 20:00;2;CO;40;4290; ; ;1;1;0;0;0;0;0;0;0;0;0;0;0;0;0;0;0;4496;CAROLINA SOARES, RUA;;;50;LIMAO;1;0
D041302252;34500;IGUATEMI, AV;;;3168;;20/04/2013 20:12;4;AT;49;5379;B; ;0;1;0;0;0;0;0;0;0;0;0;0;0;0;0;0;0;34500;IGUATEMI, AV;;;50;LIMAO;0;1
D041300557;17346;ROLINHAS, RUA DAS;;;330;;20/04/2013 20:24;4;AT;97;3401; ; ;0;0;0;0;0;0;0;0;0;0;0;1;0;0;0;0;0;17346;ROLINHAS, RUA DAS;;;42;JARDIM ANGELA;1;0
D041302130;9580;ITAQUERA, AV;;;3000;;20/04/2013 20:25;4;AT;66;1795; ; ;0;0;0;0;0;0;0;0;0;0;0;0;0;0;0;1;0;9580;ITAQUERA, AV;;;24;CIDADE LIDER;1;0
D041300320;5618;CURSINO, AV DO;12966;MARCOS FERNANDES, RUA;0;;20/04/2013 20:51;4;AT;16;5252; ; ;0;0;0;0;0;0;0;0;0;0;0;0;0;0;0;1;0;5618;CURSINO, AV DO;12966;MARCOS FERNANDES, RUA;27;CURSINO;1;0
D041300270;10101;JOAO, AV S;1162;ANA CINTRA, RUA;0;;20/04/2013 20:52;4;AT;77;2270; ; ;0;0;0;0;0;0;0;1;0;0;0;0;0;0;0;0;0;1162;ANA CINTRA, RUA;10101;JOAO, AV S;70;SANTA CECILIA;1;0
D041301753;6238;NACOES UNIDAS, AV DAS;9220;INTERLAGOS, AV;0;;20/04/2013 21:00;2;CO;99;4402; ; ;1;1;0;0;0;0;0;0;0;0;0;0;0;0;0;0;0;6238;NACOES UNIDAS, AV DAS;9220;INTERLAGOS, AV;16;CAMPO GRANDE;1;0
D041300056;18993;TIRADENTES, AV;17060;RIBEIRO DE LIMA, RUA;0;;20/04/2013 21:00;2;CO;2;2393; ; ;1;0;0;0;0;0;0;0;0;0;0;1;0;0;0;0;0;10485;JOAO TEODORO, RUA;18993;TIRADENTES, AV;9;BOM RETIRO;1;0
D041300307;5618;CURSINO, AV DO;;;1900;;20/04/2013 21:20;2;QM;16;41367; ; ;1;1;0;0;0;0;0;0;0;0;0;0;0;0;0;0;0;5618;CURSINO, AV DO;;;27;CURSINO;1;0
D041300975;9836;JAGUARE, AV;;;1600;;20/04/2013 21:30;4;AT;93;2666; ; ;0;0;0;0;0;0;0;0;0;0;0;0;0;0;0;1;0;9836;JAGUARE, AV;;;40;JAGUARE;1;0
D041301665;27278;FELICIANO MENDES, RUA;;;0;PROXIMO  - PORFIRIO D;20/04/2013 21:30;4;AT;85;2891; ; ;0;1;0;0;0;0;0;0;0;0;0;0;0;0;0;0;0;27278;FELICIANO MENDES, RUA;;;26;CONSOLACAO;1;0
D041300332;3454;BOM PASTOR, RUA;11670;LEAIS PAULISTANOS, RUA;0;;20/04/2013 21:30;4;AT;17;2256; ; ;1;0;0;0;0;0;0;0;0;0;0;0;0;0;0;0;0;3454;BOM PASTOR, RUA;11670;LEAIS PAULISTANOS, RUA;33;IPIRANGA;1;0
D041301195;9078;IMIRIM, AV;;;2687;;20/04/2013 22:00;4;AT;38;3514; ; ;1;0;0;0;0;0;0;0;0;0;0;0;0;0;0;0;0;9078;IMIRIM, AV;;;71;SANTANA;1;0
D041301564;222;ADOLFO PINHEIRO, AV;35439;DEODORO, RUA MAL;0;;20/04/2013 22:50;2;CO;11;4406;C; ;2;0;0;0;0;0;0;0;0;0;0;0;0;0;0;0;0;222;ADOLFO PINHEIRO, AV;35439;DEODORO, RUA MAL;72;SANTO AMARO;2;0
D041300510;46057;DAMAS DA SOCIEDADE, RUA;;;0;PROXIMO  - EST DAS LA;21/04/2013 00:07;2;QM;95;3411; ; ;0;1;0;0;0;0;0;0;0;0;0;0;0;0;0;0;0;46057;DAMAS DA SOCIEDADE, RUA;;;69;SACOMA;1;0
D041300321;66;ABRAAO DE MORAIS, AV PROF;6347;ELISA SILVEIRA, RUA;0;;21/04/2013 00:30;2;CO;16;5261; ; ;2;0;0;0;0;0;0;0;0;0;0;0;0;0;0;0;0;66;ABRAAO DE MORAIS, AV PROF;6347;ELISA SILVEIRA, RUA;79;SAUDE;2;0
D041301715;1391;ANGELO CRISTIANINI, AV;;;957;;21/04/2013 00:55;4;AT;98;4253; ; ;0;1;0;0;0;0;0;0;0;0;0;0;0;0;0;0;0;1391;ANGELO CRISTIANINI, AV;;;22;CIDADE ADEMAR;1;0
D041300976;831;ALTINO, AV PRES;;;500;;21/04/2013 01:30;4;AT;93;2672; ; ;0;0;0;0;0;0;0;0;0;0;0;0;0;0;0;1;0;831;ALTINO, AV PRES;;;40;JAGUARE;1;0
D041301591;38276;PAIOL, ES DO;;;355;;21/04/2013 02:00;4;AT;25;2906; ; ;0;0;0;0;0;0;0;0;0;0;0;1;0;0;0;0;0;38276;PAIOL, ES DO;;;76;SAO MIGUEL;1;0
D041301779;38629;XAMBORES, RUA DOS;;;560;;21/04/2013 02:30;2;OU;100;5151; ; ;0;1;0;0;0;0;0;0;0;0;0;0;0;0;0;0;0;38629;XAMBORES, RUA DOS;;;32;IGUATEMI;1;0
D041301937;9086;IMPERADOR, RUA DO;;;3320;;21/04/2013 03:00;2;CH;63;3015; ; ;3;0;0;0;0;0;0;0;0;0;0;0;0;0;0;0;0;9086;IMPERADOR, RUA DO;;;88;VILA GUILHERME;1;0
D041300895;15626;PAULA FERREIRA, AV;;;1500;;21/04/2013 03:31;2;CH;87;3669; ; ;1;0;0;0;0;0;0;0;0;0;0;0;0;0;0;0;0;15626;PAULA FERREIRA, AV;;;64;PIRITUBA;1;0
D041302144;17135;RIO DAS PEDRAS, AV;;;3200;;21/04/2013 03:47;2;CH;66;2681; ; ;1;0;0;0;0;0;0;0;0;0;0;0;0;0;0;0;0;17135;RIO DAS PEDRAS, AV;;;27;CURSINO;2;0
D041301366;4128;CANGAIBA, AV;;;0;NADA CONSTA ;21/04/2013 04:40;2;CH;10;4465; ; ;1;0;0;0;0;0;0;0;0;0;0;0;0;0;0;0;0;4128;CANGAIBA, AV;;;18;CANGAIBA;1;0
D041301853;13881;MIGUEL, AV S;;;5333;;21/04/2013 05:00;2;CO;24;4228; ; ;1;0;0;0;0;0;0;0;0;0;0;1;0;0;0;0;0;13881;MIGUEL, AV S;;;65;PONTE RASA;1;0
D041300643;5175;COLOMBIA, RUA;8225;GROENLANDIA, RUA;0;;21/04/2013 05:00;2;SI;15;3863; ; ;2;0;0;0;0;0;0;0;0;0;0;0;0;0;0;0;0;5175;COLOMBIA, RUA;8225;GROENLANDIA, RUA;44;JARDIM PAULISTA;2;0