id_acidente;codloga;logradouroA;codlogb;logradouroB;alt_num;referencia;data;cod_acid;tipo_acidente;dp;numero_BO;sentido;pista;automovel;moto;onibus;caminhao;bicicleta;moto_taxi;onibus_fretado;onibus_urbano;microonibus;van;vuc;caminhonete;carreta;jipe;outros;sem_informacao;carroca;princ_a;paiA;princ_b;paiB;cod_distrito;distrito;vit_ferida;vit_morta
D041300047;6642;ESTADO, AV DO;17799;SANTOS DUMONT, AV;0;;21/04/2013 05:15;2;CO;2;2274;B; ;2;0;0;0;0;0;0;0;0;0;0;0;0;0;0;0;0;6642;ESTADO, AV DO;17799;SANTOS DUMONT, AV;9;BOM RETIRO;1;0
D041300677;7491;FRANCISCO MATARAZZO, AV;;;1752;;21/04/2013 05:30;2;CO;23;2677; ; ;1;1;0;0;0;0;0;0;0;0;0;0;0;0;0;0;0;7491;FRANCISCO MATARAZZO, AV;;;6;BARRA FUNDA;1;0
D041300322;8432;GUATAS, AL DOS;16200;PIASSANGUABA, AV;0;;21/04/2013 05:55;2;CL;16;5270; ; ;2;0;0;0;0;0;0;0;0;0;0;0;0;0;0;0;0;8432;GUATAS, AL DOS;16200;PIASSANGUABA, AV;79;SAUDE;1;0
D041302066;98822;SUBURBANA FLOR, TR;;;28;;21/04/2013 06:15;4;AT;49;5388; ; ;0;1;0;0;0;0;0;0;0;0;0;0;0;0;0;0;0;98822;SUBURBANA FLOR, TR;;;75;SAO MATEUS;1;0
D041302202;999;SANTO AMARO, AV;22176;JOAO CASTALDI OU DOS EUCALIPTO, AV;0;;21/04/2013 06:22;2;CH;96;4132;C; ;1;0;0;0;0;0;0;0;0;0;0;0;0;0;0;0;0;999;SANTO AMARO, AV;22176;JOAO CASTALDI OU DOS EUCALIPTO, AV;34;ITAIM BIBI;0;1
D041302188;37956;LIGACAO, EST DE;;;173;;21/04/2013 06:26;2;CH;101;2905; ; ;2;0;0;0;0;0;0;0;0;0;0;0;0;0;0;0;0;37956;LIGACAO, EST DE;;;30;GRAJAU;1;1
D041301794;3509;BELMIRA MARIN, AV DONA;;;4000;;21/04/2013 06:29;2;CO;101;2903; ; ;1;1;0;0;0;0;0;0;0;0;0;0;0;0;0;0;0;3509;BELMIRA MARIN, AV DONA;;;30;GRAJAU;1;0
D041300251;6642;ESTADO, AV DO;10485;JOAO TEODORO, RUA;0;;21/04/2013 06:33;4;AT;12;3026; ; ;1;0;0;0;0;0;0;0;0;0;0;0;0;0;0;0;0;6642;ESTADO, AV DO;10485;JOAO TEODORO, RUA;9;BOM RETIRO;1;0
D041302040;16443;POA, ES DE;;;6677;;21/04/2013 08:00;2;CO;44;2689; ; ;2;0;0;0;0;0;0;0;0;0;0;0;0;0;0;0;0;16443;POA, ES DE;;;50;LIMAO;1;0
D041301592;33015;SADAMU INOUE, AV;;;0;NADA CONSTA ;21/04/2013 09:00;2;CO;25;2912;B; ;1;0;0;0;0;0;0;0;0;0;0;1;0;0;0;0;0;33015;SADAMU INOUE, AV;;;76;SAO MIGUEL;1;0
D041301196;27965;GEORGE CHAHESTIAN, RUA;;;222;;21/04/2013 10:20;2;CH;38;3524; ; ;1;0;0;0;0;0;0;0;0;0;0;0;0;0;0;0;0;27965;GEORGE CHAHESTIAN, RUA;;;8;BELEM;1;0
D041301795;3509;BELMIRA MARIN, AV DONA;;;3350;;21/04/2013 10:40;2;CO;101;2945; ; ;1;1;0;0;0;0;0;0;0;0;0;0;0;0;0;0;0;3509;BELMIRA MARIN, AV DONA;;;30;GRAJAU;2;0
D041300929;4010;PASQUALE GALLUPI, RUA;;;795;;21/04/2013 11:00;4;AT;89;3325; ; ;0;0;0;0;0;0;0;0;0;0;0;0;0;0;0;1;0;4010;PASQUALE GALLUPI, RUA;;;55;MORUMBI;1;0
D041300142;17517;RUI BARBOSA, RUA;;;618;;21/04/2013 11:39;4;AT;5;3210;C; ;1;0;0;0;0;0;0;0;0;0;0;0;0;0;0;0;0;17517;RUI BARBOSA, RUA;;;17;CAMPO LIMPO;1;0
D041300736;855;ALVARENGA, RUA;14267;MORUMBI, AV;0;;21/04/2013 11:40;2;SI;34;2537; ; ;2;0;0;0;0;0;0;0;0;0;0;0;0;0;0;0;0;855;ALVARENGA, RUA;14663;NORDESTINO, RUA;55;MORUMBI;1;0
D041300457;10630;PEDRO ALVARES CABRAL, AV;33470;NABIA ABDALA CHOHFI, RUA;0;;21/04/2013 11:50;2;CO;36;1781; ; ;1;1;0;0;0;0;0;0;0;0;0;0;0;0;0;0;0;10630;PEDRO ALVARES CABRAL, AV;12651;MANUEL DA NOBREGA, RUA;53;MOEMA;2;0
D041300271;4012;CAMPINAS, RUA BR DE;8023;GLETE, AL;0;;21/04/2013 13:07;4;AT;77;2283; ; ;1;0;0;0;0;0;0;0;0;0;0;0;0;0;0;0;0;4012;CAMPINAS, RUA BR DE;8023;GLETE, AL;70;SANTA CECILIA;1;0
D041301697;8368;GUARAPIRANGA, AV;;;350;;21/04/2013 13:47;2;CO;92;5017; ; ;0;2;0;0;0;0;0;0;0;0;0;0;0;0;0;0;0;8368;GUARAPIRANGA, AV;;;45;JARDIM SAO LUIS;1;0
D041300252;4736;CELSO GARCIA, AV;;;243;;21/04/2013 13:49;2;QM;12;3042; ; ;0;1;0;0;0;0;0;0;0;0;0;0;0;0;0;0;0;4736;CELSO GARCIA, AV;;;82;TATUAPE;1;0
D041300260;14947;OLIMPIO DA SILVEIRA, AV GAL;;;0;PROXIMO  - RUA APA;21/04/2013 14:00;4;AT;77;1703; ; ;1;0;0;0;0;0;0;0;0;0;0;0;0;0;0;0;0;14947;OLIMPIO DA SILVEIRA, AV GAL;;;19;CAPAO REDONDO;1;0
D041301323;22589;AURELIO BRASIL RIBEIRO, RUA;;;603;;21/04/2013 14:20;4;AT;74;3539; ; ;1;0;0;0;0;0;0;0;0;0;0;0;0;0;0;0;0;22589;AURELIO BRASIL RIBEIRO, RUA;;;40;JAGUARE;1;0
D041302028;2878;BARREIRA GRANDE, AV DA;75435;ARRAIAS DO ARAGUAIA, AV;0;;21/04/2013 14:30;2;CO;41;900043; ; ;2;0;0;0;0;0;0;0;0;0;0;0;0;0;0;0;0;2878;BARREIRA GRANDE, AV DA;75435;ARRAIAS DO ARAGUAIA, AV;78;SAPOPEMBA;2;0
D041302041;4349;CARLOS DOURADO, RUA CEL;;;30;;21/04/2013 15:15;4;AT;44;2703; ; ;1;0;0;0;0;0;0;0;0;0;0;0;0;0;0;0;0;4349;CARLOS DOURADO, RUA CEL;;;50;LIMAO;1;0
D041301463;8181;GRANITO, RUA;;;159;;21/04/2013 15:30;4;AT;42;2577; ; ;1;1;0;0;0;0;0;0;0;0;0;0;0;0;0;0;0;8181;GRANITO, RUA;;;95;VILA PRUDENTE;2;0
D041301244;8409;JOAQUIM FERREIRA DA ROCHA, RUA;;;1186;;21/04/2013 15:50;4;AT;45;3537; ; ;2;0;0;0;0;0;0;0;0;0;0;0;0;0;0;0;0;8409;JOAQUIM FERREIRA DA ROCHA, RUA;;;11;BRASILANDIA;1;0
D041300068;16861;RAMOS DE AZEVEDO, PCA;;;131;;21/04/2013 16:15;4;AT;3;2286; ; ;0;0;0;0;0;0;0;0;0;0;0;0;0;0;0;1;0;16861;RAMOS DE AZEVEDO, PCA;;;7;BELA VISTA;1;0
D041301493;7497;FRANCISCO MESQUITA, AV DR;8955;IBITIRAMA, RUA;0;;21/04/2013 16:25;2;CO;56;2570; ; ;2;1;0;0;0;0;0;0;0;0;0;0;0;0;0;0;0;7497;FRANCISCO MESQUITA, AV DR;8955;IBITIRAMA, RUA;95;VILA PRUDENTE;1;0
D041301938;9086;IMPERADOR, RUA DO;;;3009;;21/04/2013 16:30;2;CO;63;3033; ; ;2;0;0;0;0;0;0;0;0;0;0;0;0;0;0;0;0;9086;IMPERADOR, RUA DO;;;88;VILA GUILHERME;2;0
D041302132;3900;ABETO, RUA;;;227;;21/04/2013 17:00;4;AT;66;1849; ; ;0;1;0;0;0;0;0;0;0;0;0;0;0;0;0;0;0;3900;ABETO, RUA;;;24;CIDADE LIDER;3;0
D041301399;7645;FRONTIN, AV CD DE;;;0;NADA CONSTA ;21/04/2013 17:56;2;CO;21;4492;C; ;3;0;0;0;0;0;0;0;0;0;0;0;0;0;0;0;0;7645;FRONTIN, AV CD DE;;;93;VILA MATILDE;1;0
D041301296;6224;EDU CHAVES, AV;;;420;;21/04/2013 18:00;2;CO;73;4146; ; ;1;0;0;0;1;0;0;0;0;0;0;0;0;0;0;0;0;6224;EDU CHAVES, AV;;;38;JACANA;1;0
D041300468;14517;NETO DE ARAUJO, RUA DR;;;222;;21/04/2013 18:00;2;CO;36;4367; ; ;1;1;0;0;0;0;0;0;0;0;0;0;0;0;0;0;0;14517;NETO DE ARAUJO, RUA DR;;;9;BOM RETIRO;1;0
D041302275;98750;SEM INFORMACAO DE ENDERECO, SI;;;0;NADA CONSTA ;21/04/2013 18:05;4;AT;2;2671; ; ;0;0;0;0;0;0;0;0;0;0;0;0;0;0;0;1;0;98750;SEM INFORMACAO DE ENDERECO, SI;;;  ;;0;1
D041301963;9806;PIRES DO RIO, AV;17160;RIO PARANA, RUA;0;;21/04/2013 18:20;2;CO;64;4244; ; ;1;1;0;0;0;0;0;0;0;0;0;0;0;0;0;0;0;9806;PIRES DO RIO, AV;19800;VIRGINIA DE MIRANDA, RUA;76;SAO MIGUEL;1;0
D041302023;3852;CIPRIANO RODRIGUES, AV;;;141;;21/04/2013 19:00;2;CH;41;4076; ; ;1;0;0;0;0;0;0;0;0;0;0;0;0;0;0;0;0;3852;CIPRIANO RODRIGUES, AV;;;4;ARICANDUVA;1;0
D041301124;351;AGUA FRIA, AV;;;999;;21/04/2013 19:30;2;QM;20;3613; ; ;1;1;0;0;0;0;0;0;0;0;0;0;0;0;0;0;0;351;AGUA FRIA, AV;;;71;SANTANA;1;0
D041300703;35449;BANDEIRANTES, VIA DOS;;;0;QUILOMETRO  - 16,5;21/04/2013 19:40;2;CT;33;3702; ; ;4;0;0;0;0;0;0;0;0;0;0;0;0;0;0;0;0;35449;BANDEIRANTES, VIA DOS;;;64;PIRITUBA;3;0
D041301220;19038;TOLEDO MALTA, RUA;;;0;NADA CONSTA ;21/04/2013 20:57;2;CO;39;4150; ; ;2;0;0;0;0;0;0;0;0;0;0;0;0;0;0;0;0;19038;TOLEDO MALTA, RUA;;;22;CIDADE ADEMAR;1;0
D041301754;13035;MIGUEL YUNES, RUA;;;1;;21/04/2013 22:20;2;CO;99;4428; ; ;1;1;0;0;0;0;0;0;0;0;0;0;0;0;0;0;0;13035;MIGUEL YUNES, RUA;;;16;CAMPO GRANDE;1;0
D041300930;8000;GIOVANNI GRONCHI, AV;;;5091;;21/04/2013 22:25;2;CL;89;3339; ; ;0;1;0;0;0;0;0;0;0;0;0;1;0;0;0;0;0;8000;GIOVANNI GRONCHI, AV;;;55;MORUMBI;1;0
D041300871;16878;RAPOSO TAVARES, VIA;;;16500;;21/04/2013 22:30;2;CT;75;3336; ; ;2;0;0;0;0;0;0;0;0;0;0;0;0;0;0;0;0;16878;RAPOSO TAVARES, VIA;;;13;CACHOEIRINHA;1;0
D041302024;10503;JOAO XXIII, AV;;;1130;;21/04/2013 22:30;2;CO;41;4082; ; ;2;0;0;0;0;0;0;0;0;0;0;0;0;0;0;0;0;10503;JOAO XXIII, AV;;;4;ARICANDUVA;2;0
D041301221;2458;ATALIBA VIEIRA, RUA;6799;EURICO SODRE, RUA;0;;21/04/2013 23:26;2;CO;39;4161; ; ;1;1;0;0;0;0;0;0;0;0;0;0;0;0;0;0;0;2458;ATALIBA VIEIRA, RUA;6799;EURICO SODRE, RUA;94;VILA MEDEIROS;1;0
D041300578;5072;CLELIA, RUA;;;0;NADA CONSTA ;21/04/2013 23:34;2;CL;7;2706; ; ;1;1;0;0;0;0;0;0;0;0;0;0;0;0;0;0;0;5072;CLELIA, RUA;;;48;LAPA;1;0
D041301222;8923;IBICARAI, RUA;8320;GUAPIRA, AV;0;;21/04/2013 23:40;2;CO;39;4162; ; ;1;1;0;0;0;0;0;0;0;0;0;0;0;0;0;0;0;8320;GUAPIRA, AV;8923;IBICARAI, RUA;84;TUCURUVI;1;0
D041300897;161;ADAO PEREIRA, AV CABO;;;519;;21/04/2013 23:55;2;CL;87;3700; ; ;0;1;0;0;0;0;0;0;0;0;0;0;0;0;0;1;0;161;ADAO PEREIRA, AV CABO;;;64;PIRITUBA;1;0
D041300885;14741;MIGUEL DE CASTRO, RUA;;;326;;22/04/2013 00:05;2;CO;87;2095; ; ;1;1;0;0;0;0;0;0;0;0;0;0;0;0;0;0;0;14741;MIGUEL DE CASTRO, RUA;;;64;PIRITUBA;1;0
D041300896;161;ADAO PEREIRA, AV CABO;;;50;;22/04/2013 00:10;2;CH;87;3699; ; ;1;0;0;0;0;0;0;0;0;0;0;0;0;0;0;0;0;161;ADAO PEREIRA, AV CABO;;;64;PIRITUBA;1;0
D041301911;17820;TITO, AV MAL;;;4579;;22/04/2013 01:49;2;CO;59;900051; ; ;2;0;0;0;0;0;0;0;0;0;0;0;0;0;0;0;0;17820;TITO, AV MAL;;;53;MOEMA;1;0
D041302253;7742;CATLEIAS, RUA;;;1989;;22/04/2013 02:12;2;QV;24;4250; ; ;1;0;0;0;0;0;0;0;0;0;0;0;0;0;0;0;0;7742;CATLEIAS, RUA;;;53;MOEMA;0;1
D041301646;20048;YERVANT KISSAJIKIAN, AV;;;200;;22/04/2013 04:30;2;CF;80;1411; ; ;1;0;0;0;0;0;0;0;0;0;0;1;0;0;0;0;0;20048;YERVANT KISSAJIKIAN, AV;;;29;FREGUESIA DO O;4;0
D041300405;36500;ALIOMAR BALEEIRO, VD MIN;;;0;PROXIMO  -  AL.DE ACE;22/04/2013 05:00;2;QM;35;1201; ; ;0;1;0;0;0;0;0;0;0;0;0;0;0;0;0;0;0;36098;AFFONSO D'ESCRAGNOLLE TAUNAY, AV;;;42;JARDIM ANGELA;1;0
D041301452;19708;VILA EMA, AV;;;2629;;22/04/2013 05:20;2;CO;42;1439;B; ;1;1;0;0;0;0;0;0;0;0;0;0;0;0;0;0;0;19708;VILA EMA, AV;;;26;CONSOLACAO;1;0
D041300684;4561;CASTELO BRANCO, AV PRES;;;0;PROXIMO  -  PTE.DO LI;22/04/2013 05:30;2;CO;23;90008; ; ;2;1;0;0;0;0;0;0;0;0;0;0;0;0;0;0;0;29772;MARGINAL DO RIO TIETE, AV;;;6;BARRA FUNDA;1;0
D041301724;98942;DAVIDE PEREZ, RUA;;;100;;22/04/2013 05:50;2;CO;98;5488; ; ;0;1;0;0;0;0;0;0;1;0;0;0;0;0;0;0;0;98942;DAVIDE PEREZ, RUA;;;59;PEDREIRA;1;0
D041301083;28370;CARMOPOLIS DE MINAS, RUA;13008;MAGARINOS TORRES, RUA;0;;22/04/2013 06:00;2;CO;19;1526; ; ;0;1;0;0;0;0;0;1;0;0;0;0;0;0;0;0;0;13008;MAGARINOS TORRES, RUA;28370;CARMOPOLIS DE MINAS, RUA;91;VILA MARIA;2;0
D041300196;14317;MUNIZ DE SOUSA, RUA;;;992;;22/04/2013 06:11;4;AT;6;1897; ; ;1;0;0;0;0;0;0;0;0;0;0;0;0;0;0;0;0;14317;MUNIZ DE SOUSA, RUA;;;12;BUTANTA;1;0
D041301599;5606;CUPECE, AV;;;3436;;22/04/2013 06:15;4;AT;43;1533;C; ;1;0;0;0;0;0;0;0;0;0;0;0;0;0;0;0;0;5606;CUPECE, AV;;;22;CIDADE ADEMAR;1;0
D041301988;62943;MANUEL SETUBAL, RUA;12996;MARGARIDA CRISTINA BAUMANN, RUA;0;;22/04/2013 06:25;4;AT;68;1223;C; ;0;1;0;0;0;0;0;0;0;0;0;0;0;0;0;0;0;12996;MARGARIDA CRISTINA BAUMANN, RUA;62943;MANUEL SETUBAL, RUA;47;LAJEADO;1;0
D041301471;6371;ELISABETH DE ROBIANO, AV CDSSA;;;0;NADA CONSTA ;22/04/2013 06:45;2;CH;52;1249; ; ;0;0;0;0;0;0;0;0;0;0;0;1;0;0;0;0;0;29772;MARGINAL DO RIO TIETE, AV;;;82;TATUAPE;1;0
D041301239;34562;JOAO PAULO I, AV;;;1700;;22/04/2013 06:50;2;CL;45;971; ; ;0;1;0;0;0;0;0;0;1;0;0;0;0;0;0;0;0;34562;JOAO PAULO I, AV;;;4;ARICANDUVA;1;0
D041300950;11780;LEOPOLDINA, AV IMP;;;1703;;22/04/2013 07:30;2;CO;91;2713; ; ;1;1;0;0;0;0;0;0;0;0;0;0;0;0;0;0;0;11780;LEOPOLDINA, AV IMP;;;90;VILA LEOPOLDINA;1;0
D041301939;46936;JACU-PESSEGO/NOVA TRABALHADORE, AV;;;100;;22/04/2013 07:50;2;CT;63;3054; ; ;0;1;0;0;0;0;0;0;0;0;0;1;0;0;0;0;0;46936;JACU-PESSEGO/NOVA TRABALHADORE, AV;;;46;JOSE BONIFACIO;1;0
D041301822;605;ALEIXO MONTEIRO MAFRA, PCA PDE;;;19;;22/04/2013 07:50;2;QD;22;2045; ; ;0;0;1;0;0;0;0;0;0;0;0;0;0;0;0;0;0;605;ALEIXO MONTEIRO MAFRA, PCA PDE;;;73;SAO DOMINGOS;1;0
D041300821;24356;PAULO RIBEIRO COELHO, RUA DR;33515;JOSE FILIPE DA SILVA, RUA;0;;22/04/2013 08:06;2;SI;51;1809; ; ;1;1;0;0;0;0;0;0;0;0;0;0;0;0;0;0;0;24354;DOMENICO MARTINELLI, AV;24356;PAULO RIBEIRO COELHO, RUA DR;68;RIO PEQUENO;1;0
D041300757;3232;BENTO FRIAS, RUA;;;0;NADA CONSTA ;22/04/2013 08:40;2;CL;34;3894; ; ;0;1;0;1;0;0;0;0;0;0;0;0;0;0;0;0;0;3232;BENTO FRIAS, RUA;;;55;MORUMBI;1;0
D041300603;7617;FREDERICO HERMAN JUNIOR, AV PROF;;;345;;22/04/2013 09:00;2;CO;14;3896; ; ;1;1;0;0;0;0;0;0;0;0;0;0;0;0;0;0;0;7617;FREDERICO HERMAN JUNIOR, AV PROF;;;63;PINHEIROS;1;0
D041300931;61245;JOSE RAMON URTIZA, RUA;;;768;;22/04/2013 09:40;2;SI;89;3347; ; ;2;0;0;0;0;0;0;0;0;0;0;0;0;0;0;0;0;61245;JOSE RAMON URTIZA, RUA;;;29;FREGUESIA DO O;1;0
D041300362;10918;JOSE DINIZ, AV VER;;;2020;;22/04/2013 10:10;2;CT;27;4163; ; ;2;0;0;0;0;0;0;0;0;0;0;0;0;0;0;0;0;10918;JOSE DINIZ, AV VER;;;15;CAMPO BELO;1;0
D041301522;5448;COTEGIPE, RUA CONS;16931;REDENCAO, RUA;0;;22/04/2013 10:22;2;CO;81;1126; ; ;2;0;0;0;0;0;0;0;0;0;0;0;0;0;0;0;0;5448;COTEGIPE, RUA CONS;16931;REDENCAO, RUA;8;BELEM;1;0
D041300886;15626;PAULA FERREIRA, AV;;;1718;;22/04/2013 10:30;2;SI;87;2115; ; ;1;1;0;0;0;0;0;0;0;0;0;0;0;0;0;0;0;15626;PAULA FERREIRA, AV;;;64;PIRITUBA;1;0
D041301005;10622;JOAQUINA RAMALHO, AV;;;1350;;22/04/2013 10:30;2;CO;9;2353; ; ;1;1;0;0;0;0;0;0;0;0;0;0;0;0;0;0;0;10622;JOAQUINA RAMALHO, AV;;;88;VILA GUILHERME;1;0
D041301312;16838;RAIMUNDO PEREIRA DE MAGAL., AV;15425;CANTIDIO SAMPAIO, AV DEP;0;;22/04/2013 11:00;2;CO;74;1769; ; ;1;1;0;0;0;0;0;0;0;0;0;0;0;0;0;0;0;15425;CANTIDIO SAMPAIO, AV DEP;16838;RAIMUNDO PEREIRA DE MAGAL., AV;41;JARAGUA;1;0
D041301989;1076;AMERICANO FREIRE, RUA GAL;;;38;;22/04/2013 11:35;4;AT;68;1230; ; ;0;1;0;0;0;0;0;0;0;0;0;0;0;0;0;0;0;1076;AMERICANO FREIRE, RUA GAL;;;47;LAJEADO;1;0
D041300363;19931;WASHINGTON LUIS, AV;;;7077;;22/04/2013 12:04;2;SI;27;4174; ; ;1;1;0;0;0;0;0;0;0;0;0;0;0;0;0;0;0;19931;WASHINGTON LUIS, AV;;;30;GRAJAU;1;0
D041301954;21253;AGUIA DE HAIA, AV;;;2636;;22/04/2013 12:15;4;AT;64;3304; ; ;0;1;0;0;0;0;0;0;0;0;0;0;0;0;0;0;0;21253;AGUIA DE HAIA, AV;;;0;NULL;1;0
D041301143;5947;EDGAR FACO, AV GAL;;;100;;22/04/2013 12:21;2;CH;28;2143; ; ;4;1;0;0;0;0;0;0;0;0;0;0;0;0;0;0;0;5947;EDGAR FACO, AV GAL;;;64;PIRITUBA;1;0
D041302036;73357;UTARO KANAI, RUA;;;126;;22/04/2013 12:23;2;CO;44;2435;C; ;0;1;0;0;0;0;0;0;1;0;0;0;0;0;0;0;0;73357;UTARO KANAI, RUA;;;50;LIMAO;1;0
D041301896;16652;ANTONIO JOAO DE MEDEIROS, RUA;;;810;;22/04/2013 12:30;4;AT;50;5153; ; ;0;1;0;0;0;0;0;0;0;0;0;0;0;0;0;0;0;16652;ANTONIO JOAO DE MEDEIROS, RUA;;;54;MOOCA;1;0
D041300416;8816;GUSTAVO DA SILVEIRA, RUA;;;1340;;22/04/2013 12:56;2;CO;35;3447; ; ;1;0;0;1;0;0;0;0;0;0;0;0;0;0;0;0;0;8816;GUSTAVO DA SILVEIRA, RUA;;;37;JABAQUARA;2;0
D041300733;7500;FRANCISCO MORATO, AV PROF;;;3243;;22/04/2013 13:00;2;CO;34;2434; ; ;1;1;0;0;0;0;0;0;0;0;0;0;0;0;0;0;0;7500;FRANCISCO MORATO, AV PROF;;;12;BUTANTA;1;0
D041302008;18940;TIBURCIO DE SOUSA, RUA;;;1085;;22/04/2013 13:00;2;CO;50;5016;B; ;1;1;0;0;0;0;0;0;0;0;0;0;0;0;0;0;0;18940;TIBURCIO DE SOUSA, RUA;;;35;ITAIM PAULISTA;1;0
D041300234;19742;VINTE E CINCO DE JANEIRO, RUA;18993;TIRADENTES, AV;0;;22/04/2013 13:10;2;CO;12;2308; ; ;1;0;0;0;0;0;0;0;0;0;0;1;0;0;0;0;0;18993;TIRADENTES, AV;19742;VINTE E CINCO DE JANEIRO, RUA;  ;;1;0
D041300663;4216;CARAIBAS, RUA;;;980;;22/04/2013 13:12;4;AT;23;2207;B; ;0;0;0;0;0;0;0;0;0;0;0;1;0;0;0;0;0;4216;CARAIBAS, RUA;;;61;PERDIZES;1;0
D041301940;9084;IMPERADOR, ES DO;;;6192;;22/04/2013 13:14;4;AT;63;3064; ; ;0;1;0;0;0;0;0;0;0;0;0;0;0;0;0;0;0;9084;IMPERADOR, ES DO;;;89;VILA JACUI;1;0
D041300809;19817;VITAL BRASIL, AV;;;0;NADA CONSTA ;22/04/2013 13:15;2;CO;51;1395; ; ;0;1;0;0;0;0;0;0;1;0;0;0;0;0;0;0;0;19817;VITAL BRASIL, AV;;;13;CACHOEIRINHA;1;0
D041300887;16838;RAIMUNDO PEREIRA DE MAGAL., AV;;;3098;;22/04/2013 14:00;4;AT;87;2124; ; ;1;0;0;0;0;0;0;0;0;0;0;0;0;0;0;0;0;16838;RAIMUNDO PEREIRA DE MAGAL., AV;;;31;GUAIANASES;1;0
D041300323;16200;PIASSANGUABA, AV;9162;INDIGENAS, AL DOS;0;;22/04/2013 14:00;2;SI;16;5341; ; ;1;1;0;0;0;0;0;0;0;0;0;0;0;0;0;0;0;9162;INDIGENAS, AL DOS;16200;PIASSANGUABA, AV;79;SAUDE;1;0
D041301133;18151;SEZEFREDO FAGUNDES, AV CEL;;;2218;;22/04/2013 14:05;4;AT;20;900047; ; ;0;1;0;0;0;0;0;0;0;0;0;0;0;0;0;0;0;18151;SEZEFREDO FAGUNDES, AV CEL;;;22;CIDADE ADEMAR;1;0
D041301894;75207;SARGACO, RUA;21475;MANUEL LEMES DA SILVA, RUA;0;;22/04/2013 14:50;2;QM;50;4982;B; ;0;1;0;0;0;0;0;0;0;0;0;0;0;0;0;0;0;21475;MANUEL LEMES DA SILVA, RUA;75207;SARGACO, RUA;35;ITAIM PAULISTA;1;0
D041300974;3376;BILLINGS, AV ENG;;;0;;22/04/2013 15:00;2;CO;93;2659; ; ;1;0;0;0;1;0;0;0;0;0;0;0;0;0;0;0;0;13014;MARGINAL DO RIO PINHEIROS, AV;;;40;JAGUARE;1;0
D041300501;11562;LAGRIMAS, ES DAS;;;760;;22/04/2013 15:07;4;AT;95;1891; ; ;0;1;0;0;0;0;0;0;0;0;0;0;0;0;0;0;0;11562;LAGRIMAS, ES DAS;;;69;SACOMA;1;0
D041300258;3231;BENTO FREITAS, RUA;;;111;;22/04/2013 15:10;4;AT;77;1643; ; ;1;0;0;0;0;0;0;0;0;0;0;0;0;0;0;0;0;3231;BENTO FREITAS, RUA;;;67;REPUBLICA;2;0
D041300048;17799;SANTOS DUMONT, AV;;;814;;22/04/2013 15:30;2;CO;2;2312; ; ;1;1;0;0;0;0;0;0;0;0;0;0;0;0;0;0;0;17799;SANTOS DUMONT, AV;;;15;CAMPO BELO;1;0
D041301740;9220;INTERLAGOS, AV;;;2484;;22/04/2013 16:25;4;AT;99;1788;B; ;0;0;1;0;0;0;0;0;0;0;0;0;0;0;0;0;0;9220;INTERLAGOS, AV;;;16;CAMPO GRANDE;1;0
D041301605;16276;JUAN DE LA CRUZ, RUA;;;365;;22/04/2013 16:33;2;CT;43;4302; ; ;0;1;0;0;0;0;0;1;0;0;0;0;0;0;0;0;0;16276;JUAN DE LA CRUZ, RUA;;;42;JARDIM ANGELA;1;0
D041301015;14270;MORVAN DIAS DE FIGUEIREDO, AV;;;12;;22/04/2013 17:15;2;QM;9;3073; ; ;0;1;0;0;0;0;0;0;0;0;0;0;0;0;0;0;0;29772;MARGINAL DO RIO TIETE, AV;;;0;NULL;1;0
D041300644;8889;HUNGRIA, RUA;6345;ELISA PEREIRA DE BARROS, RUA DONA;0;;22/04/2013 17:30;2;CO;15;3919; ; ;1;1;0;0;0;0;0;0;0;0;0;0;0;0;0;0;0;6345;ELISA PEREIRA DE BARROS, RUA DONA;8889;HUNGRIA, RUA;63;PINHEIROS;1;0
D041301720;76295;RITA MATHILDE COSTA, RUA;;;123;;22/04/2013 17:40;4;AT;98;4468; ; ;1;0;0;0;0;0;0;0;0;0;0;0;0;0;0;0;0;76295;RITA MATHILDE COSTA, RUA;;;29;FREGUESIA DO O;1;0
D041301408;14202;MONTESINA, RUA;15047;ORFANATO, RUA;0;;22/04/2013 17:40;2;CO;29;1056; ; ;0;1;0;0;0;0;0;0;0;0;0;0;0;0;0;1;0;14202;MONTESINA, RUA;15047;ORFANATO, RUA;87;VILA FORMOSA;1;0
D041302089;45319;MALMEQUER DO CAMPO, RUA;;;1530;;22/04/2013 18:00;4;AT;53;2735; ; ;0;0;0;0;0;0;0;0;0;0;0;0;0;0;0;1;0;45319;MALMEQUER DO CAMPO, RUA;;;58;PARQUE DO CARMO;1;0
D041301324;34530;FRIEDRICH VON VOITH, RUA;;;100;;22/04/2013 18:20;4;AT;74;3587; ; ;0;1;0;0;0;0;0;0;0;0;0;0;0;0;0;0;0;34530;FRIEDRICH VON VOITH, RUA;;;52;MARSILAC;1;0
D041301245;15485;PARAPUA, RUA;;;783;;22/04/2013 18:50;4;AT;45;3589;C; ;1;0;0;0;0;0;0;0;0;0;0;0;0;0;0;0;0;15485;PARAPUA, RUA;;;4;ARICANDUVA;1;0