id_acidente;codloga;logradouroA;codlogb;logradouroB;alt_num;referencia;data;cod_acid;tipo_acidente;dp;numero_BO;sentido;pista;automovel;moto;onibus;caminhao;bicicleta;moto_taxi;onibus_fretado;onibus_urbano;microonibus;van;vuc;caminhonete;carreta;jipe;outros;sem_informacao;carroca;princ_a;paiA;princ_b;paiB;cod_distrito;distrito;vit_ferida;vit_morta
D041300117;15656;PAULISTA, AV;17240;ROCHA AZEVEDO, AL MIN;0;;22/04/2013 18:52;2;CT;4;3255; ; ;0;1;0;0;0;0;0;0;0;0;0;0;0;0;0;1;0;15656;PAULISTA, AV;17240;ROCHA AZEVEDO, AL MIN;7;BELA VISTA;1;0
D041300207;15967;PEDRO I, AV DOM;13383;MARIANO PROCOPIO, RUA;0;;22/04/2013 18:59;2;SI;6;3077; ; ;0;0;0;0;1;0;0;0;0;0;0;0;0;0;0;0;0;13383;MARIANO PROCOPIO, RUA;15967;PEDRO I, AV DOM;33;IPIRANGA;1;0
D041300705;9197;CERES, RUA;;;76;;22/04/2013 19:00;2;CH;33;3745; ; ;1;1;0;0;0;0;0;0;0;0;0;0;0;0;0;0;0;9197;CERES, RUA;;;31;GUAIANASES;1;0
D041302190;3523;BOSQUE DA SAUDE, AV;;;568;;22/04/2013 19:20;4;AT;16;5357; ; ;1;1;0;0;0;0;0;0;0;0;0;0;0;0;0;0;0;3523;BOSQUE DA SAUDE, AV;;;27;CURSINO;2;1
D041300350;2223;ARLINDO VIEIRA, AV PDE;;;1300;;22/04/2013 19:20;2;CO;26;3689; ; ;1;1;0;0;0;0;0;0;0;0;0;0;0;0;0;0;0;2223;ARLINDO VIEIRA, AV PDE;;;21;CASA VERDE;1;0
D041302170;22002;FREDERICO M. DA COSTA CARVALHO, AV DR;;;940;;22/04/2013 19:50;4;AT;70;4103; ; ;0;0;0;0;0;0;0;0;0;0;0;0;0;0;0;1;0;22002;FREDERICO M. DA COSTA CARVALHO, AV DR;;;56;PARELHEIROS;1;0
D041301246;6361;ELISIO TEIXEIRA LEITE, AV;;;5242;;22/04/2013 19:58;2;CO;45;3594;C; ;1;1;0;0;0;0;0;0;0;0;0;0;0;0;0;0;0;6361;ELISIO TEIXEIRA LEITE, AV;;;29;FREGUESIA DO O;1;0
D041301401;12156;LUIZ AYRES, RUA DR;;;0;PROXIMO  - VD ITINGUC;22/04/2013 20:20;2;CO;21;4532; ; ;1;1;1;0;0;0;0;0;0;0;0;0;0;0;0;0;0;12156;LUIZ AYRES, RUA DR;;;5;ARTUR ALVIM;1;0
D041300802;27855;PIRAPORA, ES DE;;;800;;22/04/2013 20:22;2;CO;46;3749; ; ;2;0;0;0;0;0;0;0;0;0;0;0;0;0;0;0;0;27855;PIRAPORA, ES DE;;;52;MARSILAC;1;0
D041301698;12403;M'BOI MIRIM, ES;;;2296;;22/04/2013 20:23;2;CO;92;5100; ; ;0;1;1;0;0;0;0;0;0;0;0;0;0;0;0;0;0;12403;M'BOI MIRIM, ES;;;42;JARDIM ANGELA;2;0
D041301400;12156;LUIZ AYRES, RUA DR;;;100;;22/04/2013 20:25;2;CT;21;4524; ; ;1;1;0;0;0;0;0;0;0;0;0;0;0;0;0;0;0;12156;LUIZ AYRES, RUA DR;;;5;ARTUR ALVIM;1;0
D041302029;2878;BARREIRA GRANDE, AV DA;76079;JOSUE CARMINO BRUNO, RUA;0;;22/04/2013 21:00;2;CO;41;900044; ; ;1;1;1;0;0;0;0;0;0;0;0;0;0;0;0;0;0;2878;BARREIRA GRANDE, AV DA;76079;JOSUE CARMINO BRUNO, RUA;78;SAPOPEMBA;1;0
D041301755;14743;SABARA, AV NSRA DO;;;2883;;22/04/2013 21:35;4;AT;99;4484; ; ;1;0;0;0;0;0;0;0;0;0;0;0;0;0;0;0;0;14743;SABARA, AV NSRA DO;;;16;CAMPO GRANDE;1;0
D041301756;14743;SABARA, AV NSRA DO;;;1200;;22/04/2013 21:50;4;AT;99;4486; ; ;1;0;0;0;0;0;0;0;0;0;0;0;0;0;0;0;1;14743;SABARA, AV NSRA DO;;;16;CAMPO GRANDE;1;0
D041300208;15967;PEDRO I, AV DOM;9148;INDEPENDENCIA (CAMBUCI), RUA DA;0;;22/04/2013 22:00;2;CO;6;3080; ; ;0;2;0;0;0;0;0;0;0;0;0;0;0;0;0;0;0;9148;INDEPENDENCIA (CAMBUCI), RUA DA;15967;PEDRO I, AV DOM;14;CAMBUCI;1;0
D041300511;609;ALENCAR ARARIPE, RUA;2121;ARAUJO GONDIM, RUA;0;;22/04/2013 22:36;2;CO;95;3496; ; ;0;1;1;0;0;0;0;0;0;0;0;0;0;0;0;0;0;609;ALENCAR ARARIPE, RUA;2121;ARAUJO GONDIM, RUA;69;SACOMA;2;0
D041300178;6070;DONATARIOS, RUA DOS;4014;CAMPINEIROS, RUA DOS;0;;22/04/2013 22:37;2;CO;8;3082; ; ;1;1;0;0;0;0;0;0;0;0;0;0;0;0;0;0;0;4014;CAMPINEIROS, RUA DOS;6070;DONATARIOS, RUA DOS;54;MOOCA;1;0
D041301530;4736;CELSO GARCIA, AV;4632;CATUMBI, RUA;0;;22/04/2013 23:37;2;CO;81;2301; ; ;1;1;0;0;0;0;0;0;0;0;0;0;0;0;0;0;0;4736;CELSO GARCIA, AV;17613;SALDANHA MARINHO, RUA;8;BELEM;1;0
D041301125;14767;NOVA CANTAREIRA, AV;;;683;;23/04/2013 00:26;2;CO;20;3661; ; ;0;1;0;0;0;0;0;0;0;0;0;0;0;0;0;1;0;14767;NOVA CANTAREIRA, AV;;;83;TREMEMBE;1;0
D041301359;43777;CARVALHO PINTO, AV GOV;13881;MIGUEL, AV S;0;;23/04/2013 00:30;2;CL;10;4300; ; ;0;1;0;0;0;0;0;0;0;0;0;1;0;0;0;0;0;13881;MIGUEL, AV S;43777;CARVALHO PINTO, AV GOV;60;PENHA;1;0
D041301494;7497;FRANCISCO MESQUITA, AV DR;;;1000;;23/04/2013 02:00;4;AT;56;2607; ; ;1;0;0;0;0;0;0;0;0;0;0;0;0;0;0;0;0;7497;FRANCISCO MESQUITA, AV DR;;;95;VILA PRUDENTE;1;0
D041300049;17799;SANTOS DUMONT, AV;7364;FRANCISCO BORGES, RUA;0;;23/04/2013 05:37;2;QD;2;2323; ; ;0;0;0;0;0;0;0;1;0;0;0;0;0;0;0;0;0;7364;FRANCISCO BORGES, RUA;17799;SANTOS DUMONT, AV;9;BOM RETIRO;1;0
D041301803;2483;ATLANTICA ANT. ROBERT KENNEDY, AV;;;3000;;23/04/2013 06:04;2;CO;102;1104; ; ;1;0;0;0;0;0;0;0;0;0;0;1;0;0;0;0;0;2483;ATLANTICA ANT. ROBERT KENNEDY, AV;;;23;CIDADE DUTRA;3;0
D041302000;37209;NAGIB FARAH MALUF, AV;;;1500;;23/04/2013 06:20;4;AT;103;1666; ; ;1;0;0;0;0;0;0;0;0;0;0;0;0;0;0;0;0;37209;NAGIB FARAH MALUF, AV;;;50;LIMAO;1;0
D041302101;45354;SARA KUBITSCHEK, RUA;45362;CADERNOS DE VIAGEM, RUA;0;;23/04/2013 06:55;2;CO;54;2262; ; ;1;1;0;0;0;0;0;0;0;0;0;0;0;0;0;0;0;45354;SARA KUBITSCHEK, RUA;45369;CONTO DE AREIA, RUA;25;CIDADE TIRADENT;1;0
D041301565;10918;JOSE DINIZ, AV VER;;;324;;23/04/2013 07:00;2;QM;11;4500; ; ;0;1;0;0;0;0;0;0;0;0;0;0;0;0;0;0;0;10918;JOSE DINIZ, AV VER;;;15;CAMPO BELO;2;0
D041301677;4754;AGOSTINHO RUBIN, AV;;;491;;23/04/2013 07:10;2;SI;92;2528; ; ;1;1;0;0;0;0;0;0;0;0;0;0;0;0;0;0;0;4754;AGOSTINHO RUBIN, AV;;;19;CAPAO REDONDO;1;0
D041301899;4106;CANDIDO GOMIDE, RUA;17857;SARDOA, RUA;0;;23/04/2013 07:10;2;CO;50;5527; ; ;1;1;0;0;0;0;0;0;0;0;0;0;0;0;0;0;0;4106;CANDIDO GOMIDE, RUA;17857;SARDOA, RUA;35;ITAIM PAULISTA;1;0
D041300987;14270;MORVAN DIAS DE FIGUEIREDO, AV;;;350;;23/04/2013 07:20;2;QM;9;1544; ; ;0;1;0;0;0;0;0;0;0;0;0;0;0;0;0;0;0;29772;MARGINAL DO RIO TIETE, AV;;;0;NULL;1;0
D041301636;9220;INTERLAGOS, AV;;;5073;;23/04/2013 07:26;2;SI;48;1547; ; ;1;1;0;0;0;0;0;0;0;0;0;0;0;0;0;0;0;9220;INTERLAGOS, AV;;;16;CAMPO GRANDE;1;0
D041301313;18594;TAIPAS, ES;;;1800;;23/04/2013 07:27;2;CF;74;1790; ; ;0;1;0;0;0;0;0;0;0;0;0;1;0;0;0;0;0;18594;TAIPAS, ES;;;52;MARSILAC;1;0
D041301570;6238;NACOES UNIDAS, AV DAS;;;17890;;23/04/2013 07:30;2;CO;11;4580; ; ;1;1;0;0;0;0;0;0;0;0;0;0;0;0;0;0;0;13014;MARGINAL DO RIO PINHEIROS, AV;;;90;VILA LEOPOLDINA;1;0
D041300664;4561;CASTELO BRANCO, AV PRES;;;0;PROXIMO  - PTE.JULIO ;23/04/2013 07:30;2;TB;23;2229; ; ;0;0;0;0;0;0;0;0;0;0;0;1;0;0;0;0;0;29772;MARGINAL DO RIO TIETE, AV;;;6;BARRA FUNDA;1;0
D041301566;1085;AMERICO BRASILIENSE, RUA;9103;INACIO BORBA, RUA;0;;23/04/2013 07:30;2;CL;11;4505; ; ;1;1;0;0;0;0;0;0;0;0;0;0;0;0;0;0;0;1085;AMERICO BRASILIENSE, RUA;9103;INACIO BORBA, RUA;72;SANTO AMARO;1;0
D041300822;16878;RAPOSO TAVARES, VIA;;;0;QUILOMETRO  - 10,500;23/04/2013 07:40;2;CH;51;1830; ; ;1;0;0;0;0;0;0;0;0;0;0;0;0;0;0;0;0;16878;RAPOSO TAVARES, VIA;;;13;CACHOEIRINHA;1;0
D041301859;98965;CALIM EID, AV;;;439;;23/04/2013 07:50;2;CO;24;4783; ; ;2;0;0;0;0;0;0;0;0;0;0;0;0;0;0;0;0;98965;CALIM EID, AV;;;60;PENHA;1;0
D041302090;46936;JACU-PESSEGO/NOVA TRABALHADORE, AV;;;177;;23/04/2013 07:55;2;CO;53;2742; ; ;1;1;0;0;0;0;0;0;0;0;0;0;0;0;0;0;0;46936;JACU-PESSEGO/NOVA TRABALHADORE, AV;;;46;JOSE BONIFACIO;1;0
D041301475;15304;PAES DE BARROS, AV;15275;PACHECO E CHAVES, RUA CAP;0;;23/04/2013 08:05;2;CT;56;720; ; ;1;0;1;0;0;0;0;0;0;0;0;0;0;0;0;0;0;15275;PACHECO E CHAVES, RUA CAP;15304;PAES DE BARROS, AV;95;VILA PRUDENTE;1;0
D041300485;13915;MIGUEL ESTEFANO, AV;;;3900;;23/04/2013 08:09;2;CO;83;963; ; ;0;1;0;0;0;0;0;0;0;0;0;1;0;0;0;0;0;13915;MIGUEL ESTEFANO, AV;;;27;CURSINO;1;0
D041301214;6475;ALDEIA VINTE DE SETEMBRO, RUA;;;594;;23/04/2013 08:30;2;CF;39;1886; ; ;1;0;0;0;0;0;0;0;0;0;0;1;0;0;0;0;0;6475;ALDEIA VINTE DE SETEMBRO, RUA;;;94;VILA MEDEIROS;2;0
D041300126;33667;LESTE-OESTE, LIG;;;0;PROXIMO  - VD.JACEGUA;23/04/2013 08:44;2;CL;5;2190; ; ;1;1;0;0;0;0;0;0;0;0;0;0;0;0;0;0;0;33667;LESTE-OESTE, LIG;;;2;ALTO DE PINHEIR;1;0
D041300878;5680;JOAQUIM DE SANTANA, AV;;;202;;23/04/2013 09:00;4;AT;75;3604; ; ;0;0;0;0;0;0;0;0;0;0;0;0;0;0;0;1;0;5680;JOAQUIM DE SANTANA, AV;;;66;RAPOSO TAVARES;1;0
D041302067;9044;RAGUEB CHOHFI, AV;;;2000;;23/04/2013 09:00;2;CO;49;5223; ; ;1;1;0;0;0;0;0;0;0;0;0;0;0;0;0;0;0;9044;RAGUEB CHOHFI, AV;;;32;IGUATEMI;2;0
D041301176;9170;INES, AV STA;;;1001;;23/04/2013 09:28;4;AT;38;2050; ; ;1;0;0;0;0;0;0;0;0;0;0;0;0;0;0;0;0;9170;INES, AV STA;;;51;MANDAQUI;1;0
D041301941;10340;JOAO JOSE RODRIGUES, RUA;;;64;;23/04/2013 10:00;2;CO;63;3091; ; ;1;1;0;0;0;0;0;0;0;0;0;0;0;0;0;0;0;10340;JOAO JOSE RODRIGUES, RUA;;;76;SAO MIGUEL;1;0
D041301006;1039;AMAZONAS DA SILVA, RUA;10497;JOAO VENTURA BATISTA, RUA;0;;23/04/2013 11:15;2;CO;9;2372; ; ;1;0;0;1;0;0;0;0;0;0;0;0;0;0;0;0;0;1039;AMAZONAS DA SILVA, RUA;10497;JOAO VENTURA BATISTA, RUA;88;VILA GUILHERME;1;0
D041300502;1247;ANCHIETA, VIA;;;10850;;23/04/2013 11:45;2;CO;95;1912; ; ;3;0;0;0;0;0;0;0;0;0;0;0;0;0;0;1;0;1247;ANCHIETA, VIA;;;33;IPIRANGA;1;0
D041300080;17115;RIO BRANCO, AV;;;409;;23/04/2013 11:55;4;AT;3;3328; ; ;0;0;0;0;0;0;0;0;0;0;0;1;0;0;0;0;0;17115;RIO BRANCO, AV;;;5;ARTUR ALVIM;1;0
D041302136;17135;RIO DAS PEDRAS, AV;14875;ODILON PIRES, AV;0;;23/04/2013 12:00;2;CF;66;3373; ; ;0;1;0;0;0;0;0;0;0;0;0;1;0;0;0;0;0;14875;ODILON PIRES, AV;17135;RIO DAS PEDRAS, AV;4;ARICANDUVA;1;0
D041302147;17135;RIO DAS PEDRAS, AV;14875;ODILON PIRES, AV;0;;23/04/2013 12:00;2;CF;66;3373; ; ;0;1;0;0;0;0;0;0;0;0;0;1;0;0;0;0;0;14875;ODILON PIRES, AV;17135;RIO DAS PEDRAS, AV;4;ARICANDUVA;1;0
D041301757;6238;NACOES UNIDAS, AV DAS;;;20800;;23/04/2013 12:30;2;CO;99;4509; ; ;1;1;0;0;0;0;0;0;0;0;0;0;0;0;0;0;0;13014;MARGINAL DO RIO PINHEIROS, AV;;;90;VILA LEOPOLDINA;1;0
D041300324;15914;PEDRO DE TOLEDO, RUA;;;270;;23/04/2013 12:36;4;AT;16;5375; ; ;1;0;0;0;0;0;0;0;0;0;0;0;0;0;0;0;0;15914;PEDRO DE TOLEDO, RUA;;;24;CIDADE LIDER;1;0
D041300259;2889;BARROS, AL;;;922;;23/04/2013 12:50;4;AT;77;1656; ; ;0;1;0;0;0;0;0;0;0;0;0;0;0;0;0;0;0;2889;BARROS, AL;;;70;SANTA CECILIA;1;0
D041302192;2850;BARONESA, ES DA;;;58;;23/04/2013 12:56;2;CH;100;2137; ; ;1;1;0;0;0;0;0;0;0;0;0;0;0;0;0;0;0;2850;BARONESA, ES DA;;;42;JARDIM ANGELA;0;1
D041300734;43189;JACOB SALVADOR ZVEIBIL, AV DEP;;;10;;23/04/2013 13:00;2;QM;34;2453; ; ;0;1;0;0;0;0;0;0;0;0;0;0;0;0;0;0;0;43189;JACOB SALVADOR ZVEIBIL, AV DEP;;;13;CACHOEIRINHA;1;0
D041301510;11756;LEONETA, RUA;;;25;;23/04/2013 13:01;2;CO;58;910; ; ;1;1;0;0;0;0;0;0;0;0;0;0;0;0;0;0;0;11756;LEONETA, RUA;;;87;VILA FORMOSA;1;0
D041300347;2223;ARLINDO VIEIRA, AV PDE;18297;SIMAO LOPES, RUA;0;;23/04/2013 13:04;4;AT;26;3501; ; ;0;0;0;0;0;0;0;1;0;0;0;0;0;0;0;0;0;2223;ARLINDO VIEIRA, AV PDE;18297;SIMAO LOPES, RUA;69;SACOMA;1;0
D041302269;75469;FELIPE PEDRELL, AV;;;72;;23/04/2013 13:15;2;CH;48;1552; ; ;1;0;0;0;0;0;0;0;0;0;0;0;0;0;0;0;0;75469;FELIPE PEDRELL, AV;;;32;IGUATEMI;2;1
D041300783;98889;FRANCISCO PERAZA, RUA;;;9999;;23/04/2013 13:19;2;CO;46;1928; ; ;0;0;0;1;1;0;0;0;0;0;0;0;0;0;0;0;0;98889;FRANCISCO PERAZA, RUA;;;3;ANHANGUERA;1;0
D041302091;36318;OSVALDO PUCCI, AV;;;621;;23/04/2013 13:30;2;CT;53;2746; ; ;1;0;0;0;0;0;0;0;0;0;0;2;0;0;0;0;0;36318;OSVALDO PUCCI, AV;;;5;ARTUR ALVIM;1;0
D041301367;44299;AIRTON PRETINI, AV;69518;CID GALVAO DA SILVA, RUA VER;0;;23/04/2013 13:30;2;CO;10;4554; ; ;2;0;0;0;0;0;0;0;0;0;0;0;0;0;0;0;0;44299;AIRTON PRETINI, AV;69518;CID GALVAO DA SILVA, RUA VER;60;PENHA;1;0
D041300531;19100;BANDEIRANTES, AV DOS;;;1054;;23/04/2013 13:43;2;SI;96;1875; ; ;1;0;0;1;0;0;0;0;0;0;0;0;0;0;0;0;0;19100;BANDEIRANTES, AV DOS;;;24;CIDADE LIDER;4;0
D041300031;8029;GLORIA, RUA DA;9032;IGUAPE, RUA BR DE;0;;23/04/2013 14:15;2;CO;1;90023; ; ;1;1;0;0;0;0;0;0;0;0;0;0;0;0;0;0;0;8029;GLORIA, RUA DA;9032;IGUAPE, RUA BR DE;49;LIBERDADE;2;0
D041300231;6642;ESTADO, AV DO;;;2770;;23/04/2013 14:20;4;AT;12;2269; ; ;0;1;0;0;0;0;0;0;0;0;0;0;0;0;0;0;0;6642;ESTADO, AV DO;;;9;BOM RETIRO;1;0
D041300418;4468;CARNAUBEIRAS, RUA DAS;8285;VOLKSWAGEN, RUA;0;;23/04/2013 14:30;4;AT;35;3509; ; ;1;0;0;0;0;0;0;0;0;0;0;0;0;0;0;0;0;4468;CARNAUBEIRAS, RUA DAS;8285;VOLKSWAGEN, RUA;37;JABAQUARA;1;0
D041300364;19692;VIEIRA DE MORAIS, RUA;11526;REPUBLICA DO IRAQUE, RUA;0;;23/04/2013 15:26;2;CO;27;4223; ; ;1;1;0;0;0;0;0;0;0;0;0;0;0;0;0;0;0;11526;REPUBLICA DO IRAQUE, RUA;19692;VIEIRA DE MORAIS, RUA;15;CAMPO BELO;1;0
D041301430;34122;MELO FREIRE, RUA;;;100;;23/04/2013 15:30;2;SI;30;2229; ; ;1;1;0;0;0;0;0;0;0;0;0;0;0;0;0;0;0;34122;MELO FREIRE, RUA;;;27;CURSINO;1;0
D041302037;16443;POA, ES DE;;;30;;23/04/2013 15:45;2;CO;44;2469; ; ;0;1;0;0;0;0;0;0;0;0;0;0;0;0;0;0;0;16443;POA, ES DE;;;50;LIMAO;1;0
D041301873;17563;SABBADO D'ANGELO, RUA;;;1117;;23/04/2013 16:00;4;AT;32;2534; ; ;1;0;0;0;0;0;0;0;0;0;0;0;0;0;0;0;0;17563;SABBADO D'ANGELO, RUA;;;36;ITAQUERA;1;0
D041300980;34348;MARGINAL ESQUERD RIO PINHEIROS, AV;;;0;PROXIMO  - PQ.VILLA L;23/04/2013 16:30;2;CO;93;2754; ; ;1;2;0;0;0;0;0;0;0;0;0;0;0;0;0;0;0;13014;MARGINAL DO RIO PINHEIROS, AV;;;40;JAGUARE;1;0
D041300419;8459;CORIOLANO DURAND, RUA;;;500;;23/04/2013 17:00;2;CO;35;3514; ; ;1;1;0;0;0;0;0;0;0;0;0;0;0;0;0;0;0;8459;CORIOLANO DURAND, RUA;;;37;JABAQUARA;1;0
D041302273;35858;GUIDO CALOI, AV;;;100;;23/04/2013 17:10;2;CO;92;5115; ; ;4;0;0;0;0;0;0;0;0;0;0;0;0;0;0;0;0;35858;GUIDO CALOI, AV;;;32;IGUATEMI;0;1
D041300365;10918;JOSE DINIZ, AV VER;10076;JESUINO MACIEL, RUA DR;0;;23/04/2013 17:24;4;AT;27;4224; ; ;1;0;0;0;0;0;0;0;0;0;0;0;0;0;0;0;0;10076;JESUINO MACIEL, RUA DR;10918;JOSE DINIZ, AV VER;15;CAMPO BELO;1;0
D041300604;18813;TEODORO SAMPAIO, RUA;;;2049;;23/04/2013 17:30;4;AT;14;3966; ; ;1;0;0;0;0;0;0;0;0;0;0;0;0;0;0;0;0;18813;TEODORO SAMPAIO, RUA;;;20;CARRAO;1;0
D041302043;72670;INACIO MONTEIRO, RUA;;;901;;23/04/2013 18:00;2;CO;44;2762; ; ;1;1;0;0;0;0;0;0;0;0;0;0;0;0;0;0;0;72670;INACIO MONTEIRO, RUA;;;50;LIMAO;1;0
D041300605;8714;HENRIQUE SCHAUMANN, RUA;;;350;;23/04/2013 18:06;4;AT;14;3967; ; ;0;1;0;0;0;0;0;0;0;0;0;0;0;0;0;0;0;8714;HENRIQUE SCHAUMANN, RUA;;;63;PINHEIROS;1;0
D041300792;7153;FIORELLI PECCICACCO, RUA;;;481;;23/04/2013 18:15;2;CO;46;2092;B; ;1;1;0;0;0;0;0;0;0;0;0;0;0;0;0;0;0;7153;FIORELLI PECCICACCO, RUA;;;62;PERUS;1;0
D041300612;71984;ELISA MONTEIRO DE B.CAVALCANTI, RUA;;;0;NADA CONSTA ;23/04/2013 18:20;2;CO;14;4001; ; ;1;1;0;0;0;0;0;0;0;0;0;0;0;0;0;0;0;71984;ELISA MONTEIRO DE B.CAVALCANTI, RUA;;;38;JACANA;1;0
D041302254;36081;ALBERTO BADRA, VD ENG;;;0;PROXIMO  - AV.ARICAND;23/04/2013 18:45;2;CL;10;4572;C; ;1;1;0;1;0;0;0;0;0;0;0;0;0;0;0;0;0;36081;ALBERTO BADRA, VD ENG;;;27;CURSINO;0;1
D041301812;2483;ATLANTICA ANT. ROBERT KENNEDY, AV;;;3686;;23/04/2013 19:15;2;CL;102;4529; ; ;1;1;0;0;0;0;0;0;0;0;0;0;0;0;0;0;0;2483;ATLANTICA ANT. ROBERT KENNEDY, AV;;;23;CIDADE DUTRA;1;0
D041300069;17115;RIO BRANCO, AV;8536;GUSMOES, RUA DOS;0;;23/04/2013 19:15;4;AT;3;2338;C; ;0;1;0;0;0;0;0;0;0;0;0;0;0;0;0;0;0;8536;GUSMOES, RUA DOS;17115;RIO BRANCO, AV;67;REPUBLICA;1;0
D041300932;14611;ERNEST RENAN, RUA;;;0;NADA CONSTA ;23/04/2013 19:28;2;QD;89;3405; ; ;0;0;1;0;0;0;0;0;0;0;0;0;0;0;0;0;0;14611;ERNEST RENAN, RUA;;;55;MORUMBI;1;0
D041300070;700;ALFREDO ISSA, PCA;;;0;PROXIMO  - GARAGEM DO;23/04/2013 19:49;4;AT;3;2339; ; ;1;0;0;0;0;0;0;0;0;0;0;0;0;0;0;0;0;700;ALFREDO ISSA, PCA;;;67;REPUBLICA;1;0
D041301758;9220;INTERLAGOS, AV;;;2068;;23/04/2013 19:53;2;CO;99;4520; ; ;0;1;0;0;0;0;0;0;0;0;0;0;0;0;0;0;0;9220;INTERLAGOS, AV;;;16;CAMPO GRANDE;1;0
D041301927;14094;MOGI DAS CRUZES, ES DE;;;1000;;23/04/2013 20:00;2;CO;62;4336; ; ;1;1;0;0;0;0;0;0;0;0;0;0;0;0;0;0;0;14094;MOGI DAS CRUZES, ES DE;;;65;PONTE RASA;2;0
D041301069;20066;ZILDA, RUA;5738;DARIO RIBEIRO, RUA PROF;0;;23/04/2013 21:05;2;CO;13;4425; ; ;0;2;0;0;0;0;0;0;0;0;0;0;0;0;0;0;0;5738;DARIO RIBEIRO, RUA PROF;20066;ZILDA, RUA;21;CASA VERDE;1;0
D041302191;15507;TEOTONIO VILELA, AV SEN;;;4000;;23/04/2013 21:19;2;CL;101;2990; ; ;1;1;0;0;0;0;0;0;0;0;0;0;0;0;0;0;0;15507;TEOTONIO VILELA, AV SEN;;;23;CIDADE DUTRA;0;1
D041300981;831;ALTINO, AV PRES;6101;DRACENA, AV;0;;23/04/2013 21:30;2;CO;93;2770; ; ;1;1;0;0;0;0;0;0;0;0;0;0;0;0;0;0;0;831;ALTINO, AV PRES;6101;DRACENA, AV;40;JAGUARE;1;0
D041302255;17824;SAPOPEMBA, AV;;;18841;;23/04/2013 21:39;2;CL;49;5561;B; ;0;0;1;0;1;0;0;0;0;0;0;0;0;0;0;0;0;17824;SAPOPEMBA, AV;;;33;IPIRANGA;0;1
D041301895;43625;BETULA NEGRA, RUA;;;139;;23/04/2013 21:57;2;CF;50;5069; ; ;1;1;0;0;0;0;0;0;0;0;0;0;0;0;0;0;0;43625;BETULA NEGRA, RUA;;;54;MOOCA;1;0
D041300143;15656;PAULISTA, AV;;;140;;23/04/2013 21:58;2;QD;5;3295; ; ;0;0;1;0;0;0;0;0;0;0;0;0;0;0;0;0;0;15656;PAULISTA, AV;;;7;BELA VISTA;1;0
D041300209;11224;JOSE VICENTE NOBREGA, PCA;;;0;NADA CONSTA ;23/04/2013 22:01;2;CH;6;3119; ; ;2;0;0;0;0;0;0;0;0;0;0;0;0;0;0;0;0;11224;JOSE VICENTE NOBREGA, PCA;;;14;CAMBUCI;1;0
D041301297;15445;PARAISO, RUA DO;;;37;;23/04/2013 22:30;2;CH;73;4248; ; ;1;1;0;0;0;0;0;0;0;0;0;0;0;0;0;0;0;15445;PARAISO, RUA DO;;;2;ALTO DE PINHEIR;1;0
D041300581;12436;MACEDO SOARES, AV EMB;;;6693;;23/04/2013 23:00;2;CO;7;2773; ; ;1;1;0;0;0;0;0;0;0;0;0;0;0;0;0;0;0;29772;MARGINAL DO RIO TIETE, AV;;;48;LAPA;2;0
D041300071;19764;VINTE E TRES DE MAIO, AV;;;0;NADA CONSTA ;23/04/2013 23:00;2;CT;3;2340; ; ;0;1;0;1;0;0;0;0;0;0;0;0;0;0;0;0;0;19764;VINTE E TRES DE MAIO, AV;;;17;CAMPO LIMPO;1;0
D041300179;19163;TRILHOS, RUA DOS;;;1451;;23/04/2013 23:05;2;CT;8;3125; ; ;1;1;0;0;0;0;0;0;0;0;0;0;0;0;0;0;0;19163;TRILHOS, RUA DOS;;;54;MOOCA;1;0
D041301567;19844;VITOR MANZINI, AV;;;180;;23/04/2013 23:30;2;CO;11;4528; ; ;1;1;0;0;0;0;0;0;0;0;0;0;0;0;0;0;0;19844;VITOR MANZINI, AV;;;29;FREGUESIA DO O;2;0
D041300678;8615;HEITOR PENTEADO, RUA;;;100;;23/04/2013 23:35;2;CH;23;2772; ; ;0;1;0;0;0;0;0;0;0;0;0;0;0;0;0;0;0;8615;HEITOR PENTEADO, RUA;;;61;PERDIZES;1;0
D041300751;12502;MAGALHAES DE CASTRO, AV;;;0;NADA CONSTA ;23/04/2013 23:53;2;CO;34;3416; ; ;0;1;0;0;0;0;0;0;0;0;0;0;0;0;0;1;0;13014;MARGINAL DO RIO PINHEIROS, AV;;;12;BUTANTA;1;0
D041301514;141;ACURUI, RUA;;;20;;24/04/2013 00:16;2;CO;58;2328; ; ;1;1;0;0;0;0;0;0;0;0;0;0;0;0;0;0;0;141;ACURUI, RUA;;;87;VILA FORMOSA;2;0
D041300645;12326;JUSCELINO KUBITSCHEK, AV PRES;5105;CLODOMIRO AMAZONAS, RUA;0;;24/04/2013 00:20;2;CL;15;3978; ; ;1;1;0;0;0;0;0;0;0;0;0;0;0;0;0;0;0;5105;CLODOMIRO AMAZONAS, RUA;12326;JUSCELINO KUBITSCHEK, AV PRES;34;ITAIM BIBI;1;0
D041300803;18262;SILVIO DE CAMPOS, AV DR;;;722;;24/04/2013 02:25;4;AT;46;3780;C; ;1;0;0;0;0;0;0;0;0;0;0;0;0;0;0;0;0;18262;SILVIO DE CAMPOS, AV DR;;;  ;;1;0