id_acidente;codloga;logradouroA;codlogb;logradouroB;alt_num;referencia;data;cod_acid;tipo_acidente;dp;numero_BO;sentido;pista;automovel;moto;onibus;caminhao;bicicleta;moto_taxi;onibus_fretado;onibus_urbano;microonibus;van;vuc;caminhonete;carreta;jipe;outros;sem_informacao;carroca;princ_a;paiA;princ_b;paiB;cod_distrito;distrito;vit_ferida;vit_morta
D041300471;19764;VINTE E TRES DE MAIO, AV;;;0;QUILOMETRO  - 3,4;28/04/2013 09:30;2;CO;36;4420; ; ;2;0;0;0;0;0;0;0;0;0;0;0;0;0;0;0;0;19764;VINTE E TRES DE MAIO, AV;;;17;CAMPO LIMPO;1;0
D041301639;2031;JOSE CARLOS PACE, AV;;;200;;28/04/2013 09:52;2;CL;48;3124; ; ;0;0;0;0;1;0;0;0;0;0;0;1;0;0;0;0;0;2031;JOSE CARLOS PACE, AV;;;81;SOCORRO;1;0
D041301943;46936;JACU-PESSEGO/NOVA TRABALHADORE, AV;;;3579;;28/04/2013 10:15;2;CH;63;3257; ; ;1;0;0;0;0;0;0;0;0;0;0;0;0;0;0;0;0;46936;JACU-PESSEGO/NOVA TRABALHADORE, AV;;;46;JOSE BONIFACIO;2;0
D041300846;8603;HEITOR ANTONIO EIRAS GARCIA, AV ENG;;;400;;28/04/2013 10:40;2;CO;51;4161; ; ;1;0;0;0;1;0;0;0;0;0;0;0;0;0;0;0;0;8603;HEITOR ANTONIO EIRAS GARCIA, AV ENG;;;68;RIO PEQUENO;1;0
D041301944;9806;PIRES DO RIO, AV;;;3530;;28/04/2013 11:05;2;CO;63;3261; ; ;1;1;0;0;0;0;0;0;0;0;0;0;0;0;0;0;0;9806;PIRES DO RIO, AV;;;76;SAO MIGUEL;2;0
D041301629;9529;ITAPECERICA, ES DE;;;8056;;28/04/2013 11:10;4;AT;47;5304; ; ;0;1;0;0;0;0;0;0;0;0;0;0;0;0;0;0;0;9529;ITAPECERICA, ES DE;;;29;FREGUESIA DO O;1;0
D041300492;43217;SILAS, RUA;;;76;;28/04/2013 12:00;2;CF;83;3850; ; ;0;2;0;0;0;0;0;0;0;0;0;0;0;0;0;0;0;43217;SILAS, RUA;;;21;CASA VERDE;2;0
D041301335;11073;JOSE MARIA FERNANDES, AV;15232;OTTO UNGER, RUA SOLD;0;;28/04/2013 12:15;2;CO;90;4409; ; ;2;0;0;0;0;0;0;0;0;0;0;0;0;0;0;0;0;11073;JOSE MARIA FERNANDES, AV;22882;JOAO AMERICO DA SILVA, RUA SOLD;91;VILA MARIA;1;0
D041300618;2350;ARTUR DE AZEVEDO, RUA;10518;JOAQUIM ANTUNES, RUA;0;;28/04/2013 12:28;2;CO;14;4171; ; ;1;0;0;0;0;0;0;0;0;0;0;1;0;0;0;0;0;2350;ARTUR DE AZEVEDO, RUA;10518;JOAQUIM ANTUNES, RUA;63;PINHEIROS;1;0
D041300648;14804;NOVE DE JULHO, AV;10189;JOAO CACHOEIRA, RUA;0;;28/04/2013 12:56;2;CO;15;4175; ; ;1;1;0;0;0;0;0;0;0;0;0;0;0;0;0;0;0;10189;JOAO CACHOEIRA, RUA;14804;NOVE DE JULHO, AV;34;ITAIM BIBI;2;0
D041302236;98921;REGINA GARBA, RUA;;;62;;28/04/2013 12:59;4;AT;14;4301; ; ;1;0;0;0;0;0;0;0;0;0;0;0;0;0;0;0;0;98921;REGINA GARBA, RUA;;;41;JARAGUA;0;1
D041301965;3994;CAMPANELLA, AV;;;91;;28/04/2013 13:00;2;CF;64;4536; ; ;1;1;0;0;0;0;0;0;0;0;0;0;0;0;0;0;0;3994;CAMPANELLA, AV;;;36;ITAQUERA;1;0
D041301465;16826;RAIMUNDO, RUA S;7545;FRANCISCO REBELO, RUA;0;;28/04/2013 13:56;4;AT;42;2767;C; ;0;0;0;0;0;0;0;0;0;0;0;1;0;0;0;0;0;7545;FRANCISCO REBELO, RUA;16826;RAIMUNDO, RUA S;95;VILA PRUDENTE;1;0
D041301248;70132;JOAO PINTO DE OLIVEIRA, RUA;;;74;;28/04/2013 14:02;2;CO;45;3807; ; ;0;0;0;0;1;0;0;1;0;0;0;0;0;0;0;0;0;70132;JOAO PINTO DE OLIVEIRA, RUA;;;40;JAGUARE;1;0
D041300433;6809;ATOS DAMASCENO, RUA;;;100;;28/04/2013 14:10;2;CO;35;5641;C; ;1;1;0;0;0;0;0;0;0;0;0;0;0;0;0;0;0;6809;ATOS DAMASCENO, RUA;;;37;JABAQUARA;1;0
D041302105;25741;JAIME OVALE, RUA;;;0;PROXIMO  - AV.DOS MET;28/04/2013 15:20;4;AT;54;5818; ; ;1;0;0;0;0;0;0;0;0;0;0;0;0;0;0;0;0;25741;JAIME OVALE, RUA;;;25;CIDADE TIRADENT;1;0
D041301655;5383;CORREIO PAULISTANO, RUA;;;18;;28/04/2013 15:20;4;AT;80;4525; ; ;0;1;0;0;0;0;0;0;0;0;0;0;0;0;0;0;0;5383;CORREIO PAULISTANO, RUA;;;22;CIDADE ADEMAR;1;0
D041302093;2181;ARICANDUVA, AV;60675;AFONSO DE SAMPAIO E SOUSA, AV;0;;28/04/2013 15:22;2;CO;53;2922; ; ;1;1;0;0;0;0;0;0;0;0;0;0;0;0;0;0;0;2181;ARICANDUVA, AV;60675;AFONSO DE SAMPAIO E SOUSA, AV;75;SAO MATEUS;2;0
D041302044;72670;INACIO MONTEIRO, RUA;;;1100;;28/04/2013 16:11;4;AT;44;2919; ; ;1;0;0;0;0;0;0;0;0;0;0;0;0;0;0;0;0;72670;INACIO MONTEIRO, RUA;;;50;LIMAO;1;0
D041301198;8736;HERISON, RUA;;;0;PROXIMO  - R LIESTAL;28/04/2013 16:25;2;CH;38;3810; ; ;1;1;0;0;0;0;0;0;0;0;0;0;0;0;0;0;0;8736;HERISON, RUA;;;51;MANDAQUI;1;0
D041301165;3771;INAJAR DE SOUZA, AV;;;1145;;28/04/2013 16:45;4;AT;28;4642; ; ;0;0;0;0;0;0;0;0;0;0;0;1;0;0;0;0;0;3771;INAJAR DE SOUZA, AV;;;50;LIMAO;1;0
D041301701;21981;CRISPO, RUA;;;106;;28/04/2013 17:00;4;AT;92;5309; ; ;1;0;0;0;0;0;0;0;0;0;0;0;0;0;0;0;0;21981;CRISPO, RUA;;;32;IGUATEMI;1;0
D041301702;8368;GUARAPIRANGA, AV;;;200;;28/04/2013 17:10;4;AT;92;5314; ; ;0;0;0;0;0;0;0;0;0;0;0;1;0;0;0;0;0;8368;GUARAPIRANGA, AV;;;45;JARDIM SAO LUIS;1;0
D041302234;70283;DARCY REIS, AV;;;2193;;28/04/2013 17:20;2;CT;14;4183;C; ;2;1;0;0;0;0;0;0;0;0;0;0;0;0;0;0;0;70283;DARCY REIS, AV;;;13;CACHOEIRINHA;0;1
D041301631;9529;ITAPECERICA, ES DE;7832;GASTAO RAMOS, RUA PROF;0;;28/04/2013 17:26;2;CO;47;5340; ; ;1;1;0;0;0;0;0;0;0;0;0;0;0;0;0;0;0;7832;GASTAO RAMOS, RUA PROF;9529;ITAPECERICA, ES DE;19;CAPAO REDONDO;1;0
D041301436;19727;VILELA, RUA;6679;ESTEVAO PERNET, RUA PDE;0;;28/04/2013 18:30;2;CO;30;5855; ; ;1;1;0;0;0;0;0;0;0;0;0;0;0;0;0;0;0;6679;ESTEVAO PERNET, RUA PDE;19727;VILELA, RUA;82;TATUAPE;1;0
D041300582;12436;MACEDO SOARES, AV EMB;;;0;PROXIMO  - PTE.DO RIB;28/04/2013 19:00;2;CT;7;2920; ; ;1;1;0;0;0;0;0;0;0;0;0;0;0;0;0;0;0;29772;MARGINAL DO RIO TIETE, AV;;;48;LAPA;2;0
D041300491;21698;SYLLA MATTOS, AV PROF;;;0;PROXIMO  - R.MANUEL S;28/04/2013 19:20;2;CO;83;3674; ; ;1;1;0;0;0;0;0;0;0;0;0;0;0;0;0;0;0;21698;SYLLA MATTOS, AV PROF;;;18;CANGAIBA;1;0
D041301130;14767;NOVA CANTAREIRA, AV;;;2153;;28/04/2013 19:40;2;CO;20;3870; ; ;2;0;0;0;0;0;0;0;0;0;0;0;0;0;0;0;0;14767;NOVA CANTAREIRA, AV;;;83;TREMEMBE;1;0
D041302274;14767;NOVA CANTAREIRA, AV;;;2153;;28/04/2013 19:40;2;CO;78;515; ; ;2;0;0;0;0;0;0;0;0;0;0;0;0;0;0;0;0;14767;NOVA CANTAREIRA, AV;;;83;TREMEMBE;1;1
D041300711;15325;PAUVA, RUA;;;55;;28/04/2013 19:45;4;AT;33;3961; ; ;0;0;0;0;0;0;0;0;0;0;0;0;0;0;0;1;0;15325;PAUVA, RUA;;;43;JARDIM HELENA;1;0
D041301883;1528;BOTUPORA, RUA;46936;JACU-PESSEGO/NOVA TRABALHADORE, AV;0;;28/04/2013 20:00;2;CO;32;3273; ; ;2;0;0;0;0;0;0;0;0;0;0;0;0;0;0;0;0;1528;BOTUPORA, RUA;46936;JACU-PESSEGO/NOVA TRABALHADORE, AV;36;ITAQUERA;2;0
D041300847;296;AFRANIO PEIXOTO, AV;855;ALVARENGA, RUA;0;;28/04/2013 20:00;2;CO;51;1184; ; ;1;1;0;0;0;0;0;0;0;0;0;0;0;0;0;0;0;296;AFRANIO PEIXOTO, AV;855;ALVARENGA, RUA;12;BUTANTA;1;0
D041300982;831;ALTINO, AV PRES;;;1925;;28/04/2013 20:20;2;CO;93;2826; ; ;1;1;0;0;0;0;0;0;0;0;0;0;0;0;0;0;0;831;ALTINO, AV PRES;;;40;JAGUARE;1;0
D041301403;1702;ANTONIO ESTEVAO DE CARVALHO, AV;;;220;;28/04/2013 20:28;2;CT;21;4750; ; ;1;0;1;0;0;0;0;0;0;0;0;0;0;0;0;0;0;1702;ANTONIO ESTEVAO DE CARVALHO, AV;;;93;VILA MATILDE;6;0
D041301813;8368;GUARAPIRANGA, AV;;;750;;28/04/2013 22:00;2;CO;102;4765; ; ;3;0;0;0;0;0;0;0;0;0;0;0;0;0;0;0;0;8368;GUARAPIRANGA, AV;;;45;JARDIM SAO LUIS;2;0
D041300434;10041;JEQUITIBAS, RUA DOS;;;175;;28/04/2013 22:14;4;AT;35;5653; ; ;0;0;0;0;0;0;0;0;0;0;0;1;0;0;0;0;0;10041;JEQUITIBAS, RUA DOS;;;37;JABAQUARA;1;0
D041301303;6224;EDU CHAVES, AV;;;1076;;28/04/2013 22:15;2;CO;73;4427; ; ;1;1;0;0;0;0;0;0;0;0;0;0;0;0;0;0;0;6224;EDU CHAVES, AV;;;38;JACANA;2;0
D041300688;1429;ANHANGUERA, VIA;;;15;;28/04/2013 22:30;2;CO;33;2924; ; ;2;0;0;0;0;0;0;0;0;0;0;0;0;0;0;0;0;1429;ANHANGUERA, VIA;;;73;SAO DOMINGOS;1;0
D041301029;12290;LUIS RAMOS, RUA CAP;;;438;;28/04/2013 22:54;2;CL;9;3872; ; ;0;0;0;0;1;0;0;0;0;0;0;1;0;0;0;0;0;12290;LUIS RAMOS, RUA CAP;;;88;VILA GUILHERME;1;0
D041301466;5425;COSTA BARROS, RUA;;;1548;;28/04/2013 23:24;2;CO;2;2777; ; ;1;1;0;0;0;0;0;0;0;0;0;0;0;0;0;0;0;5425;COSTA BARROS, RUA;;;95;VILA PRUDENTE;2;0
D041301030;14270;MORVAN DIAS DE FIGUEIREDO, AV;5567;CRUZEIRO DO SUL, AV;0;;29/04/2013 00:00;2;CH;9;3878; ; ;1;0;0;0;0;0;0;0;0;0;0;0;0;0;0;0;0;5567;CRUZEIRO DO SUL, AV;14270;MORVAN DIAS DE FIGUEIREDO, AV;  ;;1;0
D041301824;4409;MOHAMAD IBRAHIN SALEH, RUA;;;800;;29/04/2013 00:30;2;CO;22;2130; ; ;1;1;0;0;0;0;0;0;0;0;0;0;0;0;0;0;0;4409;MOHAMAD IBRAHIN SALEH, RUA;;;76;SAO MIGUEL;2;0
D041302258;9044;RAGUEB CHOHFI, AV;;;5500;;29/04/2013 00:50;2;CH;49;5934;C; ;1;0;0;0;0;0;0;0;0;0;0;0;0;0;0;0;0;9044;RAGUEB CHOHFI, AV;;;32;IGUATEMI;1;1
D041301823;12810;MANUEL GUIMARAES, RUA CAP;15996;PEDRO SOARES DE ANDRADE, RUA;0;;29/04/2013 01:15;2;CO;22;2122; ; ;1;1;0;0;0;0;0;0;0;0;0;0;0;0;0;0;0;12810;MANUEL GUIMARAES, RUA CAP;15996;PEDRO SOARES DE ANDRADE, RUA;76;SAO MIGUEL;2;0
D041301431;19206;TUIUTI, RUA;18068;SERRA DE BRAGANCA, RUA;0;;29/04/2013 01:17;2;CO;30;2320; ; ;1;1;0;0;0;0;0;0;0;0;0;0;0;0;0;0;0;18276;SILVIO ROMERO, PCA;19206;TUIUTI, RUA;82;TATUAPE;1;0
D041301884;46936;JACU-PESSEGO/NOVA TRABALHADORE, AV;;;0;PROXIMO  - CARLOS MAZ;29/04/2013 01:48;4;AT;32;3278; ; ;1;0;0;0;0;0;0;0;0;0;0;0;0;0;0;0;0;46936;JACU-PESSEGO/NOVA TRABALHADORE, AV;;;46;JOSE BONIFACIO;1;0
D041301315;22822;PHILONILIA GOLCALVES DOS SANTO, RUA;;;0;PROXIMO  - EST DO COR;29/04/2013 02:00;2;CH;74;1865; ; ;0;1;0;0;0;0;0;0;0;0;0;0;0;0;0;0;0;22822;PHILONILIA GOLCALVES DOS SANTO, RUA;;;41;JARAGUA;1;0
D041301178;9078;IMIRIM, AV;;;0;NADA CONSTA ;29/04/2013 06:00;2;CO;38;2136; ; ;1;1;0;0;0;0;0;0;0;0;0;0;0;0;0;0;0;9078;IMIRIM, AV;;;71;SANTANA;1;0
D041300786;98963;RODOANEL MARIO COVAS, VIA;;;0;PROXIMO  - ROD.DOS BA;29/04/2013 06:08;2;CO;46;2030; ; ;3;0;0;0;0;0;0;0;0;0;0;0;0;0;0;0;0;98963;RODOANEL MARIO COVAS, VIA;;;62;PERUS;1;0
D041301179;44645;DIREITOS HUMANOS, AV;65776;EMILIA BANDEIRA DE MELO, RUA;0;;29/04/2013 06:15;2;CO;38;2140; ; ;1;1;0;0;0;0;0;0;0;0;0;0;0;0;0;0;0;44645;DIREITOS HUMANOS, AV;65776;EMILIA BANDEIRA DE MELO, RUA;51;MANDAQUI;1;0
D041301945;9084;IMPERADOR, ES DO;;;3589;;29/04/2013 07:00;2;CT;63;3292; ; ;1;0;0;0;0;0;0;1;0;0;0;0;0;0;0;0;0;9084;IMPERADOR, ES DO;;;89;VILA JACUI;5;0
D041300862;16878;RAPOSO TAVARES, VIA;;;19300;;29/04/2013 07:15;2;CO;75;1549; ; ;3;0;0;0;0;0;0;0;0;0;0;0;0;0;0;0;0;16878;RAPOSO TAVARES, VIA;;;13;CACHOEIRINHA;1;0
D041300861;16878;RAPOSO TAVARES, VIA;;;15000;;29/04/2013 07:20;2;CO;75;1455; ; ;0;1;0;0;0;0;0;0;0;0;0;1;0;0;0;0;0;16878;RAPOSO TAVARES, VIA;;;13;CACHOEIRINHA;2;0
D041301075;3813;CAETANO ALVARES, AV ENG;;;3360;;29/04/2013 07:28;4;AT;13;4659;C; ;1;1;0;0;0;0;0;0;0;0;0;0;0;0;0;0;0;3813;CAETANO ALVARES, AV ENG;;;21;CASA VERDE;2;0
D041300423;6347;ELISA SILVEIRA, RUA;15228;OTTO DE BARROS, RUA;0;;29/04/2013 07:30;2;CO;35;3853; ; ;1;1;0;0;0;0;0;0;0;0;0;0;0;0;0;0;0;6347;ELISA SILVEIRA, RUA;15228;OTTO DE BARROS, RUA;27;CURSINO;1;0
D041300737;16337;ELISEU DE ALMEIDA, AV;;;1000;;29/04/2013 08:05;4;AT;34;2571; ; ;0;1;0;0;0;0;0;0;0;0;0;0;0;0;0;0;0;16337;ELISEU DE ALMEIDA, AV;;;0;NULL;1;0
D041301443;4502;CARRAO, AV CONS;;;3300;;29/04/2013 08:30;2;QD;31;2465; ; ;0;0;0;0;0;0;0;1;0;0;0;0;0;0;0;0;0;4502;CARRAO, AV CONS;;;20;CARRAO;1;0
D041300937;8000;GIOVANNI GRONCHI, AV;;;3000;;29/04/2013 08:40;2;CO;89;3637; ; ;0;1;0;0;0;0;0;0;0;0;0;0;0;0;0;1;0;8000;GIOVANNI GRONCHI, AV;;;55;MORUMBI;1;0
D041300504;6201;EDMUNDO CARVALHO, RUA;;;2537;;29/04/2013 08:45;2;QM;95;1996; ; ;1;1;0;0;0;0;0;0;0;0;0;0;0;0;0;0;0;6201;EDMUNDO CARVALHO, RUA;;;69;SACOMA;1;0
D041300788;18262;SILVIO DE CAMPOS, AV DR;;;593;;29/04/2013 09:10;2;CO;46;2045; ; ;2;0;0;0;0;0;0;0;0;0;0;0;0;0;0;0;0;18262;SILVIO DE CAMPOS, AV DR;;;  ;;1;0
D041300237;8;ABAETE, RUA VISC DE;;;174;;29/04/2013 09:17;2;SI;12;2376; ; ;1;1;0;0;0;0;0;0;0;0;0;0;0;0;0;0;0;8;ABAETE, RUA VISC DE;;;6;BARRA FUNDA;1;0
D041300113;4120;CANECA, RUA FREI;;;0;NADA CONSTA ;29/04/2013 09:30;4;AT;4;3113; ; ;1;0;0;0;0;0;0;0;0;0;0;0;0;0;0;0;0;4120;CANECA, RUA FREI;;;26;CONSOLACAO;1;0
D041301634;14739;OUTEIRO, RUA NSRA DO;10290;JOAO FAVACHO, RUA;0;;29/04/2013 09:45;2;CO;48;1356; ; ;1;1;0;0;0;0;0;0;0;0;0;0;0;0;0;0;0;143;ACUTI, RUA;14739;OUTEIRO, RUA NSRA DO;23;CIDADE DUTRA;1;0
D041301010;5567;CRUZEIRO DO SUL, AV;6781;EULALIA, RUA STA;0;;29/04/2013 11:00;2;CO;9;2471; ; ;1;1;0;0;0;0;0;0;0;0;0;0;0;0;0;0;0;4219;ZAKI NARCHI, AV;5567;CRUZEIRO DO SUL, AV;71;SANTANA;1;0
D041301011;5567;CRUZEIRO DO SUL, AV;6781;EULALIA, RUA STA;0;;29/04/2013 11:00;2;CO;9;2471; ; ;1;1;0;0;0;0;0;0;0;0;0;0;0;0;0;0;0;4219;ZAKI NARCHI, AV;5567;CRUZEIRO DO SUL, AV;71;SANTANA;1;0
D041301838;4128;CANGAIBA, AV;;;2900;;29/04/2013 11:10;2;QD;24;1217; ; ;0;0;0;0;0;0;0;1;0;0;0;0;0;0;0;0;0;4128;CANGAIBA, AV;;;18;CANGAIBA;1;0
D041301076;3637;BRAZ LEME, AV;;;268;;29/04/2013 11:40;2;CO;13;4671; ; ;1;1;0;0;0;0;0;0;0;0;0;0;0;0;0;0;0;3637;BRAZ LEME, AV;;;21;CASA VERDE;1;0
D041300238;4561;CASTELO BRANCO, AV PRES;;;3200;;29/04/2013 11:40;2;CO;12;2377; ; ;1;1;0;0;0;0;0;0;0;0;0;0;0;0;0;0;0;29772;MARGINAL DO RIO TIETE, AV;;;6;BARRA FUNDA;1;0
D041300239;15582;PASSOS, RUA CAPM;14224;MORAIS, RUA CEL;0;;29/04/2013 12:00;2;CO;12;2387; ; ;1;1;0;0;0;0;0;0;0;0;0;0;0;0;0;0;0;14224;MORAIS, RUA CEL;15582;PASSOS, RUA CAPM;57;PARI;1;0
D041301226;4715;CELESTINO BOURROUL, AV PROF;;;200;;29/04/2013 12:50;4;AT;40;1432; ; ;0;0;0;0;0;0;0;0;0;1;0;0;0;0;0;0;0;4715;CELESTINO BOURROUL, AV PROF;;;50;LIMAO;2;0
D041302239;4715;CELESTINO BOURROUL, AV PROF;;;200;;29/04/2013 12:50;4;AT;13;4688; ; ;1;0;0;0;0;0;0;0;0;0;0;0;0;0;0;0;0;4715;CELESTINO BOURROUL, AV PROF;;;50;LIMAO;1;1
D041302047;46186;SOMOS TODOS IGUAIS, TR;;;0;NADA CONSTA ;29/04/2013 13:40;2;CO;49;1181; ; ;0;0;0;0;0;0;0;0;0;0;0;0;0;0;0;2;0;46186;SOMOS TODOS IGUAIS, TR;;;32;IGUATEMI;1;0
D041302196;3509;BELMIRA MARIN, AV DONA;;;1510;;29/04/2013 13:52;4;AT;101;3157; ; ;0;0;1;0;0;0;0;0;0;0;0;0;0;0;0;0;0;3509;BELMIRA MARIN, AV DONA;;;30;GRAJAU;0;1
D041301271;26642;VICENTE LAZZARI, RUA;;;357;;29/04/2013 14:15;2;QF;72;3847; ; ;0;0;0;0;0;0;0;0;0;0;0;1;0;0;0;0;0;26642;VICENTE LAZZARI, RUA;;;40;JAGUARE;1;0
D041301077;4785;CESAR, RUA DR;3637;BRAZ LEME, AV;0;;29/04/2013 14:22;2;CO;13;4676; ; ;1;1;0;0;0;0;0;0;0;0;0;0;0;0;0;0;0;3637;BRAZ LEME, AV;4785;CESAR, RUA DR;71;SANTANA;1;0
D041300806;32946;TEQUE-TEQUE, RUA;;;21;;29/04/2013 15:00;2;CO;46;3995; ; ;0;2;0;0;0;0;0;0;0;0;0;0;0;0;0;0;0;32946;TEQUE-TEQUE, RUA;;;52;MARSILAC;2;0
D041300955;2928;BARTOLOMEU PAES, RUA;858;ALVARENGA PEIXOTO, RUA;0;;29/04/2013 16:00;2;CO;91;2943; ; ;1;0;0;0;0;0;0;0;0;0;0;1;0;0;0;0;0;858;ALVARENGA PEIXOTO, RUA;5329;COROADOS, RUA;48;LAPA;1;0
D041300670;3880;CAIUBI, RUA;;;16;;29/04/2013 16:15;4;AT;23;2434; ; ;1;0;0;0;0;0;0;0;0;0;0;0;0;0;0;0;0;3880;CAIUBI, RUA;;;61;PERDIZES;1;0
D041300129;18698;TAGUA, RUA;;;301;;29/04/2013 16:16;2;CT;5;2308; ; ;1;1;0;0;0;0;0;0;0;0;0;0;0;0;0;0;0;18698;TAGUA, RUA;;;2;ALTO DE PINHEIR;1;0
D041301898;61492;MANUEL BUENO DA FONSECA, RUA;;;217;;29/04/2013 16:30;2;CO;50;9392; ; ;1;1;0;0;0;0;0;0;0;0;0;0;0;0;0;0;0;61492;MANUEL BUENO DA FONSECA, RUA;;;54;MOOCA;1;0
D041300954;16726;QUEIROZ FILHO, AV;7836;GASTAO VIDIGAL, AV DR;0;;29/04/2013 16:50;2;CO;91;2939; ; ;1;1;0;0;0;0;0;0;0;0;0;0;0;0;0;0;0;4677;APECATU, PCA;7257;FONSECA RODRIGUES, AV PROF;90;VILA LEOPOLDINA;1;0
D041301517;1782;ANTONIO MANOGRASSO, AV;917;ALVES DE ALMEIDA, RUA;0;;29/04/2013 17:00;2;CO;58;2485; ; ;0;1;0;0;0;0;0;0;0;0;0;0;0;0;0;0;0;917;ALVES DE ALMEIDA, RUA;1782;ANTONIO MANOGRASSO, AV;87;VILA FORMOSA;1;0
D041300253;9039;IGUACU, RUA;6642;ESTADO, AV DO;0;;29/04/2013 17:17;4;AT;12;3300; ; ;0;1;0;0;0;0;0;0;0;0;0;0;0;0;0;0;0;6642;ESTADO, AV DO;9039;IGUACU, RUA;49;LIBERDADE;2;0
D041300147;17237;ROCHA, RUA;9546;ITAPEVA, RUA;0;;29/04/2013 17:30;4;AT;5;3508; ; ;1;0;0;0;0;0;0;0;0;0;0;0;0;0;0;0;0;9546;ITAPEVA, RUA;17237;ROCHA, RUA;  ;;1;0
D041301799;1001;PEDRO ESCOBAR, RUA;;;154;;29/04/2013 18:00;4;AT;101;3166; ; ;0;1;0;0;0;0;0;0;0;0;0;0;0;0;0;0;0;1001;PEDRO ESCOBAR, RUA;;;30;GRAJAU;1;0
D041301078;4533;CASA VERDE, AV;19903;VALDEMAR MARTINS, RUA;0;;29/04/2013 18:17;2;CO;13;4689; ; ;1;1;0;0;0;0;0;0;0;0;0;0;0;0;0;0;0;4533;CASA VERDE, AV;19903;VALDEMAR MARTINS, RUA;21;CASA VERDE;1;0
D041301091;4775;CEREJEIRAS, AV DAS;;;546;;29/04/2013 18:25;2;CO;19;3906; ; ;1;0;0;0;1;0;0;0;0;0;0;0;0;0;0;0;0;4775;CEREJEIRAS, AV DAS;;;94;VILA MEDEIROS;1;0
D041301663;37050;ELISIA GONCALVES BARSELOS, RUA;;;93;;29/04/2013 18:30;4;AT;85;2273; ; ;1;0;0;0;0;0;0;0;0;0;0;0;0;0;0;0;0;37050;ELISIA GONCALVES BARSELOS, RUA;;;76;SAO MIGUEL;1;0
D041302267;43844;RIO DE JANEIRO, RUA;;;0;PROXIMO  - AV DOS FUN;29/04/2013 19:06;2;CT;100;2263; ; ;1;1;0;0;0;0;0;0;0;0;0;0;0;0;0;0;0;43844;RIO DE JANEIRO, RUA;;;32;IGUATEMI;0;1
D041300891;16838;RAIMUNDO PEREIRA DE MAGAL., AV;;;4290;;29/04/2013 20:00;2;CO;87;2263; ; ;1;1;0;0;0;0;0;0;0;0;0;0;0;0;0;0;0;16838;RAIMUNDO PEREIRA DE MAGAL., AV;;;31;GUAIANASES;1;0
D041300072;16725;QUEIROS, AV SEN;;;100;;29/04/2013 21:03;4;AT;3;2492; ; ;0;1;0;0;0;0;0;0;0;0;0;0;0;0;0;0;0;16725;QUEIROS, AV SEN;;;9;BOM RETIRO;1;0
D041300807;46890;ALEXIOS JAFET (ESTR.CAMPINAS), AV;;;2040;;29/04/2013 21:30;4;AT;46;4003; ; ;0;0;0;0;0;0;0;1;0;0;0;0;0;0;0;0;0;46890;ALEXIOS JAFET (ESTR.CAMPINAS), AV;;;41;JARAGUA;1;0
D041301703;12403;M'BOI MIRIM, ES;;;129;;29/04/2013 21:56;2;CT;92;5360;C; ;1;1;0;0;0;0;0;0;0;0;0;0;0;0;0;0;0;12403;M'BOI MIRIM, ES;;;42;JARDIM ANGELA;1;0
D041300057;6642;ESTADO, AV DO;;;777;;29/04/2013 22:50;2;CO;2;2502; ; ;1;0;0;0;1;0;0;0;0;0;0;0;0;0;0;0;0;6642;ESTADO, AV DO;;;9;BOM RETIRO;1;0
D041302146;64148;GAMELEIRA BRANCA, AV;;;764;;29/04/2013 23:08;2;CO;66;2959; ; ;0;1;0;0;0;0;0;0;0;0;0;1;0;0;0;0;0;64148;GAMELEIRA BRANCA, AV;;;38;JACANA;1;0
D041302017;13995;MINERIOS ATOMICOS, RUA;;;0;NADA CONSTA ;30/04/2013 05:00;2;CO;41;2258; ; ;0;1;0;0;0;0;0;0;0;0;0;0;0;0;0;1;0;13995;MINERIOS ATOMICOS, RUA;;;4;ARICANDUVA;1;0
D041300002;6708;ESTUDANTES, RUA DOS;7664;FURTADO, RUA CONS;0;;30/04/2013 05:15;4;AT;1;2410; ; ;0;0;1;0;0;0;0;0;0;0;0;0;0;0;0;0;0;6708;ESTUDANTES, RUA DOS;7664;FURTADO, RUA CONS;80;SE;1;0
D041301147;15188;OTAVIANO ALVES DE LIMA, AV;;;3600;;30/04/2013 06:20;2;CT;28;2306; ; ;1;0;1;0;0;0;0;0;0;0;0;0;0;0;0;0;0;29772;MARGINAL DO RIO TIETE, AV;;;23;CIDADE DUTRA;2;0
D041300302;12165;LUIS ANTONIO, AV BRIG;;;3500;;30/04/2013 06:30;2;CO;78;3522; ; ;1;1;0;0;0;0;0;0;0;0;0;0;0;0;0;0;0;12165;LUIS ANTONIO, AV BRIG;;;7;BELA VISTA;1;0
D041300758;7500;FRANCISCO MORATO, AV PROF;;;2359;;30/04/2013 06:50;2;CL;34;900010;C; ;1;1;0;0;0;0;0;0;0;0;0;0;0;0;0;0;0;7500;FRANCISCO MORATO, AV PROF;;;12;BUTANTA;1;0
D041302002;1270;SANTANA DO RIO PRETO, RUA;20804;LUIS MATEUS (GUAIANAZES), RUA;0;;30/04/2013 06:55;4;AT;103;1770; ; ;1;0;0;0;0;0;0;0;0;0;0;0;0;0;0;0;0;1270;SANTANA DO RIO PRETO, RUA;20804;LUIS MATEUS (GUAIANAZES), RUA;31;GUAIANASES;1;0