id_acidente;codloga;logradouroA;codlogb;logradouroB;alt_num;referencia;data;cod_acid;tipo_acidente;dp;numero_BO;sentido;pista;automovel;moto;onibus;caminhao;bicicleta;moto_taxi;onibus_fretado;onibus_urbano;microonibus;van;vuc;caminhonete;carreta;jipe;outros;sem_informacao;carroca;princ_a;paiA;princ_b;paiB;cod_distrito;distrito;vit_ferida;vit_morta
D051300558;6238;NACOES UNIDAS, AV DAS;;;0;PROXIMO  - EUSEBIO MA;03/05/2013 00:20;2;CO;14;4391; ; ;1;1;0;0;0;0;0;0;0;0;0;0;0;0;0;0;0;13014;MARGINAL DO RIO PINHEIROS, AV;;;90;VILA LEOPOLDINA;1;0
D051300229;15706;PAULO ANDRIGHETTI, RUA;4561;CASTELO BRANCO, AV PRES;0;;03/05/2013 02:13;2;CH;12;3391; ; ;1;0;0;0;0;0;0;0;0;0;0;0;0;0;0;0;0;4561;CASTELO BRANCO, AV PRES;15706;PAULO ANDRIGHETTI, RUA;57;PARI;1;0
D051301975;9086;IMPERADOR, RUA DO;;;100;;03/05/2013 02:30;2;CP;63;4728; ; ;1;0;0;0;0;0;0;0;0;0;0;0;0;0;0;0;0;9086;IMPERADOR, RUA DO;;;88;VILA GUILHERME;2;0
D051300833;13019;ESCOLA POLITECNICA, AV;;;5400;;03/05/2013 02:31;2;CO;51;4360; ; ;0;0;0;0;1;0;0;0;0;0;0;0;0;0;0;1;0;13019;ESCOLA POLITECNICA, AV;;;40;JAGUARE;1;0
D051302159;17824;SAPOPEMBA, AV;;;2300;;03/05/2013 05:40;4;AT;55;1778; ; ;1;0;0;0;0;0;0;0;0;0;0;0;0;0;0;0;0;17824;SAPOPEMBA, AV;;;33;IPIRANGA;1;0
D051301026;11170;JOSE RANGEL DE CAMARGO, RUA;371;AGUAS VIRTUOSAS, RUA;0;;03/05/2013 06:56;2;CL;13;4860; ; ;1;1;0;0;0;0;0;0;0;0;0;0;0;0;0;0;0;371;AGUAS VIRTUOSAS, RUA;11170;JOSE RANGEL DE CAMARGO, RUA;21;CASA VERDE;1;0
D051301531;43408;ABEL FERREIRA, AV VER;19601;VESTA, RUA;0;;03/05/2013 07:00;2;CO;58;976; ; ;0;1;1;0;0;0;0;0;0;0;0;0;0;0;0;0;0;19601;VESTA, RUA;43408;ABEL FERREIRA, AV VER;87;VILA FORMOSA;1;0
D051300894;13014;MARGINAL DO RIO PINHEIROS, AV;;;0;NADA CONSTA ;03/05/2013 07:15;2;SI;89;3795; ; ;2;1;0;0;0;0;0;0;0;0;0;0;0;0;0;0;0;13014;MARGINAL DO RIO PINHEIROS, AV;;;40;JAGUARE;1;0
D051301024;5741;DARZAN, RUA;;;500;;03/05/2013 07:15;2;CT;13;4836;C; ;2;0;0;0;0;0;0;0;0;0;0;0;0;0;0;0;0;5741;DARZAN, RUA;;;71;SANTANA;1;0
D051300689;13625;MARTINS, RUA;17822;SAPETUBA, RUA;0;;03/05/2013 07:40;2;SI;34;2663; ; ;0;2;0;0;0;0;0;0;0;0;0;0;0;0;0;0;0;13625;MARTINS, RUA;17822;SAPETUBA, RUA;12;BUTANTA;3;0
D051302161;17824;SAPOPEMBA, AV;;;15000;;03/05/2013 07:50;4;AT;55;1781; ; ;0;1;0;0;0;0;0;0;0;0;0;0;0;0;0;0;0;17824;SAPOPEMBA, AV;;;33;IPIRANGA;1;0
D051300623;6471;SAO VICENTE, AV MARQ DE;;;235;;03/05/2013 08:00;2;CO;23;2439; ; ;1;1;0;0;0;0;0;0;0;0;0;0;0;0;0;0;0;6471;SAO VICENTE, AV MARQ DE;;;6;BARRA FUNDA;1;0
D051301434;43408;ABEL FERREIRA, AV VER;14456;NEBULOSA, RUA;0;;03/05/2013 08:15;2;CO;29;1131; ; ;1;1;0;0;0;0;0;0;0;0;0;0;0;0;0;0;0;14456;NEBULOSA, RUA;43408;ABEL FERREIRA, AV VER;87;VILA FORMOSA;1;0
D051301481;18408;SOLIDONIO LEITE, RUA;;;2006;;03/05/2013 08:38;2;CO;42;1587; ; ;0;2;0;0;0;0;0;0;0;0;0;0;0;0;0;0;0;18408;SOLIDONIO LEITE, RUA;;;26;CONSOLACAO;2;0
D051300170;14213;MOOCA, RUA DA;4478;CARNEIRO LEAO, RUA;0;;03/05/2013 09:00;2;CO;8;3400; ; ;1;1;0;0;0;0;0;0;0;0;0;0;0;0;0;0;0;4478;CARNEIRO LEAO, RUA;14213;MOOCA, RUA DA;10;BRAS;1;0
D051300977;19713;VILA GUILHERME, PTE DA;;;0;ACESSO  - MORVAN DIA;03/05/2013 09:30;2;CO;9;2544; ; ;0;1;0;0;0;0;0;0;0;0;0;1;0;0;0;0;0;19713;VILA GUILHERME, PTE DA;;;47;LAJEADO;1;0
D051300944;12407;MAC ARTHUR, AV GAL;;;2392;;03/05/2013 09:30;2;CO;93;2903; ; ;1;1;0;0;0;0;0;0;0;0;0;0;0;0;0;0;0;12407;MAC ARTHUR, AV GAL;;;40;JAGUARE;2;0
D051301065;17799;SANTOS DUMONT, AV;;;2260;;03/05/2013 10:00;2;CO;13;900080; ; ;0;1;0;0;0;0;0;0;0;0;0;1;0;0;0;0;0;17799;SANTOS DUMONT, AV;;;  ;;1;0
D051300457;1247;ANCHIETA, VIA;;;0;QUILOMETRO  - 10,2;03/05/2013 10:04;2;CT;95;3811; ; ;0;1;0;1;0;0;0;0;0;0;0;0;0;0;0;0;0;1247;ANCHIETA, VIA;;;33;IPIRANGA;1;0
D051301541;3896;CAJURU, RUA;;;1071;;03/05/2013 10:15;4;AT;81;1251; ; ;0;0;0;0;0;0;0;0;0;0;0;1;0;0;0;0;0;3896;CAJURU, RUA;;;8;BELEM;1;0
D051300054;17799;SANTOS DUMONT, AV;6642;ESTADO, AV DO;0;;03/05/2013 10:20;2;CO;2;3198; ; ;1;1;0;0;0;0;0;0;0;0;0;0;0;0;0;0;0;6642;ESTADO, AV DO;17799;SANTOS DUMONT, AV;9;BOM RETIRO;1;0
D051301435;17824;SAPOPEMBA, AV;;;3815;;03/05/2013 10:28;2;CO;29;1132; ; ;1;1;0;0;0;0;0;0;0;0;0;0;0;0;0;0;0;17824;SAPOPEMBA, AV;;;33;IPIRANGA;1;0
D051301672;9181;ANDORINHA-DOS-BEIRAIS, AV;25004;ANUM-DOURADO, RUA;0;;03/05/2013 10:30;2;QD;47;6714; ; ;0;0;0;0;0;0;0;0;1;0;0;0;0;0;0;0;0;9181;ANDORINHA-DOS-BEIRAIS, AV;25004;ANUM-DOURADO, RUA;51;MANDAQUI;1;0
D051300690;12502;MAGALHAES DE CASTRO, AV;;;5550;;03/05/2013 10:40;2;SI;34;2683; ; ;0;1;0;1;0;0;0;0;0;0;0;0;0;0;0;0;0;13014;MARGINAL DO RIO PINHEIROS, AV;;;12;BUTANTA;1;0
D051302078;9044;RAGUEB CHOHFI, AV;;;234;;03/05/2013 11:00;4;AT;49;6094; ; ;0;0;1;0;0;0;0;0;0;0;0;0;0;0;0;0;0;9044;RAGUEB CHOHFI, AV;;;32;IGUATEMI;1;0
D051301251;6450;EMILIO CARLOS, AV DEP;;;1385;;03/05/2013 11:45;2;CT;40;1484; ; ;1;0;0;0;0;0;0;1;0;0;0;0;0;0;0;0;0;6450;EMILIO CARLOS, AV DEP;;;50;LIMAO;1;0
D051300938;11780;LEOPOLDINA, AV IMP;;;1092;;03/05/2013 12:00;2;CO;91;4419; ; ;0;1;0;0;0;0;0;0;0;0;0;1;0;0;0;0;0;11780;LEOPOLDINA, AV IMP;;;90;VILA LEOPOLDINA;1;0
D051301647;9529;ITAPECERICA, ES DE;;;6000;;03/05/2013 12:00;2;CL;47;5527; ; ;1;0;0;0;0;0;0;0;0;0;0;0;0;0;0;0;0;9529;ITAPECERICA, ES DE;;;29;FREGUESIA DO O;1;0
D051301066;5626;CURUCA, RUA;;;10;;03/05/2013 12:10;2;CO;19;1673; ; ;0;2;0;0;0;0;0;0;0;0;0;0;0;0;0;0;0;5626;CURUCA, RUA;;;91;VILA MARIA;2;0
D051300256;2497;AUGUSTA, RUA;6651;ESTADOS UNIDOS, RUA;0;;03/05/2013 12:30;4;AT;78;3656; ; ;0;0;0;0;0;0;0;0;0;0;0;1;0;0;0;0;0;2497;AUGUSTA, RUA;6651;ESTADOS UNIDOS, RUA;44;JARDIM PAULISTA;1;0
D051300978;18160;SICILIANO, RUA CDSSA;;;27;;03/05/2013 12:35;4;AT;9;2548; ; ;0;0;0;0;0;0;0;0;0;0;0;1;0;0;0;0;0;18160;SICILIANO, RUA CDSSA;;;8;BELEM;1;0
D051300530;13417;MARINA, AV STA;;;482;;03/05/2013 12:50;4;AT;7;2801; ; ;0;0;0;0;0;0;0;0;0;0;0;0;0;0;0;1;0;13417;MARINA, AV STA;;;6;BARRA FUNDA;1;0
D051301374;2644;AXUI, RUA;17607;SAIVA, RUA;0;;03/05/2013 13:20;2;CO;10;4977; ; ;1;1;0;0;0;0;0;0;0;0;0;0;0;0;0;0;0;2644;AXUI, RUA;17607;SAIVA, RUA;60;PENHA;1;0
D051301219;8406;GUARIPE, RUA;;;214;;03/05/2013 13:30;4;AT;39;2041; ; ;0;0;0;1;0;0;0;0;0;0;0;0;0;0;0;0;0;8406;GUARIPE, RUA;;;21;CASA VERDE;1;0
D051300341;9899;JANDIRA, AV;;;533;;03/05/2013 13:30;4;AT;27;4609; ; ;1;0;0;0;0;0;0;0;0;0;0;0;0;0;0;0;0;9899;JANDIRA, AV;;;53;MOEMA;1;0
D051301018;19884;VOLUNTARIOS DA PATRIA, RUA;;;2350;;03/05/2013 13:30;2;CO;13;2587;B; ;1;1;0;0;0;0;0;0;0;0;0;0;0;0;0;0;0;19884;VOLUNTARIOS DA PATRIA, RUA;;;8;BELEM;1;0
D051300624;18519;SUMARE, AV;8811;HOMEM DE MELO, RUA DR;0;;03/05/2013 14:56;4;AT;23;2466; ; ;0;1;0;0;0;0;0;0;0;0;0;0;0;0;0;0;0;396;AIMBERE, RUA;18519;SUMARE, AV;61;PERDIZES;1;0
D051301870;17563;SABBADO D'ANGELO, RUA;;;1340;;03/05/2013 15:20;2;CO;32;2690; ; ;1;1;0;0;0;0;0;0;0;0;0;0;0;0;0;0;0;17563;SABBADO D'ANGELO, RUA;;;36;ITAQUERA;1;0
D051300411;19583;VERGUEIRO, RUA;;;2429;;03/05/2013 15:23;2;CO;36;1983; ; ;1;1;0;0;0;0;0;0;0;0;0;0;0;0;0;0;0;19583;VERGUEIRO, RUA;;;33;IPIRANGA;1;0
D051301918;399;ANTONIO DIAS DE MOURA, RUA;;;0;PROXIMO  - EST.DA BRA;03/05/2013 16:00;2;CL;59;1656; ; ;2;0;0;0;0;0;0;0;0;0;0;0;0;0;0;0;0;399;ANTONIO DIAS DE MOURA, RUA;;;43;JARDIM HELENA;1;0
D051300582;16263;PINHEIROS, RUA DOS;2591;AURIFLAMA, RUA;0;;03/05/2013 16:00;2;CO;14;5413; ; ;0;1;0;0;0;0;0;0;0;0;0;1;0;0;0;0;0;2591;AURIFLAMA, RUA;16263;PINHEIROS, RUA DOS;96;VILA SONIA;1;0
D051301717;72092;MANOEL ALVES DOS SANTOS, RUA;24263;ENEIAS FREIRE REZENDE, RUA;0;;03/05/2013 16:00;4;AT;92;2786; ; ;0;1;0;0;0;0;0;0;0;0;0;0;0;0;0;0;0;24263;ENEIAS FREIRE REZENDE, RUA;72092;MANOEL ALVES DOS SANTOS, RUA;19;CAPAO REDONDO;2;0
D051300734;34682;CAMPO LIMPO, ES DO;;;4152;;03/05/2013 16:30;2;CT;37;3520; ; ;0;0;1;0;0;0;0;0;0;0;0;1;0;0;0;0;0;34682;CAMPO LIMPO, ES DO;;;17;CAMPO LIMPO;1;0
D051301792;22548;AULIS, R;;;0;PROXIMO  - FUNC.PUBLI;03/05/2013 16:45;2;QM;100;2347; ; ;0;1;0;0;0;0;0;0;0;0;0;0;0;0;0;0;0;22548;AULIS, R;;;42;JARDIM ANGELA;2;0
D051300005;19764;VINTE E TRES DE MAIO, AV;;;100;;03/05/2013 17:20;2;CO;   ;3420; ; ;1;1;0;0;0;0;0;0;0;0;0;0;0;0;0;0;0;19764;VINTE E TRES DE MAIO, AV;;;17;CAMPO LIMPO;1;0
D051301999;12156;LUIZ AYRES, RUA DR;;;1800;;03/05/2013 17:30;2;CO;65;1537;B; ;1;1;0;0;0;0;0;0;0;0;0;0;0;0;0;0;0;12156;LUIZ AYRES, RUA DR;;;5;ARTUR ALVIM;1;0
D051301648;79177;AFONSO SANCHES, RUA;78528;DOMINGOS CUNHA, RUA PDE;0;;03/05/2013 17:35;2;CO;47;5550; ; ;0;1;1;0;0;0;0;0;0;0;0;0;0;0;0;0;0;78528;DOMINGOS CUNHA, RUA PDE;79177;AFONSO SANCHES, RUA;  ;;1;0
D051302080;9044;RAGUEB CHOHFI, AV;;;2000;;03/05/2013 17:40;4;AT;49;6161; ; ;1;0;0;0;0;0;0;0;0;0;0;0;0;0;0;0;0;9044;RAGUEB CHOHFI, AV;;;32;IGUATEMI;1;0
D051302055;2603;AURORA DAS DORES, RUA;;;100;;03/05/2013 17:45;4;AT;41;4623; ; ;0;0;1;0;0;0;0;0;0;0;0;0;0;0;0;0;0;2603;AURORA DAS DORES, RUA;;;87;VILA FORMOSA;1;0
D051300816;16878;RAPOSO TAVARES, VIA;;;11400;;03/05/2013 17:45;2;CT;51;2003; ; ;1;2;0;0;0;0;0;0;0;0;0;0;0;0;0;0;0;16878;RAPOSO TAVARES, VIA;;;13;CACHOEIRINHA;2;0
D051301308;40425;JOAO FREDERICO AGRICOLA, R;;;0;PROXIMO  - COLIBRIS D;03/05/2013 18:00;2;CF;73;4625; ; ;1;0;0;0;1;0;0;0;0;0;0;0;0;0;0;0;0;40425;JOAO FREDERICO AGRICOLA, R;;;83;TREMEMBE;1;0
D051300952;94369;UNIVERSIDADE, AV DA;;;200;;03/05/2013 18:07;2;CO;93;3076; ; ;1;0;0;0;1;0;0;0;0;0;0;0;0;0;0;0;0;94369;UNIVERSIDADE, AV DA;;;  ;;1;0
D051300034;9952;JARAGUA, RUA;;;90;;03/05/2013 18:10;2;CO;2;2580; ; ;0;1;0;0;0;0;0;0;0;0;0;1;0;0;0;0;0;9952;JARAGUA, RUA;;;9;BOM RETIRO;2;0
D051301545;6371;ELISABETH DE ROBIANO, AV CDSSA;;;500;;03/05/2013 18:20;2;CO;81;3072; ; ;1;1;0;0;0;0;0;0;0;0;0;0;0;0;0;0;0;29772;MARGINAL DO RIO TIETE, AV;;;  ;;1;0
D051301522;7033;FERNANDO FALCAO, RUA;;;230;;03/05/2013 18:30;2;CO;57;1878; ; ;1;1;0;0;0;0;0;0;0;0;0;0;0;0;0;0;0;7033;FERNANDO FALCAO, RUA;;;54;MOOCA;1;0
D051301534;1782;ANTONIO MANOGRASSO, AV;;;600;;03/05/2013 18:30;4;AT;58;2594; ; ;0;1;0;0;0;0;0;0;0;0;0;0;0;0;0;0;0;1782;ANTONIO MANOGRASSO, AV;;;87;VILA FORMOSA;1;0
D051300386;18289;SIMAO DA MATTA, RUA;6261;EDUARDO PEREIRA, RUA;0;;03/05/2013 18:30;2;QM;35;3889; ; ;0;1;0;0;0;0;0;0;0;0;0;0;0;0;0;0;0;6261;EDUARDO PEREIRA, RUA;18289;SIMAO DA MATTA, RUA;37;JABAQUARA;1;0
D051300557;18813;TEODORO SAMPAIO, RUA;;;2045;;03/05/2013 18:40;4;AT;14;4388; ; ;0;1;0;0;0;0;0;0;0;0;0;0;0;0;0;0;0;18813;TEODORO SAMPAIO, RUA;;;20;CARRAO;1;0
D051300976;15888;PEDRO CACUNDA, RUA;;;171;;03/05/2013 19:00;2;CO;9;2538; ; ;1;1;0;0;0;0;0;0;0;0;0;0;0;0;0;0;0;15888;PEDRO CACUNDA, RUA;;;8;BELEM;1;0
D051301093;10945;JOSE ERMIRIO DE MORAES, AV SEN;;;78;;03/05/2013 19:30;2;QD;20;4045; ; ;0;0;1;0;0;0;0;0;0;0;0;0;0;0;0;0;0;10945;JOSE ERMIRIO DE MORAES, AV SEN;;;83;TREMEMBE;1;0
D051301998;5418;COSTA, RUA;;;85;;03/05/2013 19:37;2;CF;64;6023; ; ;1;1;0;0;0;0;0;0;0;0;0;0;0;0;0;0;0;5418;COSTA, RUA;;;34;ITAIM BIBI;1;0
D051300643;16463;POMPEIA, AV;1304;ANDRE CASADO, RUA;0;;03/05/2013 20:01;2;CO;23;3082; ; ;2;0;0;0;0;0;0;0;0;0;0;0;0;0;0;0;0;1304;ANDRE CASADO, RUA;16463;POMPEIA, AV;61;PERDIZES;1;0
D051301854;7987;GILDA, RUA;;;138;;03/05/2013 21:15;2;CO;24;4761; ; ;1;1;0;0;0;0;0;0;0;0;0;0;0;0;0;0;0;7987;GILDA, RUA;;;60;PENHA;1;0
D051300490;21514;ROQUE PETRONI JUNIOR, AV;999;SANTO AMARO, AV;0;;03/05/2013 21:49;2;CO;96;4640; ; ;1;0;0;0;0;0;0;0;0;0;0;1;0;0;0;0;0;999;SANTO AMARO, AV;21514;ROQUE PETRONI JUNIOR, AV;34;ITAIM BIBI;3;0
D051300675;14350;MUTINGA, AV;;;3700;;03/05/2013 22:00;2;CF;33;4145; ; ;2;0;0;0;0;0;0;0;0;0;0;0;0;0;0;0;0;14350;MUTINGA, AV;;;64;PIRITUBA;2;0
D051300920;7955;JASPE-NEGRO, RUA;2818;BARBALHA, RUA;0;;03/05/2013 22:12;2;CO;91;2350; ; ;1;0;0;0;1;0;0;0;0;0;0;0;0;0;0;0;0;2818;BARBALHA, RUA;7955;JASPE-NEGRO, RUA;48;LAPA;1;0
D051301887;66961;PARICA DA VARZEA, RUA;;;312;;03/05/2013 22:23;2;QM;32;3468; ; ;0;1;0;0;0;0;0;0;0;0;0;0;0;0;0;0;0;66961;PARICA DA VARZEA, RUA;;;51;MANDAQUI;2;0
D051301686;12017;LOURENCO CABREIRA, AV;;;0;NADA CONSTA ;03/05/2013 22:40;4;AT;48;3281; ; ;1;0;0;0;0;0;0;0;0;0;0;0;0;0;0;0;0;12017;LOURENCO CABREIRA, AV;;;23;CIDADE DUTRA;1;0
D051302283;8603;HEITOR ANTONIO EIRAS GARCIA, AV ENG;;;7000;;04/05/2013 00:30;2;CH;89;3828; ; ;0;1;0;0;0;0;0;0;0;0;0;0;0;0;0;0;0;8603;HEITOR ANTONIO EIRAS GARCIA, AV ENG;;;68;RIO PEQUENO;0;1
D051300541;6544;ERMANO MARCHETTI, AV;;;616;;04/05/2013 00:40;2;CT;7;3085; ; ;2;0;0;0;0;0;0;0;0;0;0;0;0;0;0;0;0;6544;ERMANO MARCHETTI, AV;;;48;LAPA;1;0
D051300419;19583;VERGUEIRO, RUA;;;1709;;04/05/2013 00:56;4;AT;36;4636; ; ;1;0;0;0;0;0;0;0;0;0;0;0;0;0;0;0;0;19583;VERGUEIRO, RUA;;;33;IPIRANGA;1;0
D051301939;73500;CAICARA DO RIO DO VENTO, RUA;;;888;;04/05/2013 01:00;4;AT;62;2168; ; ;0;1;0;0;0;0;0;0;0;0;0;0;0;0;0;0;0;73500;CAICARA DO RIO DO VENTO, RUA;;;49;LIBERDADE;1;0
D051301375;4128;CANGAIBA, AV;;;943;;04/05/2013 01:06;2;CO;10;5006; ; ;1;1;0;0;0;0;0;0;0;0;0;0;0;0;0;0;0;4128;CANGAIBA, AV;;;18;CANGAIBA;1;0
D051300171;543;ALCANTARA MACHADO, AV;;;1670;;04/05/2013 02:20;2;CH;8;3427; ; ;1;0;0;0;0;0;0;0;0;0;0;0;0;0;0;0;0;543;ALCANTARA MACHADO, AV;;;10;BRAS;1;0
D051301928;24916;CARANA BRANCA, RUA;;;100;;04/05/2013 02:24;2;CO;59;3776; ; ;0;1;0;0;0;0;0;0;0;0;0;0;0;0;0;0;0;24916;CARANA BRANCA, RUA;;;53;MOEMA;2;0
D051300954;9836;JAGUARE, AV;11491;KENKITI SIMOMOTO, AV;0;;04/05/2013 02:56;4;AT;93;3087; ; ;0;1;0;0;0;0;0;0;0;0;0;0;0;0;0;0;0;9836;JAGUARE, AV;11491;KENKITI SIMOMOTO, AV;40;JAGUARE;3;0
D051300602;6238;NACOES UNIDAS, AV DAS;;;0;QUILOMETRO  - 08;04/05/2013 03:00;2;CT;15;4401; ; ;1;1;0;0;0;0;0;0;0;0;0;0;0;0;0;0;0;13014;MARGINAL DO RIO PINHEIROS, AV;;;90;VILA LEOPOLDINA;1;0
D051301450;34122;MELO FREIRE, RUA;1967;APUCARANA, RUA;0;;04/05/2013 03:41;2;CH;30;2601; ; ;1;0;0;0;0;0;0;0;0;0;0;0;0;0;0;0;0;1967;APUCARANA, RUA;34122;MELO FREIRE, RUA;82;TATUAPE;1;0
D051301623;15507;TEOTONIO VILELA, AV SEN;;;8000;;04/05/2013 03:50;2;QM;25;3295; ; ;0;1;0;0;0;0;0;0;0;0;0;0;0;0;0;0;0;15507;TEOTONIO VILELA, AV SEN;;;23;CIDADE DUTRA;1;0
D051301451;18067;SERRA DE BOTUCATU, RUA;18071;SERRA DE JAPI, RUA;0;;04/05/2013 03:50;2;CL;30;2603; ; ;2;0;0;0;0;0;0;0;0;0;0;0;0;0;0;0;0;18067;SERRA DE BOTUCATU, RUA;18071;SERRA DE JAPI, RUA;82;TATUAPE;2;0
D051301624;35884;TADAO INOUE, RUA;;;2500;;04/05/2013 04:00;2;TB;25;3296; ; ;1;0;0;0;0;0;0;0;0;0;0;0;0;0;0;0;0;35884;TADAO INOUE, RUA;;;32;IGUATEMI;1;0
D051301287;3771;INAJAR DE SOUZA, AV;;;3536;;04/05/2013 04:30;4;AT;72;4015;B; ;1;0;0;0;0;0;0;0;0;0;0;0;0;0;0;0;0;3771;INAJAR DE SOUZA, AV;;;50;LIMAO;1;0
D051301954;13881;MIGUEL, AV S;18606;TAIUVINHA, RUA;0;;04/05/2013 04:40;2;CH;63;3488; ; ;1;0;0;0;0;0;0;0;0;0;0;0;0;0;0;0;0;13881;MIGUEL, AV S;18606;TAIUVINHA, RUA;89;VILA JACUI;4;0
D051301649;14214;FELIPE CARRILLO PUERTO, AV;;;823;;04/05/2013 05:00;2;CH;47;5570;C; ;1;0;0;0;0;0;0;0;0;0;0;0;0;0;0;0;0;14214;FELIPE CARRILLO PUERTO, AV;;;29;FREGUESIA DO O;3;0
D051300035;6642;ESTADO, AV DO;17799;SANTOS DUMONT, AV;0;;04/05/2013 05:10;2;CT;2;2593; ; ;1;1;0;0;0;0;0;0;0;0;0;0;0;0;0;0;0;6642;ESTADO, AV DO;17799;SANTOS DUMONT, AV;9;BOM RETIRO;1;0
D051302254;1363;JORGE WARD, RUA;13019;ESCOLA POLITECNICA, AV;0;;04/05/2013 05:50;2;CH;14;4404; ; ;1;0;0;0;0;0;0;0;0;0;0;0;0;0;0;0;0;1363;JORGE WARD, RUA;22165;PABLO CASALS, AV;45;JARDIM SAO LUIS;0;2
D051302114;37265;TINECIRO ICIBACI, RUA;;;1200;;04/05/2013 06:30;2;TB;53;3080; ; ;1;0;0;0;0;0;0;0;0;0;0;0;0;0;0;0;0;37265;TINECIRO ICIBACI, RUA;;;50;LIMAO;1;0
D051300797;1427;ANHANGUERA, RUA;;;22000;;04/05/2013 07:00;2;CH;46;4163; ; ;1;0;0;0;0;0;0;0;0;0;0;0;0;0;0;0;0;1427;ANHANGUERA, RUA;;;70;SANTA CECILIA;2;0
D051300402;7882;GEORGE CORBISIER, AV ENG;;;328;;04/05/2013 08:00;2;CO;35;5956; ; ;0;2;0;0;0;0;0;0;0;0;0;0;0;0;0;0;0;7882;GEORGE CORBISIER, AV ENG;;;37;JABAQUARA;1;0
D051301855;954;AMADOR BUENO DA VEIGA, AV;6062;ANTONIO JOSE BRAGA, RUA;0;;04/05/2013 08:00;2;CO;24;4785; ; ;1;0;0;0;1;0;0;0;0;0;0;0;0;0;0;0;0;954;AMADOR BUENO DA VEIGA, AV;6062;ANTONIO JOSE BRAGA, RUA;65;PONTE RASA;1;0
D051300718;7500;FRANCISCO MORATO, AV PROF;;;6361;;04/05/2013 08:41;2;QM;34;3837; ; ;0;1;0;0;0;0;0;0;0;0;0;0;0;0;0;0;0;7500;FRANCISCO MORATO, AV PROF;;;12;BUTANTA;1;0
D051301535;7136;FILHAS DO SAGRADO CORACAO, RUA;3750;CABINARI, RUA;0;;04/05/2013 09:00;4;AT;58;2614; ; ;0;0;0;0;0;0;0;0;0;0;0;1;0;0;0;0;0;3750;CABINARI, RUA;7136;FILHAS DO SAGRADO CORACAO, RUA;87;VILA FORMOSA;1;0
D051301752;19705;CARDOZO DE MELLO NETO, RUA PROF;;;503;;04/05/2013 09:40;4;AT;98;4754;C; ;1;0;0;0;0;0;0;0;0;0;0;0;0;0;0;0;0;19705;CARDOZO DE MELLO NETO, RUA PROF;;;  ;;1;0
D051302295;4249;CARDOSO DE MELO, AV DR;;;503;;04/05/2013 09:40;4;AT;97;1442;C; ;1;0;0;0;0;0;0;0;0;0;0;0;0;0;0;0;0;4249;CARDOSO DE MELO, AV DR;;;  ;;0;1
D051300037;2864;BARRA DO TIBAJI, RUA;17507;RUDGE, AV;0;;04/05/2013 09:52;2;CL;2;2611; ; ;2;0;0;0;0;0;0;0;0;0;0;0;0;0;0;0;0;2864;BARRA DO TIBAJI, RUA;17507;RUDGE, AV;9;BOM RETIRO;1;0
D051301955;46936;JACU-PESSEGO/NOVA TRABALHADORE, AV;;;0;PROXIMO  - R CHERIPE;04/05/2013 09:53;2;CT;63;3497; ; ;1;1;0;0;0;0;0;0;0;0;0;0;0;0;0;0;0;46936;JACU-PESSEGO/NOVA TRABALHADORE, AV;;;46;JOSE BONIFACIO;1;0
D051300172;6642;ESTADO, AV DO;;;5200;;04/05/2013 09:55;2;CO;8;3439; ; ;0;1;0;0;0;0;0;0;0;0;0;0;0;0;0;0;0;6642;ESTADO, AV DO;;;9;BOM RETIRO;1;0
D051301259;29772;MARGINAL DO RIO TIETE, AV;;;0;PROXIMO  - OTAVIO ALV;04/05/2013 10:30;2;CO;40;4907; ; ;1;0;0;0;0;0;0;0;0;0;0;0;1;0;0;0;0;29772;MARGINAL DO RIO TIETE, AV;;;13;CACHOEIRINHA;1;0
D051301027;14241;MOREIRA DE BARROS, LGO CONS;;;1026;;04/05/2013 11:20;4;AT;13;4905;B; ;0;1;0;0;0;0;0;0;0;0;0;0;0;0;0;0;0;14241;MOREIRA DE BARROS, LGO CONS;;;8;BELEM;1;0
D051300394;8676;HENRIQUE DA COSTA, RUA;;;33;;04/05/2013 11:30;4;AT;35;4109; ; ;1;0;0;0;0;0;0;0;0;0;0;0;0;0;0;0;0;8676;HENRIQUE DA COSTA, RUA;;;42;JARDIM ANGELA;1;0
D051301495;4736;CELSO GARCIA, AV;18347;SIRIA, RUA;0;;04/05/2013 11:30;2;CO;52;1406;B; ;2;0;0;0;0;0;0;0;0;0;0;0;0;0;0;0;0;4736;CELSO GARCIA, AV;18347;SIRIA, RUA;82;TATUAPE;1;0
D051301348;42629;ANTONIO DE CABEZON, RUA;34530;FRIEDRICH VON VOITH, RUA;0;;04/05/2013 11:45;2;CO;74;4029; ; ;1;1;0;0;0;0;0;0;0;0;0;0;0;0;0;0;0;34530;FRIEDRICH VON VOITH, RUA;42629;ANTONIO DE CABEZON, RUA;41;JARAGUA;1;0
D051301233;17339;ROLAND GARROS, AV;;;501;;04/05/2013 11:50;2;CF;39;4670; ; ;0;1;0;0;0;0;0;0;0;0;0;1;0;0;0;0;0;17339;ROLAND GARROS, AV;;;22;CIDADE ADEMAR;2;0