id_acidente;codloga;logradouroA;codlogb;logradouroB;alt_num;referencia;data;cod_acid;tipo_acidente;dp;numero_BO;sentido;pista;automovel;moto;onibus;caminhao;bicicleta;moto_taxi;onibus_fretado;onibus_urbano;microonibus;van;vuc;caminhonete;carreta;jipe;outros;sem_informacao;carroca;princ_a;paiA;princ_b;paiB;cod_distrito;distrito;vit_ferida;vit_morta
D051302169;17824;SAPOPEMBA, AV;;;16432;;05/05/2013 19:50;2;CO;55;6249; ; ;0;1;0;0;0;0;0;0;0;0;0;1;0;0;0;0;0;17824;SAPOPEMBA, AV;;;33;IPIRANGA;1;0
D051301826;17110;RIO BONITO, AV DO;;;1000;;05/05/2013 20:00;2;QD;102;2232; ; ;0;0;0;0;0;0;0;1;0;0;0;0;0;0;0;0;0;17110;RIO BONITO, AV DO;;;32;IGUATEMI;1;0
D051300835;30388;LUIZ ANTONIO PEDUTI CUNHA (ANT, AV DR;30366;EDMUND NEJM, R;0;;05/05/2013 20:00;2;CH;51;4474; ; ;1;0;0;0;0;0;0;0;0;0;0;0;0;0;0;0;0;30366;EDMUND NEJM, R;30388;LUIZ ANTONIO PEDUTI CUNHA (ANT, AV DR;68;RIO PEQUENO;1;0
D051302190;78661;ALFENEIRO, RUA;;;94;;05/05/2013 20:12;2;SI;66;3140; ; ;2;0;0;0;0;0;0;0;0;0;0;0;0;0;0;0;0;78661;ALFENEIRO, RUA;;;38;JACANA;1;0
D051301978;21253;AGUIA DE HAIA, AV;10277;JOAO DORIVAL CARDOSO, RUA DR;0;;05/05/2013 20:30;4;AT;64;3511; ; ;1;0;0;0;0;0;0;0;0;0;0;0;0;0;0;0;0;10277;JOAO DORIVAL CARDOSO, RUA DR;21253;AGUIA DE HAIA, AV;5;ARTUR ALVIM;1;0
D051301461;15370;PAMONA, RUA;;;50;;05/05/2013 21:00;2;CH;30;2792; ; ;2;0;0;0;0;0;0;0;0;0;0;0;0;0;0;0;0;15370;PAMONA, RUA;;;27;CURSINO;1;0
D051301898;9477;ITAJUIBE, RUA;;;354;;05/05/2013 21:18;4;AT;50;5615; ; ;0;1;0;0;0;0;0;0;0;0;0;0;0;0;0;0;0;9477;ITAJUIBE, RUA;;;35;ITAIM PAULISTA;1;0
D051301957;63832;PERPETUA-DO-CAMPO, RUA;;;2;;05/05/2013 22:00;2;SI;63;3573; ; ;2;0;0;0;0;0;0;0;0;0;0;0;0;0;0;0;0;63832;PERPETUA-DO-CAMPO, RUA;;;53;MOEMA;1;0
D051301506;5836;DIANOPOLIS, RUA;17595;SAQUAREMA, RUA;0;;05/05/2013 22:26;2;CO;56;2977; ; ;1;1;0;0;0;0;0;0;0;0;0;0;0;0;0;0;0;5836;DIANOPOLIS, RUA;17595;SAQUAREMA, RUA;95;VILA PRUDENTE;1;0
D051300863;16878;RAPOSO TAVARES, VIA;;;18000;;05/05/2013 22:35;2;CO;75;3907; ; ;3;0;0;0;0;0;0;0;0;0;0;0;0;0;0;0;0;16878;RAPOSO TAVARES, VIA;;;13;CACHOEIRINHA;2;0
D051300420;18653;TANGARA, RUA;7318;FRANCA PINTO, RUA;0;;05/05/2013 22:35;2;CO;36;7418; ; ;0;1;0;0;0;0;0;0;0;0;0;1;0;0;0;0;0;7318;FRANCA PINTO, RUA;18653;TANGARA, RUA;92;VILA MARIANA;1;0
D051301558;32119;SUZANA RODRIGUES, PCA;;;198;;05/05/2013 22:39;2;SI;11;5069; ; ;1;1;0;0;0;0;0;0;0;0;0;0;0;0;0;0;0;32119;SUZANA RODRIGUES, PCA;;;  ;;1;0
D051300404;9715;JABAQUARA, AV;9159;INDIANOPOLIS, AV;0;;05/05/2013 22:43;2;CO;35;6052; ; ;2;0;0;0;0;0;0;0;0;0;0;0;0;0;0;0;0;9159;INDIANOPOLIS, AV;9715;JABAQUARA, AV;79;SAUDE;1;0
D051301456;6460;EMILIO MALLET, RUA;;;120;;05/05/2013 22:47;2;SI;30;2662; ; ;0;2;0;0;0;0;0;0;0;0;0;0;0;0;0;0;0;6460;EMILIO MALLET, RUA;;;82;TATUAPE;2;0
D051300525;803;SEBASTIAO SISSON, RUA;;;120;;05/05/2013 23:15;4;AT;97;6092; ; ;0;0;0;0;0;0;0;0;0;0;0;0;0;0;0;1;0;803;SEBASTIAO SISSON, RUA;;;37;JABAQUARA;1;0
D051300156;19507;VASCONCELOS DRUMOND, RUA;;;391;;05/05/2013 23:16;2;CO;6;3503; ; ;0;1;0;0;0;0;0;0;0;0;0;0;0;0;0;1;0;19507;VASCONCELOS DRUMOND, RUA;;;12;BUTANTA;1;0
D051301958;9084;IMPERADOR, ES DO;46936;JACU-PESSEGO/NOVA TRABALHADORE, AV;0;;05/05/2013 23:28;2;CO;63;3575; ; ;1;1;0;0;0;0;0;0;0;0;0;0;0;0;0;0;0;9084;IMPERADOR, ES DO;46936;JACU-PESSEGO/NOVA TRABALHADORE, AV;8;BELEM;1;0
D051301697;11639;LAURO PARENTE, RUA DR;;;1000;;05/05/2013 23:45;2;CO;80;4823; ; ;1;1;0;0;0;0;0;0;0;0;0;0;0;0;0;0;0;11639;LAURO PARENTE, RUA DR;;;22;CIDADE ADEMAR;1;0
D051300343;10918;JOSE DINIZ, AV VER;;;3573;;05/05/2013 23:45;2;CH;27;4719; ; ;1;0;0;0;0;0;0;0;0;0;0;0;0;0;0;0;0;10918;JOSE DINIZ, AV VER;;;15;CAMPO BELO;1;0
D051301475;5817;DEZENOVE DE JANEIRO, AV;;;321;;06/05/2013 01:04;2;CO;31;2664; ; ;1;1;0;0;0;0;0;0;0;0;0;0;0;0;0;0;0;5817;DEZENOVE DE JANEIRO, AV;;;20;CARRAO;1;0
D051300458;35399;CARAUBAS, RUA;;;226;;06/05/2013 02:54;2;CH;95;3930; ; ;0;0;0;0;0;0;0;0;0;0;0;1;0;0;0;0;0;35399;CARAUBAS, RUA;;;29;FREGUESIA DO O;4;0
D051301856;954;AMADOR BUENO DA VEIGA, AV;;;3871;;06/05/2013 03:00;2;CH;24;4875; ; ;1;0;0;0;0;0;0;0;0;0;0;0;0;0;0;0;0;954;AMADOR BUENO DA VEIGA, AV;;;60;PENHA;1;0
D051302177;9580;ITAQUERA, AV;5642;CUSTODIO LOBO, RUA;0;;06/05/2013 04:55;2;CO;66;1991; ; ;1;0;1;0;0;0;0;0;0;0;0;0;0;0;0;0;0;5642;CUSTODIO LOBO, RUA;9580;ITAQUERA, AV;93;VILA MATILDE;1;0
D051301793;12403;M'BOI MIRIM, ES;;;5780;;06/05/2013 05:45;2;CH;100;2356; ; ;0;0;1;0;0;0;0;0;0;0;0;0;0;0;0;0;0;12403;M'BOI MIRIM, ES;;;42;JARDIM ANGELA;1;0
D051301029;2421;ASSIS CHATEAUBRIAND, AV;;;2212;;06/05/2013 05:45;2;QM;13;4971; ; ;0;1;0;0;0;0;0;0;0;0;0;0;0;0;0;0;0;29772;MARGINAL DO RIO TIETE, AV;;;71;SANTANA;1;0
D051301719;36571;BAUCIS, RUA;;;320;;06/05/2013 05:50;2;QM;92;2806; ; ;0;1;0;0;0;0;0;0;0;0;0;0;0;0;0;0;0;36571;BAUCIS, RUA;;;32;IGUATEMI;1;0
D051300896;8587;HASTINFILO DE MOURA, RUA MAL;8483;GUILHERME DUMONT VILARES, AV DR;0;;06/05/2013 05:50;2;SI;89;3910; ; ;1;1;0;0;0;0;0;0;0;0;0;0;0;0;0;0;0;8483;GUILHERME DUMONT VILARES, AV DR;8587;HASTINFILO DE MOURA, RUA MAL;85;VILA ANDRADE;1;0
D051301412;7645;FRONTIN, AV CD DE;;;0;PROXIMO  - METRO PATR;06/05/2013 06:54;2;CO;21;1513; ; ;1;1;0;0;0;0;0;0;0;0;0;0;0;0;0;0;0;7645;FRONTIN, AV CD DE;;;93;VILA MATILDE;2;0
D051301917;17820;TITO, AV MAL;;;3564;;06/05/2013 07:05;2;CO;59;1651; ; ;1;0;0;0;0;0;0;0;0;0;0;1;0;0;0;0;0;17820;TITO, AV MAL;;;53;MOEMA;2;0
D051300466;1247;ANCHIETA, VIA;;;0;QUILOMETRO  - 11,900;06/05/2013 07:50;2;CT;95;2092; ; ;1;1;0;0;0;0;0;0;0;0;0;0;0;0;0;0;0;1247;ANCHIETA, VIA;;;  ;;1;0
D051301413;2181;ARICANDUVA, AV;;;1000;;06/05/2013 08:00;2;CO;21;1514; ; ;2;0;0;0;0;0;0;0;0;0;0;0;0;0;0;0;0;2181;ARICANDUVA, AV;;;60;PENHA;1;0
D051300428;5618;CURSINO, AV DO;;;5517;;06/05/2013 08:19;2;CO;83;1056; ; ;1;1;0;0;0;0;0;0;0;0;0;0;0;0;0;0;0;5618;CURSINO, AV DO;;;27;CURSINO;1;0
D051300465;1247;ANCHIETA, VIA;;;0;QUILOMETRO  - 10,900;06/05/2013 08:20;2;CL;95;2091; ; ;1;1;0;0;0;0;0;0;0;0;0;0;0;0;0;0;0;1247;ANCHIETA, VIA;;;  ;;1;0
D051300165;14805;ALBERTO LION, PCA;6642;ESTADO, AV DO;0;;06/05/2013 08:40;2;CT;8;2497; ; ;0;1;0;0;0;0;0;0;0;0;0;1;0;0;0;0;0;6642;ESTADO, AV DO;14805;ALBERTO LION, PCA;14;CAMBUCI;1;0
D051300412;19583;VERGUEIRO, RUA;12452;MACHADO DE ASSIS, RUA;0;;06/05/2013 08:55;2;CO;36;1992; ; ;1;1;0;0;0;0;0;0;0;0;0;0;0;0;0;0;0;12452;MACHADO DE ASSIS, RUA;19583;VERGUEIRO, RUA;92;VILA MARIANA;1;0
D051300706;16337;ELISEU DE ALMEIDA, AV;;;1000;;06/05/2013 09:00;2;CO;34;2986; ; ;0;2;0;0;0;0;0;0;0;0;0;0;0;0;0;0;0;16337;ELISEU DE ALMEIDA, AV;;;0;NULL;1;0
D051300691;8070;GOIAS, AV DUQSA DE;;;100;;06/05/2013 09:15;4;AT;34;2705; ; ;1;0;0;0;0;0;0;0;0;0;0;0;0;0;0;0;0;8070;GOIAS, AV DUQSA DE;;;55;MORUMBI;1;0
D051300780;98963;RODOANEL MARIO COVAS, VIA;;;0;PROXIMO  - VIA ANHANG;06/05/2013 10:00;2;CO;46;2143; ; ;2;0;0;1;0;0;0;0;0;0;0;0;0;0;0;0;0;98963;RODOANEL MARIO COVAS, VIA;;;62;PERUS;1;0
D051300831;5309;CORIFEU DE AZEVEDO MARQUES, AV;;;1847;;06/05/2013 10:22;2;CO;51;2901; ; ;1;1;0;0;0;0;0;0;0;0;0;0;0;0;0;0;0;5309;CORIFEU DE AZEVEDO MARQUES, AV;;;12;BUTANTA;1;0
D051301615;32541;PAULO GUILGUER REIMBERG, AV;;;3637;;06/05/2013 10:30;2;CO;25;1194; ; ;1;1;0;0;0;0;0;0;0;0;0;0;0;0;0;0;0;32541;PAULO GUILGUER REIMBERG, AV;;;32;IGUATEMI;1;0
D051300413;99481;AYRTON SENNA, TN CV;;;0;NADA CONSTA ;06/05/2013 10:40;2;CO;36;1994; ; ;1;1;0;0;0;0;0;0;0;0;0;0;0;0;0;0;0;99481;AYRTON SENNA, TN CV;;;53;MOEMA;2;0
D051301352;6806;EURIPEDES RODRIGUES DE LIMA, RUA SOLD;18007;SERAFIM GONCALVES PEREIRA, AV;0;;06/05/2013 11:07;2;CO;90;1787; ; ;1;1;0;0;0;0;0;0;0;0;0;0;0;0;0;0;0;524;ALBINO CESAR, RUA SOLD;6806;EURIPEDES RODRIGUES DE LIMA, RUA SOLD;91;VILA MARIA;1;0
D051301482;3648;ORLANDO CALISTO, RUA;;;113;;06/05/2013 11:55;4;AT;42;1610; ; ;1;0;0;0;0;0;0;0;0;0;0;0;0;0;0;0;0;3648;ORLANDO CALISTO, RUA;;;74;SAO LUCAS;1;0
D051300781;99432;JOSE GLADIADOR, ES CEL;;;979;;06/05/2013 12:00;2;CL;46;2147; ; ;1;1;0;0;0;0;0;0;0;0;0;0;0;0;0;0;0;99432;JOSE GLADIADOR, ES CEL;;;  ;;1;0
D051300676;21629;ELISIO CORDEIRO DE SIQUEIRA, AV;21238;ALEXANDRE RAMOS DE SOUZA, RUA;0;;06/05/2013 12:00;2;CO;33;4236; ; ;1;0;0;0;1;0;0;0;0;0;0;0;0;0;0;0;0;21238;ALEXANDRE RAMOS DE SOUZA, RUA;21629;ELISIO CORDEIRO DE SIQUEIRA, AV;73;SAO DOMINGOS;1;0
D051301559;19574;VERBO DIVINO, RUA;;;1100;;06/05/2013 12:18;2;QD;11;5099; ; ;0;0;0;0;0;0;0;1;0;0;0;0;0;0;0;0;0;19574;VERBO DIVINO, RUA;;;29;FREGUESIA DO O;1;0
D051300109;19764;VINTE E TRES DE MAIO, AV;;;0;ACESSO  - LESTE-OEST;06/05/2013 12:20;2;CO;5;2425; ; ;0;1;0;0;0;0;0;0;0;0;0;1;0;0;0;0;0;19764;VINTE E TRES DE MAIO, AV;;;17;CAMPO LIMPO;1;0
D051302178;17135;RIO DAS PEDRAS, AV;;;3729;;06/05/2013 12:28;2;CL;66;1996; ; ;1;1;0;0;0;0;0;0;0;0;0;0;0;0;0;0;0;17135;RIO DAS PEDRAS, AV;;;  ;;1;0
D051302208;23574;SINFONIA DO OCASO, RUA;23588;LEANDRO DE SEVILHA, RUA;0;;06/05/2013 12:33;2;CO;69;4757; ; ;0;0;1;0;0;0;0;1;0;0;0;0;0;0;0;0;0;23574;SINFONIA DO OCASO, RUA;23588;LEANDRO DE SEVILHA, RUA;78;SAPOPEMBA;1;0
D051301739;12403;M'BOI MIRIM, ES;;;1200;;06/05/2013 13:00;4;AT;92;3425; ; ;1;0;0;0;0;0;0;0;0;0;0;0;0;0;0;0;0;12403;M'BOI MIRIM, ES;;;42;JARDIM ANGELA;1;0
D051300255;15656;PAULISTA, AV;;;1200;;06/05/2013 13:00;2;QD;78;2286; ; ;0;0;1;0;0;0;0;0;0;0;0;0;0;0;0;0;0;15656;PAULISTA, AV;;;7;BELA VISTA;1;0
D051300849;26426;INACIO CERVANTES, RUA;;;700;;06/05/2013 13:15;4;AT;75;1559; ; ;1;0;0;0;0;0;0;0;0;0;0;0;0;0;0;0;0;26426;INACIO CERVANTES, RUA;;;13;CACHOEIRINHA;1;0
D051300467;43154;TANCREDO NEVES, AV PRES;;;900;;06/05/2013 13:17;2;CT;95;2112; ; ;0;1;0;0;0;0;0;0;0;0;0;0;0;0;0;1;0;43154;TANCREDO NEVES, AV PRES;;;18;CANGAIBA;1;0
D051302285;3509;BELMIRA MARIN, AV DONA;;;4500;;06/05/2013 13:30;2;CT;101;3373;C; ;3;0;0;0;0;0;0;0;0;0;0;0;0;0;0;0;0;3509;BELMIRA MARIN, AV DONA;;;30;GRAJAU;1;1
D051302077;13671;MATEO BEI, AV;;;2300;;06/05/2013 13:30;4;AT;49;5043; ; ;0;1;0;0;0;0;0;0;0;0;0;0;0;0;0;0;0;13671;MATEO BEI, AV;;;75;SAO MATEUS;1;0
D051301253;6450;EMILIO CARLOS, AV DEP;9063;IMARUI, RUA;0;;06/05/2013 13:31;2;CO;40;1501; ; ;1;0;0;0;1;0;0;0;0;0;0;0;0;0;0;0;0;6450;EMILIO CARLOS, AV DEP;9063;IMARUI, RUA;50;LIMAO;1;0
D051300283;66;ABRAAO DE MORAIS, AV PROF;;;313;;06/05/2013 13:45;2;CT;16;6089; ; ;1;1;0;0;0;0;0;0;0;0;0;0;0;0;0;0;0;66;ABRAAO DE MORAIS, AV PROF;;;79;SAUDE;2;0
D051301021;19884;VOLUNTARIOS DA PATRIA, RUA;3637;BRAZ LEME, AV;0;;06/05/2013 13:50;2;QD;13;3132; ; ;0;0;1;0;0;0;0;0;0;0;0;0;0;0;0;0;0;3637;BRAZ LEME, AV;19884;VOLUNTARIOS DA PATRIA, RUA;71;SANTANA;1;0
D051301760;9220;INTERLAGOS, AV;;;3200;;06/05/2013 14:00;2;QM;99;1968; ; ;0;1;0;0;0;0;0;0;0;0;0;0;0;0;0;0;0;9220;INTERLAGOS, AV;;;16;CAMPO GRANDE;1;0
D051302245;12326;JUSCELINO KUBITSCHEK, AV PRES;5105;CLODOMIRO AMAZONAS, RUA;0;;06/05/2013 14:00;2;CO;15;2233; ; ;2;2;0;0;0;0;0;0;0;0;0;0;0;0;0;0;0;5105;CLODOMIRO AMAZONAS, RUA;12326;JUSCELINO KUBITSCHEK, AV PRES;  ;;0;1
D051300862;16878;RAPOSO TAVARES, VIA;;;18000;;06/05/2013 14:00;2;CO;75;3390; ; ;1;1;0;0;0;0;0;0;0;0;0;0;0;0;0;0;0;16878;RAPOSO TAVARES, VIA;;;13;CACHOEIRINHA;1;0
D051300531;12436;MACEDO SOARES, AV EMB;;;10000;;06/05/2013 14:10;2;CT;7;2847; ; ;3;0;0;0;0;0;0;0;0;0;0;0;0;0;0;0;0;29772;MARGINAL DO RIO TIETE, AV;;;48;LAPA;1;0
D051301252;15188;OTAVIANO ALVES DE LIMA, AV;;;0;FRENTE  - CARREFOUR;06/05/2013 14:40;2;QM;40;1499; ; ;0;1;0;0;0;0;0;0;0;0;0;0;0;0;0;0;0;29772;MARGINAL DO RIO TIETE, AV;;;23;CIDADE DUTRA;1;0
D051300085;16429;PLINIO BARRETO, RUA DR;;;173;;06/05/2013 14:50;2;CO;4;3226; ; ;1;1;0;0;0;0;0;0;0;0;0;0;0;0;0;0;0;16429;PLINIO BARRETO, RUA DR;;;7;BELA VISTA;1;0
D051301095;351;AGUA FRIA, AV;;;1873;;06/05/2013 15:00;2;CO;20;4153; ; ;1;1;0;0;0;0;0;0;0;0;0;0;0;0;0;0;0;351;AGUA FRIA, AV;;;71;SANTANA;1;0
D051300593;999;SANTO AMARO, AV;7671;GABRIEL, AV S;0;;06/05/2013 15:13;4;AT;15;2231; ; ;0;0;1;0;0;0;0;0;0;0;0;0;0;0;0;0;0;999;SANTO AMARO, AV;12165;LUIS ANTONIO, AV BRIG;34;ITAIM BIBI;1;0
D051300278;11431;JUCARA, RUA;;;9999;;06/05/2013 15:30;2;QD;16;66; ; ;0;0;1;0;0;0;0;0;0;0;0;0;0;0;0;0;0;11431;JUCARA, RUA;;;27;CURSINO;1;0
D051301561;4053;MARIO LOPES LEAO, AV;17122;RIO BRANCO, RUA BR DO;0;;06/05/2013 15:31;4;AT;11;5109; ; ;0;0;0;0;0;0;0;0;0;0;0;1;0;0;0;0;0;4053;MARIO LOPES LEAO, AV;17122;RIO BRANCO, RUA BR DO;72;SANTO AMARO;1;0
D051301381;4128;CANGAIBA, AV;;;960;;06/05/2013 16:00;2;CO;10;5130; ; ;2;0;0;0;0;0;0;0;0;0;0;0;0;0;0;0;0;4128;CANGAIBA, AV;;;18;CANGAIBA;1;0
D051300603;12326;JUSCELINO KUBITSCHEK, AV PRES;2476;ATILIO INNOCENTI, RUA PROF;0;;06/05/2013 16:00;2;CO;15;4505; ; ;1;1;0;0;0;0;0;0;0;0;0;0;0;0;0;0;0;2476;ATILIO INNOCENTI, RUA PROF;12326;JUSCELINO KUBITSCHEK, AV PRES;34;ITAIM BIBI;1;0
D051301172;15426;PARADA PINTO, AV;;;3420;;06/05/2013 16:20;2;CO;38;2242; ; ;1;1;0;0;0;0;0;0;0;0;0;0;0;0;0;0;0;15426;PARADA PINTO, AV;;;8;BELEM;1;0
D051300720;19461;VALERIO, AV S;4447;CARMEN SCIGLIANO, RUA PROFA;0;;06/05/2013 17:20;2;CO;34;3947; ; ;1;1;0;0;0;0;0;0;0;0;0;0;0;0;0;0;0;4447;CARMEN SCIGLIANO, RUA PROFA;19461;VALERIO, AV S;  ;;1;0
D051300677;4005;GALVAO BUENO TRIGUEIRINHO, RUA;;;607;;06/05/2013 17:30;4;AT;33;4260; ; ;1;0;0;0;0;0;0;0;0;0;0;0;0;0;0;0;0;4005;GALVAO BUENO TRIGUEIRINHO, RUA;;;39;JAGUARA;1;0
D051301410;3383;BIXIRA, RUA;12487;DEUS, RUA MADRE DE;0;;06/05/2013 18:10;2;CO;18;1823; ; ;2;1;0;0;0;0;0;0;0;0;0;0;0;0;0;0;0;3383;BIXIRA, RUA;12487;DEUS, RUA MADRE DE;54;MOOCA;1;0
D051300174;543;ALCANTARA MACHADO, AV;7253;FOMM, RUA DR;0;;06/05/2013 18:10;2;CO;8;3523; ; ;0;2;0;0;0;0;0;0;0;0;0;0;0;0;0;0;0;543;ALCANTARA MACHADO, AV;7253;FOMM, RUA DR;54;MOOCA;2;0
D051300752;99949;CARLOS CALDEIRA FILHO, AV;;;500;;06/05/2013 18:30;2;CO;37;3944; ; ;0;1;0;0;0;0;0;0;0;0;0;1;0;0;0;0;0;99949;CARLOS CALDEIRA FILHO, AV;;;19;CAPAO REDONDO;1;0
D051300091;12202;LUIS COELHO, RUA;;;0;PROXIMO  - R.DA CONSO;06/05/2013 18:46;4;AT;4;3789; ; ;1;0;0;0;0;0;0;0;0;0;0;0;0;0;0;0;0;12202;LUIS COELHO, RUA;;;34;ITAIM BIBI;1;0
D051301528;906;ALVARO RAMOS, AV;;;1058;;06/05/2013 18:52;4;AT;57;2993;B; ;0;1;0;0;0;0;0;0;0;0;0;0;0;0;0;0;0;906;ALVARO RAMOS, AV;;;8;BELEM;2;0
D051301798;15507;TEOTONIO VILELA, AV SEN;;;4029;;06/05/2013 19:00;4;AT;101;1728; ; ;1;0;0;0;0;0;0;0;0;0;0;0;0;0;0;0;0;15507;TEOTONIO VILELA, AV SEN;;;23;CIDADE DUTRA;1;0
D051300261;4526;CASA BRANCA, AL;;;0;NADA CONSTA ;06/05/2013 19:09;2;CT;78;4010; ; ;1;1;0;0;0;0;0;0;0;0;0;0;0;0;0;0;0;4526;CASA BRANCA, AL;;;44;JARDIM PAULISTA;1;0
D051301236;13767;MAZZEI, AV;8342;GUARAJA, RUA;0;;06/05/2013 19:14;2;CF;39;4766;C; ;1;1;0;0;0;0;0;0;0;0;0;0;0;0;0;0;0;8342;GUARAJA, RUA;13767;MAZZEI, AV;84;TUCURUVI;1;0
D051300864;16728;QUEIROS TELES, AV ENG;;;1397;;06/05/2013 19:15;2;CO;75;3942; ; ;1;1;0;0;0;0;0;0;0;0;0;0;0;0;0;0;0;16728;QUEIROS TELES, AV ENG;;;13;CACHOEIRINHA;1;0
D051300625;9472;ITAJOBI, RUA;;;80;;06/05/2013 19:25;2;CL;23;2505; ; ;2;0;0;0;0;0;0;0;0;0;0;0;0;0;0;0;0;9472;ITAJOBI, RUA;;;26;CONSOLACAO;1;0
D051300897;535;MANOEL ANTONIO PINTO, RUA;;;1105;;06/05/2013 19:30;4;AT;89;3945; ; ;1;0;0;0;0;0;0;0;0;0;0;0;0;0;0;0;0;535;MANOEL ANTONIO PINTO, RUA;;;85;VILA ANDRADE;1;0
D051301960;23875;CACIMBA, RUA;;;327;;06/05/2013 19:38;2;CO;63;3609; ; ;0;0;0;0;1;0;0;0;0;0;0;0;0;0;0;1;0;23875;CACIMBA, RUA;;;49;LIBERDADE;1;0
D051300329;2223;ARLINDO VIEIRA, AV PDE;;;2141;;06/05/2013 19:46;2;CO;26;3953; ; ;1;1;0;0;0;0;0;0;0;0;0;0;0;0;0;0;0;2223;ARLINDO VIEIRA, AV PDE;;;21;CASA VERDE;1;0
D051302324;98750;SEM INFORMACAO DE ENDERECO, SI;;;0;NADA CONSTA ;06/05/2013 20:55;2;QM;49;6298; ; ;0;1;0;0;0;0;0;0;0;0;0;0;0;0;0;0;0;98750;SEM INFORMACAO DE ENDERECO, SI;;;  ;;0;1
D051302046;28944;MANOEL FERREIRA PIRES, RUA;;;112;;06/05/2013 21:00;2;CO;41;2112; ; ;1;1;0;0;0;0;0;0;0;0;0;0;0;0;0;0;0;28944;MANOEL FERREIRA PIRES, RUA;;;46;JOSE BONIFACIO;1;0
D051301626;36000;AMARO ALVES DO ROSARIO, RUA;;;0;NADA CONSTA ;06/05/2013 21:00;2;CO;25;3887; ; ;2;0;0;0;0;0;0;0;0;0;0;0;0;0;0;0;0;36000;AMARO ALVES DO ROSARIO, RUA;;;56;PARELHEIROS;1;0
D051301279;17789;SANTO ANGELO, RUA BR DE;;;150;;06/05/2013 21:34;2;CO;45;4125; ; ;0;1;0;0;0;0;0;0;0;0;0;1;0;0;0;0;0;17789;SANTO ANGELO, RUA BR DE;;;40;JAGUARE;1;0
D051300492;5910;DIOGO JACOME, RUA;;;96;;06/05/2013 21:45;2;CO;96;4770; ; ;1;1;0;0;0;0;0;0;0;0;0;0;0;0;0;0;0;5910;DIOGO JACOME, RUA;;;53;MOEMA;1;0
D051300542;6544;ERMANO MARCHETTI, AV;;;0;NADA CONSTA ;06/05/2013 22:00;4;AT;7;3147; ; ;0;1;0;0;0;0;0;0;0;0;0;0;0;0;0;0;0;6544;ERMANO MARCHETTI, AV;;;48;LAPA;1;0
D051301310;40497;MANUEL VIEIRA DA LUZ-ANT. TERE, RUA;;;472;;06/05/2013 22:00;4;AT;73;4824; ; ;0;1;0;0;0;0;0;0;0;0;0;0;0;0;0;0;0;40497;MANUEL VIEIRA DA LUZ-ANT. TERE, RUA;;;83;TREMEMBE;1;0
D051301677;15507;TEOTONIO VILELA, AV SEN;;;1497;;06/05/2013 22:27;2;CO;48;1716; ; ;0;1;0;0;0;0;0;0;0;0;0;1;0;0;0;0;0;15507;TEOTONIO VILELA, AV SEN;;;23;CIDADE DUTRA;1;0
D051301003;36061;LUIZ DUMONT VILLARES, AV;2455;ATALIBA LEONEL, AV GAL;0;;06/05/2013 22:30;4;AT;9;4168; ; ;0;1;0;0;0;0;0;0;0;0;0;0;0;0;0;0;0;2455;ATALIBA LEONEL, AV GAL;4219;ZAKI NARCHI, AV;71;SANTANA;1;0
D051300753;5174;COLMEIAS, AV DAS;;;15;;06/05/2013 23:10;2;CO;37;3946;B; ;1;0;0;0;1;0;0;0;0;0;0;0;0;0;0;0;0;5174;COLMEIAS, AV DAS;;;17;CAMPO LIMPO;1;0
D051301442;12058;LUCA, AV;;;230;;06/05/2013 23:10;2;CO;29;2998; ; ;1;1;0;0;0;0;0;0;0;0;0;0;0;0;0;0;0;12058;LUCA, AV;;;1;AGUA RASA;1;0
D051301336;18594;TAIPAS, ES;;;3825;;06/05/2013 23:30;2;CH;74;4126; ; ;0;0;0;0;0;0;0;1;0;0;0;0;0;0;0;0;0;18594;TAIPAS, ES;;;52;MARSILAC;7;0
D051300344;19931;WASHINGTON LUIS, AV;;;0;PROXIMO  - AEROPORTO;06/05/2013 23:32;2;QM;27;4771; ; ;0;1;0;0;0;0;0;0;0;0;0;0;0;0;0;0;0;19931;WASHINGTON LUIS, AV;;;30;GRAJAU;2;0
D051302287;98412;LIGACAO (GRAJAU), EST DA;;;0;PROXIMO  - AV DONA BE;07/05/2013 00:00;4;AT;85;2332; ; ;0;0;1;0;0;0;0;0;0;0;0;0;0;0;0;0;0;98412;LIGACAO (GRAJAU), EST DA;;;30;GRAJAU;0;1
D051301616;32541;PAULO GUILGUER REIMBERG, AV;;;3500;;07/05/2013 05:25;4;AT;25;1205; ; ;0;0;0;0;0;0;0;1;0;0;0;0;0;0;0;0;0;32541;PAULO GUILGUER REIMBERG, AV;;;32;IGUATEMI;1;0
D051301712;15507;TEOTONIO VILELA, AV SEN;;;4000;;07/05/2013 05:39;4;AT;85;2700; ; ;1;0;0;0;0;0;0;0;0;0;0;0;0;0;0;0;0;15507;TEOTONIO VILELA, AV SEN;;;23;CIDADE DUTRA;1;0
D051302209;78277;MANUEL FRANCA DOS SANTOS, RUA;;;174;;07/05/2013 07:14;4;AT;69;4786; ; ;1;0;0;0;0;0;0;0;0;0;0;0;0;0;0;0;0;78277;MANUEL FRANCA DOS SANTOS, RUA;;;56;PARELHEIROS;1;0