id_acidente;codloga;logradouroA;codlogb;logradouroB;alt_num;referencia;data;cod_acid;tipo_acidente;dp;numero_BO;sentido;pista;automovel;moto;onibus;caminhao;bicicleta;moto_taxi;onibus_fretado;onibus_urbano;microonibus;van;vuc;caminhonete;carreta;jipe;outros;sem_informacao;carroca;princ_a;paiA;princ_b;paiB;cod_distrito;distrito;vit_ferida;vit_morta
D051301175;16170;PERI RONCHETTI, AV;;;892;;08/05/2013 11:15;4;AT;38;2277; ; ;0;1;0;0;0;0;0;0;0;0;0;0;0;0;0;0;0;16170;PERI RONCHETTI, AV;;;8;BELEM;1;0
D051301565;6238;NACOES UNIDAS, AV DAS;;;16;;08/05/2013 11:20;2;SI;11;5207; ; ;1;1;0;0;0;0;0;0;0;0;0;0;0;0;0;0;0;13014;MARGINAL DO RIO PINHEIROS, AV;;;90;VILA LEOPOLDINA;1;0
D051300595;6775;EUGENIO LEITE, RUA CON;7691;GABRIEL MONTEIRO DA SILVA, AL;0;;08/05/2013 11:30;2;CO;15;2297; ; ;2;0;0;0;0;0;0;0;0;0;0;1;0;0;0;0;0;6775;EUGENIO LEITE, RUA CON;7691;GABRIEL MONTEIRO DA SILVA, AL;63;PINHEIROS;1;0
D051300736;99949;CARLOS CALDEIRA FILHO, AV;29212;BOM CONSELHO, RUA NSRA DO;0;;08/05/2013 11:30;4;AT;37;3624; ; ;1;0;0;0;0;0;0;0;0;0;0;0;0;0;0;0;0;29212;BOM CONSELHO, RUA NSRA DO;99949;CARLOS CALDEIRA FILHO, AV;45;JARDIM SAO LUIS;1;0
D051302180;17135;RIO DAS PEDRAS, AV;;;3711;;08/05/2013 12:00;2;CO;66;2032; ; ;1;1;0;0;0;0;0;0;0;0;0;0;0;0;0;0;0;17135;RIO DAS PEDRAS, AV;;;27;CURSINO;1;0
D051300166;543;ALCANTARA MACHADO, AV;;;4002;;08/05/2013 12:00;2;CT;8;2505; ; ;2;0;0;0;0;0;0;0;0;0;0;0;0;0;0;0;0;543;ALCANTARA MACHADO, AV;;;10;BRAS;2;0
D051301566;17801;SANTOS DUMONT, RUA;17909;SEBASTIAO, RUA S;0;;08/05/2013 12:00;2;CO;11;5210; ; ;0;0;0;0;0;0;0;0;0;0;0;2;0;0;0;0;0;17801;SANTOS DUMONT, RUA;17909;SEBASTIAO, RUA S;  ;;1;0
D051300534;8615;HEITOR PENTEADO, RUA;;;1528;;08/05/2013 12:20;4;AT;7;2898; ; ;0;1;0;0;0;0;0;0;0;0;0;0;0;0;0;0;0;8615;HEITOR PENTEADO, RUA;;;61;PERDIZES;1;0
D051300385;6248;EDUARDO DE SA, RUA;;;68;;08/05/2013 12:30;4;AT;35;3873; ; ;1;0;0;0;0;0;0;0;0;0;0;0;0;0;0;0;0;6248;EDUARDO DE SA, RUA;;;22;CIDADE ADEMAR;1;0
D051301290;26639;GERALDO MARINO, RUA;;;200;;08/05/2013 12:30;2;CO;72;4166; ; ;1;1;0;0;0;0;0;0;0;0;0;0;0;0;0;0;0;26639;GERALDO MARINO, RUA;;;40;JAGUARE;1;0
D051300925;12436;MACEDO SOARES, AV EMB;;;0;NADA CONSTA ;08/05/2013 13:00;2;CT;91;3221; ; ;1;1;0;0;0;0;0;0;0;0;0;0;0;0;0;0;0;29772;MARGINAL DO RIO TIETE, AV;;;48;LAPA;1;0
D051301631;1731;ANTONIO GIL, RUA;67206;JOAO GOMES BATISTA, RUA;0;;08/05/2013 13:10;2;CO;43;1736; ; ;1;0;0;1;0;0;0;0;0;0;0;0;0;0;0;0;0;1731;ANTONIO GIL, RUA;67206;JOAO GOMES BATISTA, RUA;22;CIDADE ADEMAR;1;0
D051301567;7536;FRANCISCO PITTA BRITO, RUA ENG;;;138;;08/05/2013 13:25;2;CO;11;5222; ; ;1;1;0;0;0;0;0;0;0;0;0;0;0;0;0;0;0;7536;FRANCISCO PITTA BRITO, RUA ENG;;;72;SANTO AMARO;2;0
D051301097;13133;MARIA AMALIA LOPES AZEVEDO, RUA;;;2959;;08/05/2013 13:42;2;CO;20;4233; ; ;1;1;0;0;0;0;0;0;0;0;0;0;0;0;0;0;0;13133;MARIA AMALIA LOPES AZEVEDO, RUA;;;83;TREMEMBE;1;0
D051300243;5431;ARTHUR DA COSTA E SILVA, VEL PRES;;;0;NADA CONSTA ;08/05/2013 13:45;2;CO;77;1916; ; ;0;1;0;0;0;0;0;0;0;0;0;1;0;0;0;0;0;5431;ARTHUR DA COSTA E SILVA, VEL PRES;;;70;SANTA CECILIA;1;0
D051302015;14095;ANTONIO MANZI, RUA CON;;;43;;08/05/2013 14:00;2;CO;67;1282; ; ;1;1;0;0;0;0;0;0;0;0;0;0;0;0;0;0;0;14095;ANTONIO MANZI, RUA CON;;;50;LIMAO;1;0
D051300384;3585;JOAO BARRETO DE MENEZES, AV;4648;CAVAS, RUA DAS;0;;08/05/2013 14:05;2;CO;35;3867; ; ;2;0;0;0;0;0;0;0;0;0;0;0;0;0;0;0;0;3585;JOAO BARRETO DE MENEZES, AV;4648;CAVAS, RUA DAS;37;JABAQUARA;1;0
D051302211;73046;MANUEL QUIRINO DE MATTOS, RUA;;;1255;;08/05/2013 14:06;2;CO;69;4850; ; ;1;0;0;0;1;0;0;0;0;0;0;0;0;0;0;0;0;73046;MANUEL QUIRINO DE MATTOS, RUA;;;78;SAPOPEMBA;1;0
D051300627;8044;GODOI, RUA MIN;;;1040;;08/05/2013 14:11;2;CO;23;2576; ; ;1;1;0;0;0;0;0;0;0;0;0;0;0;0;0;0;0;8044;GODOI, RUA MIN;;;61;PERDIZES;1;0
D051301098;8633;HELENA DO SACRAMENTO, RUA;;;424;;08/05/2013 14:25;2;CO;20;4244; ; ;0;1;0;0;0;0;0;0;0;0;0;0;0;0;0;1;0;8633;HELENA DO SACRAMENTO, RUA;;;51;MANDAQUI;1;0
D051302075;73509;GONCALVES DA COSTA, AV;;;200;;08/05/2013 15:00;2;CP;49;1841; ; ;1;0;0;0;0;0;0;0;0;0;0;0;0;0;0;0;0;73509;GONCALVES DA COSTA, AV;;;55;MORUMBI;1;0
D051301033;3637;BRAZ LEME, AV;;;2002;;08/05/2013 15:30;2;CL;13;5090; ; ;1;1;0;0;0;0;0;0;0;0;0;0;0;0;0;0;0;3637;BRAZ LEME, AV;;;21;CASA VERDE;1;0
D051301819;17112;RIO BONITO, RUA;;;1827;;08/05/2013 16:10;2;QM;102;1283; ; ;0;1;0;0;0;0;0;0;0;0;0;0;0;0;0;0;0;17112;RIO BONITO, RUA;;;25;CIDADE TIRADENT;1;0
D051301568;1085;AMERICO BRASILIENSE, RUA;10897;JOSE DE CARVALHO, RUA;0;;08/05/2013 16:27;2;SI;11;5231; ; ;1;1;0;0;0;0;0;0;0;0;0;0;0;0;0;0;0;1085;AMERICO BRASILIENSE, RUA;10897;JOSE DE CARVALHO, RUA;72;SANTO AMARO;1;0
D051301805;64985;BERNARDO DE CLARAVAL, RUA;;;0;NADA CONSTA ;08/05/2013 16:58;2;QM;101;3430; ; ;0;1;0;0;0;0;0;0;0;0;0;0;0;0;0;0;0;64985;BERNARDO DE CLARAVAL, RUA;;;32;IGUATEMI;1;0
D051301704;76320;CONSTELACAO DO CARANGUEJO, RUA;;;721;;08/05/2013 17:00;2;QD;85;2399; ; ;0;0;0;0;0;0;0;1;0;0;0;0;0;0;0;0;0;76320;CONSTELACAO DO CARANGUEJO, RUA;;;32;IGUATEMI;1;0
D051300196;3653;BRESSER, RUA;;;0;PROXIMO  - R.ITAJAI;08/05/2013 17:30;2;CO;8;4035; ; ;1;1;0;0;0;0;0;0;0;0;0;0;0;0;0;0;0;3653;BRESSER, RUA;;;10;BRAS;1;0
D051301440;17824;SAPOPEMBA, AV;;;8000;;08/05/2013 17:40;2;CO;29;2535; ; ;1;1;0;0;0;0;0;0;0;0;0;0;0;0;0;0;0;17824;SAPOPEMBA, AV;;;33;IPIRANGA;1;0
D051301190;14242;MOREIRA DE BARROS, RUA CONS;;;2272;;08/05/2013 17:45;4;AT;38;2591; ; ;0;1;0;0;0;0;0;0;0;0;0;0;0;0;0;0;0;14242;MOREIRA DE BARROS, RUA CONS;;;0;NULL;1;0
D051301312;13133;MARIA AMALIA LOPES AZEVEDO, RUA;;;3641;;08/05/2013 18:00;2;CO;73;4867; ; ;0;1;0;0;0;0;0;0;0;0;0;0;0;0;0;0;0;13133;MARIA AMALIA LOPES AZEVEDO, RUA;;;83;TREMEMBE;2;0
D051301365;98904;PAULO FREIRE, AV EDUC;73640;BARACELA, RUA DA;0;;08/05/2013 18:00;2;CH;90;4863; ; ;0;0;0;0;0;0;0;0;0;0;0;1;0;0;0;0;0;73640;BARACELA, RUA DA;98904;PAULO FREIRE, AV EDUC;22;CIDADE ADEMAR;1;0
D051301715;66698;VIRIATO LEAO DE MOURA, RUA;;;47;;08/05/2013 18:10;4;AT;85;4274; ; ;1;0;0;0;0;0;0;0;0;0;0;0;0;0;0;0;0;66698;VIRIATO LEAO DE MOURA, RUA;;;32;IGUATEMI;1;0
D051301384;4128;CANGAIBA, AV;;;1400;;08/05/2013 18:16;2;CO;10;5218; ; ;3;0;0;0;0;0;0;0;0;0;0;0;0;0;0;0;0;4128;CANGAIBA, AV;;;18;CANGAIBA;1;0
D051301549;4632;CATUMBI, RUA;;;542;;08/05/2013 18:20;4;AT;81;900048; ; ;1;0;0;0;0;0;0;0;0;0;0;0;0;0;0;0;0;4632;CATUMBI, RUA;;;8;BELEM;1;0
D051300900;8000;GIOVANNI GRONCHI, AV;;;6765;;08/05/2013 18:45;2;CO;89;4017; ; ;0;1;0;0;0;0;0;0;0;0;0;1;0;0;0;0;0;8000;GIOVANNI GRONCHI, AV;;;55;MORUMBI;2;0
D051300798;1429;ANHANGUERA, VIA;;;18000;;08/05/2013 18:48;2;CO;46;4318; ; ;1;1;0;0;0;0;0;0;0;0;0;0;0;0;0;0;0;1429;ANHANGUERA, VIA;;;73;SAO DOMINGOS;1;0
D051300129;19764;VINTE E TRES DE MAIO, AV;;;500;;08/05/2013 18:50;2;CL;5;3852; ; ;1;1;0;0;0;0;0;0;0;0;0;0;0;0;0;0;0;19764;VINTE E TRES DE MAIO, AV;;;17;CAMPO LIMPO;1;0
D051300038;4561;CASTELO BRANCO, AV PRES;;;0; - DA P.BANDE;08/05/2013 19:00;2;CO;2;2714; ; ;0;2;0;0;0;0;0;0;0;0;0;0;0;0;0;0;0;29772;MARGINAL DO RIO TIETE, AV;;;6;BARRA FUNDA;2;0
D051302315;98750;SEM INFORMACAO DE ENDERECO, SI;;;0;NADA CONSTA ;08/05/2013 20:00;2;QM;50;5748; ; ;0;0;0;0;1;0;0;0;0;0;0;0;0;0;0;0;0;98750;SEM INFORMACAO DE ENDERECO, SI;;;  ;;0;1
D051301280;15791;ORLANDO GARCIA DA SILVEIRA, AV PDE;;;12;;08/05/2013 20:00;4;AT;45;4178; ; ;1;0;0;0;0;0;0;0;0;0;0;0;0;0;0;0;0;15791;ORLANDO GARCIA DA SILVEIRA, AV PDE;;;40;JAGUARE;1;0
D051301385;4128;CANGAIBA, AV;;;3590;;08/05/2013 20:00;2;CO;10;5223; ; ;1;1;0;0;0;0;0;0;0;0;0;0;0;0;0;0;0;4128;CANGAIBA, AV;;;18;CANGAIBA;1;0
D051301047;9078;IMIRIM, AV;;;1823;;08/05/2013 20:00;2;CO;13;5678; ; ;0;1;0;0;0;0;0;0;0;0;0;0;0;0;0;0;0;9078;IMIRIM, AV;;;71;SANTANA;1;0
D051300516;17338;ROLANDO CURTI, RUA;;;200;;08/05/2013 20:20;2;QM;97;1475; ; ;0;1;0;0;0;0;0;0;0;0;0;0;0;0;0;0;0;17338;ROLANDO CURTI, RUA;;;42;JARDIM ANGELA;1;0
D051301154;9420;ITABERABA, AV;;;680;;08/05/2013 20:26;2;CO;28;5098; ; ;1;1;0;0;0;0;0;0;0;0;0;0;0;0;0;0;0;9420;ITABERABA, AV;;;29;FREGUESIA DO O;1;0
D051300258;3581;BRASIL, AV;;;1500;;08/05/2013 20:28;2;QM;78;3851; ; ;0;1;0;0;0;0;0;0;0;0;0;0;0;0;0;0;0;3581;BRASIL, AV;;;63;PINHEIROS;1;0
D051300901;8483;GUILHERME DUMONT VILARES, AV DR;;;249;;08/05/2013 21:30;2;CO;89;4045; ; ;1;1;0;0;0;0;0;0;0;0;0;0;0;0;0;0;0;8483;GUILHERME DUMONT VILARES, AV DR;;;85;VILA ANDRADE;1;0
D051300065;5245;CONSOLACAO, RUA DA;12132;LUIS, AV S;0;;08/05/2013 21:52;4;AT;3;2719; ; ;0;0;1;0;0;0;0;0;0;0;0;0;0;0;0;0;0;5245;CONSOLACAO, RUA DA;19996;XAVIER DE TOLEDO, RUA CEL;67;REPUBLICA;1;0
D051300605;16537;PORTUGAL, RUA;6609;ESPANHA, RUA;0;;08/05/2013 22:00;2;CO;15;4597; ; ;2;0;0;0;0;0;0;0;0;0;0;0;0;0;0;0;0;6609;ESPANHA, RUA;16537;PORTUGAL, RUA;63;PINHEIROS;1;0
D051302040;9590;ITAQUERA-GUAIANAZES, ES;;;1932;;08/05/2013 22:05;4;AT;103;3659;B; ;1;0;0;0;0;0;0;0;0;0;0;0;0;0;0;0;0;9590;ITAQUERA-GUAIANAZES, ES;;;36;ITAQUERA;1;0
D051300130;35600;PEDROSO, VD;4244;CARDIM, RUA MAEST;0;;08/05/2013 22:30;2;CO;5;3854; ; ;0;2;0;0;0;0;0;0;0;0;0;0;0;0;0;0;0;4244;CARDIM, RUA MAEST;16010;PEDROSO, RUA;49;LIBERDADE;1;0
D051300349;17181;VICENTE LEPORACE, RUA;31498;ROBERTO MARINHO - ANT AGUA ESP, AV JORN;0;;08/05/2013 23:00;2;CO;27;4854; ; ;3;0;0;0;0;0;0;0;0;0;0;0;0;0;0;0;0;17181;VICENTE LEPORACE, RUA;31498;ROBERTO MARINHO - ANT AGUA ESP, AV JORN;15;CAMPO BELO;1;0
D051302323;22268;OSVALDO VALLE CORDEIRO, AV;;;60;;08/05/2013 23:15;4;AT;24;5872; ; ;0;0;0;0;0;0;0;0;0;0;0;0;0;0;0;1;0;22268;OSVALDO VALLE CORDEIRO, AV;;;  ;;0;1
D051301857;17488;RUBENS FRAGA DE TOLEDO ARRUDA, AV;;;144;;09/05/2013 00:15;4;AT;24;4973; ; ;0;1;0;0;0;0;0;0;0;0;0;0;0;0;0;0;0;17488;RUBENS FRAGA DE TOLEDO ARRUDA, AV;;;0;NULL;1;0
D051300883;15626;PAULA FERREIRA, AV;;;1286;;09/05/2013 00:35;4;AT;87;4332; ; ;1;0;0;0;0;0;0;0;0;0;0;0;0;0;0;0;0;15626;PAULA FERREIRA, AV;;;64;PIRITUBA;1;0
D051300231;4736;CELSO GARCIA, AV;17504;RUBINO DE OLIVEIRA, RUA;0;;09/05/2013 02:25;2;CO;12;3600; ; ;1;1;0;0;0;0;0;0;0;0;0;0;0;0;0;0;0;4736;CELSO GARCIA, AV;17504;RUBINO DE OLIVEIRA, RUA;10;BRAS;1;0
D051300851;16878;RAPOSO TAVARES, VIA;;;19800;;09/05/2013 05:23;2;CO;75;1597; ; ;1;0;1;0;0;0;0;0;0;0;0;0;0;0;0;0;0;16878;RAPOSO TAVARES, VIA;;;13;CACHOEIRINHA;3;0
D051300694;7500;FRANCISCO MORATO, AV PROF;;;1948;;09/05/2013 06:40;2;SI;34;2786; ; ;0;1;0;0;0;0;0;0;0;0;0;0;0;0;0;2;0;7500;FRANCISCO MORATO, AV PROF;;;12;BUTANTA;1;0
D051300628;2271;ARNALDO, AV DR;14433;NATANAEL, RUA MAJ;0;;09/05/2013 06:40;4;AT;23;2584; ; ;1;0;0;0;0;0;0;0;0;0;0;0;0;0;0;0;0;2271;ARNALDO, AV DR;14433;NATANAEL, RUA MAJ;26;CONSOLACAO;1;0
D051300350;19100;BANDEIRANTES, AV DOS;;;2800;;09/05/2013 06:50;2;CO;27;4860; ; ;1;1;0;0;0;0;0;0;0;0;0;0;0;0;0;0;0;19100;BANDEIRANTES, AV DOS;;;24;CIDADE LIDER;1;0
D051301570;222;ADOLFO PINHEIRO, AV;19152;TREZE DE MAIO, LGO;0;;09/05/2013 06:50;2;QM;11;5242; ; ;0;1;0;0;0;0;0;0;0;0;0;0;0;0;0;0;0;222;ADOLFO PINHEIRO, AV;19152;TREZE DE MAIO, LGO;72;SANTO AMARO;1;0
D051301099;19884;VOLUNTARIOS DA PATRIA, RUA;;;3292;;09/05/2013 07:20;2;CO;20;4260; ; ;1;1;0;0;0;0;0;0;0;0;0;0;0;0;0;0;0;19884;VOLUNTARIOS DA PATRIA, RUA;;;8;BELEM;1;0
D051301761;9220;INTERLAGOS, AV;;;635;;09/05/2013 07:45;2;CO;99;23; ; ;1;1;0;0;0;0;0;0;0;0;0;0;0;0;0;0;0;9220;INTERLAGOS, AV;;;16;CAMPO GRANDE;1;0
D051300852;8603;HEITOR ANTONIO EIRAS GARCIA, AV ENG;;;6870;;09/05/2013 07:50;2;CO;75;1598; ; ;1;1;0;0;0;0;0;0;0;0;0;0;0;0;0;0;0;8603;HEITOR ANTONIO EIRAS GARCIA, AV ENG;;;68;RIO PEQUENO;2;0
D051300214;10693;JORGE MIRANDA, RUA DR;4146;CANTAREIRA, RUA DA;0;;09/05/2013 07:55;2;CO;12;2583; ; ;1;1;0;0;0;0;0;0;0;0;0;0;0;0;0;0;0;4146;CANTAREIRA, RUA DA;10693;JORGE MIRANDA, RUA DR;9;BOM RETIRO;1;0
D051301571;999;SANTO AMARO, AV;1085;AMERICO BRASILIENSE, RUA;0;;09/05/2013 08:00;4;AT;11;5246; ; ;1;0;0;0;0;0;0;0;0;0;0;0;0;0;0;0;0;999;SANTO AMARO, AV;1085;AMERICO BRASILIENSE, RUA;72;SANTO AMARO;1;0
D051301436;14196;MONTEMAGNO, AV;7812;GASPAR RODRIGUES, RUA;0;;09/05/2013 08:15;2;CO;29;1194; ; ;1;1;0;0;0;0;0;0;0;0;0;0;0;0;0;0;0;3676;BRUNA, RUA;14196;MONTEMAGNO, AV;1;AGUA RASA;1;0
D051301572;9384;ISABEL SCHMIDT, RUA;35438;BENEDITO, RUA S;0;;09/05/2013 08:28;2;SI;11;5261; ; ;1;0;1;0;0;0;0;1;0;0;0;0;0;0;0;0;0;9384;ISABEL SCHMIDT, RUA;35438;BENEDITO, RUA S;72;SANTO AMARO;2;0
D051302022;11543;LAGEADO VELHO, ES DO;;;701;;09/05/2013 08:30;2;CO;68;1384; ; ;1;1;0;0;0;0;0;0;0;0;0;0;0;0;0;0;0;11543;LAGEADO VELHO, ES DO;;;47;LAJEADO;1;0
D051301722;8368;GUARAPIRANGA, AV;;;1000;;09/05/2013 08:40;2;CO;92;2899; ; ;1;1;0;0;0;0;0;0;0;0;0;0;0;0;0;0;0;8368;GUARAPIRANGA, AV;;;45;JARDIM SAO LUIS;2;0
D051300414;19583;VERGUEIRO, RUA;;;2500;;09/05/2013 08:49;4;AT;36;2062; ; ;0;1;0;0;0;0;0;0;0;0;0;0;0;0;0;0;0;19583;VERGUEIRO, RUA;;;33;IPIRANGA;1;0
D051300680;33234;MARGINAL DIREITA DO TIETE, AV;;;1500;;09/05/2013 09:00;2;CO;33;4340; ; ;1;1;0;0;0;0;0;0;0;0;0;0;0;0;0;0;0;29772;MARGINAL DO RIO TIETE, AV;;;39;JAGUARA;1;0
D051301574;1699;CYRO DE FREITAS VALLE, PCA EMB;;;0;NADA CONSTA ;09/05/2013 09:00;4;AT;11;5266; ; ;1;0;0;0;0;0;0;0;0;0;0;0;0;0;0;0;0;1699;CYRO DE FREITAS VALLE, PCA EMB;;;29;FREGUESIA DO O;1;0
D051300695;19461;VALERIO, AV S;9056;ILIMANI, RUA;0;;09/05/2013 09:00;2;SI;34;2795; ; ;1;1;0;0;0;0;0;0;0;0;0;0;0;0;0;0;0;9056;ILIMANI, RUA;19461;VALERIO, AV S;55;MORUMBI;1;0
D051300039;16581;PRATES, RUA;8349;GUARANI, RUA;0;;09/05/2013 09:06;2;CO;2;2729; ; ;1;1;0;0;0;0;0;0;0;0;0;0;0;0;0;0;0;8349;GUARANI, RUA;16581;PRATES, RUA;9;BOM RETIRO;1;0
D051301221;11321;JULIO BUONO, AV;;;2535;;09/05/2013 09:15;2;SI;39;2135; ; ;1;1;0;0;0;0;0;0;0;0;0;0;0;0;0;0;0;11321;JULIO BUONO, AV;;;94;VILA MEDEIROS;1;0
D051300351;10918;JOSE DINIZ, AV VER;;;3049;;09/05/2013 09:19;2;CO;27;4861; ; ;1;1;0;0;0;0;0;0;0;0;0;0;0;0;0;0;0;10918;JOSE DINIZ, AV VER;;;15;CAMPO BELO;1;0
D051300387;340;TEODORO FERREIRA, RUA CEL;12377;NELSON DE SENNA, RUA PROF;0;;09/05/2013 09:24;2;CO;35;3893; ; ;1;1;0;0;0;0;0;0;0;0;0;0;0;0;0;0;0;340;TEODORO FERREIRA, RUA CEL;12377;NELSON DE SENNA, RUA PROF;37;JABAQUARA;1;0
D051300284;5618;CURSINO, AV DO;;;967;;09/05/2013 09:58;2;CO;16;6222; ; ;1;1;0;0;0;0;0;0;0;0;0;0;0;0;0;0;0;5618;CURSINO, AV DO;;;27;CURSINO;1;0
D051300012;6642;ESTADO, AV DO;;;3000;;09/05/2013 10:15;4;AT;1;3748; ; ;0;1;0;0;0;0;0;0;0;0;0;0;0;0;0;0;0;6642;ESTADO, AV DO;;;9;BOM RETIRO;1;0
D051300040;6642;ESTADO, AV DO;17799;SANTOS DUMONT, AV;0;;09/05/2013 10:20;4;AT;2;2731; ; ;0;1;0;0;0;0;0;0;0;0;0;0;0;0;0;0;0;6642;ESTADO, AV DO;17799;SANTOS DUMONT, AV;9;BOM RETIRO;1;0
D051300275;3034;BELA CINTRA, RUA;;;2114;;09/05/2013 11:30;4;AT;78;4751; ; ;0;0;0;0;0;0;0;0;0;0;0;0;0;0;0;1;0;3034;BELA CINTRA, RUA;;;26;CONSOLACAO;1;0
D051300144;16541;PORTUGAL, RUA OUVID;;;372;;09/05/2013 11:40;2;CO;6;2207; ; ;1;1;0;0;0;0;0;0;0;0;0;0;0;0;0;0;0;16541;PORTUGAL, RUA OUVID;;;14;CAMBUCI;1;0
D051301651;35497;ABILIO CESAR, RUA;;;125;;09/05/2013 12:00;2;CO;47;5802; ; ;0;1;0;0;0;0;0;0;1;0;0;0;0;0;0;0;0;35497;ABILIO CESAR, RUA;;;19;CAPAO REDONDO;1;0
D051301222;17728;SANATORIO, AV;;;948;;09/05/2013 12:11;4;AT;39;2141;C; ;1;0;0;0;0;0;0;0;0;0;0;0;0;0;0;0;0;17728;SANATORIO, AV;;;22;CIDADE ADEMAR;1;0
D051301726;64164;AUGUSTO CARDOSO, AV;;;150;;09/05/2013 12:30;2;CO;92;3010; ; ;1;1;0;0;0;0;0;0;0;0;0;0;0;0;0;0;0;64164;AUGUSTO CARDOSO, AV;;;29;FREGUESIA DO O;1;0
D051302181;63523;FRANCESCO MELZI, RUA;;;588;;09/05/2013 12:30;2;CO;66;2053; ; ;1;1;0;0;0;0;0;0;0;0;0;0;0;0;0;0;0;63523;FRANCESCO MELZI, RUA;;;24;CIDADE LIDER;1;0
D051300313;11828;LICIO DE MIRANDA, RUA;;;404;;09/05/2013 12:34;4;AT;17;2552; ; ;0;0;0;0;0;0;0;0;0;0;0;1;0;0;0;0;0;11828;LICIO DE MIRANDA, RUA;;;33;IPIRANGA;1;0
D051301573;6238;NACOES UNIDAS, AV DAS;;;14500;;09/05/2013 12:38;2;CO;11;5263; ; ;1;0;0;0;0;0;0;0;0;0;0;1;0;0;0;0;0;13014;MARGINAL DO RIO PINHEIROS, AV;;;90;VILA LEOPOLDINA;1;0
D051301794;12403;M'BOI MIRIM, ES;;;5020;;09/05/2013 12:45;2;CO;100;2530; ; ;0;1;1;0;0;0;0;0;0;0;0;0;0;0;0;0;0;12403;M'BOI MIRIM, ES;;;42;JARDIM ANGELA;1;0
D051300979;20089;ZUQUIM, RUA DR;17843;SARAIVA, RUA CONS;0;;09/05/2013 12:52;4;AT;9;2648; ; ;1;0;0;0;0;0;0;0;0;0;0;0;0;0;0;0;0;17843;SARAIVA, RUA CONS;20089;ZUQUIM, RUA DR;  ;;1;0
D051300980;14270;MORVAN DIAS DE FIGUEIREDO, AV;41394;OTTO BAUMGART, AV;0;;09/05/2013 13:00;2;CO;9;2660; ; ;0;1;0;1;0;0;0;0;0;0;0;0;0;0;0;0;0;14270;MORVAN DIAS DE FIGUEIREDO, AV;41394;OTTO BAUMGART, AV;67;REPUBLICA;1;0
D051301575;10270;JOAO DIAS, AV;;;1649;;09/05/2013 13:08;2;SI;11;5277; ; ;2;1;0;0;0;0;0;0;0;0;0;0;0;0;0;0;0;10270;JOAO DIAS, AV;;;72;SANTO AMARO;2;0
D051300041;4561;CASTELO BRANCO, AV PRES;;;0;ACESSO  - AV SANTOS ;09/05/2013 13:30;2;CO;3;2736; ; ;0;1;0;0;0;0;0;0;0;0;0;1;0;0;0;0;0;29772;MARGINAL DO RIO TIETE, AV;;;6;BARRA FUNDA;1;0
D051300116;17813;SAO JOAQUIM, RUA CDSSA DE;11818;LIBERDADE, AV DA;0;;09/05/2013 13:30;2;CF;5;2540; ; ;0;1;0;1;0;0;0;0;0;0;0;0;0;0;0;0;0;11818;LIBERDADE, AV DA;17813;SAO JOAQUIM, RUA CDSSA DE;  ;;1;0
D051301872;72538;BENTO MUNHOZ, RUA;;;10;;09/05/2013 13:36;2;CO;32;2790; ; ;0;1;0;0;0;0;0;0;0;0;0;1;0;0;0;0;0;72538;BENTO MUNHOZ, RUA;;;51;MANDAQUI;1;0
D051302141;98872;FRANCISCO JOSE VIANA, RUA;;;0;PROXIMO  - AV DOS GRA;09/05/2013 13:40;4;AT;54;2578; ; ;0;0;0;0;0;0;0;0;0;0;0;1;0;0;0;0;0;98872;FRANCISCO JOSE VIANA, RUA;;;25;CIDADE TIRADENT;1;0
D051302086;2181;ARICANDUVA, AV;;;12000;;09/05/2013 14:00;2;CH;49;6442; ; ;0;1;0;0;0;0;0;0;0;0;0;0;0;0;0;0;0;2181;ARICANDUVA, AV;;;60;PENHA;2;0
D051300335;19723;VILARES, RUA DOM;17356;ROMAO PUIGGARI, RUA;0;;09/05/2013 14:00;2;CO;26;4723; ; ;1;1;0;0;0;0;0;0;0;0;0;0;0;0;0;0;0;17356;ROMAO PUIGGARI, RUA;19723;VILARES, RUA DOM;  ;;1;0
D051300310;11379;JUNTAS PROVISORIAS, AV;5762;DELAMARE, AV ALM;0;;09/05/2013 14:00;2;CO;17;2227; ; ;0;1;1;0;0;0;0;0;0;0;0;0;0;0;0;0;0;5762;DELAMARE, AV ALM;11379;JUNTAS PROVISORIAS, AV;  ;;1;0
D051300991;41394;OTTO BAUMGART, AV;;;0;NADA CONSTA ;09/05/2013 14:15;4;AT;9;2872; ; ;1;0;0;0;0;0;0;0;0;0;0;0;0;0;0;0;0;41394;OTTO BAUMGART, AV;;;47;LAJEADO;1;0
D051300926;11780;LEOPOLDINA, AV IMP;2629;AVELINO CHAVES, RUA DR;0;;09/05/2013 14:50;4;AT;91;3246; ; ;1;0;0;0;0;0;0;0;0;0;0;0;0;0;0;0;0;2629;AVELINO CHAVES, RUA DR;11780;LEOPOLDINA, AV IMP;90;VILA LEOPOLDINA;1;0