id_acidente;codloga;logradouroA;codlogb;logradouroB;alt_num;referencia;data;cod_acid;tipo_acidente;dp;numero_BO;sentido;pista;automovel;moto;onibus;caminhao;bicicleta;moto_taxi;onibus_fretado;onibus_urbano;microonibus;van;vuc;caminhonete;carreta;jipe;outros;sem_informacao;carroca;princ_a;paiA;princ_b;paiB;cod_distrito;distrito;vit_ferida;vit_morta
D051302318;2181;ARICANDUVA, AV;;;12001;;12/05/2013 07:52;2;CH;49;6559; ; ;1;0;0;0;0;0;0;0;0;0;0;0;0;0;0;0;0;2181;ARICANDUVA, AV;;;60;PENHA;4;1
D051302317;67786;FRANCISCO DO PIAUI, RUA S;46936;JACU-PESSEGO/NOVA TRABALHADORE, AV;0;;12/05/2013 08:00;2;CV;63;3775; ; ;0;1;1;0;0;0;0;0;0;0;0;0;0;0;0;0;0;46936;JACU-PESSEGO/NOVA TRABALHADORE, AV;67786;FRANCISCO DO PIAUI, RUA S;36;ITAQUERA;0;1
D051301225;11321;JULIO BUONO, AV;2737;BAIXA, RUA;0;;12/05/2013 10:30;2;QM;39;2292; ; ;0;1;0;0;0;0;0;0;0;0;0;0;0;0;0;0;0;2737;BAIXA, RUA;11321;JULIO BUONO, AV;94;VILA MEDEIROS;1;0
D051302041;20804;LUIS MATEUS (GUAIANAZES), RUA;;;1704;;12/05/2013 10:31;2;CO;103;3780; ; ;1;1;0;0;0;0;0;0;0;0;0;0;0;0;0;0;0;20804;LUIS MATEUS (GUAIANAZES), RUA;;;51;MANDAQUI;1;0
D051300801;1429;ANHANGUERA, VIA;;;22500;;12/05/2013 10:35;2;CO;46;4493; ; ;1;1;0;0;0;0;0;0;0;0;0;0;0;0;0;0;0;1429;ANHANGUERA, VIA;;;73;SAO DOMINGOS;2;0
D051300571;18813;TEODORO SAMPAIO, RUA;;;800;;12/05/2013 10:57;2;CO;14;4864; ; ;1;0;0;0;0;0;0;1;0;0;0;0;0;0;0;0;0;18813;TEODORO SAMPAIO, RUA;;;20;CARRAO;1;0
D051300567;6819;EUSEBIO MATOSO, AV;;;100;;12/05/2013 12:00;4;AT;14;4746; ; ;1;0;0;0;0;0;0;0;0;0;0;0;0;0;0;0;0;6819;EUSEBIO MATOSO, AV;;;63;PINHEIROS;2;0
D051302319;19162;TRIESTE, RUA;;;17;;12/05/2013 12:10;2;CH;10;5356; ; ;1;0;0;0;1;0;0;0;0;0;0;0;0;0;0;0;0;19162;TRIESTE, RUA;;;38;JACANA;0;1
D051300097;14804;NOVE DE JULHO, AV;;;2040;;12/05/2013 12:24;2;QD;4;3984; ; ;0;0;0;0;0;0;0;1;0;0;0;0;0;0;0;0;0;14804;NOVE DE JULHO, AV;;;63;PINHEIROS;1;0
D051301367;33234;MARGINAL DIREITA DO TIETE, AV;;;20500;;12/05/2013 12:30;2;CO;90;5024; ; ;3;0;0;0;0;0;0;0;0;0;0;0;0;0;0;0;0;29772;MARGINAL DO RIO TIETE, AV;;;39;JAGUARA;1;0
D051302122;13294;MARIA LUIZA AMERICANO, AV;11830;LIDER, AV;0;;12/05/2013 13:41;2;CO;53;3335; ; ;1;1;0;0;0;0;0;0;0;0;0;0;0;0;0;0;0;11830;LIDER, AV;13294;MARIA LUIZA AMERICANO, AV;24;CIDADE LIDER;1;0
D051301008;6039;DOMINGOS LUIS, PQ;;;572;;12/05/2013 13:44;2;CH;9;4374; ; ;1;0;0;0;0;0;0;0;0;0;0;0;0;0;0;0;0;6039;DOMINGOS LUIS, PQ;;;71;SANTANA;1;0
D051301314;8320;GUAPIRA, AV;;;2862;;12/05/2013 14:00;4;AT;73;5022; ; ;0;1;0;0;0;0;0;0;0;0;0;0;0;0;0;0;0;8320;GUAPIRA, AV;;;38;JACANA;1;0
D051301753;4770;CEPO, RUA DO;;;0;PROXIMO  - AV CUPECE;12/05/2013 14:10;4;AT;98;5086; ; ;0;1;0;0;0;0;0;0;0;0;0;0;0;0;0;0;0;4770;CEPO, RUA DO;;;29;FREGUESIA DO O;1;0
D051301511;1111;AMERICO VESPUCCI, RUA;24338;LUIZ IGNACIO ANHAIA MELLO, AV PROF;0;;12/05/2013 14:19;2;CO;56;3161; ; ;1;1;0;0;0;0;0;0;0;0;0;0;0;0;0;0;0;1111;AMERICO VESPUCCI, RUA;24338;LUIZ IGNACIO ANHAIA MELLO, AV PROF;95;VILA PRUDENTE;1;0
D051300442;4369;JOAO CORREA DE BRITO, RUA;6925;FAWCETT, RUA CEL;0;;12/05/2013 14:30;2;CL;83;4158; ; ;1;1;0;0;0;0;0;0;0;0;0;0;0;0;0;0;0;4369;JOAO CORREA DE BRITO, RUA;6925;FAWCETT, RUA CEL;27;CURSINO;1;0
D051300743;17566;SABIN, AV;;;210;;12/05/2013 14:40;2;CO;37;3746; ; ;0;1;0;0;0;0;0;0;0;0;0;1;0;0;0;0;0;17566;SABIN, AV;;;19;CAPAO REDONDO;1;0
D051300011;6642;ESTADO, AV DO;;;0;PROXIMO  - CATAVENTO;12/05/2013 15:00;4;AT;1;3720; ; ;1;0;0;0;0;0;0;0;0;0;0;0;0;0;0;0;0;6642;ESTADO, AV DO;;;9;BOM RETIRO;1;0
D051301368;10471;JOAO SIMAO DE CASTRO, AV;;;2100;;12/05/2013 15:20;2;QM;90;5027; ; ;0;1;0;0;0;0;0;0;0;0;0;0;0;0;0;0;0;10471;JOAO SIMAO DE CASTRO, AV;;;94;VILA MEDEIROS;2;0
D051300098;21064;PLINIO DE QUEIROZ, VD DR;;;0;PROXIMO  - PC.QUATORZ;12/05/2013 15:25;4;AT;4;3985; ; ;1;0;0;0;0;0;0;0;0;0;0;0;0;0;0;0;0;21064;PLINIO DE QUEIROZ, VD DR;;;17;CAMPO LIMPO;1;0
D051301841;15996;PEDRO SOARES DE ANDRADE, RUA;;;931;;12/05/2013 15:37;2;CF;22;3785; ; ;2;0;0;0;0;0;0;0;0;0;0;0;0;0;0;0;0;15996;PEDRO SOARES DE ANDRADE, RUA;;;53;MOEMA;1;0
D051301806;67052;LEONFORTE, RUA;;;80;;12/05/2013 16:00;4;AT;101;3613; ; ;0;1;0;0;0;0;0;0;0;0;0;0;0;0;0;0;0;67052;LEONFORTE, RUA;;;32;IGUATEMI;1;0
D051302121;45313;CONFISSAO, RUA;;;147;;12/05/2013 16:05;4;AT;53;3334; ; ;0;1;0;0;0;0;0;0;0;0;0;0;0;0;0;0;0;45313;CONFISSAO, RUA;;;58;PARQUE DO CARMO;1;0
D051301294;67406;IRATAUA, RUA;74306;ITATIBA DO SUL, RUA;0;;12/05/2013 16:20;2;CO;72;4302; ; ;1;1;0;0;0;0;0;0;0;0;0;0;0;0;0;0;0;67406;IRATAUA, RUA;74306;ITATIBA DO SUL, RUA;  ;;1;0
D051301842;17820;TITO, AV MAL;;;2683;;12/05/2013 17:20;2;CT;22;3799; ; ;1;1;0;0;0;0;0;0;0;0;0;0;0;0;0;0;0;17820;TITO, AV MAL;;;53;MOEMA;2;0
D051300018;4561;CASTELO BRANCO, AV PRES;;;0;NADA CONSTA ;12/05/2013 17:45;2;CO;1;3997; ; ;1;1;0;0;0;0;0;0;0;0;0;0;0;0;0;0;0;29772;MARGINAL DO RIO TIETE, AV;;;6;BARRA FUNDA;1;0
D051300309;1247;ANCHIETA, VIA;;;999;;12/05/2013 18:00;2;CO;17;1221; ; ;1;0;0;0;0;0;0;0;0;0;0;1;0;0;0;1;0;1247;ANCHIETA, VIA;;;33;IPIRANGA;2;0
D051301577;6238;NACOES UNIDAS, AV DAS;;;20025;;12/05/2013 18:00;2;CT;11;5415; ; ;0;1;0;0;0;0;0;0;0;0;0;0;0;0;0;1;0;13014;MARGINAL DO RIO PINHEIROS, AV;;;90;VILA LEOPOLDINA;1;0
D051300800;1681;ANTONIO DE PADUA DIAS, RUA;;;1114;;12/05/2013 18:19;2;CH;46;4457; ; ;1;0;0;0;0;0;0;0;0;0;0;0;0;0;0;0;0;1681;ANTONIO DE PADUA DIAS, RUA;;;62;PERUS;3;0
D051301200;277;AFONSO LOPES VIEIRA, RUA;8096;GOMES LEAL, RUA;0;;12/05/2013 18:23;4;AT;38;4308; ; ;1;0;0;0;0;0;0;0;0;0;0;0;0;0;0;0;0;277;AFONSO LOPES VIEIRA, RUA;8096;GOMES LEAL, RUA;13;CACHOEIRINHA;1;0
D051301199;13374;MARIANA CALIGIORI RONCHETTI, AV;;;1183;;12/05/2013 18:30;2;CO;38;4304; ; ;0;1;0;0;0;0;0;0;0;0;0;1;0;0;0;0;0;13374;MARIANA CALIGIORI RONCHETTI, AV;;;13;CACHOEIRINHA;1;0
D051301827;2483;ATLANTICA ANT. ROBERT KENNEDY, AV;;;5300;;12/05/2013 18:30;2;CO;102;5416; ; ;2;0;0;0;0;0;0;0;0;0;0;0;0;0;0;0;0;2483;ATLANTICA ANT. ROBERT KENNEDY, AV;;;23;CIDADE DUTRA;1;0
D051301653;73126;IVANIR FERNANDES, RUA;;;286;;12/05/2013 19:06;2;CO;47;5940; ; ;0;1;0;0;0;0;0;0;0;0;0;1;0;0;0;0;0;73126;IVANIR FERNANDES, RUA;;;29;FREGUESIA DO O;1;0
D051302194;17135;RIO DAS PEDRAS, AV;;;3185;;12/05/2013 19:30;2;CH;66;3338; ; ;0;1;0;0;0;0;0;0;0;0;0;0;0;0;0;0;0;17135;RIO DAS PEDRAS, AV;;;27;CURSINO;1;0
D051300210;543;ALCANTARA MACHADO, AV;;;3832;;12/05/2013 19:30;2;CT;8;5113; ; ;2;0;0;0;0;0;0;0;0;0;0;0;0;0;0;0;0;543;ALCANTARA MACHADO, AV;;;10;BRAS;1;0
D051300839;13019;ESCOLA POLITECNICA, AV;67130;JOAQUIM DIAS BICALHO, RUA;0;;12/05/2013 19:40;2;CO;51;4761; ; ;1;1;0;0;0;0;0;0;0;0;0;0;0;0;0;0;0;13019;ESCOLA POLITECNICA, AV;67130;JOAQUIM DIAS BICALHO, RUA;68;RIO PEQUENO;1;0
D051302042;37933;SILVIO BARBINI, RUA;39240;EMILIA BRASAO, RUA;0;;12/05/2013 20:00;4;AT;103;3796; ; ;1;0;0;0;0;0;0;0;0;0;0;0;0;0;0;0;0;37933;SILVIO BARBINI, RUA;39240;EMILIA BRASAO, RUA;46;JOSE BONIFACIO;1;0
D051302290;7500;FRANCISCO MORATO, AV PROF;;;5200;;12/05/2013 20:00;4;AT;89;4151;B; ;0;1;0;0;0;0;0;0;0;0;0;0;0;0;0;0;0;7500;FRANCISCO MORATO, AV PROF;;;12;BUTANTA;1;1
D051302010;13850;ALDEIA MANUEL ANTONIO, AV;;;7;;12/05/2013 20:10;2;CO;65;5112; ; ;1;1;0;0;0;0;0;0;0;0;0;0;0;0;0;0;0;13850;ALDEIA MANUEL ANTONIO, AV;;;5;ARTUR ALVIM;1;0
D051301104;3813;CAETANO ALVARES, AV ENG;;;5100;;12/05/2013 20:30;2;QM;20;4385; ; ;0;1;0;0;0;0;0;0;0;0;0;0;0;0;0;0;0;3813;CAETANO ALVARES, AV ENG;;;21;CASA VERDE;1;0
D051300245;2300;AROUCHE, LGO DO;;;0;NADA CONSTA ;12/05/2013 21:30;2;CO;77;1990; ; ;2;0;0;0;0;0;0;0;0;0;0;0;0;0;0;0;0;2300;AROUCHE, LGO DO;;;67;REPUBLICA;1;0
D051301411;99345;ALBERTO MESQUITA DE CAMARGO, VD PROF;;;0;NADA CONSTA ;12/05/2013 22:15;2;CO;18;3201; ; ;4;0;0;0;0;0;0;0;0;0;0;0;0;0;0;0;0;99345;ALBERTO MESQUITA DE CAMARGO, VD PROF;;;  ;;5;0
D051301295;3771;INAJAR DE SOUZA, AV;;;6000;;12/05/2013 22:15;2;CO;72;4315; ; ;2;0;0;0;0;0;0;0;0;0;0;0;0;0;0;0;0;3771;INAJAR DE SOUZA, AV;;;50;LIMAO;8;0
D051300235;17180;RITA, RUA STA;;;800;;12/05/2013 22:20;4;AT;12;3764; ; ;0;1;0;0;0;0;0;0;0;0;0;0;0;0;0;0;0;17180;RITA, RUA STA;;;25;CIDADE TIRADENT;1;0
D051301698;20048;YERVANT KISSAJIKIAN, AV;;;1371;;12/05/2013 22:25;2;CO;80;5094; ; ;0;1;1;0;0;0;0;0;0;0;0;0;0;0;0;0;0;20048;YERVANT KISSAJIKIAN, AV;;;29;FREGUESIA DO O;1;0
D051301320;13822;MENDES DA ROCHA, AV;9512;ITAMONTE, RUA;0;;12/05/2013 22:30;2;CO;73;5223; ; ;0;0;0;0;1;0;0;0;0;0;0;0;0;0;0;1;0;9512;ITAMONTE, RUA;13822;MENDES DA ROCHA, AV;94;VILA MEDEIROS;1;0
D051302275;12436;MACEDO SOARES, AV EMB;;;7729;;12/05/2013 22:38;2;CH;91;3354; ; ;1;0;0;0;0;0;0;0;0;0;0;0;0;0;0;0;0;29772;MARGINAL DO RIO TIETE, AV;;;48;LAPA;4;1
D051301283;15791;ORLANDO GARCIA DA SILVEIRA, AV PDE;;;509;;12/05/2013 23:42;2;CO;45;4316; ; ;1;0;0;0;1;0;0;0;0;0;0;0;0;0;0;0;0;15791;ORLANDO GARCIA DA SILVEIRA, AV PDE;;;40;JAGUARE;1;0
D051302016;10393;JOAO NERY, ES DOM;;;3550;;12/05/2013 23:50;4;AT;67;1315; ; ;0;0;0;0;0;0;0;0;0;0;0;0;0;0;0;1;0;10393;JOAO NERY, ES DOM;;;54;MOOCA;1;0
D051301389;4128;CANGAIBA, AV;;;2362;;12/05/2013 23:52;2;CH;10;5374; ; ;1;0;0;0;0;0;0;0;0;0;0;0;0;0;0;0;0;4128;CANGAIBA, AV;;;18;CANGAIBA;1;0
D051300179;543;ALCANTARA MACHADO, AV;;;600;;13/05/2013 00:48;2;CH;8;3732; ; ;1;0;0;0;0;0;0;0;0;0;0;0;0;0;0;0;0;543;ALCANTARA MACHADO, AV;;;10;BRAS;1;0
D051302259;67821;JESUINO ANTONIO BATISTA, RUA;;;207;;13/05/2013 02:20;4;AT;72;4317; ; ;0;0;0;0;0;0;0;0;0;0;0;0;0;0;0;1;0;67821;JESUINO ANTONIO BATISTA, RUA;;;40;JAGUARE;0;1
D051301943;15263;OVIDIO LOPES, RUA;;;428;;13/05/2013 02:25;2;CH;62;5330; ; ;2;0;0;0;0;0;0;0;0;0;0;1;0;0;0;0;0;15263;OVIDIO LOPES, RUA;;;0;NULL;1;0
D051300950;831;ALTINO, AV PRES;;;2939;;13/05/2013 05:00;4;AT;93;3045; ; ;1;0;0;0;0;0;0;0;0;0;0;0;0;0;0;0;0;831;ALTINO, AV PRES;;;40;JAGUARE;1;0
D051300145;6642;ESTADO, AV DO;15967;PEDRO I, AV DOM;0;;13/05/2013 05:20;2;CO;6;2236; ; ;2;0;0;0;0;0;0;0;0;0;0;0;0;0;0;0;0;6642;ESTADO, AV DO;14805;ALBERTO LION, PCA;14;CAMBUCI;1;0
D051301632;34128;JOAO DE LUCA, AV VER;;;1455;;13/05/2013 06:00;2;CO;43;1788; ; ;0;1;0;0;0;0;0;0;0;0;0;1;0;0;0;0;0;34128;JOAO DE LUCA, AV VER;;;42;JARDIM ANGELA;1;0
D051300874;13384;MARIANO RONCHI, RUA PDE;;;100;;13/05/2013 06:30;2;CO;87;2460; ; ;2;0;0;0;0;0;0;0;0;0;0;0;0;0;0;0;0;13384;MARIANO RONCHI, RUA PDE;;;64;PIRITUBA;1;0
D051301904;18940;TIBURCIO DE SOUSA, RUA;;;379;;13/05/2013 06:40;2;CL;50;5930; ; ;1;1;0;0;0;0;0;0;0;0;0;0;0;0;0;0;0;18940;TIBURCIO DE SOUSA, RUA;;;35;ITAIM PAULISTA;2;0
D051301354;14270;MORVAN DIAS DE FIGUEIREDO, AV;21161;FRANCISCO FANGANIELO, RUA;0;;13/05/2013 07:00;2;CO;90;1896; ; ;0;2;0;0;0;0;0;0;0;0;0;0;0;0;0;0;0;14270;MORVAN DIAS DE FIGUEIREDO, AV;21161;FRANCISCO FANGANIELO, RUA;91;VILA MARIA;2;0
D051300180;543;ALCANTARA MACHADO, AV;8798;HIPODROMO, RUA;0;;13/05/2013 07:20;4;AT;8;3738; ; ;1;0;0;0;0;0;0;0;0;0;0;0;0;0;0;0;0;543;ALCANTARA MACHADO, AV;8798;HIPODROMO, RUA;54;MOOCA;1;0
D051302142;99564;CONJUNTO SITIO DA CONCEICAO, RUA;45265;QUINTA SINFONIA, RUA;0;;13/05/2013 07:22;4;AT;54;2617; ; ;0;0;1;0;0;0;0;0;0;0;0;0;0;0;0;0;0;45265;QUINTA SINFONIA, RUA;99564;CONJUNTO SITIO DA CONCEICAO, RUA;25;CIDADE TIRADENT;1;0
D051300388;36098;AFFONSO D'ESCRAGNOLLE TAUNAY, AV;;;0;NADA CONSTA ;13/05/2013 07:34;2;CO;35;3954;B; ;1;1;0;0;0;0;0;0;0;0;0;0;0;0;0;0;0;36098;AFFONSO D'ESCRAGNOLLE TAUNAY, AV;;;24;CIDADE LIDER;1;0
D051300289;12242;LUIS GOIS, RUA;;;357;;13/05/2013 08:00;4;AT;16;6403; ; ;0;1;0;0;0;0;0;0;0;0;0;0;0;0;0;0;0;12242;LUIS GOIS, RUA;;;79;SAUDE;1;0
D051300740;34682;CAMPO LIMPO, ES DO;;;5696;;13/05/2013 08:20;2;CT;37;3733; ; ;1;1;0;0;0;0;0;0;0;0;0;0;0;0;0;0;0;34682;CAMPO LIMPO, ES DO;;;17;CAMPO LIMPO;1;0
D051300698;7500;FRANCISCO MORATO, AV PROF;;;3814;;13/05/2013 08:40;4;AT;34;2855; ; ;1;1;0;0;0;0;0;0;0;0;0;0;0;0;0;0;0;7500;FRANCISCO MORATO, AV PROF;;;12;BUTANTA;2;0
D051300043;18993;TIRADENTES, AV;;;0;NADA CONSTA ;13/05/2013 09:10;2;CT;2;2844; ; ;0;2;0;0;0;0;0;0;0;0;0;0;0;0;0;0;0;18993;TIRADENTES, AV;;;9;BOM RETIRO;1;0
D051300494;19100;BANDEIRANTES, AV DOS;9195;INHAMBU, RUA;0;;13/05/2013 09:23;2;CO;96;4993; ; ;3;1;0;0;0;0;0;0;0;0;0;0;0;0;0;0;0;9195;INHAMBU, RUA;19100;BANDEIRANTES, AV DOS;53;MOEMA;1;0
D051300244;10101;JOAO, AV S;;;1889;;13/05/2013 09:28;2;SI;77;1986; ; ;0;2;0;0;0;0;0;0;0;0;0;0;0;0;0;0;0;10101;JOAO, AV S;;;67;REPUBLICA;1;0
D051301139;3771;INAJAR DE SOUZA, AV;;;2000;;13/05/2013 09:40;2;CO;28;2539; ; ;1;1;0;0;0;0;0;0;0;0;0;0;0;0;0;0;0;3771;INAJAR DE SOUZA, AV;;;50;LIMAO;2;0
D051300469;15598;PATENTE, AV;21035;ANTONIO DA SILVA B. JUNIOR, RUA;0;;13/05/2013 09:40;2;CO;95;2211; ; ;1;1;0;0;0;0;0;0;0;0;0;0;0;0;0;0;0;15598;PATENTE, AV;59016;APOLONIA MANELLI, RUA;69;SACOMA;1;0
D051302257;23462;JORGE PIRES RAMALHO, RUA;;;573;;13/05/2013 10:05;2;CF;74;2077; ; ;0;1;1;0;0;0;0;0;0;0;0;0;0;0;0;0;0;23462;JORGE PIRES RAMALHO, RUA;;;40;JAGUARE;0;1
D051300681;1571;ANTONIO AYROSA, RUA;;;455;;13/05/2013 10:15;2;CO;33;4476; ; ;2;0;0;0;0;0;0;0;0;0;0;0;0;0;0;0;0;1571;ANTONIO AYROSA, RUA;;;39;JAGUARA;3;0
D051300984;5204;CONCEICAO (ES.), AV;;;1288;;13/05/2013 10:30;2;CO;9;2717; ; ;1;1;0;0;0;0;0;0;0;0;0;0;0;0;0;0;0;5204;CONCEICAO (ES.), AV;;;88;VILA GUILHERME;1;0
D051300568;6897;FARIA LIMA, AV BRIG;;;800;;13/05/2013 11:20;4;AT;14;4773; ; ;1;0;0;0;0;0;0;0;0;0;0;0;0;0;0;0;0;6897;FARIA LIMA, AV BRIG;;;63;PINHEIROS;1;0
D051300701;12214;PAULO BOURROUL, RUA;;;377;;13/05/2013 11:30;4;AT;34;2881; ; ;0;0;0;1;0;0;0;0;0;0;0;0;0;0;0;0;0;12214;PAULO BOURROUL, RUA;;;55;MORUMBI;3;0
D051300786;27955;FORTUNATA TADIELLO NATUCCI, AV;;;0;PROXIMO  - PQ ANHANGU;13/05/2013 11:35;2;CO;46;2291; ; ;1;1;0;0;0;0;0;0;0;0;0;0;0;0;0;0;0;27955;FORTUNATA TADIELLO NATUCCI, AV;;;  ;;1;0
D051300682;14350;MUTINGA, AV;;;5580;;13/05/2013 11:40;2;CO;33;4478; ; ;1;1;0;0;0;0;0;0;0;0;0;0;0;0;0;0;0;14350;MUTINGA, AV;;;64;PIRITUBA;1;0
D051302258;30556;DURANDE, RUA;10995;JOSE GIORDANO, RUA;0;;13/05/2013 11:46;2;CH;64;3900; ; ;0;1;0;0;0;0;0;0;0;0;0;0;0;0;0;0;0;10995;JOSE GIORDANO, RUA;30556;DURANDE, RUA;5;ARTUR ALVIM;0;1
D051301799;15507;TEOTONIO VILELA, AV SEN;3509;BELMIRA MARIN, AV DONA;0;;13/05/2013 12:00;2;CT;101;2413; ; ;2;1;0;0;0;0;0;0;0;0;0;0;0;0;0;0;0;3509;BELMIRA MARIN, AV DONA;15507;TEOTONIO VILELA, AV SEN;23;CIDADE DUTRA;1;0
D051302000;6252;EDUARDO LEJEUNE, RUA CEL;6187;EDGAR SANTOS, AV PROF;0;;13/05/2013 12:10;4;AT;65;1624; ; ;1;0;0;0;0;0;0;0;0;0;0;0;0;0;0;0;0;6187;EDGAR SANTOS, AV PROF;6252;EDUARDO LEJEUNE, RUA CEL;5;ARTUR ALVIM;1;0
D051300538;16299;PIO XI, RUA;2736;BAIRI, RUA;0;;13/05/2013 12:11;2;CO;7;2992; ; ;1;1;0;0;0;0;0;0;0;0;0;0;0;0;0;0;0;2736;BAIRI, RUA;16299;PIO XI, RUA;48;LAPA;1;0
D051301762;14743;SABARA, AV NSRA DO;;;5388;;13/05/2013 12:15;2;CO;99;2075; ; ;1;1;0;0;0;0;0;0;0;0;0;0;0;0;0;0;0;14743;SABARA, AV NSRA DO;;;16;CAMPO GRANDE;2;0
D051300181;543;ALCANTARA MACHADO, AV;1307;ANDRE DE LEAO, RUA;0;;13/05/2013 12:15;4;AT;8;3749; ; ;1;0;0;0;0;0;0;0;0;0;0;0;0;0;0;0;0;543;ALCANTARA MACHADO, AV;1307;ANDRE DE LEAO, RUA;10;BRAS;1;0
D051300985;14916;OLAVO EGIDIO, RUA DR;5567;CRUZEIRO DO SUL, AV;0;;13/05/2013 12:20;4;AT;9;2721; ; ;1;0;0;0;0;0;0;0;0;0;0;0;0;0;0;0;0;5567;CRUZEIRO DO SUL, AV;14916;OLAVO EGIDIO, RUA DR;71;SANTANA;1;0
D051301532;35251;TADASHI NISHII, PCA COMEN;6239;EDUARDO COTCHING, AV DR;0;;13/05/2013 12:25;2;CO;58;1026; ; ;1;1;0;0;0;0;0;0;0;0;0;0;0;0;0;0;0;2009;ARACE, RUA;6239;EDUARDO COTCHING, AV DR;87;VILA FORMOSA;1;0
D051301859;13883;MIGUEL, RUA S;;;4015;;13/05/2013 12:36;2;QD;24;5135; ; ;0;0;0;0;0;0;0;1;0;0;0;0;0;0;0;0;0;13883;MIGUEL, RUA S;;;34;ITAIM BIBI;1;0
D051302214;43404;VILANOVA ARTIGAS, AV ARQ;;;980;;13/05/2013 13:00;4;AT;69;5066; ; ;0;0;1;0;0;0;0;0;0;0;0;0;0;0;0;0;0;43404;VILANOVA ARTIGAS, AV ARQ;;;56;PARELHEIROS;1;0
D051301254;73663;NELSON FRANCISCO, RUA;;;31;;13/05/2013 13:15;2;CO;40;1579; ; ;1;1;0;0;0;0;0;0;0;0;0;0;0;0;0;0;0;73663;NELSON FRANCISCO, RUA;;;44;JARDIM PAULISTA;1;0
D051301874;98912;JOSE PINHEIRO BORGES, AV;;;0;PROXIMO  - R.ENG.VILL;13/05/2013 13:30;2;CO;32;2831; ; ;1;1;0;0;0;0;0;0;0;0;0;0;0;0;0;0;0;98912;JOSE PINHEIRO BORGES, AV;;;36;ITAQUERA;1;0
D051300389;4596;CATARINA, AV STA;;;1772;;13/05/2013 13:34;4;AT;35;3970; ; ;0;1;0;0;0;0;0;0;0;0;0;0;0;0;0;0;0;4596;CATARINA, AV STA;;;37;JABAQUARA;1;0
D051300783;9952;JARAGUA, RUA;;;1000;;13/05/2013 13:36;2;CO;46;2248; ; ;1;1;0;0;0;0;0;0;0;0;0;0;0;0;0;0;0;9952;JARAGUA, RUA;;;  ;;1;0
D051300640;44885;AURO SOARES DE M.ANDRADE, AV;;;664;;13/05/2013 13:50;2;CO;23;3005; ; ;0;0;1;0;0;0;0;1;0;0;0;0;0;0;0;0;0;44885;AURO SOARES DE M.ANDRADE, AV;;;6;BARRA FUNDA;1;0
D051300875;3429;GUERINO GIOVANI LEARDINI, RUA;;;57;;13/05/2013 13:50;4;AT;87;2467; ; ;0;1;0;0;0;0;0;0;0;0;0;0;0;0;0;0;0;3429;GUERINO GIOVANI LEARDINI, RUA;;;64;PIRITUBA;1;0
D051300119;19764;VINTE E TRES DE MAIO, AV;;;0;ACESSO  - PC.DR JOAO;13/05/2013 13:50;2;CO;5;2579; ; ;1;1;0;0;0;0;0;0;0;0;0;0;0;0;0;0;0;19764;VINTE E TRES DE MAIO, AV;;;17;CAMPO LIMPO;1;0
D051301035;719;ALFREDO PUJOL, RUA;;;11080;;13/05/2013 14:00;2;CF;13;5290; ; ;1;1;0;0;0;0;0;0;0;0;0;0;0;0;0;0;0;719;ALFREDO PUJOL, RUA;;;71;SANTANA;1;0
D051300631;18908;TOMAS EDSON, AV;;;0;PROXIMO  - TERMINAL B;13/05/2013 14:01;4;AT;23;2695; ; ;0;0;0;0;0;0;0;1;0;0;0;0;0;0;0;0;0;18908;TOMAS EDSON, AV;;;35;ITAIM PAULISTA;1;0
D051300539;19080;TONELERO, RUA;8887;HUNGARA, RUA;0;;13/05/2013 14:20;2;CO;7;3001; ; ;0;1;0;0;0;0;0;0;0;0;0;1;0;0;0;0;0;8887;HUNGARA, RUA;19080;TONELERO, RUA;48;LAPA;1;0
D051302038;20804;LUIS MATEUS (GUAIANAZES), RUA;37269;JARDIM TAMOIO, RUA;0;;13/05/2013 14:30;2;CT;103;1939; ; ;1;0;0;1;0;0;0;0;0;0;0;0;0;0;0;0;0;20804;LUIS MATEUS (GUAIANAZES), RUA;37269;JARDIM TAMOIO, RUA;31;GUAIANASES;1;0
D051300765;16339;CARLOS LACERDA, AV;;;2876;;13/05/2013 14:45;2;CO;37;4175; ; ;0;1;0;0;0;0;0;0;0;0;0;0;0;0;0;1;0;16339;CARLOS LACERDA, AV;;;29;FREGUESIA DO O;1;0
D051300215;16870;RANGEL PESTANA, AV;;;2089;;13/05/2013 14:50;4;AT;12;2655; ; ;0;0;0;0;0;0;0;1;0;0;0;0;0;0;0;0;0;16870;RANGEL PESTANA, AV;;;1;AGUA RASA;1;0
D051300700;7500;FRANCISCO MORATO, AV PROF;21674;JORGE JOAO SAAD, AV;0;;13/05/2013 15:11;4;AT;34;2877; ; ;1;0;0;0;0;0;0;0;0;0;0;0;0;0;0;0;0;7500;FRANCISCO MORATO, AV PROF;21674;JORGE JOAO SAAD, AV;12;BUTANTA;2;0
D051301069;14270;MORVAN DIAS DE FIGUEIREDO, AV;;;2801;;13/05/2013 15:30;2;CO;19;1805; ; ;0;1;0;1;0;0;0;0;0;0;0;0;0;0;0;0;0;29772;MARGINAL DO RIO TIETE, AV;;;0;NULL;2;0