id_acidente;codloga;logradouroA;codlogb;logradouroB;alt_num;referencia;data;cod_acid;tipo_acidente;dp;numero_BO;sentido;pista;automovel;moto;onibus;caminhao;bicicleta;moto_taxi;onibus_fretado;onibus_urbano;microonibus;van;vuc;caminhonete;carreta;jipe;outros;sem_informacao;carroca;princ_a;paiA;princ_b;paiB;cod_distrito;distrito;vit_ferida;vit_morta
D051302089;1306;ANDRE DE ALMEIDA, RUA;;;1135;;13/05/2013 15:30;4;AT;49;6639; ; ;2;0;0;0;0;0;0;0;0;0;0;0;0;0;0;0;0;1306;ANDRE DE ALMEIDA, RUA;;;75;SAO MATEUS;1;0
D051300646;16463;POMPEIA, AV;7491;FRANCISCO MATARAZZO, AV;0;;13/05/2013 15:30;2;CO;23;3372;C; ;1;1;0;0;0;0;0;0;0;0;0;0;0;0;0;0;0;7491;FRANCISCO MATARAZZO, AV;16463;POMPEIA, AV;6;BARRA FUNDA;1;0
D051302047;21944;CARLOS BARBIERI, RUA;;;107;;13/05/2013 15:43;4;AT;41;2457; ; ;1;0;0;0;0;0;0;0;0;0;0;0;0;0;0;0;0;21944;CARLOS BARBIERI, RUA;;;46;JOSE BONIFACIO;1;0
D051301315;14691;CONCORDIA, AV NSRA DA;13264;MARIA HOSNI CURY, RUA PROFA;0;;13/05/2013 15:46;2;QM;73;5082; ; ;0;1;0;0;0;0;0;0;0;0;0;0;0;0;0;0;0;13264;MARIA HOSNI CURY, RUA PROFA;14691;CONCORDIA, AV NSRA DA;83;TREMEMBE;1;0
D051301705;98876;RELIQUIA DO OCEANO, RUA;;;62;;13/05/2013 16:08;2;CO;85;2417; ; ;1;1;0;0;0;0;0;0;0;0;0;0;0;0;0;0;0;98876;RELIQUIA DO OCEANO, RUA;;;81;SOCORRO;1;0
D051301005;10497;JOAO VENTURA BATISTA, RUA;;;100;;13/05/2013 16:15;2;QM;9;4283; ; ;0;1;0;0;0;0;0;0;0;0;0;0;0;0;0;0;0;10497;JOAO VENTURA BATISTA, RUA;;;88;VILA GUILHERME;1;0
D051300314;17993;SENEPA, RUA PDE;16309;PIQUETE, RUA DO;0;;13/05/2013 16:27;2;CO;17;2611; ; ;1;1;0;0;0;0;0;0;0;0;0;0;0;0;0;0;0;4278;CARITIANAS, RUA;17993;SENEPA, RUA PDE;33;IPIRANGA;1;0
D051301679;15507;TEOTONIO VILELA, AV SEN;;;2000;;13/05/2013 16:30;2;QF;48;1852; ; ;0;0;0;0;0;0;0;1;0;0;0;0;0;0;0;0;0;15507;TEOTONIO VILELA, AV SEN;;;23;CIDADE DUTRA;1;0
D051301070;15131;GUARANESIA, RUA;1254;ANDARAI, RUA;0;;13/05/2013 16:30;2;CO;19;1808; ; ;2;0;0;0;0;0;0;0;0;0;0;0;0;0;0;0;0;1254;ANDARAI, RUA;15131;GUARANESIA, RUA;91;VILA MARIA;1;0
D051300723;14267;MORUMBI, AV;;;2200;;13/05/2013 17:00;4;AT;34;4180; ; ;0;0;0;0;0;0;0;0;0;0;0;0;0;0;0;1;0;14267;MORUMBI, AV;;;55;MORUMBI;1;0
D051300840;855;ALVARENGA, RUA;8784;HILARIO MAGRO JUNIOR, RUA;0;;13/05/2013 17:12;2;CO;51;4793; ; ;0;1;0;0;0;0;0;0;0;0;0;1;0;0;0;0;0;855;ALVARENGA, RUA;8784;HILARIO MAGRO JUNIOR, RUA;12;BUTANTA;1;0
D051301800;15507;TEOTONIO VILELA, AV SEN;;;2400;;13/05/2013 17:30;2;CL;101;2433;B; ;1;1;0;0;0;0;0;0;0;0;0;0;0;0;0;0;0;15507;TEOTONIO VILELA, AV SEN;;;23;CIDADE DUTRA;1;0
D051300569;14435;NATINGUI, RUA;12467;MACUNIS, RUA DOS;0;;13/05/2013 17:40;4;AT;14;4787; ; ;1;0;0;0;0;0;0;0;0;0;0;0;0;0;0;0;0;12467;MACUNIS, RUA DOS;14435;NATINGUI, RUA;2;ALTO DE PINHEIR;1;0
D051300885;14741;MIGUEL DE CASTRO, RUA;;;249;;13/05/2013 17:45;2;SI;87;4498; ; ;0;1;0;0;0;0;0;0;0;0;0;1;0;0;0;0;0;14741;MIGUEL DE CASTRO, RUA;;;64;PIRITUBA;1;0
D051301160;3771;INAJAR DE SOUZA, AV;;;2719;;13/05/2013 17:50;4;AT;28;5310; ; ;0;1;0;0;0;0;0;0;0;0;0;0;0;0;0;0;0;3771;INAJAR DE SOUZA, AV;;;50;LIMAO;1;0
D051300841;5309;CORIFEU DE AZEVEDO MARQUES, AV;;;2900;;13/05/2013 18:00;2;QM;51;4798; ; ;0;1;0;0;0;0;0;0;0;0;0;0;0;0;0;0;0;5309;CORIFEU DE AZEVEDO MARQUES, AV;;;12;BUTANTA;1;0
D051302303;21253;AGUIA DE HAIA, AV;;;1800;;13/05/2013 18:20;4;AT;62;1916;B; ;0;1;0;0;0;0;0;0;0;0;0;0;0;0;0;0;0;21253;AGUIA DE HAIA, AV;;;  ;;3;1
D051301105;18151;SEZEFREDO FAGUNDES, AV CEL;;;1300;;13/05/2013 18:48;2;CO;20;4429; ; ;1;1;0;0;0;0;0;0;0;0;0;0;0;0;0;0;0;18151;SEZEFREDO FAGUNDES, AV CEL;;;22;CIDADE ADEMAR;1;0
D051300099;2497;AUGUSTA, RUA;;;149;;13/05/2013 18:50;4;AT;4;4038; ; ;1;0;0;0;0;0;0;0;0;0;0;0;0;0;0;0;0;2497;AUGUSTA, RUA;;;26;CONSOLACAO;1;0
D051301941;2429;ASSIS RIBEIRO, RUA DR;;;7640;;13/05/2013 18:51;2;CO;62;5165; ; ;2;0;0;0;0;0;0;0;0;0;0;0;0;0;0;0;0;2429;ASSIS RIBEIRO, RUA DR;;;28;ERMELINO MATARA;1;0
D051300291;17991;SENA MADUREIRA, RUA;;;273;;13/05/2013 18:58;4;AT;16;6443; ; ;0;1;0;0;0;0;0;0;0;0;0;0;0;0;0;0;0;17991;SENA MADUREIRA, RUA;;;9;BOM RETIRO;1;0
D051301080;4775;CEREJEIRAS, AV DAS;;;1470;;13/05/2013 19:05;2;CO;19;4431; ; ;3;0;0;0;0;0;0;0;0;0;0;0;0;0;0;0;0;4775;CEREJEIRAS, AV DAS;;;94;VILA MEDEIROS;1;0
D051300495;6238;NACOES UNIDAS, AV DAS;;;12;;13/05/2013 19:21;2;CL;96;5028; ; ;0;1;0;0;0;0;0;0;0;0;0;1;0;0;0;0;0;13014;MARGINAL DO RIO PINHEIROS, AV;;;90;VILA LEOPOLDINA;1;0
D051300236;18197;SILVA TELES, RUA;;;237;;13/05/2013 19:45;2;CO;12;3768; ; ;0;1;0;0;0;0;0;0;0;0;0;1;0;0;0;0;0;18197;SILVA TELES, RUA;;;25;CIDADE TIRADENT;1;0
D051302325;6371;ELISABETH DE ROBIANO, AV CDSSA;;;16500;;13/05/2013 19:50;2;CT;31;2853; ; ;0;1;0;2;0;0;0;0;0;0;0;0;0;0;0;0;0;29772;MARGINAL DO RIO TIETE, AV;;;82;TATUAPE;0;1
D051300927;13854;MERGENTHALER, RUA;;;492;;13/05/2013 21:40;2;CO;91;3386; ; ;1;1;0;0;0;0;0;0;0;0;0;0;0;0;0;0;0;13854;MERGENTHALER, RUA;;;90;VILA LEOPOLDINA;1;0
D051300732;34682;CAMPO LIMPO, ES DO;;;1001;;13/05/2013 22:00;2;CO;37;3273; ; ;0;1;0;0;0;0;0;0;0;0;0;0;0;0;0;1;0;34682;CAMPO LIMPO, ES DO;;;17;CAMPO LIMPO;1;0
D051300496;6238;NACOES UNIDAS, AV DAS;;;14171;;13/05/2013 22:10;2;CT;96;5035; ; ;1;1;0;0;0;0;0;0;0;0;0;0;0;0;0;0;0;13014;MARGINAL DO RIO PINHEIROS, AV;;;90;VILA LEOPOLDINA;1;0
D051300746;99949;CARLOS CALDEIRA FILHO, AV;;;453;;13/05/2013 22:16;2;CO;37;3835; ; ;1;1;0;0;0;0;0;0;0;0;0;0;0;0;0;0;0;99949;CARLOS CALDEIRA FILHO, AV;;;19;CAPAO REDONDO;1;0
D051301988;304;AGAPANTOS, AV DOS;;;100;;13/05/2013 22:26;2;CO;64;5169; ; ;1;0;0;0;0;0;0;1;0;0;0;0;0;0;0;0;0;304;AGAPANTOS, AV DOS;;;36;ITAQUERA;1;0
D051302260;13014;MARGINAL DO RIO PINHEIROS, AV;;;0; - PTE JAGUAR;13/05/2013 23:00;4;AT;91;3385; ; ;1;0;0;0;0;0;0;0;0;0;0;0;0;0;0;0;0;13014;MARGINAL DO RIO PINHEIROS, AV;;;40;JAGUARE;0;1
D051300766;16339;CARLOS LACERDA, AV;;;2653;;13/05/2013 23:28;2;QF;37;4190; ; ;0;0;1;0;0;0;0;0;0;0;0;0;0;0;0;0;0;16339;CARLOS LACERDA, AV;;;29;FREGUESIA DO O;1;0
D051301980;435;ALAMANDAS, AV DAS;;;111;;13/05/2013 23:30;2;QD;64;3949; ; ;0;0;1;0;0;0;0;0;0;0;0;0;0;0;0;0;0;435;ALAMANDAS, AV DAS;;;36;ITAQUERA;1;0
D051301106;14767;NOVA CANTAREIRA, AV;;;2315;;14/05/2013 00:20;2;CH;20;4443; ; ;1;0;0;0;0;0;0;0;0;0;0;0;0;0;0;0;0;14767;NOVA CANTAREIRA, AV;;;83;TREMEMBE;1;0
D051300660;15270;PACAEMBU, AV;;;200;;14/05/2013 03:02;4;AT;23;900133; ; ;0;0;0;0;0;0;0;0;0;0;0;1;0;0;0;0;0;15270;PACAEMBU, AV;;;19;CAPAO REDONDO;1;0
D051301676;2483;ATLANTICA ANT. ROBERT KENNEDY, AV;;;600;;14/05/2013 03:30;2;CO;48;1342; ; ;0;1;0;0;0;0;0;0;0;0;0;0;0;0;0;1;0;2483;ATLANTICA ANT. ROBERT KENNEDY, AV;;;23;CIDADE DUTRA;1;0
D051301763;14743;SABARA, AV NSRA DO;;;2326;;14/05/2013 04:47;2;CO;99;2083; ; ;1;0;0;0;0;0;0;1;0;0;0;0;0;0;0;0;0;14743;SABARA, AV NSRA DO;;;16;CAMPO GRANDE;3;0
D051302061;72670;INACIO MONTEIRO, RUA;;;110;;14/05/2013 05:23;2;CO;44;2648; ; ;1;1;0;0;0;0;0;0;0;0;0;0;0;0;0;0;0;72670;INACIO MONTEIRO, RUA;;;50;LIMAO;1;0
D051301764;6238;NACOES UNIDAS, AV DAS;;;22300;;14/05/2013 05:40;2;CO;99;2085; ; ;1;1;0;0;0;0;0;0;0;0;0;0;0;0;0;0;0;13014;MARGINAL DO RIO PINHEIROS, AV;;;90;VILA LEOPOLDINA;1;0
D051300853;16878;RAPOSO TAVARES, VIA;;;19100;;14/05/2013 06:00;2;CO;75;1652;C; ;0;1;0;0;0;0;0;0;0;0;0;1;0;0;0;0;0;16878;RAPOSO TAVARES, VIA;;;13;CACHOEIRINHA;2;0
D051301140;5947;EDGAR FACO, AV GAL;;;0;ACESSO  - PTE PIQUER;14/05/2013 06:10;2;CO;28;2567; ; ;0;1;0;0;0;0;0;0;1;0;0;0;0;0;0;0;0;5947;EDGAR FACO, AV GAL;;;64;PIRITUBA;1;0
D051300355;10586;JOAQUIM NABUCO, RUA;;;879;;14/05/2013 06:25;2;CO;27;5046; ; ;2;0;0;0;0;0;0;0;0;0;0;0;0;0;0;0;0;10586;JOAQUIM NABUCO, RUA;;;15;CAMPO BELO;2;0
D051300876;6980;FELIPE PINEL, AV DR;;;2506;;14/05/2013 06:45;2;SI;87;2476; ; ;1;1;0;0;0;0;0;0;0;0;0;0;0;0;0;0;0;6980;FELIPE PINEL, AV DR;;;64;PIRITUBA;1;0
D051302225;17824;SAPOPEMBA, AV;;;7200;;14/05/2013 06:57;4;AT;70;2443; ; ;0;1;0;0;0;0;0;0;0;0;0;0;0;0;0;0;0;17824;SAPOPEMBA, AV;;;33;IPIRANGA;1;0
D051300337;36098;AFFONSO D'ESCRAGNOLLE TAUNAY, AV;;;0;ACESSO  - HUGO BEOLC;14/05/2013 07:00;2;QD;27;4268; ; ;0;1;0;0;0;0;0;0;0;0;0;0;0;0;0;0;0;36098;AFFONSO D'ESCRAGNOLLE TAUNAY, AV;;;24;CIDADE LIDER;1;0
D051302278;11665;LAZARO AMANCIO DE BARROS, ES;14958;OLINTO FRAGA MOREIRA, RUA;0;;14/05/2013 07:05;2;CF;45;1202; ; ;1;1;0;0;0;0;0;0;0;0;0;0;0;0;0;0;0;11665;LAZARO AMANCIO DE BARROS, ES;79692;SEBASTIAO FERNANDES PALMA, RUA;11;BRASILANDIA;0;1
D051301415;1702;ANTONIO ESTEVAO DE CARVALHO, AV;44742;BERNARDINO BRITO FONSECA DE CA, AV;0;;14/05/2013 07:25;2;CO;21;1657;B; ;0;2;0;0;0;0;0;0;0;0;0;0;0;0;0;0;0;1702;ANTONIO ESTEVAO DE CARVALHO, AV;44742;BERNARDINO BRITO FONSECA DE CA, AV;93;VILA MATILDE;2;0
D051300390;4596;CATARINA, AV STA;;;973;;14/05/2013 07:34;2;CO;35;4003; ; ;2;1;0;0;0;0;0;0;0;0;0;0;0;0;0;0;0;4596;CATARINA, AV STA;;;37;JABAQUARA;1;0
D051300333;32380;ANTONIO BEZERRA, RUA;;;673;;14/05/2013 07:50;2;CO;26;4214; ; ;1;1;0;0;0;0;0;0;0;0;0;0;0;0;0;0;0;32380;ANTONIO BEZERRA, RUA;;;21;CASA VERDE;1;0
D051302090;13195;MARIA CURSI, AV;1393;ANGELO DE CANDIA, RUA;0;;14/05/2013 08:02;2;CO;49;6660; ; ;1;1;0;0;0;0;0;0;0;0;0;0;0;0;0;0;0;1393;ANGELO DE CANDIA, RUA;13195;MARIA CURSI, AV;75;SAO MATEUS;1;0
D051300905;13014;MARGINAL DO RIO PINHEIROS, AV;;;16000;;14/05/2013 08:10;2;CT;89;4196; ; ;1;1;0;0;0;0;0;0;0;0;0;1;0;0;0;0;0;13014;MARGINAL DO RIO PINHEIROS, AV;;;40;JAGUARE;1;0
D051300951;13604;CANDIDO MOTTA FILHO, AV DR;;;300;;14/05/2013 08:20;2;CO;93;3073; ; ;1;1;0;0;0;0;0;0;0;0;0;0;0;0;0;0;0;13604;CANDIDO MOTTA FILHO, AV DR;;;68;RIO PEQUENO;1;0
D051301618;36045;MARCILAC, ES ENG;;;1452;;14/05/2013 08:25;2;CO;25;1255; ; ;2;0;0;0;0;0;0;0;0;0;0;1;0;0;0;0;0;36045;MARCILAC, ES ENG;;;76;SAO MIGUEL;1;0
D051300353;19100;BANDEIRANTES, AV DOS;;;3558;;14/05/2013 09:00;2;CO;27;5039; ; ;1;1;0;0;0;0;0;0;0;0;0;0;0;0;0;0;0;19100;BANDEIRANTES, AV DOS;;;24;CIDADE LIDER;1;0
D051302226;827;ALTAMIRA, RUA;;;0;NADA CONSTA ;14/05/2013 09:10;2;SI;70;2454; ; ;2;0;0;0;0;0;0;0;0;0;0;0;0;0;0;0;0;827;ALTAMIRA, RUA;;;38;JACANA;2;0
D051301578;21251;RUBENS GOMES BUENO, RUA DR;;;271;;14/05/2013 09:20;2;SI;11;5487; ; ;1;1;0;0;0;0;0;0;0;0;0;0;0;0;0;0;0;21251;RUBENS GOMES BUENO, RUA DR;;;29;FREGUESIA DO O;1;0
D051300182;543;ALCANTARA MACHADO, AV;;;0;NADA CONSTA ;14/05/2013 09:23;2;CO;8;3779; ; ;3;0;0;0;0;0;0;0;0;0;0;0;0;0;0;0;0;543;ALCANTARA MACHADO, AV;;;10;BRAS;2;0
D051300928;12436;MACEDO SOARES, AV EMB;;;6000;;14/05/2013 09:27;2;CO;91;3398; ; ;1;1;0;0;0;0;0;0;0;0;0;0;0;0;0;0;0;29772;MARGINAL DO RIO TIETE, AV;;;48;LAPA;1;0
D051302001;12156;LUIZ AYRES, RUA DR;;;1800;;14/05/2013 09:45;2;CT;65;1633;C; ;0;1;1;0;0;0;0;0;0;0;0;0;0;0;0;0;0;12156;LUIZ AYRES, RUA DR;;;5;ARTUR ALVIM;1;0
D051301141;3771;INAJAR DE SOUZA, AV;;;1000;;14/05/2013 10:07;2;CT;28;2576; ; ;1;1;0;0;0;0;0;0;0;0;0;0;0;0;0;0;0;3771;INAJAR DE SOUZA, AV;;;50;LIMAO;1;0
D051302136;36428;FRANCISCO TRANCHESI, AV;;;367;;14/05/2013 10:50;4;AT;53;900060; ; ;1;0;0;0;0;0;0;0;0;0;0;0;0;0;0;0;0;36428;FRANCISCO TRANCHESI, AV;;;51;MANDAQUI;2;0
D051300088;5245;CONSOLACAO, RUA DA;;;2107;;14/05/2013 11:02;2;CT;4;3419; ; ;1;1;0;0;0;0;0;0;0;0;0;0;0;0;0;0;0;5245;CONSOLACAO, RUA DA;;;26;CONSOLACAO;1;0
D051300570;2149;ARCOVERDE, RUA CARD;;;121;;14/05/2013 11:06;2;CO;14;4820; ; ;1;1;0;0;0;0;0;0;0;0;0;0;0;0;0;0;0;2149;ARCOVERDE, RUA CARD;;;44;JARDIM PAULISTA;1;0
D051300334;99916;MARIA MALUF, CV;;;0;SAIDA  - AV.TANCRED;14/05/2013 11:20;2;CO;26;4219; ; ;0;1;0;1;0;0;0;0;0;0;0;0;0;0;0;0;0;99916;MARIA MALUF, CV;;;27;CURSINO;1;0
D051300929;8275;GUAIPA, RUA;;;485;;14/05/2013 11:35;2;CO;91;3399; ; ;0;1;0;1;0;0;0;0;0;0;0;1;0;0;0;0;0;8275;GUAIPA, RUA;;;90;VILA LEOPOLDINA;1;0
D051300308;66;ABRAAO DE MORAIS, AV PROF;3523;BOSQUE DA SAUDE, AV;0;;14/05/2013 11:40;2;CO;16;900065; ; ;1;1;0;0;0;0;0;0;0;0;0;0;0;0;0;0;0;66;ABRAAO DE MORAIS, AV PROF;3523;BOSQUE DA SAUDE, AV;79;SAUDE;2;0
D051301905;10393;JOAO NERY, ES DOM;;;1779;;14/05/2013 11:45;4;AT;50;6014; ; ;0;0;1;0;0;0;0;0;0;0;0;0;0;0;0;0;0;10393;JOAO NERY, ES DOM;;;54;MOOCA;1;0
D051302048;13209;TUMA MALULY, RUA;;;350;;14/05/2013 12:03;4;AT;41;2478; ; ;1;0;0;0;0;0;0;0;0;0;0;0;0;0;0;0;0;13209;TUMA MALULY, RUA;;;4;ARICANDUVA;1;0
D051301725;10270;JOAO DIAS, AV;;;2884;;14/05/2013 12:30;2;CT;92;3001; ; ;2;0;0;0;0;0;0;0;0;0;0;0;0;0;0;0;0;10270;JOAO DIAS, AV;;;72;SANTO AMARO;1;0
D051302024;73485;JOAO DA SILVA AGUIAR, RUA;;;229;;14/05/2013 12:50;4;AT;68;1426; ; ;1;0;0;0;0;0;0;0;0;0;0;0;0;0;0;0;0;73485;JOAO DA SILVA AGUIAR, RUA;;;50;LIMAO;1;0
D051301036;3637;BRAZ LEME, AV;;;131;;14/05/2013 13:00;2;CL;13;5340; ; ;0;1;0;1;0;0;0;0;0;0;0;0;0;0;0;0;0;3637;BRAZ LEME, AV;;;21;CASA VERDE;1;0
D051300953;34348;MARGINAL ESQUERD RIO PINHEIROS, AV;;;0;QUILOMETRO  - 6;14/05/2013 13:30;2;SI;93;3082; ; ;1;1;0;0;0;0;0;0;0;0;0;1;0;0;0;0;0;13014;MARGINAL DO RIO PINHEIROS, AV;;;40;JAGUARE;1;0
D051301633;34128;JOAO DE LUCA, AV VER;5965;DJALMA PINHEIRO FRANCO, RUA DR;0;;14/05/2013 13:43;2;CO;43;1826; ; ;1;1;0;0;0;0;0;0;0;0;0;0;0;0;0;0;0;5965;DJALMA PINHEIRO FRANCO, RUA DR;34128;JOAO DE LUCA, AV VER;22;CIDADE ADEMAR;1;0
D051300357;12847;MARACATINS, AL DOS;9880;JAMARIS, AV;0;;14/05/2013 13:45;2;CO;27;5074;B; ;0;1;0;0;0;0;0;0;0;0;0;1;0;0;0;0;0;9880;JAMARIS, AV;12847;MARACATINS, AL DOS;53;MOEMA;1;0
D051300356;11426;JURUPIS, AL DOS;19100;BANDEIRANTES, AV DOS;0;;14/05/2013 13:45;2;CO;27;5068; ; ;1;1;0;0;0;0;0;0;0;0;0;0;0;0;0;0;0;11426;JURUPIS, AL DOS;19100;BANDEIRANTES, AV DOS;53;MOEMA;1;0
D051300146;14317;MUNIZ DE SOUSA, RUA;797;ALMEIDA TORRES, RUA;0;;14/05/2013 13:50;4;AT;6;2260; ; ;1;0;0;0;0;0;0;0;0;0;0;0;0;0;0;0;0;797;ALMEIDA TORRES, RUA;14317;MUNIZ DE SOUSA, RUA;49;LIBERDADE;1;0
D051300632;4216;CARAIBAS, RUA;19259;TURIASSU, RUA;0;;14/05/2013 14:00;2;CH;23;2735; ; ;1;1;0;0;0;0;0;0;0;0;0;0;0;0;0;0;0;4216;CARAIBAS, RUA;19259;TURIASSU, RUA;61;PERDIZES;1;0
D051302049;3852;CIPRIANO RODRIGUES, AV;;;478;;14/05/2013 14:30;4;AT;41;2485; ; ;0;1;0;0;0;0;0;0;0;0;0;0;0;0;0;0;0;3852;CIPRIANO RODRIGUES, AV;;;4;ARICANDUVA;1;0
D051300785;3907;CALDAS NOVAS, RUA;98414;ORLINDA (SAO DOMINGOS), RUA;0;;14/05/2013 14:30;2;CO;46;2272; ; ;1;1;0;0;0;0;0;0;0;0;0;0;0;0;0;0;0;3907;CALDAS NOVAS, RUA;98414;ORLINDA (SAO DOMINGOS), RUA;73;SAO DOMINGOS;1;0
D051300391;7882;GEORGE CORBISIER, AV ENG;;;571;;14/05/2013 14:40;2;CH;35;4008; ; ;0;1;0;0;0;0;0;0;0;0;0;0;0;0;0;0;0;7882;GEORGE CORBISIER, AV ENG;;;37;JABAQUARA;1;0
D051301019;6781;EULALIA, RUA STA;4219;ZAKI NARCHI, AV;0;;14/05/2013 15:00;4;AT;13;2751; ; ;1;0;0;0;0;0;0;0;0;0;0;0;0;0;0;0;0;4219;ZAKI NARCHI, AV;5567;CRUZEIRO DO SUL, AV;71;SANTANA;1;0
D051301223;12716;MANUEL GAYA, RUA;;;1479;;14/05/2013 15:25;2;CO;39;2210; ; ;0;1;0;0;0;0;0;0;0;0;0;1;0;0;0;0;0;12716;MANUEL GAYA, RUA;;;83;TREMEMBE;1;0
D051301942;6867;FABIO JOSE BEZERRA, RUA;;;1013;;14/05/2013 16:50;2;CF;62;5212; ; ;2;0;0;0;0;0;0;0;0;0;0;0;0;0;0;0;0;6867;FABIO JOSE BEZERRA, RUA;;;28;ERMELINO MATARA;1;0
D051300147;15967;PEDRO I, AV DOM;14211;MONUMENTO, PCA;0;;14/05/2013 17:10;2;QM;6;2302; ; ;0;1;0;0;0;0;0;0;0;0;0;0;0;0;0;0;0;14211;MONUMENTO, PCA;15967;PEDRO I, AV DOM;33;IPIRANGA;2;0
D051300216;4736;CELSO GARCIA, AV;;;915;;14/05/2013 17:25;4;AT;12;2688; ; ;0;0;0;0;0;0;0;1;0;0;0;0;0;0;0;0;0;4736;CELSO GARCIA, AV;;;82;TATUAPE;1;0
D051300892;29772;MARGINAL DO RIO TIETE, AV;;;5861;;14/05/2013 17:30;2;CT;89;3144; ; ;1;1;0;0;0;0;0;0;0;0;0;0;0;0;0;0;0;29772;MARGINAL DO RIO TIETE, AV;;;13;CACHOEIRINHA;1;0
D051300661;15188;OTAVIANO ALVES DE LIMA, AV;29772;MARGINAL DO RIO TIETE, AV;0;;14/05/2013 17:40;2;CO;33;4522; ; ;1;1;0;0;0;0;0;0;0;0;0;0;0;0;0;0;0;13417;MARINA, AV STA;15188;OTAVIANO ALVES DE LIMA, AV;29;FREGUESIA DO O;1;0
D051300293;12242;LUIS GOIS, RUA;19128;TRES DE MAIO, RUA;0;;14/05/2013 18:00;4;AT;16;6539; ; ;1;0;0;0;0;0;0;0;0;0;0;0;0;0;0;0;0;12242;LUIS GOIS, RUA;19128;TRES DE MAIO, RUA;79;SAUDE;1;0
D051300251;989;AMARAL GURGEL, RUA;9648;ITU, RUA MARQ DE;0;;14/05/2013 18:18;4;AT;77;2858; ; ;0;1;0;0;0;0;0;0;0;0;0;0;0;0;0;0;0;989;AMARAL GURGEL, RUA;9648;ITU, RUA MARQ DE;67;REPUBLICA;1;0
D051301754;10504;GREGORIO MAGNO, RUA PAPA;;;0;NADA CONSTA ;14/05/2013 18:25;4;AT;98;5143; ; ;1;0;0;0;0;0;0;0;0;0;0;0;0;0;0;0;0;10504;GREGORIO MAGNO, RUA PAPA;;;22;CIDADE ADEMAR;1;0
D051301082;5626;CURUCA, RUA;;;178;;14/05/2013 19:00;2;CO;19;4470; ; ;1;1;0;0;0;0;0;0;0;0;0;0;0;0;0;0;0;5626;CURUCA, RUA;;;91;VILA MARIA;1;0
D051301107;2563;AUGUSTO TOLLE, RUA;;;973;;14/05/2013 19:06;2;CO;20;4473; ; ;1;1;0;0;0;0;0;0;0;0;0;0;0;0;0;0;0;2563;AUGUSTO TOLLE, RUA;;;8;BELEM;2;0
D051301546;4804;CESARIO ALVIM, RUA;;;217;;14/05/2013 19:30;2;CL;81;3133;B; ;1;1;0;0;0;0;0;0;0;0;0;0;0;0;0;0;0;4804;CESARIO ALVIM, RUA;;;8;BELEM;1;0
D051300972;9836;JAGUARE, AV;;;1634;;14/05/2013 19:55;4;AT;93;900134; ; ;0;1;0;0;0;0;0;0;0;0;0;0;0;0;0;0;0;9836;JAGUARE, AV;;;40;JAGUARE;1;0
D051301271;6361;ELISIO TEIXEIRA LEITE, AV;;;2721;;14/05/2013 20:16;4;AT;45;1219; ; ;1;0;0;0;0;0;0;0;0;0;0;0;0;0;0;0;0;6361;ELISIO TEIXEIRA LEITE, AV;;;29;FREGUESIA DO O;1;0
D051301316;98953;CARLOS DE SOUSA ANHUMAS, RUA BR;;;1800;;14/05/2013 20:23;2;SI;73;5138; ; ;1;1;0;0;0;0;0;0;0;0;0;0;0;0;0;0;0;98953;CARLOS DE SOUSA ANHUMAS, RUA BR;;;83;TREMEMBE;1;0
D051302057;2603;AURORA DAS DORES, RUA;;;99;;14/05/2013 20:40;4;AT;41;5115; ; ;1;0;0;0;0;0;0;0;0;0;0;0;0;0;0;0;0;2603;AURORA DAS DORES, RUA;;;87;VILA FORMOSA;2;0
D051302261;8096;GOMES LEAL, RUA;;;48;;14/05/2013 20:41;4;AT;72;4373; ; ;0;0;1;0;0;0;0;0;0;0;0;0;0;0;0;0;0;8096;GOMES LEAL, RUA;;;13;CACHOEIRINHA;0;1
D051300237;5567;CRUZEIRO DO SUL, AV;6642;ESTADO, AV DO;0;;14/05/2013 21:00;4;AT;12;3797; ; ;1;0;0;0;0;0;0;0;0;0;0;0;0;0;0;0;0;5567;CRUZEIRO DO SUL, AV;6642;ESTADO, AV DO;57;PARI;1;0
D051300408;7635;FREIRE FARTO, RUA;;;755;;14/05/2013 22:00;4;AT;35;6495; ; ;0;0;0;0;0;0;0;0;0;0;0;1;0;0;0;0;0;7635;FREIRE FARTO, RUA;;;37;JABAQUARA;2;0
D051301242;11321;JULIO BUONO, AV;;;3251;;14/05/2013 22:08;2;CO;39;5139; ; ;1;0;1;0;0;0;0;0;0;0;0;0;0;0;0;0;0;11321;JULIO BUONO, AV;;;94;VILA MEDEIROS;1;0
D051300906;61669;ITAPAIUNA, RUA;;;33;;14/05/2013 23:00;4;AT;89;4223; ; ;0;0;0;0;0;0;0;0;0;0;0;0;0;0;0;1;0;61669;ITAPAIUNA, RUA;;;29;FREGUESIA DO O;2;0
D051301391;4128;CANGAIBA, AV;;;1079;;14/05/2013 23:09;2;CO;10;5466; ; ;1;1;0;0;0;0;0;0;0;0;0;0;0;0;0;0;0;4128;CANGAIBA, AV;;;18;CANGAIBA;1;0