id_acidente;codloga;logradouroA;codlogb;logradouroB;alt_num;referencia;data;cod_acid;tipo_acidente;dp;numero_BO;sentido;pista;automovel;moto;onibus;caminhao;bicicleta;moto_taxi;onibus_fretado;onibus_urbano;microonibus;van;vuc;caminhonete;carreta;jipe;outros;sem_informacao;carroca;princ_a;paiA;princ_b;paiB;cod_distrito;distrito;vit_ferida;vit_morta
D051302091;22976;GERONIMO MARIA COSTA, RUA;;;127;;14/05/2013 23:20;4;AT;49;6713; ; ;0;0;0;0;0;0;0;0;0;0;0;0;0;0;0;1;0;22976;GERONIMO MARIA COSTA, RUA;;;50;LIMAO;1;0
D051302304;11542;NORDESTINA, AV;24220;MAE D'AGUA, RUA;0;;15/05/2013 00:05;2;CF;63;3885; ; ;0;1;0;1;0;0;0;0;0;0;0;0;0;0;0;0;0;11542;NORDESTINA, AV;59298;MORRO DO CAIEIRO, RUA;86;VILA CURUCA;0;1
D051300315;6642;ESTADO, AV DO;;;0;NADA CONSTA ;15/05/2013 04:40;4;AT;17;2668; ; ;0;0;0;0;0;0;0;0;0;0;0;1;0;0;0;0;0;6642;ESTADO, AV DO;;;9;BOM RETIRO;1;0
D051301255;4715;CELESTINO BOURROUL, AV PROF;;;50;;15/05/2013 05:30;2;CO;40;1599; ; ;1;1;0;0;0;0;0;0;0;0;0;0;0;0;0;0;0;4715;CELESTINO BOURROUL, AV PROF;;;50;LIMAO;1;0
D051300392;21109;JORGE OLIVA, RUA ENG;;;381;;15/05/2013 05:30;2;CO;35;4028; ; ;0;2;0;0;0;0;0;0;0;0;0;0;0;0;0;0;0;21109;JORGE OLIVA, RUA ENG;;;42;JARDIM ANGELA;1;0
D051300861;16878;RAPOSO TAVARES, VIA;;;19000;;15/05/2013 05:45;2;CL;75;1877; ; ;1;1;0;0;0;0;0;0;0;0;0;0;0;0;0;0;0;16878;RAPOSO TAVARES, VIA;;;13;CACHOEIRINHA;1;0
D051300986;36061;LUIZ DUMONT VILLARES, AV;9190;INGLESA, RUA;0;;15/05/2013 06:10;2;CO;9;2760; ; ;0;1;0;0;0;0;0;0;0;0;0;1;0;0;0;0;0;9190;INGLESA, RUA;36061;LUIZ DUMONT VILLARES, AV;84;TUCURUVI;1;0
D051300877;71258;JOAO DA SILVA DE SOUSA, RUA GOV;;;0;NADA CONSTA ;15/05/2013 06:30;2;CO;87;2497; ; ;0;1;0;0;1;0;0;0;0;0;0;0;0;0;0;0;0;71258;JOAO DA SILVA DE SOUSA, RUA GOV;;;31;GUAIANASES;1;0
D051300744;9529;ITAPECERICA, ES DE;;;4752;;15/05/2013 06:35;2;CO;37;3804; ; ;0;1;1;0;0;0;0;0;0;0;0;0;0;0;0;0;0;9529;ITAPECERICA, ES DE;;;29;FREGUESIA DO O;1;0
D051301727;21326;GERALDO FRAGA DE OLIVEIRA, RUA;;;438;;15/05/2013 06:38;2;CO;92;3017; ; ;1;1;0;0;0;0;0;0;0;0;0;0;0;0;0;0;0;21326;GERALDO FRAGA DE OLIVEIRA, RUA;;;29;FREGUESIA DO O;1;0
D051301807;3509;BELMIRA MARIN, AV DONA;;;3000;;15/05/2013 07:00;2;CO;101;3647; ; ;1;1;0;0;0;0;0;1;0;0;0;0;0;0;0;0;0;3509;BELMIRA MARIN, AV DONA;;;30;GRAJAU;1;0
D051300662;33234;MARGINAL DIREITA DO TIETE, AV;;;700;;15/05/2013 07:00;2;CO;33;4527; ; ;1;1;0;0;0;0;0;0;0;0;0;0;0;0;0;0;0;29772;MARGINAL DO RIO TIETE, AV;;;39;JAGUARA;1;0
D051302279;1276;ANDRADE, RUA MONS;13821;MENDES CALDEIRA, RUA;0;;15/05/2013 07:02;4;AT;12;2695; ; ;0;0;0;0;0;0;0;0;0;0;0;0;0;0;0;1;0;1276;ANDRADE, RUA MONS;13821;MENDES CALDEIRA, RUA;10;BRAS;0;1
D051301142;5947;EDGAR FACO, AV GAL;;;1507;;15/05/2013 07:17;2;CT;28;2600; ; ;0;1;0;0;0;0;0;0;0;0;0;1;0;0;0;0;0;5947;EDGAR FACO, AV GAL;;;64;PIRITUBA;2;0
D051302124;37138;GUICHI SHIGUETA, RUA;;;1000;;15/05/2013 07:30;2;CT;53;3393; ; ;1;1;0;0;0;0;0;0;0;0;0;0;0;0;0;0;0;37138;GUICHI SHIGUETA, RUA;;;50;LIMAO;2;0
D051301449;34122;MELO FREIRE, RUA;;;0;PROXIMO  - R.SERRA DE;15/05/2013 07:40;2;QM;30;2570; ; ;0;1;0;0;0;0;0;0;0;0;0;0;0;0;0;0;0;34122;MELO FREIRE, RUA;;;27;CURSINO;1;0
D051300987;2455;ATALIBA LEONEL, AV GAL;;;1081;;15/05/2013 07:45;4;AT;9;2763; ; ;1;0;0;0;0;0;0;0;0;0;0;0;0;0;0;0;0;2455;ATALIBA LEONEL, AV GAL;;;88;VILA GUILHERME;1;0
D051300940;15185;OTACILIO TOMANIK, AV;;;1618;;15/05/2013 07:50;2;SI;93;2297; ; ;1;1;0;0;0;0;0;0;0;0;0;0;0;0;0;0;0;15185;OTACILIO TOMANIK, AV;;;13;CACHOEIRINHA;1;0
D051301729;16053;JOSE BARROS MAGALDI, RUA;;;1039;;15/05/2013 07:50;2;CT;92;3036; ; ;1;1;0;0;0;0;0;0;0;0;0;0;0;0;0;0;0;16053;JOSE BARROS MAGALDI, RUA;;;32;IGUATEMI;1;0
D051301708;65909;NEREU BERTINI MAGALHAES, RUA;;;78;;15/05/2013 08:00;2;CO;85;2462; ; ;0;1;1;0;0;0;0;0;0;0;0;0;0;0;0;0;0;65909;NEREU BERTINI MAGALHAES, RUA;;;32;IGUATEMI;1;0
D051301981;21253;AGUIA DE HAIA, AV;9084;IMPERADOR, ES DO;0;;15/05/2013 08:00;2;CO;64;3964; ; ;1;1;0;0;0;0;0;0;0;0;0;0;0;0;0;0;0;9084;IMPERADOR, ES DO;21253;AGUIA DE HAIA, AV;89;VILA JACUI;1;0
D051300513;41437;MATHEUS TORLONI, VD;;;0;ACESSO  - RODOVIA;15/05/2013 08:18;2;CO;97;1358; ; ;1;1;0;0;0;0;0;0;0;0;0;0;0;0;0;0;0;41437;MATHEUS TORLONI, VD;;;42;JARDIM ANGELA;1;0
D051301108;31289;PAUL HUGON, RUA PROF;351;AGUA FRIA, AV;0;;15/05/2013 08:20;2;SI;20;4486; ; ;1;1;0;0;0;0;0;0;0;0;0;0;0;0;0;0;0;351;AGUA FRIA, AV;31289;PAUL HUGON, RUA PROF;84;TUCURUVI;1;0
D051301833;17820;TITO, AV MAL;;;1015;;15/05/2013 08:30;4;AT;22;3268; ; ;0;1;0;0;0;0;0;0;0;0;0;0;0;0;0;0;0;17820;TITO, AV MAL;;;53;MOEMA;1;0
D051301090;7347;FRANCISCO RANIERI, AV DR;21831;ANTONIO JOAQUIM SOBRAL, RUA;0;;15/05/2013 09:00;2;CO;20;2396; ; ;1;1;0;0;0;0;0;0;0;0;0;0;0;0;0;0;0;7347;FRANCISCO RANIERI, AV DR;21831;ANTONIO JOAQUIM SOBRAL, RUA;51;MANDAQUI;1;0
D051302092;9044;RAGUEB CHOHFI, AV;;;2102;;15/05/2013 09:20;2;CL;49;6727; ; ;0;1;0;1;0;0;0;0;0;0;0;0;0;0;0;0;0;9044;RAGUEB CHOHFI, AV;;;32;IGUATEMI;1;0
D051301039;3813;CAETANO ALVARES, AV ENG;;;200;;15/05/2013 10:15;2;CO;13;5374; ; ;1;1;0;0;0;0;0;0;0;0;0;0;0;0;0;0;0;3813;CAETANO ALVARES, AV ENG;;;21;CASA VERDE;1;0
D051302162;17824;SAPOPEMBA, AV;;;19300;;15/05/2013 10:20;2;CO;55;1938; ; ;0;1;0;1;0;0;0;0;0;0;0;0;0;0;0;0;0;17824;SAPOPEMBA, AV;;;33;IPIRANGA;1;0
D051300922;7841;GAVIAO PEIXOTO, RUA BRIG;;;387;;15/05/2013 10:50;2;CO;91;3100; ; ;0;2;0;0;0;0;0;0;0;0;0;0;0;0;0;0;0;7841;GAVIAO PEIXOTO, RUA BRIG;;;48;LAPA;1;0
D051300907;13014;MARGINAL DO RIO PINHEIROS, AV;;;13000;;15/05/2013 11:00;2;QM;89;4242; ; ;0;1;0;0;0;0;0;0;0;0;0;0;0;0;0;0;0;13014;MARGINAL DO RIO PINHEIROS, AV;;;40;JAGUARE;1;0
D051301834;17820;TITO, AV MAL;;;871;;15/05/2013 11:00;4;AT;22;2373; ; ;1;0;0;0;0;0;0;0;0;0;0;0;0;0;0;0;0;17820;TITO, AV MAL;;;53;MOEMA;1;0
D051301706;15507;TEOTONIO VILELA, AV SEN;;;7295;;15/05/2013 11:30;2;CO;85;2449; ; ;1;1;0;0;0;0;0;0;0;0;0;0;0;0;0;0;0;15507;TEOTONIO VILELA, AV SEN;;;23;CIDADE DUTRA;1;0
D051301580;79689;LUIZ BARBOSA, RUA PROF;;;566;;15/05/2013 11:30;2;CL;11;5573; ; ;1;1;0;0;0;0;0;0;0;0;0;0;0;0;0;0;0;79689;LUIZ BARBOSA, RUA PROF;;;40;JAGUARE;1;0
D051300219;16870;RANGEL PESTANA, AV;;;2218;;15/05/2013 11:45;4;AT;12;2711; ; ;1;0;0;0;0;0;0;0;0;0;0;0;0;0;0;0;0;16870;RANGEL PESTANA, AV;;;1;AGUA RASA;1;0
D051300572;31780;EUSEBIO MATOSO, PTE;;;0;ACESSO  - DAS NACOES;15/05/2013 12:15;2;SI;14;4876; ; ;0;1;0;0;0;0;0;0;0;0;0;0;0;0;0;0;0;31780;EUSEBIO MATOSO, PTE;;;45;JARDIM SAO LUIS;2;0
D051302305;2903;BERTOLDO, RUA S;5640;CUSTODIO DE LIMA, AV DR;0;;15/05/2013 12:19;2;CH;63;3926; ; ;1;0;0;0;0;0;0;0;0;0;0;0;0;0;0;0;0;2903;BERTOLDO, RUA S;5640;CUSTODIO DE LIMA, AV DR;  ;;0;1
D051301707;43817;THOMAS MORGAN, AV;;;76;;15/05/2013 12:45;2;CO;85;2450; ; ;0;0;0;0;1;0;0;0;1;0;0;0;0;0;0;0;0;43817;THOMAS MORGAN, AV;;;32;IGUATEMI;1;0
D051301317;7061;FERNAO DIAS, VIA;;;82000;;15/05/2013 13:30;2;CO;73;5166; ; ;0;1;0;0;0;0;0;0;0;0;0;1;0;0;0;0;0;7061;FERNAO DIAS, VIA;;;38;JACANA;1;0
D051300262;14804;NOVE DE JULHO, AV;3581;BRASIL, AV;0;;15/05/2013 13:58;2;QD;78;4102;C; ;0;0;1;0;0;0;0;0;0;0;0;0;0;0;0;0;0;3581;BRASIL, AV;14804;NOVE DE JULHO, AV;44;JARDIM PAULISTA;1;0
D051301579;6238;NACOES UNIDAS, AV DAS;;;15000;;15/05/2013 14:00;2;CO;11;5569; ; ;0;1;0;0;0;0;0;0;0;0;0;1;0;0;0;0;0;13014;MARGINAL DO RIO PINHEIROS, AV;;;90;VILA LEOPOLDINA;1;0
D051300217;16870;RANGEL PESTANA, AV;;;1664;;15/05/2013 14:01;4;AT;12;2706; ; ;0;1;0;0;0;0;0;0;0;0;0;0;0;0;0;0;0;16870;RANGEL PESTANA, AV;;;1;AGUA RASA;1;0
D051300633;7491;FRANCISCO MATARAZZO, AV;;;1705;;15/05/2013 14:30;4;AT;23;2746; ; ;1;0;0;0;0;0;0;0;0;0;0;0;0;0;0;0;0;7491;FRANCISCO MATARAZZO, AV;;;6;BARRA FUNDA;1;0
D051300854;16878;RAPOSO TAVARES, VIA;;;18100;;15/05/2013 14:40;2;CO;75;1680; ; ;1;1;0;0;0;0;0;0;0;0;0;1;0;0;0;0;0;16878;RAPOSO TAVARES, VIA;;;13;CACHOEIRINHA;2;0
D051301718;60672;HERCILIA GONCALVES DOS SANTOS, RUA;;;2631;;15/05/2013 15:00;2;CO;92;2804; ; ;0;2;0;0;0;0;0;0;0;0;0;0;0;0;0;0;0;60672;HERCILIA GONCALVES DOS SANTOS, RUA;;;32;IGUATEMI;1;0
D051302144;45523;IGARAPE DA MISSAO, RUA;;;0;NADA CONSTA ;15/05/2013 15:00;2;QD;54;2849; ; ;0;0;1;0;0;0;0;0;0;0;0;0;0;0;0;0;0;45523;IGARAPE DA MISSAO, RUA;;;25;CIDADE TIRADENT;1;0
D051300044;8161;GRACA, RUA DA;;;419;;15/05/2013 15:33;4;AT;2;2878; ; ;0;1;0;0;0;0;0;0;0;0;0;0;0;0;0;0;0;8161;GRACA, RUA DA;;;9;BOM RETIRO;1;0
D051300745;9529;ITAPECERICA, ES DE;;;3222;;15/05/2013 15:47;2;CH;37;3828; ; ;1;0;0;0;0;0;0;0;0;0;0;0;0;0;0;0;0;9529;ITAPECERICA, ES DE;;;29;FREGUESIA DO O;1;0
D051301728;16053;JOSE BARROS MAGALDI, RUA;;;1598;;15/05/2013 16:00;4;AT;92;3035; ; ;1;0;0;0;0;0;0;0;0;0;0;0;0;0;0;0;0;16053;JOSE BARROS MAGALDI, RUA;;;32;IGUATEMI;1;0
D051301355;28171;MANUEL ANTONIO GONCALVES, AV;;;174;;15/05/2013 16:40;2;CO;90;1950; ; ;1;0;1;0;0;0;0;0;0;0;0;0;0;0;0;0;0;28171;MANUEL ANTONIO GONCALVES, AV;;;  ;;1;0
D051302150;48223;OCTAVIO PEREIRA, TV;;;0;PROXIMO  - SARA KUBIT;15/05/2013 16:40;4;AT;54;6744; ; ;1;0;0;0;0;0;0;0;0;0;0;0;0;0;0;0;0;48223;OCTAVIO PEREIRA, TV;;;25;CIDADE TIRADENT;1;0
D051301224;13767;MAZZEI, AV;11527;LADEIRA, RUA CON;0;;15/05/2013 16:59;2;CO;39;2237; ; ;1;1;0;0;0;0;0;0;0;0;0;0;0;0;0;0;0;11527;LADEIRA, RUA CON;13767;MAZZEI, AV;84;TUCURUVI;1;0
D051301512;8955;IBITIRAMA, RUA;;;868;;15/05/2013 17:02;2;CO;56;3237; ; ;1;1;0;0;0;0;0;0;0;0;0;0;0;0;0;0;0;8955;IBITIRAMA, RUA;;;95;VILA PRUDENTE;1;0
D051300967;13604;CANDIDO MOTTA FILHO, AV DR;;;400;;15/05/2013 17:40;2;CO;93;3476; ; ;1;1;0;0;0;0;0;0;0;0;0;0;0;0;0;0;0;13604;CANDIDO MOTTA FILHO, AV DR;;;68;RIO PEQUENO;1;0
D051300955;5309;CORIFEU DE AZEVEDO MARQUES, AV;;;5741;;15/05/2013 17:50;2;CH;93;3137; ; ;0;0;0;0;0;0;0;0;0;0;0;1;0;0;0;0;0;5309;CORIFEU DE AZEVEDO MARQUES, AV;;;12;BUTANTA;1;0
D051300647;18519;SUMARE, AV;;;345;;15/05/2013 18:10;4;AT;23;3449; ; ;0;1;0;0;0;0;0;0;0;0;0;0;0;0;0;0;0;18519;SUMARE, AV;;;61;PERDIZES;1;0
D051300120;17237;ROCHA, RUA;;;440;;15/05/2013 18:18;2;CO;5;2619; ; ;1;1;0;0;0;0;0;0;0;0;0;0;0;0;0;0;0;17237;ROCHA, RUA;;;7;BELA VISTA;1;0
D051300479;6238;NACOES UNIDAS, AV DAS;;;12251;;15/05/2013 18:18;2;SI;96;2295; ; ;1;1;0;0;0;0;0;0;0;0;0;0;0;0;0;0;0;13014;MARGINAL DO RIO PINHEIROS, AV;;;90;VILA LEOPOLDINA;1;0
D051300220;17400;ROSA, RUA STA;;;314;;15/05/2013 18:30;2;CO;12;2712; ; ;0;1;0;0;0;0;0;0;0;0;0;1;0;0;0;0;0;17400;ROSA, RUA STA;;;6;BARRA FUNDA;1;0
D051302292;19100;BANDEIRANTES, AV DOS;3753;CABO VERDE, RUA;0;;15/05/2013 18:30;4;AT;27;5111; ; ;1;0;0;0;0;0;0;0;0;0;0;0;0;0;0;0;0;17064;RIBEIRO DO VALE, RUA;19100;BANDEIRANTES, AV DOS;  ;;0;1
D051302030;76036;VALENTIM LEMOS, RUA;73964;BALTAZAR DE AZEVEDO, RUA;0;;15/05/2013 18:30;4;AT;68;6067; ; ;0;0;0;0;0;0;0;0;0;0;0;1;0;0;0;0;0;73964;BALTAZAR DE AZEVEDO, RUA;76036;VALENTIM LEMOS, RUA;47;LAJEADO;1;0
D051300358;33018;JOAO ALVARES SOARES, RUA;;;694;;15/05/2013 18:32;2;CF;27;5107; ; ;1;1;0;0;0;0;0;0;0;0;0;0;0;0;0;0;0;33018;JOAO ALVARES SOARES, RUA;;;30;GRAJAU;1;0
D051300336;43154;TANCREDO NEVES, AV PRES;;;1600;;15/05/2013 18:40;2;CT;26;6579; ; ;1;0;0;0;0;0;0;0;0;0;0;1;0;0;0;0;0;43154;TANCREDO NEVES, AV PRES;;;18;CANGAIBA;1;0
D051301581;24615;MANOELITO DE ORNELLAS, RUA PROF;12907;MARCELO ROBERTO, RUA ARQ;0;;15/05/2013 18:42;2;CF;11;5574; ; ;1;1;0;0;0;0;0;0;0;0;0;0;0;0;0;0;0;12907;MARCELO ROBERTO, RUA ARQ;24615;MANOELITO DE ORNELLAS, RUA PROF;72;SANTO AMARO;1;0
D051300431;64796;ARTUR PRIMAVESI, RUA PROF;;;0;NADA CONSTA ;15/05/2013 19:00;2;CO;83;1153; ; ;0;1;0;0;1;0;0;0;0;0;0;0;0;0;0;0;0;64796;ARTUR PRIMAVESI, RUA PROF;;;0;NULL;2;0
D051301444;1657;ANTONIO DE BARROS, RUA;34122;MELO FREIRE, RUA;0;;15/05/2013 19:00;2;CO;30;1527; ; ;3;0;0;0;0;0;0;0;0;0;0;0;0;0;0;0;0;1657;ANTONIO DE BARROS, RUA;34122;MELO FREIRE, RUA;82;TATUAPE;1;0
D051300031;18993;TIRADENTES, AV;;;1000;;15/05/2013 19:20;4;AT;2;2023; ; ;0;1;0;0;0;0;0;0;0;0;0;0;0;0;0;0;0;18993;TIRADENTES, AV;;;9;BOM RETIRO;1;0
D051300551;6544;ERMANO MARCHETTI, AV;;;0;NADA CONSTA ;15/05/2013 19:20;2;CT;7;4434; ; ;2;0;0;0;0;0;0;0;0;0;0;1;0;0;0;0;0;6544;ERMANO MARCHETTI, AV;;;48;LAPA;1;0
D051302069;16443;POA, ES DE;;;1114;;15/05/2013 19:30;4;AT;44;3414; ; ;0;1;0;0;0;0;0;0;0;0;0;0;0;0;0;0;0;16443;POA, ES DE;;;50;LIMAO;1;0
D051302291;32541;PAULO GUILGUER REIMBERG, AV;2888;BARRO BRANCO, ES DO;0;;15/05/2013 20:00;2;CT;101;3659; ; ;0;1;0;0;0;0;0;0;0;0;0;0;0;0;0;1;0;2888;BARRO BRANCO, ES DO;32541;PAULO GUILGUER REIMBERG, AV;30;GRAJAU;0;1
D051301244;8320;GUAPIRA, AV;;;1985;;15/05/2013 20:11;2;CO;39;5237; ; ;1;1;0;0;0;0;0;0;0;0;0;0;0;0;0;0;0;8320;GUAPIRA, AV;;;38;JACANA;1;0
D051302236;21197;CIRIACO CARDOSO, RUA;;;0;NADA CONSTA ;15/05/2013 20:15;4;AT;70;5157; ; ;0;1;0;0;0;0;0;0;0;0;0;0;0;0;0;0;0;21197;CIRIACO CARDOSO, RUA;;;56;PARELHEIROS;1;0
D051300435;62965;MEMORIAL DE AIRES, RUA;;;150;;15/05/2013 20:20;2;CO;83;1219; ; ;0;1;0;0;1;0;0;0;0;0;0;0;0;0;0;0;0;62965;MEMORIAL DE AIRES, RUA;;;69;SACOMA;1;0
D051300573;18813;TEODORO SAMPAIO, RUA;6479;ENEAS CARVALHO DE AGUIAR, AV DR;0;;15/05/2013 20:22;2;QD;14;4882; ; ;0;0;0;0;0;0;0;1;0;0;0;0;0;0;0;0;0;6479;ENEAS CARVALHO DE AGUIAR, AV DR;18813;TEODORO SAMPAIO, RUA;2;ALTO DE PINHEIR;1;0
D051300443;1532;OLYMPIA SEMERARO, RUA;;;675;;15/05/2013 20:41;2;CO;83;4256; ; ;0;1;0;0;0;0;0;0;0;0;0;1;0;0;0;0;0;1532;OLYMPIA SEMERARO, RUA;;;21;CASA VERDE;1;0
D051301808;3509;BELMIRA MARIN, AV DONA;;;3800;;15/05/2013 21:30;4;AT;101;3661; ; ;0;0;1;0;0;0;0;0;0;0;0;0;0;0;0;0;0;3509;BELMIRA MARIN, AV DONA;;;30;GRAJAU;1;0
D051300363;35576;ULISSEIA, RUA;;;0;ACESSO  - AV.DOS BAN;15/05/2013 22:45;2;QM;27;5200;C; ;0;1;0;0;0;0;0;0;0;0;0;0;0;0;0;0;0;35576;ULISSEIA, RUA;;;  ;;1;0
D051300459;5762;DELAMARE, AV ALM;;;5900;;15/05/2013 22:51;2;CT;95;4254; ; ;1;1;0;0;0;0;0;0;0;0;0;0;0;0;0;0;0;5762;DELAMARE, AV ALM;;;33;IPIRANGA;1;0
D051301962;46936;JACU-PESSEGO/NOVA TRABALHADORE, AV;10152;JOAO BATISTA CONTI, AV PROF;0;;15/05/2013 22:55;2;CO;63;3917; ; ;3;0;0;0;0;0;0;0;0;0;0;0;0;0;0;0;0;10152;JOAO BATISTA CONTI, AV PROF;46936;JACU-PESSEGO/NOVA TRABALHADORE, AV;36;ITAQUERA;2;0
D051302215;2878;BARREIRA GRANDE, AV DA;;;3015;;15/05/2013 23:30;2;CO;69;5159; ; ;1;1;0;0;0;0;0;0;0;0;0;0;0;0;0;0;0;2878;BARREIRA GRANDE, AV DA;;;78;SAPOPEMBA;2;0
D051301990;17159;RIO NEGRO, RUA;;;164;;16/05/2013 00:08;4;AT;64;5251; ; ;1;0;0;0;0;0;0;0;0;0;0;0;0;0;0;0;0;17159;RIO NEGRO, RUA;;;49;LIBERDADE;1;0
D051300183;543;ALCANTARA MACHADO, AV;;;0;NADA CONSTA ;16/05/2013 00:48;4;AT;8;3829; ; ;0;0;1;0;0;0;0;0;0;0;0;0;0;0;0;0;0;543;ALCANTARA MACHADO, AV;;;10;BRAS;1;0
D051301783;17360;ALBERTO DE ZAGOTTIS, AV ENG;;;352;;16/05/2013 02:30;4;AT;99;5582; ; ;0;0;0;0;0;0;0;1;0;0;0;0;0;0;0;0;0;17360;ALBERTO DE ZAGOTTIS, AV ENG;;;16;CAMPO GRANDE;1;0
D051301109;14767;NOVA CANTAREIRA, AV;;;430;;16/05/2013 04:00;2;CO;20;4517; ; ;1;1;0;0;0;0;0;0;0;0;0;0;0;0;0;0;0;14767;NOVA CANTAREIRA, AV;;;83;TREMEMBE;1;0
D051302253;99498;ALBERTO AUGUSTO ALVES, AV;10270;JOAO DIAS, AV;0;;16/05/2013 04:11;2;CH;14;5197; ; ;0;1;0;0;0;0;0;0;0;0;0;0;0;0;0;0;0;10270;JOAO DIAS, AV;99498;ALBERTO AUGUSTO ALVES, AV;  ;;1;1
D051302065;72670;INACIO MONTEIRO, RUA;;;938;;16/05/2013 05:00;2;CO;44;2915; ; ;0;1;1;0;0;0;0;0;0;0;0;0;0;0;0;0;0;72670;INACIO MONTEIRO, RUA;;;50;LIMAO;2;0
D051300393;32522;FRANCISCO DE PAULA Q. RIBEIRO, AV;;;343;;16/05/2013 05:10;2;CO;35;4060; ; ;1;0;0;0;1;0;0;0;0;0;0;0;0;0;0;0;0;32522;FRANCISCO DE PAULA Q. RIBEIRO, AV;;;42;JARDIM ANGELA;1;0
D051301318;8320;GUAPIRA, AV;18664;TANQUE VELHO, RUA;0;;16/05/2013 06:10;2;CL;73;5193; ; ;1;1;0;0;0;0;0;0;0;0;0;0;0;0;0;0;0;8320;GUAPIRA, AV;18664;TANQUE VELHO, RUA;84;TUCURUVI;1;0
D051300280;17755;CRUZ, RUA STA;5618;CURSINO, AV DO;0;;16/05/2013 06:20;4;AT;16;5122; ; ;1;0;0;0;0;0;0;0;0;0;0;0;0;0;0;0;0;5618;CURSINO, AV DO;17755;CRUZ, RUA STA;27;CURSINO;1;0
D051300822;5309;CORIFEU DE AZEVEDO MARQUES, AV;;;1816;;16/05/2013 06:30;2;CF;51;2183; ; ;1;0;0;0;0;0;0;0;0;0;0;1;0;0;0;0;0;5309;CORIFEU DE AZEVEDO MARQUES, AV;;;12;BUTANTA;4;0
D051301533;35211;GUILHERME GIORGI, AV;;;1691;;16/05/2013 07:00;2;CO;58;1040; ; ;2;0;0;0;0;0;0;0;0;0;0;0;0;0;0;0;0;35211;GUILHERME GIORGI, AV;;;27;CURSINO;2;0
D051301356;10471;JOAO SIMAO DE CASTRO, AV;5476;CRISCIUMA, RUA;0;;16/05/2013 07:00;2;CO;90;1959; ; ;1;1;0;0;0;0;0;0;0;0;0;0;0;0;0;0;0;5476;CRISCIUMA, RUA;10471;JOAO SIMAO DE CASTRO, AV;94;VILA MEDEIROS;1;0
D051301272;65207;CARLOS MARIA MONTEIRO, RUA;;;241;;16/05/2013 07:28;4;AT;45;1234;C; ;1;0;0;0;0;0;0;0;0;0;0;0;0;0;0;0;0;65207;CARLOS MARIA MONTEIRO, RUA;;;40;JAGUARE;1;0
D051300316;6642;ESTADO, AV DO;;;7100;;16/05/2013 07:30;2;CO;17;2674; ; ;3;1;0;0;0;0;0;0;0;0;0;0;0;0;0;0;0;6642;ESTADO, AV DO;;;9;BOM RETIRO;1;0
D051300648;4561;CASTELO BRANCO, AV PRES;;;0;NADA CONSTA ;16/05/2013 07:45;2;CO;23;3528; ; ;1;1;0;0;0;0;0;0;0;0;0;0;0;0;0;0;0;29772;MARGINAL DO RIO TIETE, AV;;;6;BARRA FUNDA;1;0
D051300045;4561;CASTELO BRANCO, AV PRES;;;0;PROXIMO  - SERGIO TER;16/05/2013 08:30;2;CO;2;2899; ; ;0;2;0;0;0;0;0;0;0;0;0;0;0;0;0;0;0;29772;MARGINAL DO RIO TIETE, AV;;;6;BARRA FUNDA;1;0
D051300824;19817;VITAL BRASIL, AV;6819;EUSEBIO MATOSO, AV;0;;16/05/2013 08:30;2;CO;51;2217; ; ;1;1;0;0;0;0;0;0;0;0;0;0;0;0;0;0;0;7500;FRANCISCO MORATO, AV PROF;10674;JORGE DE LIMA, PCA;12;BUTANTA;1;0
D051300015;11818;LIBERDADE, AV DA;;;622;;16/05/2013 08:40;2;CO;1;3979; ; ;1;1;0;0;0;0;0;0;0;0;0;0;0;0;0;0;0;11818;LIBERDADE, AV DA;;;49;LIBERDADE;1;0
D051300747;9529;ITAPECERICA, ES DE;;;389;;16/05/2013 09:00;2;CO;37;3854;C; ;1;1;0;0;0;0;0;0;0;0;0;0;0;0;0;0;0;9529;ITAPECERICA, ES DE;;;29;FREGUESIA DO O;1;0
D051302247;17728;SANATORIO, AV;;;1838;;16/05/2013 09:15;4;AT;77;2912; ; ;0;0;0;1;0;0;0;0;0;0;0;0;0;0;0;0;0;17728;SANATORIO, AV;;;  ;;0;1
D051300908;7180;FLAVIO AMERICO MAURANO, RUA DR;10073;JESUINO DE ABREU, RUA DR;0;;16/05/2013 09:15;2;CO;89;4275; ; ;1;1;0;0;0;0;0;0;0;0;0;0;0;0;0;0;0;7180;FLAVIO AMERICO MAURANO, RUA DR;14850;OTAVIO MANGABEIRA, RUA SEN;55;MORUMBI;2;0
D051301765;9220;INTERLAGOS, AV;;;317;;16/05/2013 09:30;4;AT;99;2115; ; ;0;0;0;0;0;0;0;1;0;0;0;0;0;0;0;0;0;9220;INTERLAGOS, AV;;;16;CAMPO GRANDE;1;0
D051300252;989;AMARAL GURGEL, RUA;;;452;;16/05/2013 09:41;2;CH;77;2891; ; ;0;1;0;1;0;0;0;0;0;0;0;0;0;0;0;0;0;989;AMARAL GURGEL, RUA;;;67;REPUBLICA;1;0
D051300359;19931;WASHINGTON LUIS, AV;;;100;;16/05/2013 10:19;2;QM;27;5131; ; ;0;1;0;0;0;0;0;0;0;0;0;0;0;0;0;0;0;19931;WASHINGTON LUIS, AV;;;30;GRAJAU;1;0