id_acidente;codloga;logradouroA;codlogb;logradouroB;alt_num;referencia;data;cod_acid;tipo_acidente;dp;numero_BO;sentido;pista;automovel;moto;onibus;caminhao;bicicleta;moto_taxi;onibus_fretado;onibus_urbano;microonibus;van;vuc;caminhonete;carreta;jipe;outros;sem_informacao;carroca;princ_a;paiA;princ_b;paiB;cod_distrito;distrito;vit_ferida;vit_morta
D051302050;17135;RIO DAS PEDRAS, AV;;;2200;;16/05/2013 10:30;2;CO;41;2529; ; ;0;1;0;0;0;0;0;0;0;0;0;1;0;0;0;0;0;17135;RIO DAS PEDRAS, AV;;;27;CURSINO;1;0
D051300703;6259;EDUARDO MONTEIRO, RUA PROF;;;500;;16/05/2013 10:30;2;SI;34;2950; ; ;1;1;0;0;0;0;0;0;0;0;0;0;0;0;0;0;0;6259;EDUARDO MONTEIRO, RUA PROF;;;13;CACHOEIRINHA;1;0
D051300634;4248;CARDOSO DE ALMEIDA, RUA;7491;FRANCISCO MATARAZZO, AV;0;;16/05/2013 10:35;4;AT;23;2763; ; ;1;0;0;0;0;0;0;0;0;0;0;0;0;0;0;0;0;7491;FRANCISCO MATARAZZO, AV;14947;OLIMPIO DA SILVEIRA, AV GAL;6;BARRA FUNDA;1;0
D051300185;543;ALCANTARA MACHADO, AV;;;3748;;16/05/2013 11:00;2;CL;8;3841; ; ;1;1;0;0;0;0;0;0;0;0;0;0;0;0;0;0;0;543;ALCANTARA MACHADO, AV;;;10;BRAS;2;0
D051300702;14267;MORUMBI, AV;;;2412;;16/05/2013 11:20;2;QM;34;2944; ; ;0;1;0;0;0;0;0;0;0;0;0;0;0;0;0;0;0;14267;MORUMBI, AV;;;55;MORUMBI;1;0
D051301691;20048;YERVANT KISSAJIKIAN, AV;6647;O ESTADO DE SAO PAULO, RUA;0;;16/05/2013 11:30;2;CO;80;1281; ; ;1;1;0;0;0;0;0;0;0;0;0;0;0;0;0;0;0;6647;O ESTADO DE SAO PAULO, RUA;20048;YERVANT KISSAJIKIAN, AV;22;CIDADE ADEMAR;1;0
D051302277;18813;TEODORO SAMPAIO, RUA;;;363;;16/05/2013 11:41;4;AT;14;4910; ; ;0;0;1;0;0;0;0;0;0;0;0;0;0;0;0;0;0;18813;TEODORO SAMPAIO, RUA;;;20;CARRAO;0;1
D051301680;15507;TEOTONIO VILELA, AV SEN;;;890;;16/05/2013 11:50;2;CO;48;1868; ; ;1;1;0;0;0;0;0;0;0;0;0;0;0;0;0;0;0;15507;TEOTONIO VILELA, AV SEN;;;23;CIDADE DUTRA;1;0
D051301179;9170;INES, AV STA;3285;TOME AFONSO DE MOURA, RUA;0;;16/05/2013 11:50;2;CT;38;2416; ; ;0;0;1;0;1;0;0;0;0;0;0;0;0;0;0;0;0;3285;TOME AFONSO DE MOURA, RUA;9170;INES, AV STA;51;MANDAQUI;1;0
D051301040;9078;IMIRIM, AV;;;1853;;16/05/2013 12:00;2;CO;13;5432; ; ;1;1;0;0;0;0;0;0;0;0;0;0;0;0;0;0;0;9078;IMIRIM, AV;;;71;SANTANA;1;0
D051300186;1196;ANA NERI, RUA DONA;;;58;;16/05/2013 12:00;4;AT;8;3847; ; ;1;0;0;0;0;0;0;0;0;0;0;0;0;0;0;0;0;1196;ANA NERI, RUA DONA;;;14;CAMBUCI;1;0
D051300078;15323;PAICANDU, LGO DO;;;0;NADA CONSTA ;16/05/2013 12:40;2;CO;3;1947; ; ;1;0;0;0;0;0;0;1;0;0;0;0;0;0;0;0;0;15323;PAICANDU, LGO DO;;;5;ARTUR ALVIM;2;0
D051300294;12242;LUIS GOIS, RUA;;;1531;;16/05/2013 12:50;2;CO;16;6580; ; ;1;1;0;0;0;0;0;0;0;0;0;0;0;0;0;0;0;12242;LUIS GOIS, RUA;;;79;SAUDE;1;0
D051301041;17622;SALETE, RUA;;;232;;16/05/2013 12:50;4;AT;13;5434; ; ;1;0;0;0;0;0;0;0;0;0;0;0;0;0;0;0;0;17622;SALETE, RUA;;;8;BELEM;1;0
D051301042;21876;CAMPO DE BAGATELLE, PCA;;;10;;16/05/2013 13:00;2;CO;13;5436; ; ;1;1;0;0;0;0;0;0;0;0;0;0;0;0;0;0;0;21876;CAMPO DE BAGATELLE, PCA;;;8;BELEM;1;0
D051301933;13881;MIGUEL, AV S;;;4737;;16/05/2013 13:40;4;AT;62;1980; ; ;0;1;0;0;0;0;0;0;0;0;0;0;0;0;0;0;0;13881;MIGUEL, AV S;;;65;PONTE RASA;2;0
D051301640;5606;CUPECE, AV;;;4413;;16/05/2013 13:50;2;CO;43;5210; ; ;0;0;1;1;0;0;0;0;0;0;0;0;0;0;0;0;0;5606;CUPECE, AV;;;22;CIDADE ADEMAR;1;0
D051301877;30240;CRIUVA, RUA;;;797;;16/05/2013 13:50;2;CO;32;2898;C; ;1;1;0;0;0;0;0;0;0;0;0;0;0;0;0;0;0;30240;CRIUVA, RUA;;;53;MOEMA;1;0
D051300878;41008;TUNGUE, RUA;;;180;;16/05/2013 13:57;4;AT;87;2534; ; ;0;1;0;0;0;0;0;0;0;0;0;0;0;0;0;0;0;41008;TUNGUE, RUA;;;31;GUAIANASES;1;0
D051300480;14768;NOVA CIDADE, RUA;930;ALVORADA, RUA;0;;16/05/2013 14:00;4;AT;96;2317; ; ;1;0;0;0;0;0;0;0;0;0;0;0;0;0;0;0;0;930;ALVORADA, RUA;14768;NOVA CIDADE, RUA;34;ITAIM BIBI;1;0
D051300481;8341;GUARAIUVA, RUA;7237;FLORIDA, RUA;0;;16/05/2013 14:15;2;SI;96;2319; ; ;2;0;0;0;0;0;0;0;0;0;0;0;0;0;0;0;0;7237;FLORIDA, RUA;8341;GUARAIUVA, RUA;34;ITAIM BIBI;1;0
D051300635;1427;ANHANGUERA, RUA;18410;SOLIMOES, RUA;0;;16/05/2013 14:27;2;CO;23;2374; ; ;1;1;0;0;0;0;0;0;0;0;0;0;0;0;0;0;0;1427;ANHANGUERA, RUA;18410;SOLIMOES, RUA;70;SANTA CECILIA;1;0
D051301582;19931;WASHINGTON LUIS, AV;;;3500;;16/05/2013 15:00;2;CT;11;5616; ; ;0;1;0;0;0;0;0;0;0;0;0;1;0;0;0;0;0;19931;WASHINGTON LUIS, AV;;;30;GRAJAU;1;0
D051301477;4503;CARRAO, RUA CONS;;;1486;;16/05/2013 15:30;2;CO;31;2918; ; ;0;1;0;0;0;0;0;0;0;0;0;1;0;0;0;0;0;4503;CARRAO, RUA CONS;;;7;BELA VISTA;1;0
D051301263;4496;CAROLINA SOARES, RUA;;;65;;16/05/2013 15:30;2;CO;40;5444; ; ;2;0;0;0;0;0;0;0;0;0;0;1;0;0;0;0;0;4496;CAROLINA SOARES, RUA;;;50;LIMAO;1;0
D051301513;15047;ORFANATO, RUA;;;465;;16/05/2013 16:43;4;AT;56;3264; ; ;0;0;1;0;0;0;0;0;0;0;0;0;0;0;0;0;0;15047;ORFANATO, RUA;;;33;IPIRANGA;1;0
D051300855;16878;RAPOSO TAVARES, VIA;;;1500;;16/05/2013 16:50;2;CT;75;1669; ; ;2;0;0;0;0;0;0;0;0;0;0;0;0;0;0;0;0;16878;RAPOSO TAVARES, VIA;;;13;CACHOEIRINHA;2;0
D051300787;18262;SILVIO DE CAMPOS, AV DR;;;262;;16/05/2013 17:00;4;AT;46;2312; ; ;0;1;0;0;0;0;0;0;0;0;0;0;0;0;0;0;0;18262;SILVIO DE CAMPOS, AV DR;;;  ;;1;0
D051302031;11542;NORDESTINA, AV;;;6024;;16/05/2013 17:30;4;AT;68;6107; ; ;1;0;0;0;0;0;0;0;0;0;0;0;0;0;0;0;0;11542;NORDESTINA, AV;;;76;SAO MIGUEL;1;0
D051300688;67160;JABA, RUA;;;34;;16/05/2013 17:30;2;CO;34;2426; ; ;1;1;0;0;0;0;0;0;0;0;0;0;0;0;0;0;0;67160;JABA, RUA;;;13;CACHOEIRINHA;1;0
D051302070;72670;INACIO MONTEIRO, RUA;;;58;;16/05/2013 18:00;2;QD;44;3449; ; ;0;0;1;0;0;0;0;0;0;0;0;0;0;0;0;0;0;72670;INACIO MONTEIRO, RUA;;;50;LIMAO;1;0
D051302306;929;ALVINOPOLIS, RUA;;;100;;16/05/2013 18:00;4;AT;10;5547; ; ;1;0;0;0;0;0;0;0;0;0;0;0;0;0;0;0;0;929;ALVINOPOLIS, RUA;;;60;PENHA;0;1
D051301801;3509;BELMIRA MARIN, AV DONA;;;700;;16/05/2013 18:20;2;CT;101;2503; ; ;0;0;1;0;0;0;0;0;0;0;0;0;0;0;0;0;0;3509;BELMIRA MARIN, AV DONA;;;30;GRAJAU;1;0
D051301861;2429;ASSIS RIBEIRO, RUA DR;62092;OLHO D'AGUA DO BORGES, RUA;0;;16/05/2013 18:20;2;CT;24;5286; ; ;1;0;0;0;0;0;0;0;1;0;0;0;0;0;0;0;0;2429;ASSIS RIBEIRO, RUA DR;62092;OLHO D'AGUA DO BORGES, RUA;18;CANGAIBA;1;0
D051300724;7500;FRANCISCO MORATO, AV PROF;8483;GUILHERME DUMONT VILARES, AV DR;0;;16/05/2013 18:20;2;CL;34;4286; ; ;2;1;0;0;0;0;0;0;0;0;0;0;0;0;0;0;0;7500;FRANCISCO MORATO, AV PROF;8483;GUILHERME DUMONT VILARES, AV DR;96;VILA SONIA;1;0
D051301464;7645;FRONTIN, AV CD DE;;;0;NADA CONSTA ;16/05/2013 18:30;2;CT;30;2925; ; ;0;2;0;0;0;0;0;0;0;0;0;0;0;0;0;0;0;7645;FRONTIN, AV CD DE;;;93;VILA MATILDE;2;0
D051300360;19100;BANDEIRANTES, AV DOS;;;5900;;16/05/2013 18:40;2;CO;27;5148; ; ;2;1;0;0;0;0;0;0;0;0;0;0;0;0;0;0;0;19100;BANDEIRANTES, AV DOS;;;24;CIDADE LIDER;1;0
D051300674;33234;MARGINAL DIREITA DO TIETE, AV;;;1;;16/05/2013 18:48;2;CO;33;2317; ; ;1;1;0;0;0;0;0;0;0;0;0;1;0;0;0;0;0;29772;MARGINAL DO RIO TIETE, AV;;;39;JAGUARA;1;0
D051300013;19543;VENCESLAU BRAS, RUA;;;57;;16/05/2013 19:24;4;AT;1;3856; ; ;0;0;0;0;0;0;0;0;0;0;0;1;0;0;0;0;0;19543;VENCESLAU BRAS, RUA;;;1;AGUA RASA;1;0
D051300769;72163;GUERREIRO, RUA;;;0;PROXIMO  - R.DR.FREDR;16/05/2013 19:30;4;AT;37;4300; ; ;0;1;0;0;0;0;0;0;0;0;0;0;0;0;0;0;0;72163;GUERREIRO, RUA;;;29;FREGUESIA DO O;1;0
D051300263;12165;LUIS ANTONIO, AV BRIG;16010;PEDROSO, RUA;0;;16/05/2013 19:30;4;AT;78;4146; ; ;0;1;0;0;0;0;0;0;0;0;0;0;0;0;0;0;0;12165;LUIS ANTONIO, AV BRIG;16010;PEDROSO, RUA;7;BELA VISTA;1;0
D051301963;9084;IMPERADOR, ES DO;3861;TREVO DE SANTA MARIA, RUA;0;;16/05/2013 19:42;4;AT;63;3938; ; ;0;1;0;0;0;0;0;0;0;0;0;0;0;0;0;0;0;3861;TREVO DE SANTA MARIA, RUA;9084;IMPERADOR, ES DO;89;VILA JACUI;1;0
D051300499;4564;CASTILHO, RUA;16533;PORTO UNIAO, RUA;0;;16/05/2013 19:52;2;CL;96;5146; ; ;1;1;0;0;0;0;0;0;0;0;0;0;0;0;0;0;0;4564;CASTILHO, RUA;16533;PORTO UNIAO, RUA;34;ITAIM BIBI;1;0
D051301583;9220;INTERLAGOS, AV;;;1500;;16/05/2013 20:33;4;AT;11;5634; ; ;1;0;0;0;0;0;0;0;0;0;0;0;0;0;0;0;0;9220;INTERLAGOS, AV;;;16;CAMPO GRANDE;1;0
D051300501;6238;NACOES UNIDAS, AV DAS;;;0;PROXIMO  - EST.BERRIN;16/05/2013 20:37;2;CL;96;5149; ; ;2;1;0;0;0;0;0;0;0;0;0;0;0;0;0;0;0;13014;MARGINAL DO RIO PINHEIROS, AV;;;90;VILA LEOPOLDINA;1;0
D051302125;48752;MARIM (JOSE BONIFACIO), RUA;;;0;PROXIMO  - EST DO PES;16/05/2013 20:40;2;QM;53;3447; ; ;0;1;0;0;0;0;0;0;0;0;0;0;0;0;0;0;0;48752;MARIM (JOSE BONIFACIO), RUA;;;46;JOSE BONIFACIO;1;0
D051300500;999;SANTO AMARO, AV;21514;ROQUE PETRONI JUNIOR, AV;0;;16/05/2013 20:40;4;AT;96;5147; ; ;0;0;0;0;0;0;0;1;0;0;0;0;0;0;0;0;0;999;SANTO AMARO, AV;21514;ROQUE PETRONI JUNIOR, AV;34;ITAIM BIBI;1;0
D051301264;73663;NELSON FRANCISCO, RUA;;;300;;16/05/2013 21:30;4;AT;40;5450; ; ;0;0;0;0;0;0;0;0;0;0;0;0;0;0;0;1;0;73663;NELSON FRANCISCO, RUA;;;44;JARDIM PAULISTA;1;0
D051301742;35858;GUIDO CALOI, AV;;;1200;;16/05/2013 21:35;2;CO;92;6122; ; ;0;1;1;0;0;0;0;0;0;0;0;0;0;0;0;0;0;35858;GUIDO CALOI, AV;;;32;IGUATEMI;1;0
D051301656;9529;ITAPECERICA, ES DE;;;5020;;16/05/2013 21:50;2;CO;47;6129;B; ;1;1;0;0;0;0;0;0;0;0;0;0;0;0;0;0;0;9529;ITAPECERICA, ES DE;;;29;FREGUESIA DO O;1;0
D051301296;15425;CANTIDIO SAMPAIO, AV DEP;;;3057;;16/05/2013 22:20;2;CL;72;4451;C; ;0;1;0;0;0;0;0;1;0;0;0;0;0;0;0;0;0;15425;CANTIDIO SAMPAIO, AV DEP;;;41;JARAGUA;1;0
D051301599;9384;ISABEL SCHMIDT, RUA;;;44;;16/05/2013 22:40;2;QD;11;5973; ; ;0;0;1;0;0;0;0;0;0;0;0;0;0;0;0;0;0;9384;ISABEL SCHMIDT, RUA;;;72;SANTO AMARO;1;0
D051300574;16919;REBOUCAS, AV;16017;PEDROSO DE MORAIS, AV;0;;16/05/2013 23:40;2;CT;14;4942; ; ;1;1;0;0;0;0;0;0;0;0;0;0;0;0;0;0;0;16017;PEDROSO DE MORAIS, AV;16919;REBOUCAS, AV;63;PINHEIROS;1;0
D051300704;16337;ELISEU DE ALMEIDA, AV;;;280;;16/05/2013 23:45;2;CO;34;2953; ; ;0;0;1;0;0;0;0;0;0;0;0;0;0;0;0;1;0;16337;ELISEU DE ALMEIDA, AV;;;0;NULL;3;0
D051301641;34128;JOAO DE LUCA, AV VER;;;283;;17/05/2013 00:30;2;CT;43;5220; ; ;1;1;0;0;0;0;0;0;0;0;0;0;0;0;0;0;0;34128;JOAO DE LUCA, AV VER;;;42;JARDIM ANGELA;2;0
D051301655;12403;M'BOI MIRIM, ES;;;7800;;17/05/2013 01:30;2;CF;47;6127; ; ;0;0;2;0;0;0;0;0;0;0;0;0;0;0;0;0;0;12403;M'BOI MIRIM, ES;;;42;JARDIM ANGELA;3;0
D051301744;13357;MARIA COELHO AGUIAR, AV;;;950;;17/05/2013 04:15;2;CF;92;6189; ; ;1;0;0;0;0;0;0;0;0;0;0;1;0;0;0;0;0;13357;MARIA COELHO AGUIAR, AV;;;45;JARDIM SAO LUIS;1;0
D051300470;43154;TANCREDO NEVES, AV PRES;19583;VERGUEIRO, RUA;0;;17/05/2013 05:30;2;SI;95;2296; ; ;0;0;0;1;0;0;0;1;0;0;0;0;0;0;0;0;0;19583;VERGUEIRO, RUA;43154;TANCREDO NEVES, AV PRES;69;SACOMA;6;0
D051301584;15806;PAZ, RUA DA;;;900;;17/05/2013 05:50;2;SI;11;5643; ; ;0;1;0;0;0;0;0;1;0;0;0;0;0;0;0;0;0;15806;PAZ, RUA DA;;;29;FREGUESIA DO O;2;0
D051301038;21876;CAMPO DE BAGATELLE, PCA;;;0;NADA CONSTA ;17/05/2013 06:00;2;QM;13;5342; ; ;0;1;0;0;0;0;0;0;0;0;0;0;0;0;0;0;0;21876;CAMPO DE BAGATELLE, PCA;;;8;BELEM;1;0
D051300264;3581;BRASIL, AV;2164;ARGENTINA, RUA;0;;17/05/2013 06:06;2;CT;78;4166; ; ;3;0;0;0;0;0;0;0;0;0;0;0;0;0;0;0;0;2164;ARGENTINA, RUA;3581;BRASIL, AV;44;JARDIM PAULISTA;1;0
D051300617;3600;BRASILIA, RUA;;;24;;17/05/2013 06:20;2;QM;15;5488; ; ;0;1;0;0;0;0;0;0;0;0;0;0;0;0;0;0;0;3600;BRASILIA, RUA;;;34;ITAIM BIBI;1;0
D051301452;18068;SERRA DE BRAGANCA, RUA;;;568;;17/05/2013 06:20;4;AT;30;2620; ; ;0;0;1;0;0;0;0;0;0;0;0;0;0;0;0;0;0;18068;SERRA DE BRAGANCA, RUA;;;27;CURSINO;1;0
D051300856;16878;RAPOSO TAVARES, VIA;;;16000;;17/05/2013 06:30;2;CO;75;1698; ; ;1;1;0;0;0;0;0;0;0;0;0;0;0;0;0;0;0;16878;RAPOSO TAVARES, VIA;;;13;CACHOEIRINHA;1;0
D051301256;60871;CARLOS PORTO CARREIRO, RUA;;;30;;17/05/2013 07:02;2;CO;40;1627; ; ;0;1;0;1;0;0;0;0;0;0;0;0;0;0;0;0;0;60871;CARLOS PORTO CARREIRO, RUA;;;0;NULL;1;0
D051301417;12156;LUIZ AYRES, RUA DR;;;1882;;17/05/2013 07:05;2;CT;21;1703; ; ;1;1;0;0;0;0;0;0;0;0;0;0;0;0;0;0;0;12156;LUIZ AYRES, RUA DR;;;5;ARTUR ALVIM;2;0
D051301416;1702;ANTONIO ESTEVAO DE CARVALHO, AV;;;0;NADA CONSTA ;17/05/2013 07:10;2;CT;21;1702;C; ;0;2;0;0;0;0;0;0;0;0;0;0;0;0;0;0;0;1702;ANTONIO ESTEVAO DE CARVALHO, AV;;;93;VILA MATILDE;2;0
D051301514;19708;VILA EMA, AV;;;165;;17/05/2013 07:20;2;CO;56;3276; ; ;1;2;0;0;0;0;0;0;0;0;0;0;0;0;0;0;0;19708;VILA EMA, AV;;;26;CONSOLACAO;1;0
D051301143;15188;OTAVIANO ALVES DE LIMA, AV;;;0;QUILOMETRO  - 7;17/05/2013 07:30;2;CT;28;2648; ; ;1;1;0;0;0;0;0;0;0;0;0;0;0;0;0;0;0;29772;MARGINAL DO RIO TIETE, AV;;;23;CIDADE DUTRA;1;0
D051301453;14178;MONTE SERRAT, RUA;18961;TIJUCO PRETO, RUA;0;;17/05/2013 07:30;2;CO;30;2622; ; ;1;1;0;0;0;0;0;0;0;0;0;0;0;0;0;0;0;14178;MONTE SERRAT, RUA;18961;TIJUCO PRETO, RUA;82;TATUAPE;1;0
D051301657;9529;ITAPECERICA, ES DE;;;6500;;17/05/2013 07:40;2;CO;47;6139; ; ;1;1;0;0;0;0;0;0;0;0;0;0;0;0;0;0;0;9529;ITAPECERICA, ES DE;;;29;FREGUESIA DO O;1;0
D051300514;2235;ARMANDO DE ARRUDA PEREIRA, AV ENG;;;4200;;17/05/2013 08:00;4;AT;97;1386; ; ;1;0;0;0;0;0;0;0;0;0;0;0;0;0;0;0;0;2235;ARMANDO DE ARRUDA PEREIRA, AV ENG;;;37;JABAQUARA;1;0
D051301906;10393;JOAO NERY, ES DOM;9256;IPE ROXO, RUA;0;;17/05/2013 08:00;2;QD;50;6186; ; ;0;0;0;0;0;0;0;0;1;0;0;0;0;0;0;0;0;9256;IPE ROXO, RUA;10393;JOAO NERY, ES DOM;35;ITAIM PAULISTA;1;0
D051301809;60911;MANOEL DA ROCHA, RUA;;;115;;17/05/2013 08:05;4;AT;101;3710; ; ;1;0;0;0;0;0;0;0;0;0;0;0;0;0;0;0;0;60911;MANOEL DA ROCHA, RUA;;;29;FREGUESIA DO O;1;0
D051300515;2235;ARMANDO DE ARRUDA PEREIRA, AV ENG;;;3500;;17/05/2013 08:28;2;CT;97;1388; ; ;1;1;0;0;0;0;0;0;0;0;0;0;0;0;0;0;0;2235;ARMANDO DE ARRUDA PEREIRA, AV ENG;;;37;JABAQUARA;1;0
D051300317;14449;NAZARE, AV;;;360;;17/05/2013 08:30;2;CT;17;2698; ; ;2;1;0;0;0;0;0;0;0;0;0;0;0;0;0;0;0;14449;NAZARE, AV;;;33;IPIRANGA;1;0
D051301180;9078;IMIRIM, AV;;;3391;;17/05/2013 08:30;2;CO;38;2431; ; ;2;0;0;0;0;0;0;0;0;0;0;1;0;0;0;0;0;9078;IMIRIM, AV;;;71;SANTANA;1;0
D051300663;29772;MARGINAL DO RIO TIETE, AV;;;0;SOBRE  - PONTE REME;17/05/2013 08:30;2;CO;33;4595; ; ;0;1;0;0;0;0;0;0;0;0;0;1;0;0;0;0;0;29772;MARGINAL DO RIO TIETE, AV;;;13;CACHOEIRINHA;1;0
D051301437;8014;GIULIANI, RUA PROF;7074;FERRAIUOLO, RUA CAP;0;;17/05/2013 08:30;2;CO;29;1263; ; ;1;1;0;0;0;0;0;0;0;0;0;0;0;0;0;0;0;7074;FERRAIUOLO, RUA CAP;8014;GIULIANI, RUA PROF;1;AGUA RASA;1;0
D051300705;11687;LEBRET, AV PDE;;;100;;17/05/2013 08:53;2;SI;34;2959; ; ;0;1;0;0;0;0;0;0;0;0;0;1;0;0;0;0;0;11687;LEBRET, AV PDE;;;55;MORUMBI;1;0
D051300361;19931;WASHINGTON LUIS, AV;31498;ROBERTO MARINHO - ANT AGUA ESP, AV JORN;0;;17/05/2013 09:17;2;QM;27;5161; ; ;0;1;0;0;0;0;0;0;0;0;0;0;0;0;0;0;0;19931;WASHINGTON LUIS, AV;31498;ROBERTO MARINHO - ANT AGUA ESP, AV JORN;15;CAMPO BELO;1;0
D051300395;15590;CHARLES DARWIN, RUA;9878;FRANKLIN MAGALHAES, RUA;0;;17/05/2013 09:39;2;CO;35;4111; ; ;1;1;0;0;0;0;0;0;0;0;0;0;0;0;0;0;0;9878;FRANKLIN MAGALHAES, RUA;15590;CHARLES DARWIN, RUA;37;JABAQUARA;1;0
D051301868;7987;GILDA, RUA;;;95;;17/05/2013 10:00;4;AT;24;5789; ; ;0;0;0;0;0;0;0;0;1;0;0;0;0;0;0;0;0;7987;GILDA, RUA;;;60;PENHA;1;0
D051301810;15507;TEOTONIO VILELA, AV SEN;;;3323;;17/05/2013 10:20;2;CO;101;3724; ; ;1;1;0;0;0;0;0;0;0;0;0;0;0;0;0;0;0;15507;TEOTONIO VILELA, AV SEN;;;23;CIDADE DUTRA;1;0
D051300222;5567;CRUZEIRO DO SUL, AV;;;741;;17/05/2013 10:40;4;AT;12;2749; ; ;0;0;0;0;0;0;0;0;0;0;0;1;0;0;0;0;0;5567;CRUZEIRO DO SUL, AV;;;5;ARTUR ALVIM;1;0
D051301924;9145;RIO SOBRADO, RUA;;;10;;17/05/2013 11:30;2;CF;59;1807; ; ;1;0;0;0;1;0;0;0;0;0;0;0;0;0;0;0;0;9145;RIO SOBRADO, RUA;;;54;MOOCA;1;0
D051301043;27548;BENEDITO XAVIER PINHEIRO, RUA;;;120;;17/05/2013 11:30;2;CH;13;5474; ; ;3;0;0;0;0;0;0;0;0;0;0;0;0;0;0;0;0;27548;BENEDITO XAVIER PINHEIRO, RUA;;;8;BELEM;1;0
D051301438;17824;SAPOPEMBA, AV;;;4881;;17/05/2013 11:35;4;AT;29;1264; ; ;1;0;0;0;0;0;0;0;0;0;0;0;0;0;0;0;0;17824;SAPOPEMBA, AV;;;33;IPIRANGA;1;0
D051301361;7061;FERNAO DIAS, VIA;;;89000;;17/05/2013 12:00;2;CO;90;2116;B; ;0;1;0;0;0;0;0;0;0;0;0;1;0;0;0;0;0;7061;FERNAO DIAS, VIA;;;38;JACANA;1;0
D051301542;19035;TOLEDO BARBOSA, RUA;;;55;;17/05/2013 12:04;4;AT;81;1413; ; ;1;0;0;0;0;0;0;0;0;0;0;0;0;0;0;0;0;19035;TOLEDO BARBOSA, RUA;;;10;BRAS;1;0
D051300482;6238;NACOES UNIDAS, AV DAS;;;12551;;17/05/2013 12:05;2;SI;96;2336; ; ;0;1;0;1;0;0;0;0;0;0;0;0;0;0;0;0;0;13014;MARGINAL DO RIO PINHEIROS, AV;;;90;VILA LEOPOLDINA;1;0
D051300017;16870;RANGEL PESTANA, AV;;;1171;;17/05/2013 12:12;2;CL;1;3994; ; ;2;1;0;0;0;0;0;0;0;0;0;0;0;0;0;0;0;16870;RANGEL PESTANA, AV;;;1;AGUA RASA;1;0
D051302228;13255;MARIA GRAHAM, RUA;20052;ZEFERINO DO AMARAL, RUA DR;0;;17/05/2013 12:30;2;SI;70;2511; ; ;0;2;0;0;0;0;0;0;0;0;0;0;0;0;0;0;0;13255;MARIA GRAHAM, RUA;20052;ZEFERINO DO AMARAL, RUA DR;74;SAO LUCAS;1;0
D051300788;46890;ALEXIOS JAFET (ESTR.CAMPINAS), AV;;;820;;17/05/2013 12:58;2;CO;46;2336; ; ;1;1;0;0;0;0;0;0;0;0;0;0;0;0;0;0;0;46890;ALEXIOS JAFET (ESTR.CAMPINAS), AV;;;41;JARAGUA;1;0
D051300988;1364;ANGELINA, AV;9086;IMPERADOR, RUA DO;0;;17/05/2013 13:00;4;AT;9;2825; ; ;0;1;0;0;0;0;0;0;0;0;0;0;0;0;0;0;0;1364;ANGELINA, AV;9086;IMPERADOR, RUA DO;88;VILA GUILHERME;1;0
D051300750;9529;ITAPECERICA, ES DE;;;3871;;17/05/2013 13:05;2;CT;37;3886; ; ;1;1;0;0;0;0;0;0;0;0;0;0;0;0;0;0;0;9529;ITAPECERICA, ES DE;;;29;FREGUESIA DO O;1;0
D051300318;885;ALVARO DO VALE, RUA;;;284;;17/05/2013 13:40;4;AT;17;2709; ; ;0;0;0;0;0;0;0;0;0;0;0;1;0;0;0;0;0;885;ALVARO DO VALE, RUA;;;33;IPIRANGA;1;0
D051301821;2483;ATLANTICA ANT. ROBERT KENNEDY, AV;;;1620;;17/05/2013 13:46;2;CO;102;1410; ; ;1;1;0;0;0;0;0;0;0;0;0;0;0;0;0;0;0;2483;ATLANTICA ANT. ROBERT KENNEDY, AV;;;23;CIDADE DUTRA;1;0
D051300713;3937;CAMARGO, RUA;;;346;;17/05/2013 13:50;2;CO;34;3641; ; ;0;2;0;0;0;0;0;0;0;0;0;0;0;0;0;0;0;3937;CAMARGO, RUA;;;12;BUTANTA;1;0
D051300600;5569;CUBA, RUA;13620;MARTINICA, RUA;0;;17/05/2013 14:30;2;CO;15;4174; ; ;1;1;0;0;0;0;0;0;0;0;0;0;0;0;0;0;0;5569;CUBA, RUA;13620;MARTINICA, RUA;44;JARDIM PAULISTA;1;0
D051300189;543;ALCANTARA MACHADO, AV;;;3832;;17/05/2013 15:40;2;CO;8;3877; ; ;1;1;0;0;0;0;0;0;0;0;0;0;0;0;0;0;0;543;ALCANTARA MACHADO, AV;;;10;BRAS;1;0
D051300771;16339;CARLOS LACERDA, AV;;;470;;17/05/2013 16:04;4;AT;37;4327; ; ;0;0;0;0;0;0;0;0;0;0;0;0;0;0;0;1;0;16339;CARLOS LACERDA, AV;;;29;FREGUESIA DO O;1;0
D051300149;11922;LINS DE VASCONCELOS, AV;;;932;;17/05/2013 16:10;2;CH;6;2348; ; ;1;1;0;0;0;0;0;0;0;0;0;0;0;0;0;0;0;11922;LINS DE VASCONCELOS, AV;;;92;VILA MARIANA;1;0
D051301515;19708;VILA EMA, AV;;;1301;;17/05/2013 16:13;2;CH;56;3282; ; ;0;0;1;0;1;0;0;0;0;0;0;0;0;0;0;0;0;19708;VILA EMA, AV;;;26;CONSOLACAO;1;0
D051300910;8000;GIOVANNI GRONCHI, AV;;;4509;;17/05/2013 17:19;4;AT;89;4325; ; ;0;0;0;0;0;0;0;0;0;0;0;1;0;0;0;0;0;8000;GIOVANNI GRONCHI, AV;;;55;MORUMBI;1;0