id_acidente;codloga;logradouroA;codlogb;logradouroB;alt_num;referencia;data;cod_acid;tipo_acidente;dp;numero_BO;sentido;pista;automovel;moto;onibus;caminhao;bicicleta;moto_taxi;onibus_fretado;onibus_urbano;microonibus;van;vuc;caminhonete;carreta;jipe;outros;sem_informacao;carroca;princ_a;paiA;princ_b;paiB;cod_distrito;distrito;vit_ferida;vit_morta
D051301516;24338;LUIZ IGNACIO ANHAIA MELLO, AV PROF;;;333;;17/05/2013 17:50;2;CO;56;3283; ; ;1;1;0;0;0;0;0;0;0;0;0;0;0;0;0;0;0;24338;LUIZ IGNACIO ANHAIA MELLO, AV PROF;;;26;CONSOLACAO;1;0
D051300577;18813;TEODORO SAMPAIO, RUA;;;415;;17/05/2013 17:54;4;AT;14;5167; ; ;0;1;0;0;0;0;0;0;0;0;0;0;0;0;0;0;0;18813;TEODORO SAMPAIO, RUA;;;20;CARRAO;1;0
D051300755;9529;ITAPECERICA, ES DE;;;0;FRENTE  - HOSPITAL;17/05/2013 18:10;2;QM;37;3977; ; ;0;1;0;0;0;0;0;0;0;0;0;0;0;0;0;0;0;9529;ITAPECERICA, ES DE;;;29;FREGUESIA DO O;1;0
D051300148;1196;ANA NERI, RUA DONA;;;652;;17/05/2013 18:25;4;AT;6;3347; ; ;0;1;0;0;0;0;0;0;0;0;0;0;0;0;0;0;0;1196;ANA NERI, RUA DONA;;;14;CAMBUCI;2;0
D051300664;14350;MUTINGA, AV;;;1582;;17/05/2013 18:30;2;CF;33;4637; ; ;1;1;0;0;0;0;0;0;0;0;0;0;0;0;0;0;0;14350;MUTINGA, AV;;;64;PIRITUBA;1;0
D051301425;2181;ARICANDUVA, AV;2808;BAQUIA, RUA;0;;17/05/2013 18:40;2;CO;21;5606; ; ;1;1;0;0;0;0;0;0;0;0;0;0;0;0;0;0;0;2181;ARICANDUVA, AV;2808;BAQUIA, RUA;  ;;1;0
D051302249;73197;MOGEIRO, RUA;;;355;;17/05/2013 19:00;2;CO;33;4622;B; ;2;0;0;0;0;0;0;0;0;0;0;0;0;0;0;0;0;73197;MOGEIRO, RUA;;;52;MARSILAC;0;1
D051300899;8483;GUILHERME DUMONT VILARES, AV DR;;;430;;17/05/2013 19:19;2;CO;89;3985; ; ;1;1;0;0;0;0;0;0;0;0;0;0;0;0;0;0;0;8483;GUILHERME DUMONT VILARES, AV DR;;;85;VILA ANDRADE;1;0
D051300968;9836;JAGUARE, AV;13019;ESCOLA POLITECNICA, AV;0;;17/05/2013 19:27;2;CT;93;3517; ; ;1;0;0;0;0;0;0;0;0;0;0;0;0;0;0;2;0;5309;CORIFEU DE AZEVEDO MARQUES, AV;9836;JAGUARE, AV;55;MORUMBI;1;0
D051300789;16838;RAIMUNDO PEREIRA DE MAGAL., AV;;;0;NADA CONSTA ;17/05/2013 19:30;2;CO;46;2343; ; ;1;1;0;0;0;0;0;0;0;0;0;0;0;0;0;0;0;16838;RAIMUNDO PEREIRA DE MAGAL., AV;;;31;GUAIANASES;1;0
D051302152;9044;RAGUEB CHOHFI, AV;;;5860;;17/05/2013 19:58;2;SI;54;6850; ; ;1;1;0;0;0;0;0;0;0;0;0;0;0;0;0;0;0;9044;RAGUEB CHOHFI, AV;;;32;IGUATEMI;1;0
D051301044;27187;OLAVO FONTOURA, AV;;;1000;;17/05/2013 20:30;2;CO;13;5489;B; ;1;1;0;0;0;0;0;0;0;0;0;0;0;0;0;0;0;27187;OLAVO FONTOURA, AV;;;8;BELEM;1;0
D051300460;19583;VERGUEIRO, RUA;;;0;NADA CONSTA ;17/05/2013 20:51;2;CO;95;4322; ; ;1;1;0;0;0;0;0;0;0;0;0;0;0;0;0;0;0;19583;VERGUEIRO, RUA;;;33;IPIRANGA;1;0
D051301321;14691;CONCORDIA, AV NSRA DA;;;75;;17/05/2013 21:00;2;CO;73;5284; ; ;2;1;0;0;0;0;0;0;0;0;0;0;0;0;0;0;0;14691;CONCORDIA, AV NSRA DA;;;83;TREMEMBE;1;0
D051302151;99997;TEXTEIS, RUA DOS;45511;CRISTOVAO DE MOLINA, RUA;0;;17/05/2013 21:20;4;AT;54;6849; ; ;1;0;0;0;0;0;0;0;0;0;0;0;0;0;0;0;0;45511;CRISTOVAO DE MOLINA, RUA;99997;TEXTEIS, RUA DOS;25;CIDADE TIRADENT;2;0
D051300046;4561;CASTELO BRANCO, AV PRES;;;0;NADA CONSTA ;17/05/2013 22:00;2;CH;2;2943; ; ;1;0;0;0;0;0;0;0;0;0;0;0;0;0;0;0;0;29772;MARGINAL DO RIO TIETE, AV;;;6;BARRA FUNDA;1;0
D051301500;4807;CESARIO GALERO, RUA;;;448;;17/05/2013 22:10;4;AT;52;5603; ; ;1;0;0;0;0;0;0;0;0;0;0;0;0;0;0;0;0;4807;CESARIO GALERO, RUA;;;82;TATUAPE;1;0
D051302195;2181;ARICANDUVA, AV;;;8500;;17/05/2013 22:50;2;CH;66;3474; ; ;1;0;0;0;0;0;0;0;0;0;0;0;0;0;0;0;0;2181;ARICANDUVA, AV;;;60;PENHA;1;0
D051301843;1100;AMERICO GOMES DA COSTA, RUA;;;162;;17/05/2013 22:50;4;AT;22;3998; ; ;1;0;0;0;0;0;0;0;0;0;0;0;0;0;0;0;0;1100;AMERICO GOMES DA COSTA, RUA;;;76;SAO MIGUEL;1;0
D051300132;10512;JOAQUIM, RUA S;;;288;;17/05/2013 22:59;4;AT;5;4189; ; ;1;0;0;0;0;0;0;0;0;0;0;0;0;0;0;0;0;10512;JOAQUIM, RUA S;;;47;LAJEADO;1;0
D051301879;8214;GREGORIO RAMALHO, RUA;;;380;;17/05/2013 23:30;4;AT;32;8919; ; ;1;0;0;0;0;0;0;0;0;0;0;0;0;0;0;0;0;8214;GREGORIO RAMALHO, RUA;;;36;ITAQUERA;1;0
D051300421;14642;NOE AZEVEDO, AV PROF;19583;VERGUEIRO, RUA;0;;17/05/2013 23:30;4;AT;36;5191; ; ;1;0;0;0;0;0;0;0;0;0;0;0;0;0;0;0;0;14642;NOE AZEVEDO, AV PROF;19583;VERGUEIRO, RUA;92;VILA MARIANA;2;0
D051302032;11542;NORDESTINA, AV;;;5700;;18/05/2013 00:22;2;CO;68;6162; ; ;1;1;0;0;0;0;0;0;0;0;0;0;0;0;0;0;0;11542;NORDESTINA, AV;;;76;SAO MIGUEL;2;0
D051301699;65908;CARLOS DECOURT, RUA PROF;;;110;;18/05/2013 01:00;2;CO;80;5251; ; ;0;1;0;0;0;0;0;0;0;0;0;1;0;0;0;0;0;65908;CARLOS DECOURT, RUA PROF;;;29;FREGUESIA DO O;1;0
D051301322;42220;USHIKICHI KAMYIA, RUA;;;1134;;18/05/2013 01:05;2;SI;73;5289; ; ;1;1;0;0;0;0;0;0;0;0;0;0;0;0;0;0;0;42220;USHIKICHI KAMYIA, RUA;;;38;JACANA;1;0
D051301422;2181;ARICANDUVA, AV;;;1656;;18/05/2013 01:10;2;CH;21;3147; ; ;1;0;0;0;0;0;0;0;0;0;0;0;0;0;0;0;0;2181;ARICANDUVA, AV;;;60;PENHA;1;0
D051300601;2476;ATILIO INNOCENTI, RUA PROF;7104;FIANDEIRAS, RUA;0;;18/05/2013 02:27;2;SI;15;4340; ; ;2;0;0;0;0;0;0;0;0;0;0;1;0;0;0;0;0;2476;ATILIO INNOCENTI, RUA PROF;7104;FIANDEIRAS, RUA;34;ITAIM BIBI;2;0
D051301009;20089;ZUQUIM, RUA DR;;;327;;18/05/2013 03:40;2;CO;9;4588; ; ;2;0;0;0;0;0;0;0;0;0;0;0;0;0;0;0;0;20089;ZUQUIM, RUA DR;;;8;BELEM;4;0
D051300999;29772;MARGINAL DO RIO TIETE, AV;;;0;NADA CONSTA ;18/05/2013 03:50;2;CO;9;3631; ; ;0;1;0;0;0;0;0;0;0;0;0;0;0;0;0;1;0;29772;MARGINAL DO RIO TIETE, AV;;;13;CACHOEIRINHA;1;0
D051301585;999;SANTO AMARO, AV;;;7000;;18/05/2013 04:20;2;QM;11;5687; ; ;0;1;0;0;0;0;0;0;0;0;0;0;0;0;0;0;0;999;SANTO AMARO, AV;;;34;ITAIM BIBI;2;0
D051301743;12403;M'BOI MIRIM, ES;;;915;;18/05/2013 07:00;4;AT;92;6181; ; ;0;1;0;0;0;0;0;0;0;0;0;0;0;0;0;0;0;12403;M'BOI MIRIM, ES;;;42;JARDIM ANGELA;2;0
D051300325;19988;XAVIER DE ALMEIDA, RUA;17063;RIBEIRO DO AMARAL, RUA;0;;18/05/2013 07:30;2;CO;17;6684; ; ;2;0;0;0;0;0;0;0;0;0;0;0;0;0;0;0;0;17063;RIBEIRO DO AMARAL, RUA;19988;XAVIER DE ALMEIDA, RUA;33;IPIRANGA;1;0
D051301201;9078;IMIRIM, AV;;;2388;;18/05/2013 08:14;2;CT;38;4494;C; ;0;1;0;0;0;0;0;0;0;0;0;1;0;0;0;0;0;9078;IMIRIM, AV;;;71;SANTANA;1;0
D051300362;999;SANTO AMARO, AV;;;1423;;18/05/2013 08:30;4;AT;27;5198; ; ;1;0;0;0;0;0;0;0;0;0;0;0;0;0;0;0;0;999;SANTO AMARO, AV;;;34;ITAIM BIBI;1;0
D051301517;24338;LUIZ IGNACIO ANHAIA MELLO, AV PROF;;;675;;18/05/2013 08:46;2;CT;56;3302; ; ;1;1;0;0;0;0;0;0;0;0;0;0;0;0;0;0;0;24338;LUIZ IGNACIO ANHAIA MELLO, AV PROF;;;26;CONSOLACAO;1;0
D051300649;7491;FRANCISCO MATARAZZO, AV;;;0;PROXIMO  - VD.ANTARTI;18/05/2013 09:44;2;CO;23;3536; ; ;1;1;0;0;0;0;0;0;0;0;0;0;0;0;0;0;0;7491;FRANCISCO MATARAZZO, AV;;;6;BARRA FUNDA;1;0
D051301642;16276;JUAN DE LA CRUZ, RUA;;;0;NADA CONSTA ;18/05/2013 09:50;2;CO;43;5279; ; ;1;1;0;0;0;0;0;0;0;0;0;0;0;0;0;0;0;16276;JUAN DE LA CRUZ, RUA;;;42;JARDIM ANGELA;1;0
D051300190;10585;JOAQUIM NABUCO, RUA;16870;RANGEL PESTANA, AV;0;;18/05/2013 10:07;2;CO;8;3901; ; ;1;1;0;0;0;0;0;0;0;0;0;0;0;0;0;0;0;10585;JOAQUIM NABUCO, RUA;16870;RANGEL PESTANA, AV;10;BRAS;1;0
D051301700;20048;YERVANT KISSAJIKIAN, AV;;;3355;;18/05/2013 10:20;4;AT;80;5281; ; ;0;1;0;0;0;0;0;0;0;0;0;0;0;0;0;0;0;20048;YERVANT KISSAJIKIAN, AV;;;29;FREGUESIA DO O;1;0
D051302126;16173;PESSEGO, ES DO;;;1685;;18/05/2013 10:40;2;CO;53;3493; ; ;0;0;0;3;0;0;0;0;0;0;0;0;0;0;0;0;0;16173;PESSEGO, ES DO;;;0;NULL;1;0
D051300444;5288;BENEDITO TOLOSA, RUA DR;;;747;;18/05/2013 11:40;2;QM;83;4350; ; ;0;1;0;0;0;0;0;0;0;0;0;0;0;0;0;0;0;5288;BENEDITO TOLOSA, RUA DR;;;21;CASA VERDE;1;0
D051301465;6932;FEIJO, AV REG;;;1019;;18/05/2013 12:02;2;CL;30;2959; ; ;0;0;0;0;1;0;0;0;0;0;0;1;0;0;0;0;0;6932;FEIJO, AV REG;;;1;AGUA RASA;1;0
D051301466;14178;MONTE SERRAT, RUA;18961;TIJUCO PRETO, RUA;0;;18/05/2013 12:20;2;CO;30;2968; ; ;1;1;0;0;0;0;0;0;0;0;0;0;0;0;0;0;0;14178;MONTE SERRAT, RUA;18961;TIJUCO PRETO, RUA;82;TATUAPE;1;0
D051302134;11830;LIDER, AV;;;671;;18/05/2013 12:30;2;CO;53;3922;B; ;1;1;0;0;0;0;0;0;0;0;0;0;0;0;0;0;0;11830;LIDER, AV;;;24;CIDADE LIDER;1;0
D051301161;9420;ITABERABA, AV;;;3726;;18/05/2013 12:36;4;AT;28;5512; ; ;1;0;0;0;0;0;0;0;0;0;0;0;0;0;0;0;0;9420;ITABERABA, AV;;;29;FREGUESIA DO O;1;0
D051300868;23484;DENIS CHAUDET, RUA;;;189;;18/05/2013 13:00;2;CH;75;4349; ; ;1;0;0;0;0;0;0;0;0;0;0;0;0;0;0;0;0;23484;DENIS CHAUDET, RUA;;;13;CACHOEIRINHA;1;0
D051300191;543;ALCANTARA MACHADO, AV;;;0;NADA CONSTA ;18/05/2013 13:20;2;CO;8;3906; ; ;1;1;0;0;0;0;0;0;0;0;0;0;0;0;0;0;0;543;ALCANTARA MACHADO, AV;;;10;BRAS;1;0
D051300295;12451;MACHADO BITENCOURT, RUA;15914;PEDRO DE TOLEDO, RUA;0;;18/05/2013 13:20;2;CF;16;6687; ; ;1;1;0;0;0;0;0;0;0;0;0;0;0;0;0;0;0;12451;MACHADO BITENCOURT, RUA;15914;PEDRO DE TOLEDO, RUA;92;VILA MARIANA;1;0
D051301613;19931;WASHINGTON LUIS, AV;;;1800;;18/05/2013 13:57;2;CL;11;900090; ; ;1;1;0;0;0;0;0;0;0;0;0;0;0;0;0;0;0;19931;WASHINGTON LUIS, AV;;;30;GRAJAU;1;0
D051301907;98428;SERRA DO ARROZAL, R;;;0;PROXIMO  - R MANOEL R;18/05/2013 14:00;2;CO;50;6191; ; ;0;1;0;1;0;0;0;0;0;0;0;0;0;0;0;0;0;98428;SERRA DO ARROZAL, R;;;35;ITAIM PAULISTA;1;0
D051302071;98990;RAUL SEIXAS, AV;;;92;;18/05/2013 14:09;4;AT;44;3500; ; ;1;0;0;0;0;0;0;0;0;0;0;0;0;0;0;0;0;98990;RAUL SEIXAS, AV;;;32;IGUATEMI;1;0
D051301083;6871;FABIO PAVANI, AL SSARG;;;103;;18/05/2013 14:11;2;SI;19;4601; ; ;2;0;0;0;0;0;0;0;0;0;0;0;0;0;0;0;0;6871;FABIO PAVANI, AL SSARG;;;91;VILA MARIA;1;0
D051300886;3132;BENEDITO ANDRADE, AV;;;267;;18/05/2013 14:40;4;AT;87;4652; ; ;1;0;0;0;0;0;0;0;0;0;0;0;0;0;0;0;0;3132;BENEDITO ANDRADE, AV;;;64;PIRITUBA;1;0
D051301529;11234;JOSE ZAPPI, RUA;;;57;;18/05/2013 14:50;4;AT;57;3307; ; ;1;0;0;0;0;0;0;0;0;0;0;0;0;0;0;0;0;11234;JOSE ZAPPI, RUA;;;95;VILA PRUDENTE;1;0
D051300522;7655;FULFARO, AV;;;62;;18/05/2013 15:27;4;AT;97;4370; ; ;0;0;0;0;0;0;0;0;0;0;0;0;0;0;0;1;0;7655;FULFARO, AV;;;22;CIDADE ADEMAR;1;0
D051301202;9078;IMIRIM, AV;;;0;NADA CONSTA ;18/05/2013 15:39;4;AT;38;4529; ; ;1;0;0;0;0;0;0;0;0;0;0;0;0;0;0;0;0;9078;IMIRIM, AV;;;71;SANTANA;1;0
D051300521;5393;CORRUIRAS, RUA DAS;;;369;;18/05/2013 15:50;4;AT;97;4337; ; ;0;0;0;0;0;0;0;0;0;0;0;0;0;0;0;1;0;5393;CORRUIRAS, RUA DAS;;;37;JABAQUARA;1;0
D051300100;15311;PAIM, RUA;14804;NOVE DE JULHO, AV;0;;18/05/2013 16:58;2;QM;4;4212; ; ;0;1;0;0;0;0;0;0;0;0;0;0;0;0;0;0;0;14804;NOVE DE JULHO, AV;15311;PAIM, RUA;  ;;1;0
D051301755;65628;MANUEL RODRIGUES MEXELHAO, RUA;;;146;;18/05/2013 17:00;2;CF;98;5291; ; ;1;1;0;0;0;0;0;0;0;0;0;0;0;0;0;0;0;65628;MANUEL RODRIGUES MEXELHAO, RUA;;;29;FREGUESIA DO O;1;0
D051301393;6713;ETELVINA, RUA;;;33;;18/05/2013 17:20;2;CO;10;5628; ; ;0;0;0;0;1;0;0;0;0;0;0;1;0;0;0;0;0;6713;ETELVINA, RUA;;;60;PENHA;1;0
D051301661;9529;ITAPECERICA, ES DE;;;8600;;18/05/2013 17:30;2;CF;47;6397; ; ;1;1;0;0;0;0;0;0;0;0;0;0;0;0;0;0;0;9529;ITAPECERICA, ES DE;;;29;FREGUESIA DO O;1;0
D051300265;5743;DAVID CAMPISTA, RUA DR;19544;VENEZA, RUA;0;;18/05/2013 17:35;2;CO;78;4213; ; ;2;0;0;0;0;0;0;0;0;0;0;0;0;0;0;0;0;5743;DAVID CAMPISTA, RUA DR;19544;VENEZA, RUA;44;JARDIM PAULISTA;2;0
D051300869;6855;EZEQUIEL CAMPOS DIAS, AV DR;;;266;;18/05/2013 18:00;4;AT;75;4499; ; ;1;0;0;0;0;0;0;0;0;0;0;0;0;0;0;0;0;6855;EZEQUIEL CAMPOS DIAS, AV DR;;;96;VILA SONIA;1;0
D051300364;19931;WASHINGTON LUIS, AV;18640;TAMOIOS, RUA;0;;18/05/2013 18:14;2;CO;27;5220;B; ;1;0;0;1;0;0;0;0;0;0;0;0;0;0;0;0;0;18640;TAMOIOS, RUA;19931;WASHINGTON LUIS, AV;15;CAMPO BELO;1;0
D051300842;16878;RAPOSO TAVARES, VIA;;;12800;;18/05/2013 18:15;2;CO;51;5016; ; ;1;1;0;0;0;0;0;0;0;0;0;0;0;0;0;0;0;16878;RAPOSO TAVARES, VIA;;;13;CACHOEIRINHA;1;0
D051301693;911;JOSE FUGULIN, RUA;34824;ZIKE TUMA, RUA;0;;18/05/2013 19:00;4;AT;80;1808; ; ;1;0;0;0;0;0;0;0;0;0;0;0;0;0;0;0;0;911;JOSE FUGULIN, RUA;42148;BRUNO TAUT, RUA;16;CAMPO GRANDE;1;0
D051300802;28036;MIGUEL RIBAS, RUA;;;37;;18/05/2013 19:06;4;AT;46;4666; ; ;0;1;0;0;0;0;0;0;0;0;0;0;0;0;0;0;0;28036;MIGUEL RIBAS, RUA;;;52;MARSILAC;1;0
D051301297;66114;GONCALO DO ABAETE, RUA S;;;216;;18/05/2013 19:25;4;AT;72;4525; ; ;1;0;0;0;0;0;0;0;0;0;0;0;0;0;0;0;0;66114;GONCALO DO ABAETE, RUA S;;;11;BRASILANDIA;1;0
D051300622;61;ABRAAO RIBEIRO, AV DR;;;497;;18/05/2013 19:26;2;CT;23;2042; ; ;1;1;0;0;0;0;0;0;0;0;0;0;0;0;0;0;0;61;ABRAAO RIBEIRO, AV DR;;;70;SANTA CECILIA;1;0
D051300611;17003;REPUBLICA DO LIBANO, AV;10517;ANTONIO JOAQUIM DE MOURA ANDRA, AV;0;;18/05/2013 19:30;2;CO;15;5022; ; ;1;1;0;0;0;0;0;0;0;0;0;0;0;0;0;0;0;10517;ANTONIO JOAQUIM DE MOURA ANDRA, AV;17003;REPUBLICA DO LIBANO, AV;  ;;1;0
D051300725;3232;BENTO FRIAS, RUA;;;0;PROXIMO  - RUA HENRIQ;18/05/2013 20:00;2;CO;34;4374; ; ;1;1;0;0;0;0;0;0;0;0;0;0;0;0;0;0;0;3232;BENTO FRIAS, RUA;;;55;MORUMBI;2;0
D051301302;65521;GERVASIO LEITE REBELO, RUA;;;17;;18/05/2013 20:15;2;CO;72;4876; ; ;1;1;0;0;0;0;0;0;0;0;0;0;0;0;0;0;0;65521;GERVASIO LEITE REBELO, RUA;;;40;JAGUARE;1;0
D051300969;12407;MAC ARTHUR, AV GAL;;;265;;18/05/2013 20:30;2;CL;93;3558; ; ;1;1;0;0;0;0;0;0;0;0;0;0;0;0;0;0;0;12407;MAC ARTHUR, AV GAL;;;40;JAGUARE;1;0
D051301490;17824;SAPOPEMBA, AV;;;5400;;18/05/2013 20:32;4;AT;42;3314; ; ;1;0;0;0;0;0;0;0;0;0;0;0;0;0;0;0;0;17824;SAPOPEMBA, AV;;;33;IPIRANGA;1;0
D051302309;9580;ITAQUERA, AV;;;3200;;18/05/2013 20:39;4;AT;53;3625;B; ;0;1;0;0;0;0;0;0;0;0;0;0;0;0;0;0;0;9580;ITAQUERA, AV;;;  ;;1;1
D051301709;19490;ANTONIO CARLOS B.DOS STO(COCAI, AV;;;0;PROXIMO  - MJ LUCIO D;18/05/2013 21:00;4;AT;85;2504; ; ;0;1;0;0;0;0;0;0;0;0;0;0;0;0;0;0;0;19490;ANTONIO CARLOS B.DOS STO(COCAI, AV;;;30;GRAJAU;1;0
D051301930;9293;CORDAO DE SAO FRANCISCO, RUA;;;150;;18/05/2013 21:30;4;AT;59;6209; ; ;1;0;0;0;0;0;0;0;0;0;0;0;0;0;0;0;0;9293;CORDAO DE SAO FRANCISCO, RUA;;;43;JARDIM HELENA;1;0
D051302293;24491;IMIGRANTES, VIA DOS;;;11500;;18/05/2013 22:15;2;CO;26;4378; ; ;0;1;0;0;0;0;0;0;0;0;0;0;0;0;0;1;0;24491;IMIGRANTES, VIA DOS;;;  ;;0;1
D051301501;47303;ADELINO RIBEIRO, PCA COM;;;0;PROXIMO  - ANAMA 100;18/05/2013 22:18;2;CO;52;5637; ; ;0;1;0;1;0;0;0;0;0;0;0;0;0;0;0;0;0;47303;ADELINO RIBEIRO, PCA COM;;;82;TATUAPE;1;0
D051301394;7203;FLORENCIO, RUA S;28134;ERVA DE PASSARINHO, PCA;0;;18/05/2013 22:30;2;CO;10;5636; ; ;1;1;0;0;0;0;0;0;0;0;0;0;0;0;0;0;0;7203;FLORENCIO, RUA S;28134;ERVA DE PASSARINHO, PCA;  ;;2;0
D051300803;1427;ANHANGUERA, RUA;;;19900;;18/05/2013 22:55;4;AT;46;4669; ; ;1;0;0;0;0;0;0;0;0;0;0;0;0;0;0;0;0;1427;ANHANGUERA, RUA;;;70;SANTA CECILIA;1;0
D051301991;46936;JACU-PESSEGO/NOVA TRABALHADORE, AV;;;0;NADA CONSTA ;18/05/2013 23:11;2;CO;64;5374; ; ;1;0;0;0;0;0;0;0;0;0;0;0;0;0;0;0;0;46936;JACU-PESSEGO/NOVA TRABALHADORE, AV;;;46;JOSE BONIFACIO;2;0
D051300666;1429;ANHANGUERA, VIA;;;1200;;18/05/2013 23:15;4;AT;33;4672; ; ;1;0;0;0;0;0;0;0;0;0;0;0;0;0;0;0;0;1429;ANHANGUERA, VIA;;;73;SAO DOMINGOS;1;0
D051300409;10041;JEQUITIBAS, RUA DOS;;;141;;18/05/2013 23:18;4;AT;35;6711; ; ;0;1;0;0;0;0;0;0;0;0;0;0;0;0;0;0;0;10041;JEQUITIBAS, RUA DOS;;;37;JABAQUARA;3;0
D051301844;17820;TITO, AV MAL;;;1514;;18/05/2013 23:30;2;CO;22;4018; ; ;0;1;0;0;0;0;0;0;0;0;0;0;0;0;0;1;0;17820;TITO, AV MAL;;;53;MOEMA;2;0
D051300067;10101;JOAO, AV S;;;1247;;18/05/2013 23:30;4;AT;3;2969; ; ;1;0;0;0;0;0;0;0;0;0;0;0;0;0;0;0;0;10101;JOAO, AV S;;;67;REPUBLICA;1;0
D051301984;3201;BENJOI, RUA;;;0;PROXIMO  - AV ERNESTO;18/05/2013 23:33;4;AT;64;4101; ; ;1;0;0;0;0;0;0;0;0;0;0;0;0;0;0;0;0;3201;BENJOI, RUA;;;51;MANDAQUI;1;0
D051301675;35432;LETICIA, RUA;;;1;;18/05/2013 23:34;2;CO;47;6220; ; ;0;2;0;0;0;0;0;0;0;0;0;0;0;0;0;0;0;35432;LETICIA, RUA;;;29;FREGUESIA DO O;4;0
D051300101;14804;NOVE DE JULHO, AV;;;848;;18/05/2013 23:38;2;SI;4;4223; ; ;0;2;0;0;0;0;0;0;0;0;0;0;0;0;0;0;0;14804;NOVE DE JULHO, AV;;;63;PINHEIROS;2;0
D051301964;7742;CATLEIAS, RUA;;;0;PROXIMO  - ASSIS RIBE;19/05/2013 00:54;2;CO;63;4019; ; ;0;1;0;0;0;0;0;0;0;0;0;0;0;0;0;1;0;7742;CATLEIAS, RUA;;;53;MOEMA;2;0
D051300365;8944;IBIRAPUERA, AV;;;3103;;19/05/2013 01:10;4;AT;27;5230; ; ;1;0;0;0;0;0;0;0;0;0;0;0;0;0;0;0;0;8944;IBIRAPUERA, AV;;;53;MOEMA;2;0
D051300133;10548;JOAQUIM EUGENIO DE LIMA, AL;17044;RIBEIRAO PRETO, AL;0;;19/05/2013 01:20;2;CO;5;4221; ; ;1;1;0;0;0;0;0;0;0;0;0;0;0;0;0;0;0;10548;JOAQUIM EUGENIO DE LIMA, AL;17044;RIBEIRAO PRETO, AL;7;BELA VISTA;1;0
D051300924;5885;DIOGENES RIBEIRO DE LIMA, AV;;;311;;19/05/2013 01:30;4;AT;91;3191; ; ;1;0;0;0;0;0;0;0;0;0;0;0;0;0;0;0;0;5885;DIOGENES RIBEIRO DE LIMA, AV;;;2;ALTO DE PINHEIR;1;0
D051300462;98419;ITAMARATI (SACOMA), RUA;;;34;;19/05/2013 01:50;4;AT;95;4593; ; ;0;0;0;0;0;0;0;0;0;0;0;0;0;0;0;1;0;98419;ITAMARATI (SACOMA), RUA;;;69;SACOMA;1;0
D051301862;13881;MIGUEL, AV S;;;3668;;19/05/2013 02:00;2;CO;24;5382; ; ;4;0;0;0;0;0;0;0;0;0;0;0;0;0;0;0;0;13881;MIGUEL, AV S;;;65;PONTE RASA;1;0
D051300612;8838;HORACIO LAFER, AV;;;210;;19/05/2013 02:02;4;AT;15;5031; ; ;0;0;0;0;0;0;0;0;0;0;0;0;0;0;0;1;0;8838;HORACIO LAFER, AV;;;34;ITAIM BIBI;1;0
D051302011;47022;MIGUEL IGNACIO CURI, AV;;;50;;19/05/2013 02:03;4;AT;65;5375; ; ;0;1;0;0;0;0;0;0;0;0;0;0;0;0;0;0;0;47022;MIGUEL IGNACIO CURI, AV;;;36;ITAQUERA;1;0
D051301426;18454;SOUSA BANDEIRA, AV;44742;BERNARDINO BRITO FONSECA DE CA, AV;0;;19/05/2013 02:30;2;CO;21;5640; ; ;2;0;0;0;0;0;0;0;0;0;0;0;0;0;0;0;0;18454;SOUSA BANDEIRA, AV;44742;BERNARDINO BRITO FONSECA DE CA, AV;93;VILA MATILDE;3;0
D051300665;35449;BANDEIRANTES, VIA DOS;;;14100;;19/05/2013 03:06;2;CO;33;4671; ; ;2;0;0;0;0;0;0;0;0;0;0;0;0;0;0;0;0;35449;BANDEIRANTES, VIA DOS;;;64;PIRITUBA;1;0
D051300726;855;ALVARENGA, RUA;;;51;;19/05/2013 05:00;2;CO;34;4387; ; ;1;0;0;0;0;0;0;0;0;0;0;1;0;0;0;0;0;855;ALVARENGA, RUA;;;55;MORUMBI;1;0
D051301889;24220;MAE D'AGUA, RUA;11542;NORDESTINA, AV;0;;19/05/2013 05:10;4;AT;32;4020; ; ;1;0;0;0;0;0;0;0;0;0;0;0;0;0;0;0;0;11542;NORDESTINA, AV;59298;MORRO DO CAIEIRO, RUA;86;VILA CURUCA;1;0
D051300266;11989;LORENA, AL;14804;NOVE DE JULHO, AV;0;;19/05/2013 05:30;2;CO;78;4231; ; ;1;1;0;0;0;0;0;0;0;0;0;0;0;0;0;0;0;11989;LORENA, AL;14804;NOVE DE JULHO, AV;44;JARDIM PAULISTA;1;0
D051301830;2483;ATLANTICA ANT. ROBERT KENNEDY, AV;;;3200;;19/05/2013 05:30;2;CO;102;900093; ; ;1;0;1;0;0;0;0;0;0;0;0;0;0;0;0;0;0;2483;ATLANTICA ANT. ROBERT KENNEDY, AV;;;23;CIDADE DUTRA;1;0
D051301965;9806;PIRES DO RIO, AV;;;1994;;19/05/2013 06:05;2;CF;63;4024; ; ;1;1;0;0;0;0;0;0;0;0;0;0;0;0;0;0;0;9806;PIRES DO RIO, AV;;;76;SAO MIGUEL;2;0
D051300422;18911;TOMAS CARVALHAL, RUA;;;162;;19/05/2013 06:23;2;QM;36;5233; ; ;0;1;0;0;0;0;0;0;0;0;0;0;0;0;0;0;0;18911;TOMAS CARVALHAL, RUA;;;9;BOM RETIRO;1;0