id_acidente;codloga;logradouroA;codlogb;logradouroB;alt_num;referencia;data;cod_acid;tipo_acidente;dp;numero_BO;sentido;pista;automovel;moto;onibus;caminhao;bicicleta;moto_taxi;onibus_fretado;onibus_urbano;microonibus;van;vuc;caminhonete;carreta;jipe;outros;sem_informacao;carroca;princ_a;paiA;princ_b;paiB;cod_distrito;distrito;vit_ferida;vit_morta
D051301265;29772;MARGINAL DO RIO TIETE, AV;;;0;PROXIMO  - JULIO DE M;19/05/2013 06:25;2;CO;40;5538; ; ;1;0;0;1;0;0;0;0;0;0;0;0;0;0;0;0;0;29772;MARGINAL DO RIO TIETE, AV;;;13;CACHOEIRINHA;5;0
D051301576;1085;AMERICO BRASILIENSE, RUA;;;2171;;19/05/2013 06:40;2;CO;11;5299; ; ;1;1;0;0;0;0;0;0;0;0;0;0;0;0;0;0;0;1085;AMERICO BRASILIENSE, RUA;;;72;SANTO AMARO;1;0
D051300930;12436;MACEDO SOARES, AV EMB;16838;RAIMUNDO PEREIRA DE MAGAL., AV;0;;19/05/2013 07:00;2;CH;91;3563; ; ;1;0;0;0;0;0;0;0;0;0;0;0;0;0;0;0;0;12436;MACEDO SOARES, AV EMB;16838;RAIMUNDO PEREIRA DE MAGAL., AV;48;LAPA;1;0
D051300047;18993;TIRADENTES, AV;;;128;;19/05/2013 07:05;2;CH;2;2984; ; ;1;0;0;0;0;0;0;0;0;0;0;0;0;0;0;0;0;18993;TIRADENTES, AV;;;9;BOM RETIRO;3;0
D051301863;13881;MIGUEL, AV S;;;5416;;19/05/2013 08:03;2;CO;24;5386; ; ;0;1;0;0;0;0;0;0;0;0;0;1;0;0;0;0;0;13881;MIGUEL, AV S;;;65;PONTE RASA;1;0
D051301467;18071;SERRA DE JAPI, RUA;18961;TIJUCO PRETO, RUA;0;;19/05/2013 08:05;2;CO;30;2983; ; ;0;1;0;0;0;0;0;0;0;0;0;1;0;0;0;0;0;18071;SERRA DE JAPI, RUA;18961;TIJUCO PRETO, RUA;  ;;1;0
D051300014;11649;LAVAPES, RUA DO;8029;GLORIA, RUA DA;0;;19/05/2013 08:55;4;AT;1;3938; ; ;1;0;0;0;0;0;0;0;0;0;0;0;0;0;0;0;0;3699;BUENO DE ANDRADE, RUA;11649;LAVAPES, RUA DO;49;LIBERDADE;3;0
D051301323;9066;IMBIRAS, RUA;;;271;;19/05/2013 09:50;2;CO;73;5342; ; ;1;1;0;0;0;0;0;0;0;0;0;0;0;0;0;0;0;9066;IMBIRAS, RUA;;;83;TREMEMBE;1;0
D051301927;78743;ANAJATUBA, RUA;;;5;;19/05/2013 10:00;2;CT;59;1953; ; ;0;1;0;0;0;0;0;0;0;0;0;0;0;0;0;1;0;78743;ANAJATUBA, RUA;;;53;MOEMA;1;0
D051302250;6361;ELISIO TEIXEIRA LEITE, AV;;;7400;;19/05/2013 10:30;4;AT;72;4552;B; ;0;1;0;0;0;0;0;0;0;0;0;0;0;0;0;0;0;6361;ELISIO TEIXEIRA LEITE, AV;;;29;FREGUESIA DO O;0;1
D051300193;14213;MOOCA, RUA DA;9831;JAGUARA, RUA BR DE;0;;19/05/2013 11:21;2;CO;8;3948; ; ;1;0;0;0;0;0;0;1;0;0;0;0;0;0;0;0;0;9831;JAGUARA, RUA BR DE;14213;MOOCA, RUA DA;14;CAMBUCI;1;0
D051300772;22023;MARIO LINHARES, RUA;;;0;PROXIMO  - CHININGUA;19/05/2013 11:38;2;CF;37;4395; ; ;2;0;0;0;0;0;0;0;0;0;0;0;0;0;0;0;0;22023;MARIO LINHARES, RUA;;;29;FREGUESIA DO O;3;0
D051301890;36069;CARLOS MAZER, RUA;;;0;PROXIMO  - AV JACU PE;19/05/2013 12:12;2;CO;32;4036; ; ;2;0;0;1;0;0;0;0;0;0;0;0;0;0;0;0;0;36069;CARLOS MAZER, RUA;;;51;MANDAQUI;2;0
D051301339;39169;JOAO AMADO COUTINHO, RUA;;;158;;19/05/2013 12:40;4;AT;74;4565; ; ;1;0;0;0;0;0;0;0;0;0;0;0;0;0;0;0;0;39169;JOAO AMADO COUTINHO, RUA;;;52;MARSILAC;1;0
D051301944;4899;OSVALDO ANDREANI, RUA ENG;16490;PONTE RASA, RUA;0;;19/05/2013 13:00;2;CO;62;5394; ; ;1;1;0;0;0;0;0;0;0;0;0;0;0;0;0;0;0;4899;OSVALDO ANDREANI, RUA ENG;17116;ANSELMO BARCELOS, AV CAP;65;PONTE RASA;1;0
D051300102;7026;FERNANDO DE ALBUQUERQUE, RUA;5245;CONSOLACAO, RUA DA;0;;19/05/2013 13:10;2;SI;4;4234; ; ;2;1;0;0;0;0;0;0;0;0;0;0;0;0;0;0;0;5245;CONSOLACAO, RUA DA;7026;FERNANDO DE ALBUQUERQUE, RUA;26;CONSOLACAO;1;0
D051301586;19844;VITOR MANZINI, AV;;;392;;19/05/2013 13:20;2;CO;11;5729; ; ;0;3;0;0;0;0;0;0;0;0;0;0;0;0;0;0;0;19844;VITOR MANZINI, AV;;;29;FREGUESIA DO O;1;0
D051302033;10393;JOAO NERY, ES DOM;;;4135;;19/05/2013 14:00;2;CO;68;6229; ; ;1;1;0;0;0;0;0;0;0;0;0;0;0;0;0;0;0;10393;JOAO NERY, ES DOM;;;54;MOOCA;2;0
D051301340;18594;TAIPAS, ES;;;2381;;19/05/2013 14:25;4;AT;74;4567; ; ;0;1;0;0;0;0;0;0;0;0;0;0;0;0;0;0;0;18594;TAIPAS, ES;;;52;MARSILAC;1;0
D051301324;45819;ARI DA ROCHA MIRANDA, RUA;;;15;;19/05/2013 14:43;2;CF;73;5346; ; ;0;1;1;0;0;0;0;0;0;0;0;0;0;0;0;0;0;45819;ARI DA ROCHA MIRANDA, RUA;;;38;JACANA;1;0
D051300613;14804;NOVE DE JULHO, AV;;;4984;;19/05/2013 15:00;2;CH;15;5052; ; ;0;1;0;0;0;0;0;0;0;0;0;0;0;0;0;0;0;14804;NOVE DE JULHO, AV;;;63;PINHEIROS;1;0
D051301658;83;FEITICO DA VILA, RUA;;;0;NADA CONSTA ;19/05/2013 15:50;4;AT;47;6245; ; ;0;1;0;0;0;0;0;0;0;0;0;0;0;0;0;0;0;83;FEITICO DA VILA, RUA;;;19;CAPAO REDONDO;1;0
D051300277;15656;PAULISTA, AV;12165;LUIS ANTONIO, AV BRIG;0;;19/05/2013 15:50;2;SI;78;6755;C; ;1;0;0;0;0;0;0;1;0;0;0;0;0;0;0;0;0;12165;LUIS ANTONIO, AV BRIG;15656;PAULISTA, AV;44;JARDIM PAULISTA;1;0
D051301162;28883;MARIA SUZANA, RUA;;;20;;19/05/2013 16:00;2;CH;28;5555; ; ;1;0;0;0;0;0;0;0;0;0;0;0;0;0;0;0;0;28883;MARIA SUZANA, RUA;;;4;ARICANDUVA;2;0
D051300523;7844;GAZETA, RUA;;;82;;19/05/2013 16:09;4;AT;97;4423; ; ;0;1;0;0;0;0;0;0;0;0;0;0;0;0;0;0;0;7844;GAZETA, RUA;;;29;FREGUESIA DO O;2;0
D051300989;2455;ATALIBA LEONEL, AV GAL;;;0;NADA CONSTA ;19/05/2013 16:20;2;CO;9;2864; ; ;2;0;0;0;0;0;0;0;0;0;0;0;0;0;0;0;0;2455;ATALIBA LEONEL, AV GAL;;;88;VILA GUILHERME;2;0
D051300445;5618;CURSINO, AV DO;15239;OURIVES, AV DOS;0;;19/05/2013 17:10;2;CO;83;4418; ; ;1;1;0;0;0;0;0;0;0;0;0;0;0;0;0;0;0;5618;CURSINO, AV DO;15239;OURIVES, AV DOS;27;CURSINO;2;0
D051301773;9220;INTERLAGOS, AV;;;285;;19/05/2013 19:30;2;CO;99;2332;C; ;2;0;0;0;0;0;0;0;0;0;0;0;0;0;0;0;0;9220;INTERLAGOS, AV;;;16;CAMPO GRANDE;1;0
D051301966;30308;MANOEL DOS SANTOS BRAGA, AV;;;1352;;19/05/2013 19:30;2;CO;63;4059; ; ;1;1;0;0;0;0;0;0;0;0;0;0;0;0;0;0;0;30308;MANOEL DOS SANTOS BRAGA, AV;;;89;VILA JACUI;2;0
D051301908;62716;FERNANDO PACHECO JORDAO, AV;;;543;;19/05/2013 19:40;2;CH;50;6243; ; ;1;1;0;0;0;0;0;0;0;0;0;0;0;0;0;0;0;62716;FERNANDO PACHECO JORDAO, AV;;;54;MOOCA;2;0
D051301298;22030;LINS DE BARROS, RUA MIN;;;0;NADA CONSTA ;19/05/2013 20:00;2;CO;72;4579; ; ;1;1;0;0;0;0;0;0;0;0;0;0;0;0;0;0;0;22030;LINS DE BARROS, RUA MIN;;;8;BELEM;1;0
D051300158;5886;DIOGO, RUA CEL;;;1460;;19/05/2013 20:02;2;CO;6;3961; ; ;0;1;0;0;0;0;0;0;0;0;0;0;0;0;0;1;0;5886;DIOGO, RUA CEL;;;92;VILA MARIANA;1;0
D051301828;2483;ATLANTICA ANT. ROBERT KENNEDY, AV;;;1680;;19/05/2013 20:30;2;CT;102;5740; ; ;3;0;0;0;0;0;0;0;0;0;0;0;0;0;0;0;0;2483;ATLANTICA ANT. ROBERT KENNEDY, AV;;;23;CIDADE DUTRA;3;0
D051301084;18287;SIMAO BORGES, RUA;;;1808;;19/05/2013 20:54;2;CF;19;4651; ; ;2;0;0;0;0;0;0;0;0;0;0;0;0;0;0;0;0;18287;SIMAO BORGES, RUA;;;36;ITAQUERA;1;0
D051301111;14767;NOVA CANTAREIRA, AV;;;2315;;19/05/2013 21:40;2;CO;20;4657; ; ;2;0;0;0;0;0;0;0;0;0;0;0;0;0;0;0;0;14767;NOVA CANTAREIRA, AV;;;83;TREMEMBE;2;0
D051301110;3813;CAETANO ALVARES, AV ENG;;;5590;;19/05/2013 21:55;4;AT;20;4653; ; ;1;0;0;0;0;0;0;0;0;0;0;0;0;0;0;0;0;3813;CAETANO ALVARES, AV ENG;;;21;CASA VERDE;1;0
D051302034;98912;JOSE PINHEIRO BORGES, AV;;;0;PROXIMO  - VALENTIM L;19/05/2013 23:45;2;CO;68;6252; ; ;2;0;0;0;0;0;0;0;0;0;0;0;0;0;0;0;0;98912;JOSE PINHEIRO BORGES, AV;;;36;ITAQUERA;1;0
D051300103;2497;AUGUSTA, RUA;3874;CAIO PRADO, RUA;0;;20/05/2013 01:00;2;CO;4;4250; ; ;2;1;0;0;0;0;0;0;0;0;0;0;0;0;0;0;0;2497;AUGUSTA, RUA;3874;CAIO PRADO, RUA;26;CONSOLACAO;1;0
D051302294;34682;CAMPO LIMPO, ES DO;;;2476;;20/05/2013 01:45;2;CH;92;3205; ; ;0;1;0;0;0;0;0;0;0;0;0;0;0;0;0;0;0;34682;CAMPO LIMPO, ES DO;;;  ;;1;1
D051301071;4775;CEREJEIRAS, AV DAS;;;342;;20/05/2013 04:30;2;CO;19;1873; ; ;1;1;0;0;0;0;0;0;0;0;0;0;0;0;0;0;0;4775;CEREJEIRAS, AV DAS;;;94;VILA MEDEIROS;2;0
D051301112;14687;MANOEL SIMOES DA SILVA, RUA;;;138;;20/05/2013 05:10;2;CO;20;4464; ; ;1;0;1;0;0;0;0;0;0;0;0;0;0;0;0;0;0;14687;MANOEL SIMOES DA SILVA, RUA;;;83;TREMEMBE;1;0
D051300194;9831;JAGUARA, RUA BR DE;6642;ESTADO, AV DO;0;;20/05/2013 06:20;2;CO;8;3969; ; ;1;1;0;0;0;0;0;0;0;0;0;0;0;0;0;0;0;6642;ESTADO, AV DO;9831;JAGUARA, RUA BR DE;14;CAMBUCI;1;0
D051300770;9529;ITAPECERICA, ES DE;;;1666;;20/05/2013 06:30;2;QM;37;4305; ; ;0;1;0;0;0;0;0;0;0;0;0;0;0;0;0;0;0;9529;ITAPECERICA, ES DE;;;29;FREGUESIA DO O;1;0
D051300790;1429;ANHANGUERA, VIA;;;22100;;20/05/2013 06:36;2;CT;46;2350; ; ;1;1;0;0;0;0;0;0;0;0;0;0;0;0;0;0;0;1429;ANHANGUERA, VIA;;;73;SAO DOMINGOS;1;0
D051300396;2235;ARMANDO DE ARRUDA PEREIRA, AV ENG;;;439;;20/05/2013 06:40;2;CO;35;4146; ; ;1;1;0;0;0;0;0;0;0;0;0;0;0;0;0;0;0;2235;ARMANDO DE ARRUDA PEREIRA, AV ENG;;;37;JABAQUARA;1;0
D051300637;13573;MARREY JUNIOR, PCA;;;0;PROXIMO  - RUA TURIAS;20/05/2013 07:00;2;CT;23;2827; ; ;1;1;0;0;0;0;0;0;0;0;0;0;0;0;0;0;0;13573;MARREY JUNIOR, PCA;;;19;CAPAO REDONDO;1;0
D051300367;31498;ROBERTO MARINHO - ANT AGUA ESP, AV JORN;16511;PORTO ALEGRE, RUA CD DE;0;;20/05/2013 07:00;2;SI;27;5270; ; ;0;2;0;0;0;0;0;0;0;0;0;1;0;0;0;0;0;16511;PORTO ALEGRE, RUA CD DE;31498;ROBERTO MARINHO - ANT AGUA ESP, AV JORN;15;CAMPO BELO;1;0
D051301934;69058;ARLINDO BETTIO, RUA;;;100;;20/05/2013 07:20;2;CO;62;2023; ; ;1;1;0;0;0;0;0;0;0;0;0;0;0;0;0;0;0;69058;ARLINDO BETTIO, RUA;;;49;LIBERDADE;1;0
D051301454;34122;MELO FREIRE, RUA;18071;SERRA DE JAPI, RUA;0;;20/05/2013 07:25;2;CO;30;2640; ; ;0;1;0;0;0;0;0;0;0;0;0;0;0;0;0;1;0;18071;SERRA DE JAPI, RUA;34122;MELO FREIRE, RUA;82;TATUAPE;1;0
D051301681;10983;JOSE GARZOTTI, RUA PDE;143;ACUTI, RUA;0;;20/05/2013 07:40;2;CO;48;1907; ; ;2;1;0;0;0;0;0;0;0;0;0;0;0;0;0;0;0;143;ACUTI, RUA;10983;JOSE GARZOTTI, RUA PDE;23;CIDADE DUTRA;2;0
D051301072;4775;CEREJEIRAS, AV DAS;;;773;;20/05/2013 07:40;2;CO;19;1876; ; ;1;0;0;0;0;0;0;0;0;0;0;1;0;0;0;0;0;4775;CEREJEIRAS, AV DAS;;;  ;;1;0
D051302093;9044;RAGUEB CHOHFI, AV;;;2769;;20/05/2013 07:43;4;AT;49;6977; ; ;0;1;0;0;0;0;0;0;0;0;0;0;0;0;0;0;0;9044;RAGUEB CHOHFI, AV;;;32;IGUATEMI;1;0
D051301455;35652;PIRES DO RIO, VD;27094;SALIM FARAH MALUF, AV;0;;20/05/2013 07:48;2;CL;30;2642;C; ;0;0;0;0;1;0;0;1;0;0;0;0;0;0;0;0;0;27094;SALIM FARAH MALUF, AV;35652;PIRES DO RIO, VD;  ;;1;0
D051300667;14350;MUTINGA, AV;;;3115;;20/05/2013 07:50;2;CO;33;4616; ; ;1;1;0;0;0;0;0;0;0;0;0;0;0;0;0;0;0;14350;MUTINGA, AV;;;64;PIRITUBA;1;0
D051301523;906;ALVARO RAMOS, AV;;;1992;;20/05/2013 07:50;4;AT;57;2044; ; ;1;0;0;0;0;0;0;0;0;0;0;0;0;0;0;0;0;906;ALVARO RAMOS, AV;;;8;BELEM;1;0
D051301766;4121;SOCRATES, RUA;73717;DEKLA, RUA;0;;20/05/2013 08:05;2;CO;99;2149; ; ;1;1;0;0;0;0;0;0;0;0;0;0;0;0;0;0;0;4121;SOCRATES, RUA;73717;DEKLA, RUA;16;CAMPO GRANDE;1;0
D051301767;7917;GERALDO SANT'ANA, AV SARG;;;978;;20/05/2013 08:24;2;CO;99;2150; ; ;1;1;0;0;0;0;0;0;0;0;0;0;0;0;0;0;0;7917;GERALDO SANT'ANA, AV SARG;;;16;CAMPO GRANDE;1;0
D051302155;99312;EDUARDO SANCHEZ, RUA;;;144;;20/05/2013 08:30;2;CH;54;900014; ; ;1;0;0;0;0;0;0;0;0;0;0;0;0;0;0;0;0;99312;EDUARDO SANCHEZ, RUA;;;25;CIDADE TIRADENT;1;0
D051300397;4596;CATARINA, AV STA;;;1020;;20/05/2013 08:32;2;CO;35;4154; ; ;1;1;0;0;0;0;0;0;0;0;0;0;0;0;0;0;0;4596;CATARINA, AV STA;;;37;JABAQUARA;2;0
D051300791;1429;ANHANGUERA, VIA;;;25200;;20/05/2013 08:49;4;AT;46;2357; ; ;0;1;0;0;0;0;0;0;0;0;0;0;0;0;0;0;0;1429;ANHANGUERA, VIA;;;73;SAO DOMINGOS;2;0
D051300452;11562;LAGRIMAS, ES DAS;;;3947;;20/05/2013 09:30;2;CO;95;2324; ; ;2;0;0;0;0;0;0;0;0;0;0;0;0;0;0;0;0;11562;LAGRIMAS, ES DAS;;;69;SACOMA;1;0
D051300483;8341;GUARAIUVA, RUA;4564;CASTILHO, RUA;0;;20/05/2013 09:41;2;SI;96;2364; ; ;2;0;0;0;0;0;0;0;0;0;0;0;0;0;0;0;0;4564;CASTILHO, RUA;8341;GUARAIUVA, RUA;34;ITAIM BIBI;1;0
D051300267;15656;PAULISTA, AV;;;0;NADA CONSTA ;20/05/2013 09:50;2;CO;78;4257; ; ;2;0;0;0;0;0;0;0;0;0;0;0;0;0;0;0;0;15656;PAULISTA, AV;;;7;BELA VISTA;1;0
D051301299;65066;IBIRAIARAS, RUA;;;495;;20/05/2013 10:01;4;AT;72;4598; ; ;0;1;0;0;0;0;0;0;0;0;0;0;0;0;0;0;0;65066;IBIRAIARAS, RUA;;;40;JAGUARE;1;0
D051301181;27884;GILBERTO MENEZES DE GOES, TR;;;28;;20/05/2013 10:10;4;AT;38;2471; ; ;1;0;0;0;0;0;0;0;0;0;0;0;0;0;0;0;0;27884;GILBERTO MENEZES DE GOES, TR;;;48;LAPA;1;0
D051302094;9044;RAGUEB CHOHFI, AV;;;4669;;20/05/2013 10:30;2;CL;49;6992; ; ;0;1;0;1;0;0;0;0;0;0;0;0;0;0;0;0;0;9044;RAGUEB CHOHFI, AV;;;32;IGUATEMI;1;0
D051302184;2181;ARICANDUVA, AV;;;8049;;20/05/2013 10:40;2;QM;66;2175; ; ;0;1;0;0;0;0;0;0;0;0;0;0;0;0;0;0;0;2181;ARICANDUVA, AV;;;60;PENHA;2;0
D051302138;35713;ITALIA GIUSTI, RUA;;;468;;20/05/2013 11:00;2;CH;53;900063; ; ;1;0;0;0;0;0;0;0;0;0;0;0;0;0;0;0;0;35713;ITALIA GIUSTI, RUA;;;50;LIMAO;1;0
D051300757;9530;ITAPECERICA DA SERRA, RUA;;;0;NADA CONSTA ;20/05/2013 11:30;2;CO;37;4014; ; ;0;1;0;0;0;0;0;0;1;0;0;0;0;0;0;0;0;9530;ITAPECERICA DA SERRA, RUA;;;29;FREGUESIA DO O;1;0
D051300707;8070;GOIAS, AV DUQSA DE;;;11;;20/05/2013 11:30;2;SI;34;3000; ; ;1;0;0;1;0;0;0;0;0;0;0;0;0;0;0;0;0;8070;GOIAS, AV DUQSA DE;;;55;MORUMBI;1;0
D051300195;6642;ESTADO, AV DO;;;5800;;20/05/2013 11:35;2;CT;8;3979; ; ;0;1;0;0;0;0;0;0;0;0;0;1;0;0;0;0;0;6642;ESTADO, AV DO;;;9;BOM RETIRO;1;0
D051301358;15126;OSCAR ROSSINI, RUA CABO;16819;RAFAEL PEREIRA, RUA SOLD;0;;20/05/2013 12:02;2;CO;90;2006; ; ;0;0;0;0;0;0;0;0;0;0;0;2;0;0;0;0;0;15126;OSCAR ROSSINI, RUA CABO;16819;RAFAEL PEREIRA, RUA SOLD;91;VILA MARIA;1;0
D051301967;1688;ANTONIO DE SIQUEIRA, RUA;;;297;;20/05/2013 12:15;4;AT;63;4078; ; ;0;0;0;0;0;0;0;0;1;0;0;0;0;0;0;0;0;1688;ANTONIO DE SIQUEIRA, RUA;;;89;VILA JACUI;1;0
D051301045;4743;CENTENARIO, PCA DO;;;88;;20/05/2013 12:40;2;CO;13;5588; ; ;1;1;0;0;0;0;0;0;0;0;0;0;0;0;0;0;0;4743;CENTENARIO, PCA DO;;;23;CIDADE DUTRA;1;0
D051302216;65872;ANTONIO DE FRANCA E SILVA, RUA;;;651;;20/05/2013 12:50;2;CO;69;5351; ; ;1;1;0;0;0;0;0;0;0;0;0;0;0;0;0;0;0;65872;ANTONIO DE FRANCA E SILVA, RUA;;;56;PARELHEIROS;2;0
D051301695;20048;YERVANT KISSAJIKIAN, AV;;;2800;;20/05/2013 13:00;2;OU;80;1827;C; ;1;1;0;0;0;0;0;0;0;0;0;0;0;0;0;0;0;20048;YERVANT KISSAJIKIAN, AV;;;29;FREGUESIA DO O;1;0
D051301257;3813;CAETANO ALVARES, AV ENG;3091;BELISARIO CAMPANHA, RUA;0;;20/05/2013 13:50;4;AT;40;1650; ; ;1;0;0;0;0;0;0;0;0;0;0;0;0;0;0;0;0;3091;BELISARIO CAMPANHA, RUA;3813;CAETANO ALVARES, AV ENG;21;CASA VERDE;1;0
D051302276;99949;CARLOS CALDEIRA FILHO, AV;3079;BELEZAS, AV DAS;0;;20/05/2013 14:00;2;CT;37;3943; ; ;4;0;0;0;0;0;0;0;0;0;0;0;0;0;0;0;0;3079;BELEZAS, AV DAS;99949;CARLOS CALDEIRA FILHO, AV;85;VILA ANDRADE;2;1
D051300990;37607;ORLANDO SILVA, PCA;36061;LUIZ DUMONT VILLARES, AV;0;;20/05/2013 14:19;4;AT;9;2869; ; ;0;0;0;0;0;0;0;0;0;0;0;1;0;0;0;0;0;2455;ATALIBA LEONEL, AV GAL;4219;ZAKI NARCHI, AV;71;SANTANA;1;0
D051301811;5127;FREDERICO RENE DE JAEGHER, RUA;;;17;;20/05/2013 14:20;2;CO;101;3805; ; ;1;1;0;0;0;0;0;0;0;0;0;0;0;0;0;0;0;5127;FREDERICO RENE DE JAEGHER, RUA;;;23;CIDADE DUTRA;1;0
D051301182;15426;PARADA PINTO, AV;;;3000;;20/05/2013 15:04;2;CO;38;2483; ; ;1;1;0;0;0;0;0;0;0;0;0;0;0;0;0;0;0;15426;PARADA PINTO, AV;;;8;BELEM;1;0
D051301395;4128;CANGAIBA, AV;;;3189;;20/05/2013 15:30;2;CL;10;5709; ; ;0;1;0;0;0;0;0;0;0;0;0;1;0;0;0;0;0;4128;CANGAIBA, AV;;;18;CANGAIBA;1;0
D051300398;2235;ARMANDO DE ARRUDA PEREIRA, AV ENG;;;650;;20/05/2013 15:30;4;AT;35;4173; ; ;0;1;0;0;0;0;0;0;0;0;0;0;0;0;0;0;0;2235;ARMANDO DE ARRUDA PEREIRA, AV ENG;;;37;JABAQUARA;2;0
D051301273;15485;PARAPUA, RUA;;;1000;;20/05/2013 15:45;4;AT;45;1279; ; ;0;1;0;0;0;0;0;0;0;0;0;1;0;0;0;0;0;15485;PARAPUA, RUA;;;4;ARICANDUVA;1;0
D051302251;18519;SUMARE, AV;;;840;;20/05/2013 16:10;2;QM;23;2850; ; ;0;1;0;0;0;0;0;0;0;0;0;0;0;0;0;0;0;18519;SUMARE, AV;;;61;PERDIZES;0;1
D051302217;59148;XAVIER SAMPAIO, TR;75435;ARRAIAS DO ARAGUAIA, AV;0;;20/05/2013 16:15;2;CO;69;5354; ; ;3;0;1;0;0;0;0;0;0;0;0;0;0;0;0;0;0;59148;XAVIER SAMPAIO, TR;75435;ARRAIAS DO ARAGUAIA, AV;78;SAPOPEMBA;3;0
D051301203;7592;FRANKLIN DO AMARAL, RUA;;;601;;20/05/2013 16:25;2;CO;38;4615;B; ;0;2;0;0;0;0;0;0;0;0;0;0;0;0;0;0;0;7592;FRANKLIN DO AMARAL, RUA;;;13;CACHOEIRINHA;2;0
D051301183;12493;MADRIGAIS, RUA;15599;PATIS, RUA DOS;0;;20/05/2013 16:31;4;AT;38;2486; ; ;1;0;0;0;0;0;0;0;0;0;0;0;0;0;0;0;0;12493;MADRIGAIS, RUA;15599;PATIS, RUA DOS;13;CACHOEIRINHA;1;0
D051301891;18537;SUZANA DE MELO, RUA;;;2;;20/05/2013 16:48;2;CO;32;4091; ; ;1;0;0;0;0;0;0;1;0;0;0;0;0;0;0;0;0;18537;SUZANA DE MELO, RUA;;;51;MANDAQUI;3;0
D051302051;2878;BARREIRA GRANDE, AV DA;;;2500;;20/05/2013 16:50;4;AT;41;2574; ; ;0;0;0;0;0;0;0;0;0;0;0;1;0;0;0;0;0;2878;BARREIRA GRANDE, AV DA;;;78;SAPOPEMBA;1;0
D051302252;9607;ANTONIO DE ITABERAVA, RUA STO;;;498;;20/05/2013 17:03;4;AT;32;2940; ; ;0;0;0;1;0;0;0;0;0;0;0;0;0;0;0;0;0;9607;ANTONIO DE ITABERAVA, RUA STO;;;36;ITAQUERA;1;1
D051301745;21326;GERALDO FRAGA DE OLIVEIRA, RUA;;;489;;20/05/2013 17:21;4;AT;92;6299; ; ;0;1;0;0;0;0;0;0;0;0;0;0;0;0;0;0;0;21326;GERALDO FRAGA DE OLIVEIRA, RUA;;;29;FREGUESIA DO O;1;0
D051302025;11543;LAGEADO VELHO, ES DO;;;563;;20/05/2013 17:30;2;CO;68;1512; ; ;0;1;0;0;0;0;0;0;0;0;0;0;0;0;0;0;0;11543;LAGEADO VELHO, ES DO;;;47;LAJEADO;1;0
D051301627;33015;SADAMU INOUE, AV;15507;TEOTONIO VILELA, AV SEN;0;;20/05/2013 17:30;2;CO;25;3810; ; ;1;1;0;0;0;0;0;0;0;0;0;0;0;0;0;0;0;33015;SADAMU INOUE, AV;36000;AMARO ALVES DO ROSARIO, RUA;56;PARELHEIROS;2;0
D051300614;14804;NOVE DE JULHO, AV;;;5520;;20/05/2013 17:32;2;SI;15;5093; ; ;0;0;0;0;0;0;0;0;0;0;0;0;0;0;0;1;0;14804;NOVE DE JULHO, AV;;;63;PINHEIROS;1;0
D051301478;6825;EVANGELINA, RUA;;;1083;;20/05/2013 17:45;2;CF;31;3037; ; ;3;0;0;0;0;0;0;0;0;0;0;0;0;0;0;0;0;6825;EVANGELINA, RUA;;;15;CAMPO BELO;1;0
D051300382;16675;ANTONIO DE MACEDO SOARES, RUA;14226;MORAIS DE BARROS, RUA;0;;20/05/2013 17:47;2;CO;27;900094; ; ;1;1;0;0;0;0;0;0;0;0;0;0;0;0;0;0;0;14226;MORAIS DE BARROS, RUA;16675;ANTONIO DE MACEDO SOARES, RUA;15;CAMPO BELO;1;0
D051301588;6238;NACOES UNIDAS, AV DAS;;;19739;;20/05/2013 18:10;2;CO;11;5798; ; ;1;1;0;0;0;0;0;0;0;0;0;0;0;0;0;0;0;13014;MARGINAL DO RIO PINHEIROS, AV;;;90;VILA LEOPOLDINA;1;0
D051300319;11379;JUNTAS PROVISORIAS, AV;5972;DOIS DE JULHO, RUA;0;;20/05/2013 18:13;4;AT;17;2742; ; ;1;0;0;0;0;0;0;0;0;0;0;0;0;0;0;0;0;5972;DOIS DE JULHO, RUA;11379;JUNTAS PROVISORIAS, AV;33;IPIRANGA;1;0
D051301629;33015;SADAMU INOUE, AV;;;0;PROXIMO  - AV.ALMEIDA;20/05/2013 18:20;2;CO;25;900102; ; ;0;1;0;0;0;0;0;1;0;0;0;0;0;0;0;0;0;33015;SADAMU INOUE, AV;;;76;SAO MIGUEL;1;0
D051300669;21629;ELISIO CORDEIRO DE SIQUEIRA, AV;;;1200;;20/05/2013 18:30;2;CO;33;4741; ; ;0;1;0;0;0;0;0;0;0;0;0;1;0;0;0;0;0;21629;ELISIO CORDEIRO DE SIQUEIRA, AV;;;31;GUAIANASES;1;0
D051301396;42369;AIRTON SENNA DA SILVA, VIA;;;100;;20/05/2013 18:30;2;CL;10;5711; ; ;1;1;0;0;0;0;0;0;0;0;0;0;0;0;0;0;0;42369;AIRTON SENNA DA SILVA, VIA;;;18;CANGAIBA;2;0
D051300081;5431;ARTHUR DA COSTA E SILVA, VEL PRES;;;0;NADA CONSTA ;20/05/2013 18:30;2;QM;4;2360; ; ;0;1;0;0;0;0;0;0;0;0;0;0;0;0;0;0;0;5431;ARTHUR DA COSTA E SILVA, VEL PRES;;;70;SANTA CECILIA;1;0