id_acidente;codloga;logradouroA;codlogb;logradouroB;alt_num;referencia;data;cod_acid;tipo_acidente;dp;numero_BO;sentido;pista;automovel;moto;onibus;caminhao;bicicleta;moto_taxi;onibus_fretado;onibus_urbano;microonibus;van;vuc;caminhonete;carreta;jipe;outros;sem_informacao;carroca;princ_a;paiA;princ_b;paiB;cod_distrito;distrito;vit_ferida;vit_morta
D051300223;3653;BRESSER, RUA;;;900;;20/05/2013 18:30;4;AT;12;2807; ; ;0;1;0;0;0;0;0;0;0;0;0;0;0;0;0;0;0;3653;BRESSER, RUA;;;10;BRAS;1;0
D051301587;999;SANTO AMARO, AV;;;6863;;20/05/2013 18:30;2;SI;11;5796; ; ;0;1;0;0;0;0;0;0;0;0;0;0;0;0;0;0;0;999;SANTO AMARO, AV;;;34;ITAIM BIBI;2;0
D051300192;543;ALCANTARA MACHADO, AV;11492;KENNEDY, PCA PRES;0;;20/05/2013 18:53;2;CO;8;3943; ; ;1;1;0;0;0;0;0;0;0;0;0;0;0;0;0;0;0;543;ALCANTARA MACHADO, AV;11492;KENNEDY, PCA PRES;54;MOOCA;1;0
D051300792;77501;JUVENCIO DE ARAUJO FIGUEIREDO, RUA;;;432;;20/05/2013 19:00;2;CO;46;2379; ; ;5;1;0;0;0;0;0;0;0;0;0;0;0;0;0;0;0;77501;JUVENCIO DE ARAUJO FIGUEIREDO, RUA;;;52;MARSILAC;2;0
D051300727;7500;FRANCISCO MORATO, AV PROF;;;1752;;20/05/2013 19:20;2;SI;34;4444; ; ;0;2;0;0;0;0;0;0;0;0;0;0;0;0;0;0;0;7500;FRANCISCO MORATO, AV PROF;;;12;BUTANTA;1;0
D051301245;15728;PAULO DE FARIA, RUA;;;182;;20/05/2013 19:50;4;AT;39;5413; ; ;1;0;0;0;0;0;0;0;0;0;0;0;0;0;0;0;0;15728;PAULO DE FARIA, RUA;;;84;TUCURUVI;1;0
D051301117;18151;SEZEFREDO FAGUNDES, AV CEL;;;1740;;20/05/2013 20:00;4;AT;20;4775; ; ;0;0;1;0;0;0;0;0;0;0;0;0;0;0;0;0;0;18151;SEZEFREDO FAGUNDES, AV CEL;;;22;CIDADE ADEMAR;1;0
D051300804;27955;FORTUNATA TADIELLO NATUCCI, AV;;;0;NADA CONSTA ;20/05/2013 20:30;2;CH;46;4748; ; ;1;0;0;0;0;0;0;0;0;0;0;0;0;0;0;0;0;27955;FORTUNATA TADIELLO NATUCCI, AV;;;3;ANHANGUERA;1;0
D051301968;11609;LAUDELINO FERREIRA DO AMARAL, AV TTE;;;390;;20/05/2013 21:20;2;CT;63;4106; ; ;0;2;0;0;0;0;0;0;0;0;0;0;0;0;0;0;0;11609;LAUDELINO FERREIRA DO AMARAL, AV TTE;;;89;VILA JACUI;1;0
D051302219;5049;CLAUDIO AUGUSTO FERNANDES, AV;;;250;;20/05/2013 21:20;4;AT;69;5365; ; ;0;0;0;0;0;0;0;0;0;0;0;0;0;0;0;1;0;5049;CLAUDIO AUGUSTO FERNANDES, AV;;;55;MORUMBI;2;0
D051300615;10189;JOAO CACHOEIRA, RUA;;;1152;;20/05/2013 21:40;2;QM;15;5099; ; ;0;1;0;0;0;0;0;0;0;0;0;0;0;0;0;0;0;10189;JOAO CACHOEIRA, RUA;;;34;ITAIM BIBI;1;0
D051300650;6471;SAO VICENTE, AV MARQ DE;1077;AMERICANOS, RUA DOS;0;;20/05/2013 21:40;2;CL;23;3629; ; ;0;1;1;0;0;0;0;0;0;0;0;0;0;0;0;0;0;1077;AMERICANOS, RUA DOS;12372;NORMA PIERUCCINI GIANNOTTI, RUA;70;SANTA CECILIA;2;0
D051301496;5052;CLAUDIO FURQUIM, RUA;13805;MELO PEIXOTO, RUA;0;;20/05/2013 21:40;4;AT;52;1576; ; ;1;0;0;0;0;0;0;0;0;0;0;0;0;0;0;0;0;5052;CLAUDIO FURQUIM, RUA;13805;MELO PEIXOTO, RUA;82;TATUAPE;1;0
D051301046;17799;SANTOS DUMONT, AV;;;421;;20/05/2013 21:48;2;CO;13;5615; ; ;1;0;0;0;1;0;0;0;0;0;0;0;0;0;0;0;0;17799;SANTOS DUMONT, AV;;;15;CAMPO BELO;1;0
D051302012;18093;SERRANA, RUA;;;256;;20/05/2013 21:51;2;CH;65;5455; ; ;1;0;0;0;0;0;0;0;0;0;0;0;0;0;0;0;0;18093;SERRANA, RUA;;;51;MANDAQUI;2;0
D051300326;2984;BATISTA PEREIRA, RUA PRES;5438;COSTA PEREIRA, RUA PRES;0;;20/05/2013 22:14;2;CL;17;6824; ; ;1;0;0;0;0;0;0;0;0;0;0;1;0;0;0;0;0;2984;BATISTA PEREIRA, RUA PRES;5438;COSTA PEREIRA, RUA PRES;14;CAMBUCI;1;0
D051301614;11063;JOSE MARIA, AV PDE;17122;RIO BRANCO, RUA BR DO;0;;20/05/2013 22:46;4;AT;11;900102; ; ;0;1;0;0;0;0;0;0;0;0;0;0;0;0;0;0;0;11063;JOSE MARIA, AV PDE;17122;RIO BRANCO, RUA BR DO;72;SANTO AMARO;1;0
D051300016;33667;LESTE-OESTE, LIG;;;0;SOB  - VD.LIBERDA;20/05/2013 22:50;4;AT;1;3993; ; ;0;1;0;0;0;0;0;0;0;0;0;0;0;0;0;0;0;33667;LESTE-OESTE, LIG;;;2;ALTO DE PINHEIR;3;0
D051300843;13019;ESCOLA POLITECNICA, AV;;;4930;;20/05/2013 23:30;2;CO;51;5102; ; ;1;1;0;0;0;0;0;0;0;0;0;0;0;0;0;0;0;13019;ESCOLA POLITECNICA, AV;;;40;JAGUARE;1;0
D051300805;35449;BANDEIRANTES, VIA DOS;;;0;NADA CONSTA ;21/05/2013 00:07;4;AT;46;4753; ; ;1;0;0;0;0;0;0;0;0;0;0;0;0;0;0;0;0;35449;BANDEIRANTES, VIA DOS;;;64;PIRITUBA;1;0
D051302095;9044;RAGUEB CHOHFI, AV;;;1910;;21/05/2013 05:00;2;CH;49;7028;B; ;1;0;0;0;0;0;0;0;0;0;0;0;0;0;0;0;0;9044;RAGUEB CHOHFI, AV;;;32;IGUATEMI;1;0
D051300992;13172;MARIA CANDIDA, RUA;12656;MANUEL DE ALMEIDA, RUA;0;;21/05/2013 06:00;2;CO;9;2883; ; ;1;1;0;0;0;0;0;0;0;0;0;0;0;0;0;0;0;12656;MANUEL DE ALMEIDA, RUA;13172;MARIA CANDIDA, RUA;88;VILA GUILHERME;2;0
D051301835;17820;TITO, AV MAL;;;911;;21/05/2013 06:20;2;CT;22;2458; ; ;0;1;1;0;0;0;0;0;0;0;0;0;0;0;0;0;0;17820;TITO, AV MAL;;;53;MOEMA;1;0
D051301185;27689;LUIS CARLOS GENTILE DE LAET, RUA;9170;INES, AV STA;0;;21/05/2013 06:21;2;CO;38;2500; ; ;1;1;0;0;0;0;0;0;0;0;0;0;0;0;0;0;0;9170;INES, AV STA;27689;LUIS CARLOS GENTILE DE LAET, RUA;51;MANDAQUI;1;0
D051300369;35829;MOREIRA GUIMARAES, AV;;;884;;21/05/2013 06:30;2;CO;27;5318; ; ;1;1;0;0;0;0;0;0;0;0;0;0;0;0;0;0;0;35829;MOREIRA GUIMARAES, AV;;;24;CIDADE LIDER;1;0
D051301001;14270;MORVAN DIAS DE FIGUEIREDO, AV;;;3300;;21/05/2013 06:30;2;CO;9;4127; ; ;1;1;0;0;0;0;0;0;0;0;0;0;0;0;0;0;0;29772;MARGINAL DO RIO TIETE, AV;;;0;NULL;1;0
D051301589;6238;NACOES UNIDAS, AV DAS;;;17321;;21/05/2013 06:40;2;QD;11;5807; ; ;0;0;0;0;0;0;0;1;0;0;0;0;0;0;0;0;0;13014;MARGINAL DO RIO PINHEIROS, AV;;;90;VILA LEOPOLDINA;1;0
D051300960;13604;CANDIDO MOTTA FILHO, AV DR;22198;RENATO EGIDIO DE SOUZA ARANHA, RUA;0;;21/05/2013 06:44;2;SI;93;3229; ; ;1;1;0;0;0;0;0;0;0;0;0;0;0;0;0;0;0;13604;CANDIDO MOTTA FILHO, AV DR;22198;RENATO EGIDIO DE SOUZA ARANHA, RUA;68;RIO PEQUENO;1;0
D051301730;12403;M'BOI MIRIM, ES;;;167;;21/05/2013 07:09;2;CO;92;6150; ; ;1;1;1;0;0;0;0;0;0;0;0;0;0;0;0;0;0;12403;M'BOI MIRIM, ES;;;42;JARDIM ANGELA;1;0
D051300484;8086;GOMES DE CARVALHO, RUA;;;900;;21/05/2013 07:13;4;AT;96;2385; ; ;0;0;0;0;0;0;0;0;0;0;0;1;0;0;0;0;0;8086;GOMES DE CARVALHO, RUA;;;34;ITAIM BIBI;1;0
D051302175;28733;ANA SANTESSO, RUA;2181;ARICANDUVA, AV;0;;21/05/2013 07:20;2;CO;66;1897;C; ;1;1;0;0;0;0;0;0;0;0;0;0;0;0;0;0;0;2181;ARICANDUVA, AV;28733;ANA SANTESSO, RUA;75;SAO MATEUS;1;0
D051300368;10918;JOSE DINIZ, AV VER;;;3600;;21/05/2013 07:28;2;CO;27;5315; ; ;1;1;0;0;0;0;0;0;0;0;0;0;0;0;0;0;0;10918;JOSE DINIZ, AV VER;;;15;CAMPO BELO;1;0
D051301731;99095;GUARAPIRANGA, ES DE;;;1420;;21/05/2013 07:30;2;CO;92;3154; ; ;1;1;0;0;0;0;0;0;0;0;0;0;0;0;0;0;0;8368;GUARAPIRANGA, AV;;;45;JARDIM SAO LUIS;2;0
D051302127;46936;JACU-PESSEGO/NOVA TRABALHADORE, AV;;;1000;;21/05/2013 07:30;4;AT;53;3575; ; ;0;1;0;0;0;0;0;0;0;0;0;1;0;0;0;0;0;46936;JACU-PESSEGO/NOVA TRABALHADORE, AV;;;46;JOSE BONIFACIO;2;0
D051300858;16878;RAPOSO TAVARES, VIA;;;16500;;21/05/2013 07:30;2;CO;75;1737; ; ;1;1;0;0;0;0;0;0;0;0;0;0;0;0;0;0;0;16878;RAPOSO TAVARES, VIA;;;13;CACHOEIRINHA;1;0
D051301473;35652;PIRES DO RIO, VD;;;0;NADA CONSTA ;21/05/2013 07:50;2;QM;30;4037; ; ;0;1;0;0;0;0;0;0;0;0;0;0;0;0;0;0;0;35652;PIRES DO RIO, VD;;;10;BRAS;2;0
D051300754;9529;ITAPECERICA, ES DE;;;2400;;21/05/2013 08:00;2;QM;37;3953; ; ;0;1;0;0;0;0;0;0;0;0;0;0;0;0;0;0;0;9529;ITAPECERICA, ES DE;;;29;FREGUESIA DO O;1;0
D051300432;13915;MIGUEL ESTEFANO, AV;;;5515;;21/05/2013 08:00;2;CO;83;1178; ; ;1;1;0;0;0;0;0;0;0;0;0;0;0;0;0;0;0;13915;MIGUEL ESTEFANO, AV;;;27;CURSINO;1;0
D051301768;9220;INTERLAGOS, AV;;;451;;21/05/2013 08:21;2;CO;99;2168; ; ;0;1;0;0;0;0;0;0;0;0;0;1;0;0;0;0;0;9220;INTERLAGOS, AV;;;16;CAMPO GRANDE;1;0
D051302002;12156;LUIZ AYRES, RUA DR;285;AFONSO PORTO, RUA;0;;21/05/2013 08:25;2;CT;65;1744;C; ;1;1;0;0;0;0;0;0;0;0;0;0;0;0;0;0;0;285;AFONSO PORTO, RUA;12156;LUIZ AYRES, RUA DR;5;ARTUR ALVIM;1;0
D051300399;66;ABRAAO DE MORAIS, AV PROF;;;0;PROXIMO  - VD ALIOMAR;21/05/2013 08:33;2;CO;35;4190; ; ;2;0;0;0;0;0;0;0;0;0;0;0;0;0;0;0;0;66;ABRAAO DE MORAIS, AV PROF;;;79;SAUDE;1;0
D051300121;19764;VINTE E TRES DE MAIO, AV;;;300;;21/05/2013 09:36;2;CT;5;2693; ; ;1;1;0;0;0;0;0;0;0;0;0;0;0;0;0;0;0;19764;VINTE E TRES DE MAIO, AV;;;17;CAMPO LIMPO;1;0
D051300708;11687;LEBRET, AV PDE;;;249;;21/05/2013 10:00;2;CH;34;3033; ; ;1;0;0;0;0;0;0;0;0;0;0;0;0;0;0;0;0;11687;LEBRET, AV PDE;;;55;MORUMBI;2;0
D051300827;17822;SAPETUBA, RUA;16913;REACAO, RUA;0;;21/05/2013 10:00;2;CO;51;2277; ; ;1;1;0;0;0;0;0;0;0;0;0;0;0;0;0;0;0;16913;REACAO, RUA;17822;SAPETUBA, RUA;12;BUTANTA;1;0
D051300597;16919;REBOUCAS, AV;;;3073;;21/05/2013 10:30;2;CO;15;2505; ; ;1;1;0;0;0;0;0;0;0;0;0;1;0;0;0;0;0;16919;REBOUCAS, AV;;;44;JARDIM PAULISTA;2;0
D051301710;66029;JOAO CABANAS, RUA CEL;;;129;;21/05/2013 10:40;2;CP;85;2537; ; ;0;0;0;1;0;0;0;0;0;0;0;0;0;0;0;0;0;66029;JOAO CABANAS, RUA CEL;;;32;IGUATEMI;1;0
D051300150;23981;DOMINGO DE SOTO, RUA;19583;VERGUEIRO, RUA;0;;21/05/2013 10:40;2;QM;6;2395; ; ;0;1;0;0;0;0;0;0;0;0;0;0;0;0;0;0;0;19583;VERGUEIRO, RUA;23981;DOMINGO DE SOTO, RUA;  ;;1;0
D051302096;64019;CRISTOVAO DE OLIVEIRA, RUA;2181;ARICANDUVA, AV;0;;21/05/2013 10:40;2;QF;49;7045; ; ;0;0;0;1;0;0;0;0;0;0;0;0;0;0;0;0;0;2181;ARICANDUVA, AV;64019;CRISTOVAO DE OLIVEIRA, RUA;75;SAO MATEUS;1;0
D051301925;30718;JOSE MARTINS LISBOA, AV;65494;TETIXIMIRA, RUA;0;;21/05/2013 10:50;2;CL;59;1829; ; ;1;1;0;0;0;0;0;0;0;0;0;0;0;0;0;0;0;30718;JOSE MARTINS LISBOA, AV;65494;TETIXIMIRA, RUA;43;JARDIM HELENA;1;0
D051300296;11958;LOEFGREEN, RUA;12451;MACHADO BITENCOURT, RUA;0;;21/05/2013 11:00;2;QD;16;6849; ; ;0;0;0;0;0;0;0;1;0;0;0;0;0;0;0;0;0;11958;LOEFGREEN, RUA;12451;MACHADO BITENCOURT, RUA;92;VILA MARIANA;1;0
D051300825;16878;RAPOSO TAVARES, VIA;;;12000;;21/05/2013 11:30;2;TB;51;2267; ; ;0;0;0;1;0;0;0;0;0;0;0;0;0;0;0;0;0;16878;RAPOSO TAVARES, VIA;;;13;CACHOEIRINHA;1;0
D051301186;44645;DIREITOS HUMANOS, AV;;;1842;;21/05/2013 11:30;2;CO;38;2508; ; ;1;1;0;0;0;0;0;0;0;0;0;0;0;0;0;0;0;44645;DIREITOS HUMANOS, AV;;;8;BELEM;1;0
D051301114;18151;SEZEFREDO FAGUNDES, AV CEL;;;876;;21/05/2013 11:54;2;CO;20;4716; ; ;1;1;0;0;0;0;0;0;0;0;0;0;0;0;0;0;0;18151;SEZEFREDO FAGUNDES, AV CEL;;;22;CIDADE ADEMAR;1;0
D051301325;19719;JAUPACI, RUA;;;688;;21/05/2013 13:00;2;CO;73;5466; ; ;0;0;0;0;1;0;0;0;0;0;0;0;0;0;0;1;0;19719;JAUPACI, RUA;;;22;CIDADE ADEMAR;1;0
D051302066;16494;MIGUEL ACHIOLE DA FONCECA, AV;;;100;;21/05/2013 13:05;2;CO;44;3009; ; ;1;0;0;0;1;0;0;0;0;0;0;0;0;0;0;0;0;16494;MIGUEL ACHIOLE DA FONCECA, AV;;;50;LIMAO;1;0
D051300826;21766;JOSE GERALDO DE LIMA, RUA PROF;;;433;;21/05/2013 13:20;2;CF;51;2276; ; ;2;0;0;1;0;0;0;0;0;0;0;0;0;0;0;0;0;21766;JOSE GERALDO DE LIMA, RUA PROF;;;13;CACHOEIRINHA;2;0
D051300911;18561;LUIZ MIGLIANO, RUA DR;;;972;;21/05/2013 13:40;2;CL;89;4468; ; ;1;1;0;0;0;0;0;0;0;0;0;0;0;0;0;0;0;18561;LUIZ MIGLIANO, RUA DR;;;0;NULL;1;0
D051301145;13417;MARINA, AV STA;;;800;;21/05/2013 14:00;2;CO;28;2783; ; ;1;1;0;0;0;0;0;0;0;0;0;0;0;0;0;0;0;13417;MARINA, AV STA;;;6;BARRA FUNDA;1;0
D051300939;5309;CORIFEU DE AZEVEDO MARQUES, AV;;;2883;;21/05/2013 14:05;4;AT;93;2282; ; ;1;1;0;0;0;0;0;0;0;0;0;0;0;0;0;0;0;5309;CORIFEU DE AZEVEDO MARQUES, AV;;;12;BUTANTA;2;0
D051301266;8131;GONCALVES FIGUEIRA, RUA;;;100;;21/05/2013 14:10;2;CO;40;5645; ; ;0;0;0;0;1;0;0;0;0;0;0;0;0;0;0;1;0;8131;GONCALVES FIGUEIRA, RUA;;;21;CASA VERDE;1;0
D051301518;24338;LUIZ IGNACIO ANHAIA MELLO, AV PROF;;;675;;21/05/2013 14:10;2;QM;56;3375; ; ;0;1;0;0;0;0;0;0;0;0;0;0;0;0;0;0;0;24338;LUIZ IGNACIO ANHAIA MELLO, AV PROF;;;26;CONSOLACAO;1;0
D051301073;25709;DIAMANTINA, RUA;15131;GUARANESIA, RUA;0;;21/05/2013 14:10;2;CO;19;1907; ; ;1;1;0;0;0;0;0;0;0;0;0;0;0;0;0;0;0;15131;GUARANESIA, RUA;25709;DIAMANTINA, RUA;  ;;1;0
D051300638;2271;ARNALDO, AV DR;;;0;FRENTE  - CEM ARACA;21/05/2013 14:19;2;CO;23;2890;B; ;1;1;0;0;0;0;0;0;0;0;0;0;0;0;0;0;0;2271;ARNALDO, AV DR;;;26;CONSOLACAO;1;0
D051301187;44645;DIREITOS HUMANOS, AV;;;770;;21/05/2013 14:20;2;CO;38;2514; ; ;1;1;0;0;0;0;0;0;0;0;0;0;0;0;0;0;0;44645;DIREITOS HUMANOS, AV;;;8;BELEM;1;0
D051300709;8070;GOIAS, AV DUQSA DE;22130;AMERICO ALVES PEREIRA FILHO, RUA;0;;21/05/2013 14:20;4;AT;34;3042; ; ;1;0;0;0;0;0;0;0;0;0;0;0;0;0;0;0;0;821;ISAAC MILDER, RUA ENG;8070;GOIAS, AV DUQSA DE;55;MORUMBI;1;0
D051300598;16371;PIRES DE ANDRADE, PCA CEL;7691;GABRIEL MONTEIRO DA SILVA, AL;0;;21/05/2013 14:37;2;CO;15;2508; ; ;1;1;0;0;0;0;0;0;0;0;0;0;0;0;0;0;0;7691;GABRIEL MONTEIRO DA SILVA, AL;16371;PIRES DE ANDRADE, PCA CEL;63;PINHEIROS;1;0
D051301524;2944;BASILIO, RUA MAJ;;;307;;21/05/2013 14:50;2;CO;57;2074; ; ;2;0;0;0;0;0;0;0;0;0;0;0;0;0;0;0;0;2944;BASILIO, RUA MAJ;;;1;AGUA RASA;2;0
D051300543;5072;CLELIA, RUA;;;5042;;21/05/2013 15:00;2;CO;7;3182; ; ;2;0;0;0;0;0;0;0;0;0;0;0;0;0;0;0;0;5072;CLELIA, RUA;;;48;LAPA;1;0
D051302204;17824;SAPOPEMBA, AV;;;12000;;21/05/2013 15:21;2;QD;69;2768; ; ;0;0;0;0;0;0;0;1;0;0;0;0;0;0;0;0;0;17824;SAPOPEMBA, AV;;;33;IPIRANGA;1;0
D051300578;14447;NAZARE PAULISTA, RUA;;;800;;21/05/2013 15:40;2;QD;14;5252; ; ;0;0;0;0;0;0;0;1;0;0;0;0;0;0;0;0;0;14447;NAZARE PAULISTA, RUA;;;2;ALTO DE PINHEIR;1;0
D051301397;43777;CARVALHO PINTO, AV GOV;;;100;;21/05/2013 15:57;2;CO;10;5753; ; ;0;1;0;0;0;0;0;0;0;0;0;1;0;0;0;0;0;43777;CARVALHO PINTO, AV GOV;;;41;JARAGUA;1;0
D051301732;13929;MIGUEL LOPES, RUA;7801;GASPAR DOS REIS, RUA;0;;21/05/2013 16:20;2;CO;92;3227; ; ;1;1;0;0;0;0;0;0;0;0;0;0;0;0;0;0;0;7801;GASPAR DOS REIS, RUA;13929;MIGUEL LOPES, RUA;19;CAPAO REDONDO;1;0
D051300619;6897;FARIA LIMA, AV BRIG;18552;TABAPUA, RUA;0;;21/05/2013 17:30;4;AT;15;900015; ; ;0;1;0;0;0;0;0;0;0;0;0;0;0;0;0;0;0;6897;FARIA LIMA, AV BRIG;18552;TABAPUA, RUA;34;ITAIM BIBI;1;0
D051300224;4561;CASTELO BRANCO, AV PRES;;;3333;;21/05/2013 17:56;4;AT;12;2824; ; ;0;1;0;0;0;0;0;0;0;0;0;0;0;0;0;0;0;29772;MARGINAL DO RIO TIETE, AV;;;6;BARRA FUNDA;1;0
D051301785;7917;GERALDO SANT'ANA, AV SARG;;;200;;21/05/2013 18:00;4;AT;99;5841; ; ;1;0;0;0;0;0;0;0;0;0;0;0;0;0;0;0;0;7917;GERALDO SANT'ANA, AV SARG;;;  ;;1;0
D051301491;5425;COSTA BARROS, RUA;;;3030;;21/05/2013 18:05;2;CO;42;3414; ; ;1;1;0;0;0;0;0;0;0;0;0;0;0;0;0;0;0;5425;COSTA BARROS, RUA;;;95;VILA PRUDENTE;1;0
D051301267;30803;ANTONIO VERA CRUZ, RUA;;;222;;21/05/2013 18:15;4;AT;40;5654;C; ;0;1;0;0;0;0;0;0;0;0;0;0;0;0;0;0;0;30803;ANTONIO VERA CRUZ, RUA;;;44;JARDIM PAULISTA;1;0
D051300068;8536;GUSMOES, RUA DOS;;;580;;21/05/2013 19:00;4;AT;3;3057; ; ;0;0;0;0;0;0;0;0;0;0;0;0;0;0;0;1;0;8536;GUSMOES, RUA DOS;;;70;SANTA CECILIA;1;0
D051301659;17772;SANT'ANNA, AV COMEN;;;21;;21/05/2013 19:00;4;AT;47;6346; ; ;0;0;0;0;0;0;0;0;0;0;0;0;0;0;0;1;0;17772;SANT'ANNA, AV COMEN;;;29;FREGUESIA DO O;1;0
D051301163;9292;THEREZINHA DI SPAGNA LOBO, RUA;;;67;;21/05/2013 19:15;2;CO;28;5657; ; ;1;1;0;0;0;0;0;0;0;0;0;0;0;0;0;0;0;9292;THEREZINHA DI SPAGNA LOBO, RUA;;;29;FREGUESIA DO O;1;0
D051301427;7645;FRONTIN, AV CD DE;10581;JOAQUIM MARRA, RUA;0;;21/05/2013 19:30;2;CO;21;5769; ; ;1;1;0;0;0;0;0;0;0;0;0;0;0;0;0;0;0;7645;FRONTIN, AV CD DE;10581;JOAQUIM MARRA, RUA;93;VILA MATILDE;1;0
D051302307;10010;JUIOANA, RUA;;;0;NADA CONSTA ;21/05/2013 19:30;4;AT;62;2049; ; ;0;0;0;0;0;0;0;0;1;0;0;0;0;0;0;0;0;10010;JUIOANA, RUA;;;86;VILA CURUCA;0;1
D051300806;93813;RAUL SEIXAS (ANHANGUERA), RUA;;;165;;21/05/2013 19:30;2;TB;46;4783; ; ;0;0;0;0;0;0;0;0;0;0;0;1;0;0;0;0;0;93813;RAUL SEIXAS (ANHANGUERA), RUA;;;3;ANHANGUERA;1;0
D051302044;7933;PACAJAS, RUA;20804;LUIS MATEUS (GUAIANAZES), RUA;0;;21/05/2013 20:07;2;CH;103;4127; ; ;0;1;0;0;0;0;0;0;0;0;0;0;0;0;0;0;0;7933;PACAJAS, RUA;20804;LUIS MATEUS (GUAIANAZES), RUA;31;GUAIANASES;2;0
D051300575;8290;GUALTER, AV S;;;1778;;21/05/2013 20:10;2;CO;14;5136; ; ;1;1;0;0;0;0;0;0;0;0;0;0;0;0;0;0;0;8290;GUALTER, AV S;;;2;ALTO DE PINHEIR;1;0
D051302198;2181;ARICANDUVA, AV;;;5555;;21/05/2013 20:30;2;CO;66;3586; ; ;1;2;0;0;0;0;0;0;0;0;0;0;0;0;0;0;0;2181;ARICANDUVA, AV;;;60;PENHA;2;0
D051300048;4561;CASTELO BRANCO, AV PRES;;;130;;21/05/2013 21:07;2;CT;2;3059; ; ;1;1;0;0;0;0;0;0;0;0;0;0;0;0;0;0;0;29772;MARGINAL DO RIO TIETE, AV;;;6;BARRA FUNDA;1;0
D051300552;16919;REBOUCAS, AV;;;3111;;21/05/2013 21:30;2;CO;14;2749; ; ;1;1;0;0;0;0;0;0;0;0;0;0;0;0;0;0;0;16919;REBOUCAS, AV;;;44;JARDIM PAULISTA;1;0
D051301468;34122;MELO FREIRE, RUA;19206;TUIUTI, RUA;0;;21/05/2013 21:46;2;CL;30;3069; ; ;2;1;0;0;0;0;0;0;0;0;0;1;0;0;0;0;0;19206;TUIUTI, RUA;34122;MELO FREIRE, RUA;82;TATUAPE;1;0
D051300887;11039;JOSE LOURENCO, RUA PROF;;;0;PROXIMO  - SAO BENEDI;21/05/2013 22:20;2;QM;87;4787; ; ;0;1;0;0;0;0;0;0;0;0;0;0;0;0;0;0;0;11039;JOSE LOURENCO, RUA PROF;;;64;PIRITUBA;1;0
D051302197;22268;OSVALDO VALLE CORDEIRO, AV;79033;ITUA PRETO, RUA;0;;21/05/2013 22:24;2;CO;66;3585; ; ;1;1;0;0;0;0;0;0;0;0;0;0;0;0;0;0;0;22268;OSVALDO VALLE CORDEIRO, AV;79033;ITUA PRETO, RUA;  ;;1;0
D051300651;44885;AURO SOARES DE M.ANDRADE, AV;;;664;;21/05/2013 22:36;4;AT;23;3659; ; ;0;0;1;0;0;0;0;0;0;0;0;0;0;0;0;0;0;44885;AURO SOARES DE M.ANDRADE, AV;;;6;BARRA FUNDA;1;0
D051302097;13671;MATEO BEI, AV;;;224;;21/05/2013 23:00;2;CH;49;7081; ; ;0;0;0;0;0;0;0;0;0;0;0;1;0;0;0;0;0;13671;MATEO BEI, AV;;;75;SAO MATEUS;2;0
D051301519;24338;LUIZ IGNACIO ANHAIA MELLO, AV PROF;;;820;;21/05/2013 23:40;2;CO;56;3386; ; ;1;1;0;0;0;0;0;0;0;0;0;0;0;0;0;0;0;24338;LUIZ IGNACIO ANHAIA MELLO, AV PROF;;;26;CONSOLACAO;1;0
D051301756;5606;CUPECE, AV;;;5015;;22/05/2013 00:01;4;AT;98;5442; ; ;0;1;0;0;0;0;0;0;0;0;0;0;0;0;0;0;0;5606;CUPECE, AV;;;22;CIDADE ADEMAR;1;0
D051301970;46936;JACU-PESSEGO/NOVA TRABALHADORE, AV;;;0;NADA CONSTA ;22/05/2013 01:30;2;CT;63;4311; ; ;1;1;0;0;0;0;0;0;0;0;0;0;0;0;0;0;0;46936;JACU-PESSEGO/NOVA TRABALHADORE, AV;;;46;JOSE BONIFACIO;1;0
D051300807;35449;BANDEIRANTES, VIA DOS;;;28000;;22/05/2013 02:00;2;CL;46;4795; ; ;1;0;0;1;0;0;0;0;0;0;0;0;0;0;0;0;0;35449;BANDEIRANTES, VIA DOS;;;64;PIRITUBA;1;0
D051301076;8478;GUILHERME COTCHING, AV;;;0;NADA CONSTA ;22/05/2013 03:10;2;QD;19;4025; ; ;0;0;0;0;0;0;0;1;0;0;0;0;0;0;0;0;0;8478;GUILHERME COTCHING, AV;;;91;VILA MARIA;1;0
D051301457;34122;MELO FREIRE, RUA;;;0;PROXIMO  - METRO CARR;22/05/2013 04:00;2;CT;30;2685; ; ;1;0;0;0;0;0;0;0;0;0;0;1;0;0;0;0;0;34122;MELO FREIRE, RUA;;;27;CURSINO;1;0
D051301822;2483;ATLANTICA ANT. ROBERT KENNEDY, AV;;;1711;;22/05/2013 04:30;2;CT;102;1429; ; ;1;0;0;1;0;0;0;0;0;0;0;0;0;0;0;0;0;2483;ATLANTICA ANT. ROBERT KENNEDY, AV;;;23;CIDADE DUTRA;3;0
D051300544;6922;FAUSTOLO, RUA;;;1;;22/05/2013 04:50;2;CO;7;3188; ; ;0;1;1;0;0;0;0;0;0;0;0;0;0;0;0;0;0;6922;FAUSTOLO, RUA;;;48;LAPA;1;0