id_acidente;codloga;logradouroA;codlogb;logradouroB;alt_num;referencia;data;cod_acid;tipo_acidente;dp;numero_BO;sentido;pista;automovel;moto;onibus;caminhao;bicicleta;moto_taxi;onibus_fretado;onibus_urbano;microonibus;van;vuc;caminhonete;carreta;jipe;outros;sem_informacao;carroca;princ_a;paiA;princ_b;paiB;cod_distrito;distrito;vit_ferida;vit_morta
D051301812;3509;BELMIRA MARIN, AV DONA;;;2450;;22/05/2013 05:30;4;AT;101;3859; ; ;0;2;0;0;0;0;0;0;0;0;0;0;0;0;0;0;0;3509;BELMIRA MARIN, AV DONA;;;30;GRAJAU;1;0
D051301594;6238;NACOES UNIDAS, AV DAS;;;0;ACESSO  - PONTE JOAO;22/05/2013 06:10;2;QM;11;5933; ; ;0;1;0;0;0;0;0;0;0;0;0;0;0;0;0;0;0;13014;MARGINAL DO RIO PINHEIROS, AV;;;90;VILA LEOPOLDINA;1;0
D051300828;16878;RAPOSO TAVARES, VIA;;;10200;;22/05/2013 06:20;2;CO;51;2287; ; ;1;1;0;0;0;0;0;0;0;0;0;0;0;0;0;0;0;16878;RAPOSO TAVARES, VIA;;;13;CACHOEIRINHA;2;0
D051301258;3813;CAETANO ALVARES, AV ENG;14120;BAIA FORMOSA, RUA;0;;22/05/2013 06:20;4;AT;40;1671; ; ;0;0;1;0;0;0;0;0;0;0;0;0;0;0;0;0;0;3813;CAETANO ALVARES, AV ENG;14120;BAIA FORMOSA, RUA;21;CASA VERDE;1;0
D051301590;19931;WASHINGTON LUIS, AV;;;2333;;22/05/2013 06:33;2;CT;11;5857; ; ;1;1;0;0;0;0;0;0;0;0;0;0;0;0;0;0;0;19931;WASHINGTON LUIS, AV;;;30;GRAJAU;1;0
D051301769;14743;SABARA, AV NSRA DO;;;1300;;22/05/2013 07:32;2;CO;99;2178; ; ;2;0;0;0;0;0;0;0;0;0;0;0;0;0;0;0;0;14743;SABARA, AV NSRA DO;;;16;CAMPO GRANDE;2;0
D051301864;954;AMADOR BUENO DA VEIGA, AV;;;2419;;22/05/2013 07:35;2;CO;24;5503; ; ;1;1;0;0;0;0;0;0;0;0;0;0;0;0;0;0;0;954;AMADOR BUENO DA VEIGA, AV;;;60;PENHA;1;0
D051300453;11562;LAGRIMAS, ES DAS;18461;SOUSA COUTINHO, RUA;0;;22/05/2013 07:40;2;TB;95;2372; ; ;0;1;0;0;0;0;0;0;0;0;0;0;0;0;0;0;0;11562;LAGRIMAS, ES DAS;18461;SOUSA COUTINHO, RUA;69;SACOMA;2;0
D051301144;4492;CAROLINA MARIA DO CARMO, RUA;7562;FRANCISCO SIQUEIRA BRITO, RUA;0;;22/05/2013 07:50;2;CO;28;2738; ; ;1;1;0;0;0;0;0;0;0;0;0;0;0;0;0;0;0;4492;CAROLINA MARIA DO CARMO, RUA;7562;FRANCISCO SIQUEIRA BRITO, RUA;29;FREGUESIA DO O;1;0
D051301525;4847;CHAMANTA, RUA;;;694;;22/05/2013 08:00;2;SI;57;2080; ; ;1;1;0;0;0;0;0;0;0;0;0;0;0;0;0;0;0;4847;CHAMANTA, RUA;;;54;MOOCA;1;0
D051300962;3376;BILLINGS, AV ENG;13019;ESCOLA POLITECNICA, AV;0;;22/05/2013 08:11;2;CO;93;3267; ; ;0;2;0;0;0;0;0;0;0;0;0;0;0;0;0;0;0;3376;BILLINGS, AV ENG;13019;ESCOLA POLITECNICA, AV;12;BUTANTA;1;0
D051302308;30228;LEUCIPO, RUA;;;89;;22/05/2013 09:00;4;AT;53;3613; ; ;0;1;0;0;0;0;0;0;0;0;0;0;0;0;0;0;0;30228;LEUCIPO, RUA;;;  ;;0;1
D051300545;6544;ERMANO MARCHETTI, AV;;;600;;22/05/2013 09:15;4;AT;7;3195; ; ;0;0;0;0;0;0;0;1;0;0;0;0;0;0;0;0;0;6544;ERMANO MARCHETTI, AV;;;48;LAPA;1;0
D051300485;6238;NACOES UNIDAS, AV DAS;;;10;;22/05/2013 09:45;2;CL;96;2426; ; ;1;1;0;0;0;0;0;0;0;0;0;0;0;0;0;0;0;13014;MARGINAL DO RIO PINHEIROS, AV;;;90;VILA LEOPOLDINA;1;0
D051301188;9170;INES, AV STA;;;916;;22/05/2013 10:00;2;CH;38;2533; ; ;1;0;0;0;0;0;0;0;0;0;0;0;0;0;0;0;0;9170;INES, AV STA;;;51;MANDAQUI;1;0
D051300888;16838;RAIMUNDO PEREIRA DE MAGAL., AV;;;1560;;22/05/2013 10:20;2;QM;87;4807; ; ;0;1;0;0;0;0;0;0;0;0;0;0;0;0;0;0;0;16838;RAIMUNDO PEREIRA DE MAGAL., AV;;;31;GUAIANASES;1;0
D051300549;6544;ERMANO MARCHETTI, AV;;;1058;;22/05/2013 10:45;2;CO;7;3693; ; ;0;0;0;0;1;0;0;0;0;0;0;0;0;0;0;1;0;6544;ERMANO MARCHETTI, AV;;;48;LAPA;1;0
D051300756;34682;CAMPO LIMPO, ES DO;19840;VITOR GABRIEL, AV;0;;22/05/2013 11:00;2;CO;37;4013; ; ;1;0;0;0;1;0;0;0;0;0;0;0;0;0;0;0;0;19840;VITOR GABRIEL, AV;34682;CAMPO LIMPO, ES DO;  ;;1;0
D051301408;15304;PAES DE BARROS, AV;;;3300;;22/05/2013 11:20;4;AT;18;884;B; ;0;1;0;0;0;0;0;0;0;0;0;0;0;0;0;0;0;15304;PAES DE BARROS, AV;;;16;CAMPO GRANDE;1;0
D051301935;14094;MOGI DAS CRUZES, ES DE;;;1141;;22/05/2013 11:40;2;CO;62;2053; ; ;1;2;0;0;0;0;0;0;0;0;0;0;0;0;0;0;0;14094;MOGI DAS CRUZES, ES DE;;;65;PONTE RASA;1;0
D051300400;9715;JABAQUARA, AV;;;3096;;22/05/2013 11:45;4;AT;35;4237; ; ;0;0;0;0;0;0;0;0;0;0;0;1;0;0;0;0;0;9715;JABAQUARA, AV;;;79;SAUDE;1;0
D051300576;8714;HENRIQUE SCHAUMANN, RUA;;;1088;;22/05/2013 11:55;2;CO;14;5163; ; ;2;0;0;0;0;0;0;0;0;0;0;0;0;0;0;0;0;8714;HENRIQUE SCHAUMANN, RUA;;;63;PINHEIROS;1;0
D051300020;7122;FIGUEIRA, RUA DA;;;500;;22/05/2013 12:00;4;AT;1;4161; ; ;1;0;0;0;0;0;0;0;0;0;0;0;0;0;0;0;0;7122;FIGUEIRA, RUA DA;;;10;BRAS;1;0
D051301591;19931;WASHINGTON LUIS, AV;;;1900;;22/05/2013 12:01;2;CH;11;5873; ; ;1;0;0;0;0;0;0;0;0;0;0;0;0;0;0;0;0;19931;WASHINGTON LUIS, AV;;;30;GRAJAU;1;0
D051300151;9148;INDEPENDENCIA (CAMBUCI), RUA DA;;;889;;22/05/2013 12:18;2;CO;6;2426; ; ;0;2;0;0;0;0;0;0;0;0;0;0;0;0;0;0;0;9148;INDEPENDENCIA (CAMBUCI), RUA DA;;;14;CAMBUCI;1;0
D051301813;3509;BELMIRA MARIN, AV DONA;;;3710;;22/05/2013 12:30;2;CO;101;3860;C; ;0;1;0;0;0;0;0;0;0;0;0;0;0;0;0;0;0;3509;BELMIRA MARIN, AV DONA;;;30;GRAJAU;1;0
D051300049;6642;ESTADO, AV DO;;;900;;22/05/2013 12:30;4;AT;2;3072; ; ;0;1;0;0;0;0;0;0;0;0;0;0;0;0;0;0;0;6642;ESTADO, AV DO;;;9;BOM RETIRO;2;0
D051301359;14270;MORVAN DIAS DE FIGUEIREDO, AV;;;19;;22/05/2013 12:30;2;CH;90;2054; ; ;0;0;0;1;0;0;0;0;0;0;0;0;0;0;0;0;0;29772;MARGINAL DO RIO TIETE, AV;;;0;NULL;1;0
D051301880;1528;BOTUPORA, RUA;;;1200;;22/05/2013 12:40;2;CO;32;2986; ; ;1;1;0;0;0;0;0;0;0;0;0;0;0;0;0;0;0;1528;BOTUPORA, RUA;;;86;VILA CURUCA;1;0
D051301392;13177;MARIA CARLOTA, RUA;;;204;;22/05/2013 12:52;2;CL;10;5520; ; ;1;0;0;0;1;0;0;0;0;0;0;0;0;0;0;0;0;13177;MARIA CARLOTA, RUA;;;60;PENHA;1;0
D051300320;14308;MUNICIPALIDADES, RUA DAS;;;351;;22/05/2013 13:27;4;AT;17;2789; ; ;1;0;0;1;0;0;0;0;0;0;0;0;0;0;0;0;0;14308;MUNICIPALIDADES, RUA DAS;;;18;CANGAIBA;1;0
D051301226;11321;JULIO BUONO, AV;;;2122;;22/05/2013 13:30;2;CO;39;2348; ; ;1;1;0;0;0;0;0;0;0;0;0;0;0;0;0;0;0;11321;JULIO BUONO, AV;;;94;VILA MEDEIROS;1;0
D051300124;19764;VINTE E TRES DE MAIO, AV;;;151;;22/05/2013 13:40;2;CO;5;2740; ; ;0;1;0;0;0;0;0;0;0;0;0;0;0;0;0;0;0;19764;VINTE E TRES DE MAIO, AV;;;  ;;1;0
D051300079;19764;VINTE E TRES DE MAIO, AV;;;11;;22/05/2013 13:47;2;CT;3;4154; ; ;1;1;0;0;0;0;0;0;0;0;0;0;0;0;0;0;0;19764;VINTE E TRES DE MAIO, AV;;;  ;;1;0
D051301865;13881;MIGUEL, AV S;;;2850;;22/05/2013 14:00;4;AT;24;5519; ; ;0;1;0;0;0;0;0;0;0;0;0;0;0;0;0;0;0;13881;MIGUEL, AV S;;;65;PONTE RASA;1;0
D051300311;18172;SILVA BUENO, RUA;;;0;NADA CONSTA ;22/05/2013 14:55;2;CO;17;2407; ; ;0;1;0;0;0;0;0;0;0;0;0;1;0;0;0;0;0;18172;SILVA BUENO, RUA;;;18;CANGAIBA;1;0
D051300122;19583;VERGUEIRO, RUA;;;133;;22/05/2013 15:00;2;CO;5;2729;B; ;1;1;0;0;0;0;0;0;0;0;0;0;0;0;0;0;0;19583;VERGUEIRO, RUA;;;33;IPIRANGA;1;0
D051302052;15970;PEDRO RABELO, RUA;;;632;;22/05/2013 15:39;2;CO;41;2630; ; ;1;1;0;0;0;0;0;0;0;0;0;0;0;0;0;0;0;15970;PEDRO RABELO, RUA;;;27;CURSINO;1;0
D051300758;9529;ITAPECERICA, ES DE;;;2690;;22/05/2013 15:45;2;CO;37;4039; ; ;1;0;1;0;0;0;0;0;0;0;0;0;0;0;0;0;0;9529;ITAPECERICA, ES DE;;;29;FREGUESIA DO O;1;0
D051302199;23730;CELSO PACHECO BENTIM, RUA DR;;;247;;22/05/2013 15:47;2;CO;66;3610; ; ;1;1;0;0;0;0;0;0;0;0;0;0;0;0;0;0;0;23730;CELSO PACHECO BENTIM, RUA DR;;;38;JACANA;1;0
D051301936;3546;BOTURUSSU, AV;;;132;;22/05/2013 16:10;2;CL;62;2058;C; ;1;1;0;0;0;0;0;0;0;0;0;0;0;0;0;0;0;3546;BOTURUSSU, AV;;;28;ERMELINO MATARA;1;0
D051301115;19884;VOLUNTARIOS DA PATRIA, RUA;;;3262;;22/05/2013 17:00;2;CO;20;4764;C; ;1;1;0;0;0;0;0;0;0;0;0;0;0;0;0;0;0;19884;VOLUNTARIOS DA PATRIA, RUA;;;8;BELEM;1;0
D051301189;14811;NOVE DE NOVEMBRO, RUA;;;154;;22/05/2013 17:15;2;CO;38;2547; ; ;1;1;0;0;0;0;0;0;0;0;0;0;0;0;0;0;0;14811;NOVE DE NOVEMBRO, RUA;;;13;CACHOEIRINHA;1;0
D051300599;6238;NACOES UNIDAS, AV DAS;;;0;NADA CONSTA ;22/05/2013 17:20;2;CO;15;3082; ; ;1;1;0;0;0;0;0;0;0;0;0;0;0;0;0;0;0;13014;MARGINAL DO RIO PINHEIROS, AV;;;90;VILA LEOPOLDINA;1;0
D051301134;6275;EDUARDO ZUMKELLER, RUA;;;226;;22/05/2013 17:20;2;QF;20;5487; ; ;0;0;0;0;0;0;0;1;0;0;0;0;0;0;0;0;0;6275;EDUARDO ZUMKELLER, RUA;;;8;BELEM;1;0
D051301592;1085;AMERICO BRASILIENSE, RUA;;;1800;;22/05/2013 17:44;2;CO;11;5898; ; ;1;1;0;0;0;0;0;0;0;0;0;0;0;0;0;0;0;1085;AMERICO BRASILIENSE, RUA;;;72;SANTO AMARO;1;0
D051301628;33015;SADAMU INOUE, AV;;;4500;;22/05/2013 17:50;4;AT;25;3878; ; ;0;1;0;0;0;0;0;0;0;0;0;0;0;0;0;0;0;33015;SADAMU INOUE, AV;;;76;SAO MIGUEL;1;0
D051301502;4618;CATIGUA, RUA;6961;FILIPE CAMARAO, RUA;0;;22/05/2013 17:55;2;CO;52;5812; ; ;0;0;0;0;1;0;0;0;0;0;0;1;0;0;0;0;0;4618;CATIGUA, RUA;6961;FILIPE CAMARAO, RUA;82;TATUAPE;1;0
D051301049;15038;ORDEM E PROGRESSO, AV;;;1020;;22/05/2013 18:15;4;AT;13;5711;B; ;1;0;0;0;0;0;0;0;0;0;0;0;0;0;0;0;0;15038;ORDEM E PROGRESSO, AV;;;35;ITAIM PAULISTA;1;0
D051301116;19884;VOLUNTARIOS DA PATRIA, RUA;;;4873;;22/05/2013 18:20;4;AT;20;4766; ; ;1;0;0;0;0;0;0;0;0;0;0;0;0;0;0;0;0;19884;VOLUNTARIOS DA PATRIA, RUA;;;8;BELEM;2;0
D051300808;18262;SILVIO DE CAMPOS, AV DR;30279;FRANCISCO JOSE DE BARROS, RUA;0;;22/05/2013 18:30;2;CO;46;4826; ; ;2;0;0;0;0;0;0;0;0;0;0;0;0;0;0;0;0;18262;SILVIO DE CAMPOS, AV DR;30279;FRANCISCO JOSE DE BARROS, RUA;  ;;1;0
D051300502;7708;GAIVOTA, RUA;10834;JOSE CANDIDO DE SOUZA, RUA DR;0;;22/05/2013 18:30;2;CT;96;5481; ; ;2;0;0;0;0;0;0;0;0;0;0;0;0;0;0;0;0;7708;GAIVOTA, RUA;10834;JOSE CANDIDO DE SOUZA, RUA DR;53;MOEMA;1;0
D051300246;10101;JOAO, AV S;8023;GLETE, AL;0;;22/05/2013 18:30;4;AT;77;2209; ; ;0;1;0;0;0;0;0;0;0;0;0;0;0;0;0;0;0;8023;GLETE, AL;10101;JOAO, AV S;70;SANTA CECILIA;1;0
D051300197;11046;TIETE, PCA BR DE;;;10;;22/05/2013 18:36;2;QM;8;4052; ; ;0;1;0;0;0;0;0;0;0;0;0;0;0;0;0;0;0;11046;TIETE, PCA BR DE;;;54;MOOCA;1;0
D051302098;9044;RAGUEB CHOHFI, AV;36068;MARIA APARECIDA CUSTODIO, RUA;0;;22/05/2013 18:55;4;AT;49;7107; ; ;0;0;0;0;0;0;0;0;0;0;0;1;0;0;0;0;0;9044;RAGUEB CHOHFI, AV;22915;FORTE DE SANTOS, RUA;75;SAO MATEUS;1;0
D051301786;13035;MIGUEL YUNES, RUA;;;581;;22/05/2013 19:00;2;CO;99;5900; ; ;2;0;0;0;0;0;0;0;0;0;0;0;0;0;0;0;0;13035;MIGUEL YUNES, RUA;;;16;CAMPO GRANDE;1;0
D051300069;4659;CAXIAS, AV DUQ DE;;;52;;22/05/2013 19:00;4;AT;3;3081; ; ;0;0;0;0;0;0;0;0;0;0;0;1;0;0;0;0;0;4659;CAXIAS, AV DUQ DE;;;67;REPUBLICA;1;0
D051300104;5245;CONSOLACAO, RUA DA;;;1376;;22/05/2013 19:00;2;CO;4;4365; ; ;1;2;0;0;0;0;0;0;0;0;0;0;0;0;0;0;0;5245;CONSOLACAO, RUA DA;;;26;CONSOLACAO;1;0
D051300198;543;ALCANTARA MACHADO, AV;;;630;;22/05/2013 19:00;2;CH;8;4071; ; ;1;0;0;0;0;0;0;0;0;0;0;0;0;0;0;0;0;543;ALCANTARA MACHADO, AV;;;10;BRAS;1;0
D051301660;9529;ITAPECERICA, ES DE;;;5859;;22/05/2013 19:07;2;CO;47;6389; ; ;0;1;1;0;0;0;0;0;0;0;0;0;0;0;0;0;0;9529;ITAPECERICA, ES DE;;;29;FREGUESIA DO O;1;0
D051301012;5567;CRUZEIRO DO SUL, AV;;;1700;;22/05/2013 19:20;4;AT;9;5819; ; ;1;0;0;0;0;0;0;0;0;0;0;0;0;0;0;0;0;5567;CRUZEIRO DO SUL, AV;;;5;ARTUR ALVIM;1;0
D051301364;27099;DUTRA, VIA PRES;;;22800;;22/05/2013 19:30;4;AT;90;4768; ; ;1;0;0;0;0;0;0;0;0;0;0;0;0;0;0;0;0;27099;DUTRA, VIA PRES;;;36;ITAQUERA;1;0
D051301881;98912;JOSE PINHEIRO BORGES, AV;;;0;PROXIMO  - R.ANTONIO ;22/05/2013 19:30;2;CO;32;3001; ; ;2;0;0;0;0;0;0;0;0;0;0;0;0;0;0;0;0;98912;JOSE PINHEIRO BORGES, AV;;;36;ITAQUERA;1;0
D051301866;4128;CANGAIBA, AV;;;3934;;22/05/2013 19:34;4;AT;24;5535; ; ;0;0;1;0;0;0;0;0;0;0;0;0;0;0;0;0;0;4128;CANGAIBA, AV;;;18;CANGAIBA;1;0
D051301085;29772;MARGINAL DO RIO TIETE, AV;;;17500;;22/05/2013 19:38;2;CT;19;4772; ; ;2;0;0;0;0;0;0;0;0;0;0;0;0;0;0;0;0;29772;MARGINAL DO RIO TIETE, AV;;;13;CACHOEIRINHA;3;0
D051300254;1356;ANGELICA, AV;;;750;;22/05/2013 20:00;4;AT;77;4373; ; ;0;0;0;0;0;0;0;0;0;0;0;1;0;0;0;0;0;1356;ANGELICA, AV;;;70;SANTA CECILIA;1;0
D051302099;13671;MATEO BEI, AV;;;3149;;22/05/2013 20:13;4;AT;49;7117; ; ;0;0;1;0;0;0;0;0;0;0;0;0;0;0;0;0;0;13671;MATEO BEI, AV;;;75;SAO MATEUS;1;0
D051302237;4531;CASA GRANDE, ES;;;1435;;22/05/2013 20:30;4;AT;70;5448; ; ;1;0;0;0;0;0;0;0;0;0;0;0;0;0;0;0;0;4531;CASA GRANDE, ES;;;78;SAPOPEMBA;1;0
D051301593;4121;SOCRATES, RUA;;;186;;22/05/2013 21:00;2;CT;11;5904; ; ;1;1;0;0;0;0;0;0;0;0;0;0;0;0;0;0;0;4121;SOCRATES, RUA;;;16;CAMPO GRANDE;1;0
D051301204;9078;IMIRIM, AV;;;4000;;22/05/2013 21:23;2;QM;38;4686; ; ;0;1;0;0;0;0;0;0;0;0;0;0;0;0;0;0;0;9078;IMIRIM, AV;;;71;SANTANA;1;0
D051301326;10059;JERONIMO FURTADO, RUA GAL;;;700;;22/05/2013 21:40;2;CO;73;5491; ; ;1;1;0;0;0;0;0;0;0;0;0;0;0;0;0;0;0;10059;JERONIMO FURTADO, RUA GAL;;;38;JACANA;1;0
D051300970;831;ALTINO, AV PRES;;;2301;;22/05/2013 21:41;2;CO;93;3694; ; ;0;1;0;1;0;0;0;0;0;0;0;0;0;0;0;0;0;831;ALTINO, AV PRES;;;40;JAGUARE;1;0
D051301048;10712;JORGE VALIM, RUA;;;351;;22/05/2013 22:10;4;AT;13;5708; ; ;1;0;0;0;0;0;0;0;0;0;0;0;0;0;0;0;0;10712;JORGE VALIM, RUA;;;21;CASA VERDE;1;0
D051301484;16826;RAIMUNDO, RUA S;;;5300;;22/05/2013 22:15;2;CO;42;1918; ; ;1;1;0;0;0;0;0;0;0;0;0;0;0;0;0;0;0;16826;RAIMUNDO, RUA S;;;26;CONSOLACAO;1;0
D051301487;2750;BALTAR, RUA;;;1027;;22/05/2013 22:22;2;CO;42;3087; ; ;3;0;0;0;0;0;0;0;0;0;0;0;0;0;0;0;0;2750;BALTAR, RUA;;;95;VILA PRUDENTE;1;0
D051301284;99571;MARCIO MUNHOS, AV DR;;;10;;22/05/2013 23:00;4;AT;45;4684; ; ;0;0;0;0;0;0;0;0;0;0;0;1;0;0;0;0;0;99571;MARCIO MUNHOS, AV DR;;;4;ARICANDUVA;1;0
D051300050;6642;ESTADO, AV DO;;;500;;22/05/2013 23:09;2;CO;2;3086; ; ;0;2;0;0;0;0;0;0;0;0;0;0;0;0;0;0;1;6642;ESTADO, AV DO;;;9;BOM RETIRO;1;0
D051300070;11883;LIMEIRA, AL BR DE;4659;CAXIAS, AV DUQ DE;0;;22/05/2013 23:47;4;AT;3;3087; ; ;0;0;0;0;0;0;0;0;0;0;0;0;0;0;0;1;0;4659;CAXIAS, AV DUQ DE;11883;LIMEIRA, AL BR DE;67;REPUBLICA;1;0
D051302321;60675;AFONSO DE SAMPAIO E SOUSA, AV;;;0;PROXIMO  - AV ARICAND;23/05/2013 00:15;2;CV;53;3734;B; ;2;0;0;0;0;0;0;0;0;0;0;0;0;0;0;0;0;60675;AFONSO DE SAMPAIO E SOUSA, AV;;;  ;;3;1
D051301118;19884;VOLUNTARIOS DA PATRIA, RUA;22266;LUIS LUSTOSA DA SILVA, RUA DR;0;;23/05/2013 01:15;4;AT;20;4785; ; ;1;0;0;0;0;0;0;0;0;0;0;0;0;0;0;0;0;19884;VOLUNTARIOS DA PATRIA, RUA;22266;LUIS LUSTOSA DA SILVA, RUA DR;71;SANTANA;1;0
D051302263;16878;RAPOSO TAVARES, VIA;;;10900;;23/05/2013 02:00;2;QM;14;5188; ; ;0;1;0;0;0;0;0;0;0;0;0;0;0;0;0;0;0;16878;RAPOSO TAVARES, VIA;;;13;CACHOEIRINHA;0;1
D051300844;855;ALVARENGA, RUA;18783;TEIXEIRA SOARES, RUA ENG;0;;23/05/2013 03:20;2;CT;51;5190; ; ;2;0;0;0;0;0;0;0;0;0;0;0;0;0;0;0;0;855;ALVARENGA, RUA;18783;TEIXEIRA SOARES, RUA ENG;12;BUTANTA;1;0
D051301770;9220;INTERLAGOS, AV;;;635;;23/05/2013 04:50;2;CO;99;3200; ; ;0;0;0;0;0;0;0;0;1;0;0;1;0;0;0;0;0;9220;INTERLAGOS, AV;;;16;CAMPO GRANDE;4;0
D051302229;12895;ANTONIO MARQUES JULIAO, RUA;;;400;;23/05/2013 06:05;4;AT;70;2582; ; ;0;1;0;0;0;0;0;0;0;0;0;0;0;0;0;0;0;12895;ANTONIO MARQUES JULIAO, RUA;;;74;SAO LUCAS;1;0
D051300759;99949;CARLOS CALDEIRA FILHO, AV;29443;CAPO-ERE, RUA;0;;23/05/2013 06:15;2;CO;37;4047; ; ;1;1;0;0;0;0;0;0;0;0;0;0;0;0;0;0;0;29443;CAPO-ERE, RUA;99949;CARLOS CALDEIRA FILHO, AV;  ;;1;0
D051301636;5606;CUPECE, AV;;;1886;;23/05/2013 06:30;4;AT;43;2096; ; ;1;0;0;0;0;0;0;0;0;0;0;0;0;0;0;0;0;5606;CUPECE, AV;;;22;CIDADE ADEMAR;1;0
D051301497;8827;HONORIO MAIA, RUA;;;0;ACESSO  - ANTONIO BA;23/05/2013 07:00;2;CT;52;1586; ; ;1;1;0;0;0;0;0;0;0;0;0;0;0;0;0;0;0;8827;HONORIO MAIA, RUA;;;82;TATUAPE;1;0
D051301771;6238;NACOES UNIDAS, AV DAS;;;22265;;23/05/2013 07:30;2;CO;99;2206; ; ;0;1;0;0;0;0;0;0;0;0;0;0;0;0;0;0;0;13014;MARGINAL DO RIO PINHEIROS, AV;;;90;VILA LEOPOLDINA;1;0
D051300001;27099;DUTRA, VIA PRES;;;0;QUILOMETRO  - 218;23/05/2013 07:30;2;CO;1;2079; ; ;1;1;0;0;0;0;0;0;0;0;0;0;0;0;0;0;0;27099;DUTRA, VIA PRES;;;36;ITAQUERA;1;0
D051300829;296;AFRANIO PEIXOTO, AV;;;280;;23/05/2013 07:50;2;QM;51;2315; ; ;0;1;0;0;0;0;0;0;0;0;0;0;0;0;0;0;0;296;AFRANIO PEIXOTO, AV;;;12;BUTANTA;1;0
D051301405;13177;MARIA CARLOTA, RUA;;;36;;23/05/2013 08:00;2;CO;10;6163; ; ;1;1;0;0;0;0;0;0;0;0;0;0;0;0;0;0;0;13177;MARIA CARLOTA, RUA;;;60;PENHA;1;0
D051300670;1232;ANASTACIO, AV DO;;;285;;23/05/2013 08:05;2;CO;33;4834; ; ;1;0;0;0;1;0;0;0;0;0;0;0;0;0;0;0;0;1232;ANASTACIO, AV DO;;;73;SAO DOMINGOS;1;0
D051301823;17110;RIO BONITO, AV DO;;;2663;;23/05/2013 08:20;2;CO;102;1444; ; ;2;0;0;0;0;0;0;0;0;0;0;1;0;0;0;0;0;17110;RIO BONITO, AV DO;;;32;IGUATEMI;1;0
D051300021;6642;ESTADO, AV DO;;;3974;;23/05/2013 08:30;2;QM;1;4178; ; ;0;1;0;0;0;0;0;0;0;0;0;0;0;0;0;0;0;6642;ESTADO, AV DO;;;9;BOM RETIRO;1;0
D051300051;17507;RUDGE, AV;;;1098;;23/05/2013 08:55;2;QD;2;3093; ; ;0;0;0;0;0;0;0;1;0;0;0;0;0;0;0;0;0;17507;RUDGE, AV;;;70;SANTA CECILIA;1;0
D051300994;36061;LUIZ DUMONT VILLARES, AV;;;623;;23/05/2013 09:30;4;AT;9;2935; ; ;1;0;0;0;0;0;0;0;0;0;0;0;0;0;0;0;0;36061;LUIZ DUMONT VILLARES, AV;;;22;CIDADE ADEMAR;1;0
D051300225;5567;CRUZEIRO DO SUL, AV;;;359;;23/05/2013 09:39;4;AT;12;2852; ; ;0;0;0;0;0;0;0;0;0;0;0;1;0;0;0;0;0;5567;CRUZEIRO DO SUL, AV;;;5;ARTUR ALVIM;1;0
D051301937;16634;ABEL TAVARES, AV;;;997;;23/05/2013 09:40;2;CL;62;2072; ; ;1;1;0;0;0;0;0;0;0;0;0;0;0;0;0;0;0;16634;ABEL TAVARES, AV;;;28;ERMELINO MATARA;1;0
D051300760;21725;OSCAR CAMPIGLIA, RUA PROF;;;0;NADA CONSTA ;23/05/2013 10:00;2;CO;37;4059; ; ;1;1;0;0;0;0;0;0;0;0;0;0;0;0;0;0;0;21725;OSCAR CAMPIGLIA, RUA PROF;;;29;FREGUESIA DO O;1;0
D051301327;17728;SANATORIO, AV;26804;APERIBE, RUA;0;;23/05/2013 10:30;4;AT;73;5505; ; ;1;0;0;0;0;0;0;0;0;0;0;0;0;0;0;0;0;17728;SANATORIO, AV;26804;APERIBE, RUA;  ;;1;0
D051301682;9220;INTERLAGOS, AV;;;5115;;23/05/2013 10:59;2;CO;48;1961; ; ;1;1;0;0;0;0;0;0;0;0;0;0;0;0;0;0;0;9220;INTERLAGOS, AV;;;16;CAMPO GRANDE;1;0
D051302185;68271;MANUEL PINHEIRO DE ALBUQUERQUE, RUA;;;195;;23/05/2013 11:00;2;CO;66;2246; ; ;1;1;0;0;0;0;0;0;0;0;0;0;0;0;0;0;0;68271;MANUEL PINHEIRO DE ALBUQUERQUE, RUA;;;38;JACANA;1;0
D051301418;6;ABADIANIA, RUA;;;923;;23/05/2013 11:10;2;CL;21;1758; ; ;1;1;0;0;0;0;0;0;0;0;0;0;0;0;0;0;0;6;ABADIANIA, RUA;;;93;VILA MATILDE;1;0
D051300639;4561;CASTELO BRANCO, AV PRES;;;8500;;23/05/2013 11:24;2;CO;23;2942; ; ;1;1;0;0;0;0;0;0;0;0;0;0;0;0;0;0;0;29772;MARGINAL DO RIO TIETE, AV;;;6;BARRA FUNDA;1;0
D051302310;17824;SAPOPEMBA, AV;;;15850;;23/05/2013 12:00;2;CO;55;2030; ; ;0;1;0;1;0;0;0;0;0;0;0;0;0;0;0;0;0;17824;SAPOPEMBA, AV;;;33;IPIRANGA;0;1
D051300912;13014;MARGINAL DO RIO PINHEIROS, AV;;;14000;;23/05/2013 12:00;2;SI;89;4539; ; ;0;0;0;0;0;0;0;0;0;0;0;0;0;0;0;1;0;13014;MARGINAL DO RIO PINHEIROS, AV;;;40;JAGUARE;1;0
D051301398;4128;CANGAIBA, AV;;;950;;23/05/2013 12:00;2;CO;10;5840; ; ;2;0;0;0;0;0;0;0;0;0;0;0;0;0;0;0;0;4128;CANGAIBA, AV;;;18;CANGAIBA;1;0