id_acidente;codloga;logradouroA;codlogb;logradouroB;alt_num;referencia;data;cod_acid;tipo_acidente;dp;numero_BO;sentido;pista;automovel;moto;onibus;caminhao;bicicleta;moto_taxi;onibus_fretado;onibus_urbano;microonibus;van;vuc;caminhonete;carreta;jipe;outros;sem_informacao;carroca;princ_a;paiA;princ_b;paiB;cod_distrito;distrito;vit_ferida;vit_morta
D051302172;17824;SAPOPEMBA, AV;;;27000;;26/05/2013 13:00;2;CO;55;7299; ; ;1;1;0;0;0;0;0;0;0;0;0;0;0;0;0;0;0;17824;SAPOPEMBA, AV;;;33;IPIRANGA;1;0
D051300505;12193;LUIS CARLOS BERRINI, AV ENG;;;550;;26/05/2013 13:30;2;CO;96;5565; ; ;1;1;0;0;0;0;0;0;0;0;0;0;0;0;0;0;0;12193;LUIS CARLOS BERRINI, AV ENG;;;34;ITAIM BIBI;1;0
D051301493;59616;BELCHIOR, PCA;;;377;;26/05/2013 13:54;2;CO;42;3501; ; ;1;1;0;0;0;0;0;0;0;0;0;0;0;0;0;0;0;59616;BELCHIOR, PCA;;;26;CONSOLACAO;2;0
D051300870;6816;EUSEBIO DE PAULA MARCONDES, RUA;;;626;;26/05/2013 14:22;4;AT;75;4653; ; ;1;0;0;0;0;0;0;0;0;0;0;0;0;0;0;0;0;6816;EUSEBIO DE PAULA MARCONDES, RUA;;;68;RIO PEQUENO;1;0
D051301209;15599;PATIS, RUA DOS;;;351;;26/05/2013 14:30;4;AT;38;4818; ; ;3;0;0;0;0;0;0;0;0;0;0;0;0;0;0;0;0;15599;PATIS, RUA DOS;;;13;CACHOEIRINHA;1;0
D051300775;74182;CARDOSO MOREIRA, RUA;;;799;;26/05/2013 15:15;2;CO;37;4658; ; ;1;1;0;0;0;0;0;0;0;0;0;0;0;0;0;0;0;74182;CARDOSO MOREIRA, RUA;;;29;FREGUESIA DO O;1;0
D051300200;6642;ESTADO, AV DO;14805;ALBERTO LION, PCA;0;;26/05/2013 15:20;2;CT;8;4171; ; ;1;0;0;0;0;0;0;0;0;0;0;1;0;0;0;0;0;6642;ESTADO, AV DO;14805;ALBERTO LION, PCA;14;CAMBUCI;1;0
D051300935;8406;GUARIPE, RUA;;;158;;26/05/2013 15:30;4;AT;91;3827; ; ;1;0;0;0;0;0;0;0;0;0;0;0;0;0;0;0;0;8406;GUARIPE, RUA;;;21;CASA VERDE;1;0
D051300449;15239;OURIVES, AV DOS;;;0;NADA CONSTA ;26/05/2013 15:30;2;QM;83;4646; ; ;0;1;0;0;0;0;0;0;0;0;0;0;0;0;0;0;0;15239;OURIVES, AV DOS;;;21;CASA VERDE;1;0
D051302059;2666;AZEREDO COUTINHO, AV DOM;;;468;;26/05/2013 15:32;2;CL;41;5579; ; ;1;1;0;0;0;0;0;0;0;0;0;0;0;0;0;0;0;2666;AZEREDO COUTINHO, AV DOM;;;4;ARICANDUVA;1;0
D051301848;17820;TITO, AV MAL;;;1314;;26/05/2013 15:56;4;AT;22;4290; ; ;0;0;0;0;0;0;0;1;0;0;0;0;0;0;0;0;0;17820;TITO, AV MAL;;;53;MOEMA;1;0
D051301247;8320;GUAPIRA, AV;;;1000;;26/05/2013 16:20;2;QD;39;5621; ; ;0;0;1;0;0;0;0;0;0;0;0;0;0;0;0;0;0;8320;GUAPIRA, AV;;;38;JACANA;1;0
D051301305;16051;PENHA BRASIL, AV GAL;;;2000;;26/05/2013 16:30;2;QD;72;4943; ; ;0;0;0;0;0;0;0;0;1;0;0;0;0;0;0;0;0;16051;PENHA BRASIL, AV GAL;;;48;LAPA;1;0
D051301345;6361;ELISIO TEIXEIRA LEITE, AV;;;7500;;26/05/2013 16:30;2;CO;74;2281;B; ;1;1;0;0;0;0;0;0;0;0;0;0;0;0;0;0;0;6361;ELISIO TEIXEIRA LEITE, AV;;;29;FREGUESIA DO O;1;0
D051301747;13910;MIGUEL CORREIA DE SANDE, RUA;;;308;;26/05/2013 16:45;4;AT;92;6520; ; ;0;1;0;0;0;0;0;0;0;0;0;0;0;0;0;0;0;13910;MIGUEL CORREIA DE SANDE, RUA;;;32;IGUATEMI;1;0
D051302336;4053;MARIO LOPES LEAO, AV;;;200;;26/05/2013 17:10;4;AT;11;6070;B; ;0;0;1;0;0;0;0;0;0;0;0;0;0;0;0;0;0;4053;MARIO LOPES LEAO, AV;;;  ;;0;1
D051302073;69719;BENTO SOARES MOTA, RUA;;;190;;26/05/2013 17:30;2;CO;44;3743; ; ;1;1;0;0;0;0;0;0;0;0;0;0;0;0;0;0;0;69719;BENTO SOARES MOTA, RUA;;;31;GUAIANASES;1;0
D051301210;33642;MASAO WATANABE, AV;64137;FRANCISCO MACHADO DA SILVA, AV;0;;26/05/2013 17:30;2;CL;38;4830; ; ;1;1;0;0;0;0;0;0;0;0;0;0;0;0;0;0;0;33642;MASAO WATANABE, AV;64137;FRANCISCO MACHADO DA SILVA, AV;13;CACHOEIRINHA;1;0
D051301666;9529;ITAPECERICA, ES DE;;;23800;;26/05/2013 17:50;2;CL;47;6522;C; ;2;0;0;0;0;0;0;0;0;0;0;0;0;0;0;0;0;9529;ITAPECERICA, ES DE;;;29;FREGUESIA DO O;2;0
D051300450;4380;GIOVANNI DA CONEGLIANO, RUA;;;1539;;26/05/2013 19:23;2;CO;83;4653; ; ;2;1;0;0;0;0;0;0;0;0;0;0;0;0;0;0;0;4380;GIOVANNI DA CONEGLIANO, RUA;;;69;SACOMA;1;0
D051302331;21975;ANGELO APARECIDO DOS S.DIAS, RUA;;;0;NADA CONSTA ;26/05/2013 19:30;2;QM;14;5622; ; ;0;1;0;0;0;0;0;0;0;0;0;0;0;0;0;0;0;21975;ANGELO APARECIDO DOS S.DIAS, RUA;;;0;NULL;0;1
D051301948;13881;MIGUEL, AV S;;;4537;;26/05/2013 19:45;2;CH;62;5701; ; ;0;0;1;0;0;0;0;0;0;0;0;0;0;0;0;0;0;13881;MIGUEL, AV S;;;65;PONTE RASA;1;0
D051301011;8466;GUILHERME, AV;16759;QUIRINO, RUA S;0;;26/05/2013 19:50;2;CO;9;4898;C; ;1;1;0;0;0;0;0;0;0;0;0;0;0;0;0;1;0;8466;GUILHERME, AV;16759;QUIRINO, RUA S;88;VILA GUILHERME;1;0
D051302107;46353;TERRA TOMBADA, TR;;;0;NADA CONSTA ;26/05/2013 20:00;2;CF;49;7314; ; ;1;1;0;0;0;0;0;0;0;0;0;0;0;0;0;0;0;46353;TERRA TOMBADA, TR;;;32;IGUATEMI;1;0
D051300464;15598;PATENTE, AV;;;0;PROXIMO  - LUIZ LISCI;26/05/2013 20:05;2;CL;95;1659; ; ;1;1;0;0;0;0;0;0;0;0;0;0;0;0;0;0;0;15598;PATENTE, AV;;;69;SACOMA;2;0
D051302297;36045;MARCILAC, ES ENG;;;3068;;26/05/2013 21:01;2;CF;101;4027;C; ;1;1;0;0;0;0;0;0;0;0;0;0;0;0;0;0;0;36045;MARCILAC, ES ENG;;;76;SAO MIGUEL;0;1
D051301606;9220;INTERLAGOS, AV;;;1000;;26/05/2013 21:20;2;CO;11;6076; ; ;0;1;0;0;0;0;0;1;0;0;0;0;0;0;0;0;0;9220;INTERLAGOS, AV;;;16;CAMPO GRANDE;2;0
D051301248;8320;GUAPIRA, AV;;;1963;;26/05/2013 22:00;4;AT;39;5634; ; ;1;0;0;0;0;0;0;0;0;0;0;0;0;0;0;0;0;8320;GUAPIRA, AV;;;38;JACANA;1;0
D051301995;3994;CAMPANELLA, AV;;;696;;26/05/2013 22:11;2;CO;64;5702; ; ;1;1;0;0;0;0;0;0;0;0;0;0;0;0;0;0;0;3994;CAMPANELLA, AV;;;36;ITAQUERA;1;0
D051302300;38494;FUNCIONARIOS PUBLICOS, AV DOS;;;110;;26/05/2013 22:15;4;AT;11;6168; ; ;1;0;0;0;0;0;0;0;0;0;0;0;0;0;0;0;0;38494;FUNCIONARIOS PUBLICOS, AV DOS;;;  ;;1;1
D051302266;13088;BANDEIRANTES DO SUL, AV;;;1003;;26/05/2013 22:30;4;AT;20;4901; ; ;1;0;0;0;0;0;0;0;0;0;0;0;0;0;0;0;0;13088;BANDEIRANTES DO SUL, AV;;;94;VILA MEDEIROS;0;1
D051300580;14447;NAZARE PAULISTA, RUA;;;522;;26/05/2013 22:40;2;CH;14;5359; ; ;0;1;0;0;0;0;0;0;0;0;0;0;0;0;0;0;0;14447;NAZARE PAULISTA, RUA;;;2;ALTO DE PINHEIR;1;0
D051301211;277;AFONSO LOPES VIEIRA, RUA;78227;ARAUJO CASTRO, RUA DR;0;;26/05/2013 22:50;2;CO;38;4835; ; ;2;0;0;0;0;0;0;0;0;0;0;0;0;0;0;0;0;277;AFONSO LOPES VIEIRA, RUA;78227;ARAUJO CASTRO, RUA DR;  ;;2;0
D051300654;4248;CARDOSO DE ALMEIDA, RUA;19927;VANDERLEI, RUA;0;;26/05/2013 23:00;2;CO;23;3837; ; ;1;1;0;0;0;0;0;0;0;0;0;0;0;0;0;0;0;4248;CARDOSO DE ALMEIDA, RUA;19927;VANDERLEI, RUA;61;PERDIZES;1;0
D051300376;19100;BANDEIRANTES, AV DOS;;;2056;;26/05/2013 23:25;2;CT;27;5578; ; ;1;0;0;0;0;0;0;0;0;0;0;0;0;0;1;0;0;19100;BANDEIRANTES, AV DOS;;;24;CIDADE LIDER;1;0
D051302153;34500;IGUATEMI, AV;;;1964;;26/05/2013 23:26;2;CO;54;7323; ; ;1;0;1;0;0;0;0;0;0;0;0;0;0;0;0;0;0;34500;IGUATEMI, AV;;;50;LIMAO;1;0
D051300138;1521;ANTONIO, RUA STO;;;820;;27/05/2013 00:02;2;CT;5;4499; ; ;1;1;0;0;0;0;0;0;0;0;0;0;0;0;0;0;0;1521;ANTONIO, RUA STO;;;67;REPUBLICA;1;0
D051301607;19844;VITOR MANZINI, AV;;;200;;27/05/2013 02:40;2;CF;11;6079; ; ;1;1;0;0;0;0;0;0;0;0;0;0;0;0;0;0;0;19844;VITOR MANZINI, AV;;;29;FREGUESIA DO O;1;0
D051301667;29896;PIRAJUSSARA-VALO VELHO, ES;;;402;;27/05/2013 04:38;2;CO;47;6533; ; ;2;0;0;0;0;0;0;0;0;0;0;0;0;0;0;0;0;29896;PIRAJUSSARA-VALO VELHO, ES;;;29;FREGUESIA DO O;1;0
D051301911;17820;TITO, AV MAL;;;4200;;27/05/2013 04:50;4;AT;50;6568; ; ;0;1;0;0;0;0;0;0;0;0;0;0;0;0;0;0;0;17820;TITO, AV MAL;;;53;MOEMA;2;0
D051301471;18067;SERRA DE BOTUCATU, RUA;1657;ANTONIO DE BARROS, RUA;0;;27/05/2013 05:45;2;QD;30;3235; ; ;0;0;1;0;0;0;0;0;0;0;0;0;0;0;0;0;0;1657;ANTONIO DE BARROS, RUA;18067;SERRA DE BOTUCATU, RUA;82;TATUAPE;1;0
D051300996;5567;CRUZEIRO DO SUL, AV;;;2363;;27/05/2013 06:15;4;AT;9;2989; ; ;0;1;0;0;0;0;0;0;0;0;0;0;0;0;0;0;0;5567;CRUZEIRO DO SUL, AV;;;5;ARTUR ALVIM;1;0
D051301824;12751;OLIVIA GUEDES PENTEADO, RUA;;;387;;27/05/2013 06:15;2;CO;102;1473; ; ;1;1;0;0;0;0;0;0;0;0;0;0;0;0;0;0;0;12751;OLIVIA GUEDES PENTEADO, RUA;;;81;SOCORRO;1;0
D051301544;4736;CELSO GARCIA, AV;;;1638;;27/05/2013 06:20;2;CO;81;1512; ; ;1;0;0;0;1;0;0;0;0;0;0;0;0;0;0;0;0;4736;CELSO GARCIA, AV;;;82;TATUAPE;1;0
D051301055;17799;SANTOS DUMONT, AV;15937;PEDRO LEON SCHNEIDER, AV GAL;0;;27/05/2013 06:38;2;CL;13;5887;C; ;0;1;0;0;0;0;0;0;0;0;0;0;0;0;0;0;0;15937;PEDRO LEON SCHNEIDER, AV GAL;17799;SANTOS DUMONT, AV;71;SANTANA;1;0
D051300793;16838;RAIMUNDO PEREIRA DE MAGAL., AV;;;16000;;27/05/2013 07:00;2;CO;46;2459;C; ;1;1;0;0;0;0;0;0;0;0;0;0;0;0;0;0;0;16838;RAIMUNDO PEREIRA DE MAGAL., AV;;;31;GUAIANASES;1;0
D051300880;16838;RAIMUNDO PEREIRA DE MAGAL., AV;;;7800;;27/05/2013 07:05;2;CH;87;2678; ; ;1;0;0;0;0;0;0;0;0;0;0;0;0;0;0;0;0;16838;RAIMUNDO PEREIRA DE MAGAL., AV;;;31;GUAIANASES;3;0
D051300080;2595;AURORA, RUA;11883;LIMEIRA, AL BR DE;0;;27/05/2013 07:13;2;CL;3;4256; ; ;2;0;0;0;0;0;0;0;0;0;0;0;0;0;0;0;0;10101;JOAO, AV S;11883;LIMEIRA, AL BR DE;67;REPUBLICA;1;0
D051300964;19092;TORRES DE OLIVEIRA, AV;;;330;;27/05/2013 07:20;2;CO;93;3360; ; ;0;1;0;0;0;0;0;0;1;0;0;0;0;0;0;0;0;19092;TORRES DE OLIVEIRA, AV;;;13;CACHOEIRINHA;2;0
D051301619;36045;MARCILAC, ES ENG;;;3068;;27/05/2013 07:30;2;CO;25;1380; ; ;1;1;0;0;0;0;0;0;0;0;0;0;0;0;0;0;0;36045;MARCILAC, ES ENG;;;76;SAO MIGUEL;2;0
D051301696;12977;MARFIM, RUA;;;377;;27/05/2013 07:30;4;AT;80;1920; ; ;1;0;0;0;0;0;0;0;0;0;0;0;0;0;0;0;0;12977;MARFIM, RUA;;;16;CAMPO GRANDE;1;0
D051300226;4561;CASTELO BRANCO, AV PRES;6984;FELISBERTO DE CARVALHO, RUA;0;;27/05/2013 07:50;2;QM;12;2893; ; ;0;1;0;0;0;0;0;0;0;0;0;0;0;0;0;0;0;4561;CASTELO BRANCO, AV PRES;6984;FELISBERTO DE CARVALHO, RUA;  ;;1;0
D051301474;34122;MELO FREIRE, RUA;1657;ANTONIO DE BARROS, RUA;0;;27/05/2013 08:00;2;CT;30;4602; ; ;1;1;0;0;0;0;0;0;0;0;0;0;0;0;0;0;0;1657;ANTONIO DE BARROS, RUA;34122;MELO FREIRE, RUA;82;TATUAPE;1;0
D051301733;13357;MARIA COELHO AGUIAR, AV;;;1226;;27/05/2013 08:00;2;CO;92;3283; ; ;2;1;0;0;0;0;0;0;0;0;0;0;0;0;0;0;0;13357;MARIA COELHO AGUIAR, AV;;;45;JARDIM SAO LUIS;1;0
D051300486;12362;LUISIANIA, RUA;;;416;;27/05/2013 08:30;2;CH;96;2536; ; ;2;0;0;0;0;0;0;0;0;0;0;0;0;0;0;0;0;12362;LUISIANIA, RUA;;;34;ITAIM BIBI;1;0
D051300024;11824;LIBERO BADARO, RUA;4831;CHA, VD DO;0;;27/05/2013 08:40;2;CT;1;4246; ; ;1;1;0;0;0;0;0;0;0;0;0;0;0;0;0;0;0;6889;FALCAO FILHO, RUA DR;11824;LIBERO BADARO, RUA;80;SE;1;0
D051300270;10004;JAU, AL;;;0;NADA CONSTA ;27/05/2013 09:00;2;CO;78;4585; ; ;1;1;0;0;0;0;0;0;0;0;0;0;0;0;0;0;0;10004;JAU, AL;;;44;JARDIM PAULISTA;1;0
D051301795;12403;M'BOI MIRIM, ES;;;5000;;27/05/2013 09:21;2;CT;100;2752; ; ;0;1;0;0;0;0;0;1;0;0;0;1;0;0;0;0;0;12403;M'BOI MIRIM, ES;;;42;JARDIM ANGELA;1;0
D051300997;6110;DUARTE DE AZEVEDO, RUA;;;550;;27/05/2013 10:00;2;CO;9;3016; ; ;1;1;0;0;0;0;0;0;0;0;0;0;0;0;0;0;0;6110;DUARTE DE AZEVEDO, RUA;;;71;SANTANA;1;0
D051302267;12436;MACEDO SOARES, AV EMB;;;350;;27/05/2013 10:00;2;QM;91;3847; ; ;0;1;0;1;0;0;0;0;0;0;0;0;0;0;0;0;0;29772;MARGINAL DO RIO TIETE, AV;;;48;LAPA;0;1
D051301884;63908;DAMASCO, RUA;;;454;;27/05/2013 10:00;2;CH;32;3063; ; ;0;0;0;0;0;0;0;1;0;0;0;0;0;0;0;0;0;63908;DAMASCO, RUA;;;29;FREGUESIA DO O;1;0
D051301331;12307;LUIS STAMATIS, AV;;;356;;27/05/2013 10:30;2;CO;73;5646; ; ;1;1;0;0;0;0;0;0;0;0;0;0;0;0;0;0;0;12307;LUIS STAMATIS, AV;;;38;JACANA;1;0
D051302299;99916;MARIA MALUF, CV;;;0;NADA CONSTA ;27/05/2013 11:09;2;QM;26;4666;B; ;0;1;0;0;0;0;0;0;0;0;0;0;0;0;0;0;0;99916;MARIA MALUF, CV;;;27;CURSINO;0;1
D051301526;19163;TRILHOS, RUA DOS;19018;TOBIAS BARRETO, RUA;0;;27/05/2013 11:55;2;SI;57;2147; ; ;0;1;0;0;0;0;0;0;0;0;0;1;0;0;0;0;0;19018;TOBIAS BARRETO, RUA;19163;TRILHOS, RUA DOS;  ;;1;0
D051301135;2563;AUGUSTO TOLLE, RUA;;;933;;27/05/2013 12:00;4;AT;20;5897; ; ;1;0;0;0;0;0;0;0;0;0;0;0;0;0;0;0;0;2563;AUGUSTO TOLLE, RUA;;;8;BELEM;1;0
D051300965;99137;LINEU PRESTES (C.UNIVERS.), AV PROF;;;2227;;27/05/2013 12:30;2;SI;93;3368; ; ;1;1;0;0;0;0;0;0;0;0;0;0;0;0;0;0;0;99137;LINEU PRESTES (C.UNIVERS.), AV PROF;;;2;ALTO DE PINHEIR;1;0
D051301775;14743;SABARA, AV NSRA DO;;;5051;;27/05/2013 12:40;2;CO;99;2264; ; ;1;1;0;0;0;0;0;0;0;0;0;0;0;0;0;0;0;14743;SABARA, AV NSRA DO;;;16;CAMPO GRANDE;2;0
D051302133;7320;FRANCA VELHO, RUA;;;25;;27/05/2013 13:00;4;AT;53;3758; ; ;1;0;0;0;0;0;0;0;0;0;0;0;0;0;0;0;0;7320;FRANCA VELHO, RUA;;;58;PARQUE DO CARMO;1;0
D051300581;5885;DIOGENES RIBEIRO DE LIMA, AV;9862;JAIME FONSECA RODRIGUES, RUA ARQ;0;;27/05/2013 14:30;2;CO;14;5373; ; ;0;1;0;0;0;0;0;0;0;0;0;1;0;0;0;0;0;5885;DIOGENES RIBEIRO DE LIMA, AV;9862;JAIME FONSECA RODRIGUES, RUA ARQ;2;ALTO DE PINHEIR;1;0
D051300936;16726;QUEIROZ FILHO, AV;;;1700;;27/05/2013 15:15;2;QM;91;3856; ; ;0;1;0;0;0;0;0;0;0;0;0;0;0;0;0;0;0;16726;QUEIROZ FILHO, AV;;;14;CAMBUCI;1;0
D051300860;16878;RAPOSO TAVARES, VIA;;;18000;;27/05/2013 16:00;2;QM;75;1875; ; ;0;1;0;0;0;0;0;0;0;0;0;0;0;0;0;0;0;16878;RAPOSO TAVARES, VIA;;;13;CACHOEIRINHA;1;0
D051301931;2185;ARICANGA, RUA;;;0;NADA CONSTA ;27/05/2013 16:00;4;AT;59;6881; ; ;1;0;0;0;0;0;0;0;0;0;0;0;0;0;0;0;0;2185;ARICANGA, RUA;;;86;VILA CURUCA;1;0
D051300811;46890;ALEXIOS JAFET (ESTR.CAMPINAS), AV;;;63;;27/05/2013 16:20;2;CH;46;5023; ; ;1;0;0;0;0;0;0;0;0;0;0;0;0;0;0;0;0;46890;ALEXIOS JAFET (ESTR.CAMPINAS), AV;;;41;JARAGUA;2;0
D051300025;15984;PEDRO II, PQ DOM;;;0;NADA CONSTA ;27/05/2013 16:26;4;AT;1;4276; ; ;0;0;0;0;0;0;0;1;0;0;0;0;0;0;0;0;0;15984;PEDRO II, PQ DOM;;;1;AGUA RASA;1;0
D051300026;16870;RANGEL PESTANA, AV;15984;PEDRO II, PQ DOM;0;;27/05/2013 16:27;4;AT;1;4282; ; ;0;1;0;0;0;0;0;0;0;0;0;0;0;0;0;0;0;15984;PEDRO II, PQ DOM;16870;RANGEL PESTANA, AV;74;SAO LUCAS;1;0
D051300451;13915;MIGUEL ESTEFANO, AV;;;5500;;27/05/2013 16:50;2;CF;83;4690; ; ;1;0;0;0;0;0;0;1;0;0;0;0;0;0;0;0;0;13915;MIGUEL ESTEFANO, AV;;;27;CURSINO;2;0
D051301853;9632;ITINGUCU, RUA;;;2782;;27/05/2013 16:50;2;CO;24;4475; ; ;2;0;0;0;0;0;0;0;0;0;0;0;0;0;0;0;0;9632;ITINGUCU, RUA;;;60;PENHA;1;0
D051302027;10988;JOSE GRAVONSKY, RUA DR;;;360;;27/05/2013 18:00;4;AT;68;1588; ; ;1;0;0;0;0;0;0;0;0;0;0;0;0;0;0;0;0;10988;JOSE GRAVONSKY, RUA DR;;;47;LAJEADO;1;0
D051301643;5606;CUPECE, AV;;;4019;;27/05/2013 18:00;4;AT;43;5654; ; ;0;1;0;0;0;0;0;0;0;0;0;0;0;0;0;0;0;5606;CUPECE, AV;;;22;CIDADE ADEMAR;1;0
D051302239;34273;MORAIS COSTA, AV;;;767;;27/05/2013 18:00;2;CO;70;5638; ; ;2;0;0;0;0;0;0;0;0;0;0;0;0;0;0;0;0;34273;MORAIS COSTA, AV;;;56;PARELHEIROS;2;0
D051300072;4659;CAXIAS, AV DUQ DE;16321;PIRACICABA, AL BR DE;0;;27/05/2013 18:15;2;SI;3;3205; ; ;1;1;0;0;0;0;0;0;0;0;0;0;0;0;0;0;0;4659;CAXIAS, AV DUQ DE;16321;PIRACICABA, AL BR DE;67;REPUBLICA;1;0
D051300794;65051;FRANCISCO DA CUNHA MENEZES, RUA;;;120;;27/05/2013 18:30;4;AT;46;2484; ; ;1;0;0;0;0;0;0;0;0;0;0;0;0;0;0;0;0;65051;FRANCISCO DA CUNHA MENEZES, RUA;;;52;MARSILAC;2;0
D051301056;3637;BRAZ LEME, AV;;;1500;;27/05/2013 19:00;4;AA;13;5920;B; ;0;1;0;0;0;0;0;0;0;0;0;0;0;0;0;0;0;3637;BRAZ LEME, AV;;;21;CASA VERDE;1;0
D051300203;543;ALCANTARA MACHADO, AV;3653;BRESSER, RUA;0;;27/05/2013 19:01;2;CH;8;4191; ; ;1;0;0;0;0;0;0;0;0;0;0;0;0;0;0;0;0;543;ALCANTARA MACHADO, AV;3653;BRESSER, RUA;54;MOOCA;1;0
D051302238;22002;FREDERICO M. DA COSTA CARVALHO, AV DR;;;320;;27/05/2013 19:30;4;AT;70;5636; ; ;0;0;1;0;0;0;0;0;0;0;0;0;0;0;0;0;0;22002;FREDERICO M. DA COSTA CARVALHO, AV DR;;;56;PARELHEIROS;1;0
D051300201;11492;KENNEDY, PCA PRES;;;20;;27/05/2013 19:55;2;CO;8;4187; ; ;1;1;0;0;0;0;0;0;0;0;0;0;0;0;0;0;0;11492;KENNEDY, PCA PRES;;;54;MOOCA;1;0
D051300202;543;ALCANTARA MACHADO, AV;;;0;PROXIMO  - ALVARO RAM;27/05/2013 20:00;4;AT;8;4190; ; ;0;0;0;0;0;0;0;0;1;0;0;0;0;0;0;0;0;543;ALCANTARA MACHADO, AV;;;10;BRAS;1;0
D051301268;6450;EMILIO CARLOS, AV DEP;;;3500;;27/05/2013 20:05;2;CT;40;5925; ; ;2;0;0;0;0;0;0;0;0;0;0;0;0;0;0;0;0;6450;EMILIO CARLOS, AV DEP;;;50;LIMAO;1;0
D051301608;3203;BENTA VIEIRA, PCA DONA;9384;ISABEL SCHMIDT, RUA;0;;27/05/2013 20:15;4;AT;11;6144; ; ;1;0;0;0;0;0;0;0;0;0;0;0;0;0;0;0;0;3203;BENTA VIEIRA, PCA DONA;9384;ISABEL SCHMIDT, RUA;72;SANTO AMARO;1;0
D051301285;11665;LAZARO AMANCIO DE BARROS, ES;;;87;;27/05/2013 20:20;4;AT;45;4869; ; ;1;0;0;0;0;0;0;0;0;0;0;0;0;0;0;0;0;11665;LAZARO AMANCIO DE BARROS, ES;;;11;BRASILANDIA;1;0
D051300916;13014;MARGINAL DO RIO PINHEIROS, AV;;;0;ACESSO  - PTE JOAO D;27/05/2013 20:30;2;CO;89;4707; ; ;1;1;0;0;0;0;0;0;0;0;0;0;0;0;0;0;0;13014;MARGINAL DO RIO PINHEIROS, AV;;;40;JAGUARE;1;0
D051301503;27094;SALIM FARAH MALUF, AV;;;217;;27/05/2013 23:48;4;AT;52;6025; ; ;0;0;0;0;0;0;0;0;0;0;0;0;0;0;0;1;0;27094;SALIM FARAH MALUF, AV;;;82;TATUAPE;1;0
D051301166;17171;RIO VERDE, RUA;21926;HERMENEGILDO DE BARROS, RUA MIN;0;;28/05/2013 00:00;2;CO;28;5929; ; ;1;1;0;0;0;0;0;0;0;0;0;0;0;0;0;0;0;10212;JOAO CORDEIRO, RUA;21926;HERMENEGILDO DE BARROS, RUA MIN;  ;;1;0
D051302335;1196;ANA NERI, RUA DONA;6642;ESTADO, AV DO;0;;28/05/2013 00:42;2;CH;6;7514; ; ;1;0;0;0;0;0;0;0;0;0;0;0;0;0;0;0;0;1196;ANA NERI, RUA DONA;6642;ESTADO, AV DO;  ;;2;1
D051300253;8771;HIGIENOPOLIS, AV;1356;ANGELICA, AV;0;;28/05/2013 03:23;2;CO;77;3207; ; ;1;1;0;0;0;0;0;0;0;0;0;0;0;0;0;0;0;1356;ANGELICA, AV;8771;HIGIENOPOLIS, AV;26;CONSOLACAO;2;0
D051301825;16247;PINEDO, AV DE;;;652;;28/05/2013 06:15;2;CO;102;1484; ; ;1;1;0;0;0;0;0;0;0;0;0;0;0;0;0;0;0;16247;PINEDO, AV DE;;;32;IGUATEMI;1;0
D051302108;9044;RAGUEB CHOHFI, AV;;;2100;;28/05/2013 06:50;2;CT;49;7394; ; ;1;0;1;0;0;0;0;0;0;0;0;0;0;0;0;0;0;9044;RAGUEB CHOHFI, AV;;;32;IGUATEMI;2;0
D051302268;4896;CHICO PONTES, RUA;10622;JOAQUINA RAMALHO, AV;0;;28/05/2013 06:50;2;CV;9;3004; ; ;1;1;0;0;0;0;0;0;0;0;0;0;0;0;0;0;0;4896;CHICO PONTES, RUA;10622;JOAQUINA RAMALHO, AV;88;VILA GUILHERME;1;1
D051300859;20507;CANDIDO FONTOURA, RUA;;;888;;28/05/2013 07:00;2;CO;75;1826; ; ;2;1;0;0;0;0;0;0;0;0;0;0;0;0;0;0;0;20507;CANDIDO FONTOURA, RUA;;;13;CACHOEIRINHA;1;0
D051302053;11091;JOSE MARTINIANO DE ALENCAR, RUA;;;0;NADA CONSTA ;28/05/2013 07:20;2;CO;41;2708; ; ;1;1;0;0;0;0;0;0;0;0;0;0;0;0;0;0;0;11091;JOSE MARTINIANO DE ALENCAR, RUA;;;4;ARICANDUVA;1;0
D051301057;20878;LEITAO DE CARVALHO, RUA MAL;;;65;;28/05/2013 07:30;4;AT;13;5937; ; ;0;1;0;0;0;0;0;0;0;0;0;0;0;0;0;0;0;20878;LEITAO DE CARVALHO, RUA MAL;;;8;BELEM;1;0
D051301867;13881;MIGUEL, AV S;;;1591;;28/05/2013 08:00;2;CT;24;5774; ; ;1;1;0;0;0;0;0;0;0;0;0;0;0;0;0;0;0;13881;MIGUEL, AV S;;;65;PONTE RASA;1;0
D051300917;8000;GIOVANNI GRONCHI, AV;;;5340;;28/05/2013 08:20;2;CO;89;4720; ; ;1;1;0;0;0;0;0;0;0;0;0;0;0;0;0;0;0;8000;GIOVANNI GRONCHI, AV;;;55;MORUMBI;1;0
D051301460;4144;CANTAGALO, RUA;1657;ANTONIO DE BARROS, RUA;0;;28/05/2013 08:30;2;CL;30;2787; ; ;1;1;0;0;0;0;0;0;0;0;0;0;0;0;0;0;0;1657;ANTONIO DE BARROS, RUA;4144;CANTAGALO, RUA;82;TATUAPE;1;0
D051300641;13464;MARIO DE ANDRADE, RUA;15270;PACAEMBU, AV;0;;28/05/2013 08:40;4;AT;23;3028; ; ;0;0;0;0;0;0;0;1;0;0;0;0;0;0;0;0;0;15270;PACAEMBU, AV;19624;VICENTE CELESTINO, PCA;70;SANTA CECILIA;1;0