id_acidente;codloga;logradouroA;codlogb;logradouroB;alt_num;referencia;data;cod_acid;tipo_acidente;dp;numero_BO;sentido;pista;automovel;moto;onibus;caminhao;bicicleta;moto_taxi;onibus_fretado;onibus_urbano;microonibus;van;vuc;caminhonete;carreta;jipe;outros;sem_informacao;carroca;princ_a;paiA;princ_b;paiB;cod_distrito;distrito;vit_ferida;vit_morta
D051301612;10918;JOSE DINIZ, AV VER;;;500;;29/05/2013 16:15;2;CO;11;7354; ; ;5;0;0;0;0;0;0;0;0;0;0;0;0;0;0;0;0;10918;JOSE DINIZ, AV VER;;;15;CAMPO BELO;1;0
D051301670;75474;CANTOS DO AMANHECER, AV;;;86;;29/05/2013 16:38;4;AT;47;6641; ; ;0;1;0;0;0;0;0;0;0;0;0;0;0;0;0;0;0;75474;CANTOS DO AMANHECER, AV;;;29;FREGUESIA DO O;1;0
D051301275;34562;JOAO PAULO I, AV;65487;GONGORISMO, RUA DO;0;;29/05/2013 17:05;2;SI;45;1379;B; ;1;1;0;0;0;0;0;0;0;0;0;0;0;0;0;0;0;34562;JOAO PAULO I, AV;65487;GONGORISMO, RUA DO;  ;;2;0
D051302154;26565;SOUZA RAMOS, AV;;;452;;29/05/2013 17:30;4;AT;54;7470; ; ;0;1;0;0;0;0;0;0;0;0;0;0;0;0;0;0;0;26565;SOUZA RAMOS, AV;;;50;LIMAO;1;0
D051300918;13014;MARGINAL DO RIO PINHEIROS, AV;;;0;PROXIMO  - PTE CIDADE;29/05/2013 18:00;2;CO;89;4763; ; ;1;1;0;0;0;0;0;0;0;0;0;0;0;0;0;0;0;13014;MARGINAL DO RIO PINHEIROS, AV;;;40;JAGUARE;2;0
D051300830;12502;MAGALHAES DE CASTRO, AV;;;332;;29/05/2013 18:20;2;CO;51;5212; ; ;0;1;0;0;0;0;0;0;0;0;0;1;0;0;0;0;0;13014;MARGINAL DO RIO PINHEIROS, AV;;;12;BUTANTA;1;0
D051300073;9276;IPIRANGA, AV;;;0;NADA CONSTA ;29/05/2013 18:20;4;AT;3;3240; ; ;0;1;0;0;0;0;0;0;0;0;0;0;0;0;0;0;0;9276;IPIRANGA, AV;;;67;REPUBLICA;1;0
D051301130;15446;PEDRO DE ABREU, RUA;;;127;;29/05/2013 18:20;4;AT;20;5027; ; ;1;0;0;0;0;0;0;0;0;0;0;0;0;0;0;0;0;15446;PEDRO DE ABREU, RUA;;;22;CIDADE ADEMAR;1;0
D051301472;7645;FRONTIN, AV CD DE;;;0;NADA CONSTA ;29/05/2013 18:30;2;CT;30;3264; ; ;1;1;0;0;0;0;0;0;0;0;0;0;0;0;0;0;0;7645;FRONTIN, AV CD DE;;;93;VILA MATILDE;1;0
D051300162;120;ACLIMACAO, AV DA;;;744;;29/05/2013 18:58;2;CO;6;4250; ; ;1;0;0;0;0;0;0;1;0;0;0;0;0;0;0;0;0;120;ACLIMACAO, AV DA;;;49;LIBERDADE;1;0
D051300060;4659;CAXIAS, AV DUQ DE;;;30;;29/05/2013 19:00;2;CO;3;2361; ; ;1;0;0;0;1;0;0;0;0;0;0;0;0;0;0;0;0;4659;CAXIAS, AV DUQ DE;;;67;REPUBLICA;1;0
D051300271;630;ALEXANDRE DE GUSMAO, PCA;10004;JAU, AL;0;;29/05/2013 19:04;2;CF;78;463; ; ;1;1;0;0;0;0;0;0;0;0;0;0;0;0;0;0;0;630;ALEXANDRE DE GUSMAO, PCA;10004;JAU, AL;44;JARDIM PAULISTA;2;0
D051300937;11630;LAURINDO DE BRITO, RUA;;;0;NADA CONSTA ;29/05/2013 19:15;2;CO;91;3928; ; ;1;1;0;0;0;0;0;0;0;0;0;0;0;0;0;0;0;11630;LAURINDO DE BRITO, RUA;;;48;LAPA;1;0
D051300209;543;ALCANTARA MACHADO, AV;;;2115;;29/05/2013 19:30;4;AT;8;4249; ; ;1;0;0;0;0;0;0;0;0;0;0;0;0;0;0;0;0;543;ALCANTARA MACHADO, AV;;;10;BRAS;1;0
D051302173;60011;IRACITAN COIMBRA, AV SARG;;;130;;29/05/2013 19:30;4;AT;55;7475; ; ;1;0;0;0;0;0;0;0;0;0;0;0;0;0;0;0;0;60011;IRACITAN COIMBRA, AV SARG;;;55;MORUMBI;1;0
D051302109;13671;MATEO BEI, AV;;;1250;;29/05/2013 20:00;4;AT;49;7469; ; ;1;0;0;0;0;0;0;0;0;0;0;0;0;0;0;0;0;13671;MATEO BEI, AV;;;75;SAO MATEUS;1;0
D051301403;4736;CELSO GARCIA, AV;44299;AIRTON PRETINI, AV;0;;29/05/2013 20:00;2;CO;10;6114; ; ;1;0;1;0;0;0;0;0;0;0;0;0;0;0;0;0;0;4736;CELSO GARCIA, AV;44299;AIRTON PRETINI, AV;82;TATUAPE;1;0
D051300890;27342;JENNY BONILHA COSTIVELLI, RUA;;;0;NADA CONSTA ;29/05/2013 20:20;4;AT;87;5097; ; ;0;0;0;1;0;0;0;0;0;0;0;0;0;0;0;0;0;27342;JENNY BONILHA COSTIVELLI, RUA;;;0;NULL;1;0
D051301789;13035;MIGUEL YUNES, RUA;;;800;;29/05/2013 20:36;2;CO;99;6219; ; ;1;1;0;0;0;0;0;0;0;0;0;0;0;0;0;0;0;13035;MIGUEL YUNES, RUA;;;16;CAMPO GRANDE;1;0
D051302270;12165;LUIS ANTONIO, AV BRIG;;;966;;29/05/2013 20:40;4;AT;77;3276;B; ;1;0;0;0;0;0;0;0;0;0;0;0;0;0;0;0;0;12165;LUIS ANTONIO, AV BRIG;;;  ;;0;1
D051301973;46936;JACU-PESSEGO/NOVA TRABALHADORE, AV;;;777;;29/05/2013 21:15;2;CO;63;4391; ; ;1;1;0;0;0;0;0;0;0;0;0;0;0;0;0;0;0;46936;JACU-PESSEGO/NOVA TRABALHADORE, AV;;;46;JOSE BONIFACIO;2;0
D051301169;36284;PETRONIO PORTELA, AV MIN;;;181;;29/05/2013 22:00;2;CF;28;6010; ; ;1;1;0;0;0;0;0;0;0;0;0;0;0;0;0;0;0;36284;PETRONIO PORTELA, AV MIN;;;4;ARICANDUVA;1;0
D051300272;15372;PAMPLONA, RUA;7306;FRANCA, AL;0;;29/05/2013 22:10;2;CO;78;4606; ; ;2;0;0;0;0;0;0;0;0;0;0;0;0;0;0;0;0;7306;FRANCA, AL;15372;PAMPLONA, RUA;44;JARDIM PAULISTA;1;0
D051302035;16679;PUCCI, RUA CAP;4406;CARLOS ROBERTO, RUA;0;;29/05/2013 22:20;2;CO;68;6704; ; ;0;1;0;0;0;0;0;0;0;0;0;0;0;0;0;0;0;4406;CARLOS ROBERTO, RUA;16679;PUCCI, RUA CAP;47;LAJEADO;1;0
D051300871;16878;RAPOSO TAVARES, VIA;;;20000;;29/05/2013 22:38;4;AT;75;4771; ; ;0;0;0;0;0;0;0;1;0;0;0;0;0;0;0;0;0;16878;RAPOSO TAVARES, VIA;;;13;CACHOEIRINHA;1;0
D051300919;8000;GIOVANNI GRONCHI, AV;;;2500;;29/05/2013 22:53;4;AT;89;4772; ; ;1;0;0;0;0;0;0;0;0;0;0;0;0;0;0;0;0;8000;GIOVANNI GRONCHI, AV;;;55;MORUMBI;1;0
D051301088;8478;GUILHERME COTCHING, AV;;;1203;;29/05/2013 23:00;4;AT;19;5031; ; ;1;0;0;0;0;0;0;0;0;0;0;0;0;0;0;0;0;8478;GUILHERME COTCHING, AV;;;91;VILA MARIA;1;0
D051301433;2181;ARICANDUVA, AV;19221;TUMUCUMAQUE, RUA;0;;29/05/2013 23:00;2;CO;21;6117; ; ;2;0;0;0;0;0;0;0;0;0;0;0;0;0;0;0;0;2181;ARICANDUVA, AV;19221;TUMUCUMAQUE, RUA;20;CARRAO;2;0
D051301702;34824;ZIKE TUMA, RUA;;;156;;29/05/2013 23:04;4;AT;80;5713; ; ;1;0;0;0;0;0;0;0;0;0;0;0;0;0;0;0;0;34824;ZIKE TUMA, RUA;;;29;FREGUESIA DO O;1;0
D051300686;14350;MUTINGA, AV;;;3015;;29/05/2013 23:05;2;CO;33;5102; ; ;0;0;0;0;0;0;0;1;0;0;0;0;0;0;0;0;0;14350;MUTINGA, AV;;;64;PIRITUBA;2;0
D051300240;4736;CELSO GARCIA, AV;5444;COSTA VALENTE, RUA DR;0;;29/05/2013 23:20;2;CH;12;4256; ; ;1;0;0;0;0;0;0;0;0;0;0;0;0;0;0;0;0;4736;CELSO GARCIA, AV;5444;COSTA VALENTE, RUA DR;10;BRAS;1;0
D051300241;18197;SILVA TELES, RUA;10528;JOAQUIM CARLOS, RUA;0;;29/05/2013 23:22;2;CO;12;4257; ; ;1;0;1;0;0;0;0;0;0;0;0;0;0;0;0;0;0;10528;JOAQUIM CARLOS, RUA;18197;SILVA TELES, RUA;57;PARI;3;0
D051302112;9044;RAGUEB CHOHFI, AV;;;2000;;29/05/2013 23:30;2;CO;49;900105; ; ;3;0;0;0;0;0;0;0;0;0;0;0;0;0;0;0;0;9044;RAGUEB CHOHFI, AV;;;32;IGUATEMI;1;0
D051300729;7500;FRANCISCO MORATO, AV PROF;;;5500;;29/05/2013 23:33;2;CO;34;4774; ; ;1;1;0;0;0;0;0;0;0;0;0;0;0;0;0;0;0;7500;FRANCISCO MORATO, AV PROF;;;12;BUTANTA;1;0
D051301521;15047;ORFANATO, RUA;;;700;;29/05/2013 23:40;2;CF;56;3595; ; ;0;1;0;0;0;0;0;0;0;0;0;1;0;0;0;0;0;15047;ORFANATO, RUA;;;33;IPIRANGA;2;0
D051301212;16848;RAMAL DOS MENEZES, RUA;;;566;;29/05/2013 23:45;2;CO;38;4927; ; ;2;0;0;0;0;0;0;0;0;0;0;0;0;0;0;0;0;16848;RAMAL DOS MENEZES, RUA;;;8;BELEM;2;0
D051301333;12307;LUIS STAMATIS, AV;;;875;;30/05/2013 00:01;2;CO;73;5778; ; ;1;0;0;0;1;0;0;0;0;0;0;0;0;0;0;0;0;12307;LUIS STAMATIS, AV;;;38;JACANA;1;0
D051301748;10270;JOAO DIAS, AV;;;3551;;30/05/2013 01:00;2;CH;92;6654; ; ;1;0;0;0;0;0;0;0;0;0;0;0;0;0;0;0;0;10270;JOAO DIAS, AV;;;72;SANTO AMARO;1;0
D051301060;19884;VOLUNTARIOS DA PATRIA, RUA;5741;DARZAN, RUA;0;;30/05/2013 02:00;4;AT;13;6014; ; ;1;0;0;0;0;0;0;0;0;0;0;0;0;0;0;0;0;3637;BRAZ LEME, AV;19884;VOLUNTARIOS DA PATRIA, RUA;71;SANTANA;2;0
D051301671;9529;ITAPECERICA, ES DE;;;8000;;30/05/2013 02:40;2;CO;47;6658; ; ;1;1;0;0;0;0;0;0;0;0;0;0;0;0;0;0;0;9529;ITAPECERICA, ES DE;;;29;FREGUESIA DO O;1;0
D051301790;9220;INTERLAGOS, AV;;;1346;;30/05/2013 03:00;2;CO;99;6225; ; ;1;0;0;0;0;0;0;0;0;0;0;1;0;0;0;0;0;9220;INTERLAGOS, AV;;;16;CAMPO GRANDE;1;0
D051301213;7347;FRANCISCO RANIERI, AV DR;;;812;;30/05/2013 03:00;2;CH;38;4933; ; ;1;0;0;0;0;0;0;0;0;0;0;0;0;0;0;0;0;7347;FRANCISCO RANIERI, AV DR;;;51;MANDAQUI;1;0
D051300656;4561;CASTELO BRANCO, AV PRES;18908;TOMAS EDSON, AV;0;;30/05/2013 03:19;2;CH;23;3935; ; ;1;0;0;0;0;0;0;0;0;0;0;0;0;0;0;0;0;4561;CASTELO BRANCO, AV PRES;18908;TOMAS EDSON, AV;6;BARRA FUNDA;1;0
D051301170;3771;INAJAR DE SOUZA, AV;;;2963;;30/05/2013 04:00;2;CO;28;6026; ; ;1;0;0;1;0;0;0;0;0;0;0;0;0;0;0;0;0;3771;INAJAR DE SOUZA, AV;;;50;LIMAO;2;0
D051300378;19100;BANDEIRANTES, AV DOS;;;986;;30/05/2013 05:13;2;CO;27;5726; ; ;1;0;0;1;0;0;0;0;0;0;0;0;0;0;0;0;0;19100;BANDEIRANTES, AV DOS;;;24;CIDADE LIDER;1;0
D051301974;13881;MIGUEL, AV S;;;8208;;30/05/2013 06:00;2;CT;63;4402; ; ;1;0;0;0;0;0;0;0;0;0;0;0;0;0;0;1;0;13881;MIGUEL, AV S;;;65;PONTE RASA;4;0
D051300273;2497;AUGUSTA, RUA;15656;PAULISTA, AV;0;;30/05/2013 06:30;4;AT;78;4615; ; ;1;0;0;0;0;0;0;0;0;0;0;0;0;0;0;0;0;2497;AUGUSTA, RUA;15656;PAULISTA, AV;26;CONSOLACAO;1;0
D051302014;12156;LUIZ AYRES, RUA DR;;;2500;;30/05/2013 06:47;2;CO;65;5840;B; ;2;1;0;0;0;0;0;0;1;0;0;0;0;0;0;0;0;12156;LUIZ AYRES, RUA DR;;;5;ARTUR ALVIM;4;0
D051301849;17820;TITO, AV MAL;;;794;;30/05/2013 07:06;2;CT;22;4407; ; ;1;0;1;0;0;0;0;1;0;0;0;0;0;0;0;0;0;17820;TITO, AV MAL;;;53;MOEMA;2;0
D051300848;16878;RAPOSO TAVARES, VIA;;;12000;;30/05/2013 09:15;2;CH;51;5493; ; ;1;0;0;0;0;0;0;0;0;0;0;0;0;0;0;0;0;16878;RAPOSO TAVARES, VIA;;;13;CACHOEIRINHA;2;0
D051300586;8714;HENRIQUE SCHAUMANN, RUA;33683;PAULO VI, AV;0;;30/05/2013 09:20;2;CO;14;5495; ; ;0;1;0;0;1;0;0;0;0;0;0;0;0;0;0;0;0;2400;ASIA, RUA;8714;HENRIQUE SCHAUMANN, RUA;63;PINHEIROS;1;0
D051300242;6642;ESTADO, AV DO;18993;TIRADENTES, AV;0;;30/05/2013 11:40;2;CO;12;4262; ; ;1;1;0;0;0;0;0;0;0;0;0;0;0;0;0;0;0;6642;ESTADO, AV DO;18993;TIRADENTES, AV;9;BOM RETIRO;2;0
D051300056;17799;SANTOS DUMONT, AV;10714;JORGE VELHO, RUA;0;;30/05/2013 14:20;2;CO;2;3267; ; ;1;1;0;0;0;0;0;0;0;0;0;0;0;0;0;0;0;10714;JORGE VELHO, RUA;17799;SANTOS DUMONT, AV;9;BOM RETIRO;1;0
D051300587;18813;TEODORO SAMPAIO, RUA;;;2829;;30/05/2013 14:45;2;CO;14;5509; ; ;1;1;0;0;0;0;0;0;0;0;0;0;0;0;0;0;0;18813;TEODORO SAMPAIO, RUA;;;20;CARRAO;2;0
D051301703;70902;NELSON MONTEIRO DE CARVALHO, RUA DR;;;136;;30/05/2013 15:15;4;AT;80;5738; ; ;1;0;0;0;0;0;0;0;0;0;0;0;0;0;0;0;0;70902;NELSON MONTEIRO DE CARVALHO, RUA DR;;;29;FREGUESIA DO O;2;0
D051302269;45342;ANFITRIAO, RUA;45341;AQUINO, RUA DOM;0;;30/05/2013 16:09;2;CL;72;4950; ; ;0;1;1;0;0;0;0;0;0;0;0;0;0;0;0;0;0;45341;AQUINO, RUA DOM;45342;ANFITRIAO, RUA;13;CACHOEIRINHA;0;1
D051302036;11543;LAGEADO VELHO, ES DO;;;1444;;30/05/2013 16:20;2;CO;68;6750; ; ;0;1;0;0;0;0;0;0;0;0;0;1;0;0;0;0;0;11543;LAGEADO VELHO, ES DO;;;47;LAJEADO;1;0
D051302201;76066;FAUSTO GUEDES TEIXEIRA, RUA;;;226;;30/05/2013 16:30;2;CF;66;3832; ; ;1;0;0;0;0;0;0;0;0;0;0;1;0;0;0;0;0;76066;FAUSTO GUEDES TEIXEIRA, RUA;;;38;JACANA;1;0
D051302240;17824;SAPOPEMBA, AV;;;8600;;30/05/2013 16:45;2;CF;70;5758; ; ;1;1;0;0;0;0;0;0;0;0;0;0;0;0;0;0;0;17824;SAPOPEMBA, AV;;;33;IPIRANGA;1;0
D051302110;2181;ARICANDUVA, AV;68283;CAETANO RODRIGUES, RUA;0;;30/05/2013 17:40;2;CL;49;7548; ; ;1;1;0;0;0;0;0;0;0;0;0;0;0;0;0;0;0;2181;ARICANDUVA, AV;68283;CAETANO RODRIGUES, RUA;75;SAO MATEUS;1;0
D051301776;7917;GERALDO SANT'ANA, AV SARG;;;200;;30/05/2013 18:00;2;CO;99;2350; ; ;1;1;0;0;0;0;0;0;0;0;0;0;0;0;0;0;0;7917;GERALDO SANT'ANA, AV SARG;;;16;CAMPO GRANDE;1;0
D051300767;16339;CARLOS LACERDA, AV;;;2131;;30/05/2013 18:30;2;CO;37;4259; ; ;1;1;0;0;0;0;0;0;0;0;0;0;0;0;0;0;0;16339;CARLOS LACERDA, AV;;;29;FREGUESIA DO O;1;0
D051301749;12134;ANTONIO RAMOS ROSA, RUA;;;70;;30/05/2013 18:40;2;CO;92;6691; ; ;1;1;0;0;0;0;0;0;0;0;0;0;0;0;0;0;0;12134;ANTONIO RAMOS ROSA, RUA;;;45;JARDIM SAO LUIS;1;0
D051301132;18151;SEZEFREDO FAGUNDES, AV CEL;;;2250;;30/05/2013 19:12;2;SI;20;5097; ; ;0;1;0;0;0;0;0;0;0;0;0;0;0;0;0;0;0;18151;SEZEFREDO FAGUNDES, AV CEL;;;22;CIDADE ADEMAR;1;0
D051300768;99949;CARLOS CALDEIRA FILHO, AV;;;190;;30/05/2013 19:30;2;CO;37;4272; ; ;1;1;0;0;0;0;0;0;0;0;0;0;0;0;0;0;0;99949;CARLOS CALDEIRA FILHO, AV;;;19;CAPAO REDONDO;1;0
D051302271;16305;ANTONELO DA MESSINA, AV;;;222;;30/05/2013 19:38;2;CH;73;5813; ; ;1;0;0;0;0;0;0;0;0;0;0;0;0;0;0;0;0;16305;ANTONELO DA MESSINA, AV;;;83;TREMEMBE;4;1
D051300872;99658;CACHOEIRA PORAQUE, RUA;;;16;;30/05/2013 20:00;4;AT;75;4879; ; ;0;1;0;0;0;0;0;0;0;0;0;0;0;0;0;0;0;99658;CACHOEIRA PORAQUE, RUA;;;13;CACHOEIRINHA;2;0
D051301286;15791;ORLANDO GARCIA DA SILVEIRA, AV PDE;;;366;;30/05/2013 20:00;4;AT;45;4957;C; ;1;0;0;0;0;0;0;0;0;0;0;0;0;0;0;0;0;15791;ORLANDO GARCIA DA SILVEIRA, AV PDE;;;40;JAGUARE;1;0
D051301548;4736;CELSO GARCIA, AV;3072;BELEM, RUA;0;;30/05/2013 20:00;2;CO;81;3289; ; ;0;0;1;1;0;0;0;0;0;0;0;0;0;0;0;0;0;3072;BELEM, RUA;4736;CELSO GARCIA, AV;8;BELEM;1;0
D051301530;9593;ITAQUERI, RUA;906;ALVARO RAMOS, AV;0;;30/05/2013 20:15;2;CO;57;3617; ; ;1;0;0;0;0;0;0;0;0;0;0;1;0;0;0;0;0;906;ALVARO RAMOS, AV;9593;ITAQUERI, RUA;8;BELEM;3;0
D051302302;1247;ANCHIETA, VIA;;;1162;;30/05/2013 20:43;4;AT;26;4780; ; ;1;0;0;0;0;0;0;0;0;0;0;0;0;0;0;0;0;1247;ANCHIETA, VIA;;;33;IPIRANGA;0;1
D051301504;27094;SALIM FARAH MALUF, AV;;;300;;30/05/2013 20:52;2;CH;52;6148; ; ;2;0;0;0;0;0;0;0;0;0;0;0;0;0;0;0;0;27094;SALIM FARAH MALUF, AV;;;82;TATUAPE;2;0
D051301133;13133;MARIA AMALIA LOPES AZEVEDO, RUA;;;1300;;30/05/2013 21:00;4;AT;20;5063; ; ;0;0;0;0;0;0;0;0;0;0;0;1;0;0;0;0;0;13133;MARIA AMALIA LOPES AZEVEDO, RUA;;;83;TREMEMBE;1;0
D051301611;10270;JOAO DIAS, AV;21251;RUBENS GOMES BUENO, RUA DR;0;;30/05/2013 21:15;4;AT;11;6260; ; ;1;0;0;0;0;0;0;0;0;0;0;0;0;0;0;0;0;10270;JOAO DIAS, AV;21251;RUBENS GOMES BUENO, RUA DR;72;SANTO AMARO;1;0
D051301214;9170;INES, AV STA;;;1600;;30/05/2013 21:17;2;CF;38;4960; ; ;2;0;0;0;0;0;0;0;0;0;0;0;0;0;0;0;0;9170;INES, AV STA;;;51;MANDAQUI;1;0
D051301061;9078;IMIRIM, AV;;;1036;;30/05/2013 21:45;2;CO;13;6043; ; ;1;0;0;0;0;0;0;1;0;0;0;0;0;0;0;0;0;9078;IMIRIM, AV;;;71;SANTANA;2;0
D051301250;7474;FRANCISCO LIPI, RUA;;;636;;30/05/2013 22:10;2;QM;39;5817; ; ;0;1;0;0;0;0;0;0;0;0;0;0;0;0;0;0;0;7474;FRANCISCO LIPI, RUA;;;84;TUCURUVI;1;0
D051300164;19163;TRILHOS, RUA DOS;12916;MARCIAL, RUA;0;;30/05/2013 22:30;2;QM;8;2204; ; ;0;1;0;0;0;0;0;0;0;0;0;0;0;0;0;0;0;12916;MARCIAL, RUA;19163;TRILHOS, RUA DOS;54;MOOCA;1;0
D051302272;16305;ANTONELO DA MESSINA, AV;;;700;;30/05/2013 22:40;2;CO;73;5819; ; ;0;0;1;0;1;0;0;0;0;0;0;0;0;0;0;0;0;16305;ANTONELO DA MESSINA, AV;;;83;TREMEMBE;0;1
D051300379;9309;IRAI, AV;11426;JURUPIS, AL DOS;0;;30/05/2013 22:51;2;CO;27;5741; ; ;2;0;0;0;0;0;0;0;0;0;0;0;0;0;0;0;0;9309;IRAI, AV;11426;JURUPIS, AL DOS;53;MOEMA;1;0
D051301816;15507;TEOTONIO VILELA, AV SEN;;;6799;;30/05/2013 23:30;4;AT;101;4141; ; ;1;0;0;0;0;0;0;0;0;0;0;0;0;0;0;0;0;15507;TEOTONIO VILELA, AV SEN;;;23;CIDADE DUTRA;1;0
D051301404;43777;CARVALHO PINTO, AV GOV;13783;MEIRELES, RUA CEL;0;;30/05/2013 23:52;2;CO;10;6151; ; ;2;0;0;0;0;0;0;0;0;0;0;0;0;0;0;0;0;13783;MEIRELES, RUA CEL;43777;CARVALHO PINTO, AV GOV;60;PENHA;1;0
D051301997;98965;CALIM EID, AV;;;2217;;31/05/2013 00:15;2;CO;64;5875; ; ;1;0;0;0;0;0;0;1;0;0;0;0;0;0;0;0;0;98965;CALIM EID, AV;;;60;PENHA;1;0
D051301539;35211;GUILHERME GIORGI, AV;;;1839;;31/05/2013 05:00;2;CO;58;3296; ; ;2;0;0;0;0;0;0;0;0;0;0;0;0;0;0;0;0;35211;GUILHERME GIORGI, AV;;;27;CURSINO;1;0
D051301684;15507;TEOTONIO VILELA, AV SEN;;;304;;31/05/2013 05:20;2;CO;48;2051; ; ;1;1;0;0;0;0;0;0;0;0;0;0;0;0;0;0;0;15507;TEOTONIO VILELA, AV SEN;;;23;CIDADE DUTRA;1;0
D051300092;18040;SERGIPE, RUA;;;478;;31/05/2013 05:45;2;CH;4;3802; ; ;1;0;0;0;0;0;0;0;0;0;0;0;0;0;0;0;0;18040;SERGIPE, RUA;;;7;BELA VISTA;1;0
D051300307;11958;LOEFGREEN, RUA;;;115;;31/05/2013 06:25;2;CT;16;7838;C; ;1;1;0;0;0;0;0;0;0;0;0;0;0;0;0;0;0;11958;LOEFGREEN, RUA;;;92;VILA MARIANA;1;0
D051302332;16838;RAIMUNDO PEREIRA DE MAGAL., AV;;;9960;;31/05/2013 06:30;2;CF;33;5741;C; ;2;0;0;0;0;0;0;0;0;0;0;0;0;0;0;0;0;16838;RAIMUNDO PEREIRA DE MAGAL., AV;;;  ;;3;1
D051300795;30847;GERTRUDES, RUA STA;;;106;;31/05/2013 06:32;2;CH;46;2504; ; ;0;0;0;1;0;0;0;0;0;0;0;0;0;0;0;0;0;30847;GERTRUDES, RUA STA;;;62;PERUS;1;0
D051301620;38479;ARRIBENHOS, RUA DOS;;;0;PROXIMO  - AV.PAULO G;31/05/2013 08:50;4;AT;25;1413; ; ;1;0;0;0;0;0;0;0;0;0;0;0;0;0;0;0;0;38479;ARRIBENHOS, RUA DOS;;;30;GRAJAU;1;0
D051300712;17822;SAPETUBA, RUA;;;211;;31/05/2013 08:50;2;CO;34;3231; ; ;1;1;0;0;0;0;0;0;0;0;0;0;0;0;0;0;0;17822;SAPETUBA, RUA;;;13;CACHOEIRINHA;1;0
D051301462;34122;MELO FREIRE, RUA;1657;ANTONIO DE BARROS, RUA;0;;31/05/2013 08:52;2;CH;30;2826; ; ;0;1;0;0;0;0;0;0;0;0;0;0;0;0;0;0;0;1657;ANTONIO DE BARROS, RUA;34122;MELO FREIRE, RUA;82;TATUAPE;1;0
D051300687;35449;BANDEIRANTES, VIA DOS;;;15;;31/05/2013 09:40;2;CO;33;5141; ; ;2;0;0;0;0;0;0;0;0;0;0;0;0;0;0;0;0;35449;BANDEIRANTES, VIA DOS;;;64;PIRITUBA;1;0
D051300454;1247;ANCHIETA, VIA;;;0;QUILOMETRO  - 10;31/05/2013 09:45;2;CO;95;2484; ; ;1;1;0;0;0;0;0;0;0;0;0;0;0;0;0;0;0;1247;ANCHIETA, VIA;;;33;IPIRANGA;1;0
D051301148;17171;RIO VERDE, RUA;;;556;;31/05/2013 09:45;4;AT;28;2899; ; ;0;0;0;0;0;0;0;0;0;0;0;1;0;0;0;0;0;17171;RIO VERDE, RUA;;;31;GUAIANASES;1;0
D051302006;9580;ITAQUERA, AV;;;7000;;31/05/2013 09:45;2;CO;65;1851;C; ;0;1;0;1;0;0;0;0;0;0;0;0;0;0;0;0;0;9580;ITAQUERA, AV;;;24;CIDADE LIDER;1;0
D051302221;98899;AUGUSTIN LUBERT, RUA;;;999;;31/05/2013 09:50;2;CO;69;5766; ; ;3;0;0;0;0;0;0;0;0;0;0;0;0;0;0;0;0;98899;AUGUSTIN LUBERT, RUA;;;75;SAO MATEUS;1;0
D051300588;31780;EUSEBIO MATOSO, PTE;;;1;;31/05/2013 10:05;2;CO;14;5532; ; ;1;1;0;0;0;0;0;0;0;0;0;0;0;0;0;0;0;31780;EUSEBIO MATOSO, PTE;;;45;JARDIM SAO LUIS;1;0
D051300093;33447;OKUHARA KOEI, VD;;;0;NADA CONSTA ;31/05/2013 11:00;4;AT;4;3813; ; ;1;0;0;0;0;0;0;0;0;0;0;0;0;0;0;0;0;33447;OKUHARA KOEI, VD;;;34;ITAIM BIBI;1;0
D051300057;4561;CASTELO BRANCO, AV PRES;;;55;;31/05/2013 11:00;2;CO;2;3283; ; ;0;1;0;1;0;0;0;0;0;0;0;0;0;0;0;0;0;29772;MARGINAL DO RIO TIETE, AV;;;6;BARRA FUNDA;1;0
D051302273;3813;CAETANO ALVARES, AV ENG;;;585;;31/05/2013 11:00;2;CH;40;1780; ; ;0;1;0;0;0;0;0;0;0;0;0;0;0;0;0;0;0;3813;CAETANO ALVARES, AV ENG;;;21;CASA VERDE;0;1
D051300966;8603;HEITOR ANTONIO EIRAS GARCIA, AV ENG;;;180;;31/05/2013 11:35;2;CH;93;3454; ; ;0;1;0;0;0;0;0;0;0;0;0;0;0;0;0;0;0;8603;HEITOR ANTONIO EIRAS GARCIA, AV ENG;;;68;RIO PEQUENO;1;0
D051301149;5947;EDGAR FACO, AV GAL;;;640;;31/05/2013 11:40;4;AT;28;2901; ; ;0;0;0;0;0;0;0;0;0;0;0;1;0;0;0;0;0;5947;EDGAR FACO, AV GAL;;;64;PIRITUBA;1;0
D051300380;19931;WASHINGTON LUIS, AV;;;0;ACESSO  - AEROPORTO ;31/05/2013 12:03;4;AT;27;5755; ; ;0;0;0;0;0;0;0;0;0;0;0;0;0;0;0;1;0;19931;WASHINGTON LUIS, AV;;;30;GRAJAU;1;0
D051300455;11562;LAGRIMAS, ES DAS;;;0;NADA CONSTA ;31/05/2013 12:10;2;CO;95;2495; ; ;1;0;0;0;1;0;0;0;0;0;0;0;0;0;0;0;0;11562;LAGRIMAS, ES DAS;;;69;SACOMA;1;0
D051301062;3813;CAETANO ALVARES, AV ENG;;;4800;;31/05/2013 12:30;2;CO;13;6066; ; ;1;1;0;0;0;0;0;0;0;0;0;0;0;0;0;0;0;3813;CAETANO ALVARES, AV ENG;;;21;CASA VERDE;1;0