id_acidente;codloga;logradouroA;codlogb;logradouroB;alt_num;referencia;data;cod_acid;tipo_acidente;dp;numero_BO;sentido;pista;automovel;moto;onibus;caminhao;bicicleta;moto_taxi;onibus_fretado;onibus_urbano;microonibus;van;vuc;caminhonete;carreta;jipe;outros;sem_informacao;carroca;princ_a;paiA;princ_b;paiB;cod_distrito;distrito;vit_ferida;vit_morta
D061302023;23678;ALZIRO ZARUR, AV;;;1945;;03/06/2013 14:30;4;AT;66;2372; ; ;1;0;0;0;0;0;0;0;0;0;0;0;0;0;0;0;0;23678;ALZIRO ZARUR, AV;;;0;NULL;1;0
D061300800;63084;JANDIATUBA, RUA;;;10;;03/06/2013 14:40;2;SI;89;4907; ; ;2;0;0;0;0;0;0;0;0;0;0;0;0;0;0;0;0;63084;JANDIATUBA, RUA;;;29;FREGUESIA DO O;1;0
D061301157;6224;EDU CHAVES, AV;;;821;;03/06/2013 15:00;4;AT;73;5955; ; ;0;1;0;0;0;0;0;0;0;0;0;0;0;0;0;0;0;6224;EDU CHAVES, AV;;;38;JACANA;2;0
D061302110;1702;ANTONIO ESTEVAO DE CARVALHO, AV;;;0;PROXIMO  - METRO PATR;03/06/2013 15:23;2;QM;10;6300; ; ;0;1;0;1;0;0;0;0;0;0;0;0;0;0;0;0;0;1702;ANTONIO ESTEVAO DE CARVALHO, AV;;;93;VILA MATILDE;0;1
D061301391;15047;ORFANATO, RUA;;;1366;;03/06/2013 15:48;2;CO;57;1235; ; ;2;0;0;0;0;0;0;0;0;0;0;0;0;0;0;0;0;15047;ORFANATO, RUA;;;33;IPIRANGA;1;0
D061301362;27094;SALIM FARAH MALUF, AV;;;400;;03/06/2013 16:00;2;CO;52;1912; ; ;0;1;0;0;0;0;0;0;1;0;0;0;0;0;0;0;0;27094;SALIM FARAH MALUF, AV;;;82;TATUAPE;1;0
D061301478;33015;SADAMU INOUE, AV;;;5067;;03/06/2013 16:00;2;CO;25;1488; ; ;1;1;0;0;0;0;0;0;0;0;0;0;0;0;0;0;0;33015;SADAMU INOUE, AV;;;76;SAO MIGUEL;1;0
D061301931;19012;TITA RUFFO, RUA;;;612;;03/06/2013 16:11;4;AT;49;7740; ; ;0;1;0;0;0;0;0;0;0;0;0;0;0;0;0;0;0;19012;TITA RUFFO, RUA;;;55;MORUMBI;1;0
D061302030;9580;ITAQUERA, AV;;;2400;;03/06/2013 16:45;2;CO;66;3935; ; ;2;0;1;0;0;0;0;0;0;0;0;1;0;0;0;0;0;9580;ITAQUERA, AV;;;24;CIDADE LIDER;1;0
D061300203;2497;AUGUSTA, RUA;;;2024;;03/06/2013 17:03;4;AT;78;4762;B; ;1;0;0;0;0;0;0;0;0;0;0;0;0;0;0;0;0;2497;AUGUSTA, RUA;;;26;CONSOLACAO;1;0
D061301358;4736;CELSO GARCIA, AV;;;5868;;03/06/2013 17:36;2;CO;52;1689; ; ;0;1;0;1;0;0;0;0;0;0;0;0;0;0;0;0;0;4736;CELSO GARCIA, AV;;;82;TATUAPE;1;0
D061301819;14917;OLAVO EGIDIO DE SOUZA ARANHA, AV;17424;ROSA MENDES, RUA;0;;03/06/2013 17:55;4;AT;62;6327; ; ;0;1;0;0;0;0;0;0;0;0;0;0;0;0;0;0;0;14917;OLAVO EGIDIO DE SOUZA ARANHA, AV;17424;ROSA MENDES, RUA;65;PONTE RASA;2;0
D061301522;35508;SIMAO CAETANO NUNES, AV;;;100;;03/06/2013 18:00;2;CO;47;6898; ; ;1;1;0;0;0;0;0;0;0;0;0;0;0;0;0;0;0;35508;SIMAO CAETANO NUNES, AV;;;29;FREGUESIA DO O;1;0
D061300434;10815;HILDEBRANDO SIQUEIRA, RUA;;;16;;03/06/2013 18:06;2;CO;97;2565; ; ;1;1;0;0;0;0;0;0;0;0;0;0;0;0;0;0;0;10815;HILDEBRANDO SIQUEIRA, RUA;;;37;JABAQUARA;1;0
D061301119;17554;SABAO, ES DO;;;780;;03/06/2013 18:10;2;QM;45;1432; ; ;0;1;0;0;0;0;0;0;0;0;0;0;0;0;0;0;0;17554;SABAO, ES DO;;;40;JAGUARE;1;0
D061302015;63104;JULIO CESAR MOREIRA, RUA;;;376;;03/06/2013 18:20;2;CO;55;7760; ; ;1;1;0;0;0;0;0;0;0;0;0;0;0;0;0;0;0;63104;JULIO CESAR MOREIRA, RUA;;;55;MORUMBI;2;0
D061300557;18519;SUMARE, AV;8811;HOMEM DE MELO, RUA DR;0;;03/06/2013 18:30;2;QM;23;4075; ; ;0;1;0;0;0;0;0;0;0;0;0;0;0;0;0;0;0;396;AIMBERE, RUA;18519;SUMARE, AV;61;PERDIZES;1;0
D061300737;16878;RAPOSO TAVARES, VIA;;;15600;;03/06/2013 18:35;2;QM;51;5656; ; ;0;2;0;0;0;0;0;0;0;0;0;0;0;0;0;0;0;16878;RAPOSO TAVARES, VIA;;;13;CACHOEIRINHA;1;0
D061301832;2429;ASSIS RIBEIRO, RUA DR;;;9900;;03/06/2013 18:40;2;CO;63;4559; ; ;1;1;0;0;0;0;0;0;0;0;0;0;0;0;0;0;0;2429;ASSIS RIBEIRO, RUA DR;;;28;ERMELINO MATARA;1;0
D061301740;15996;PEDRO SOARES DE ANDRADE, RUA;11000;JOSE GUILHERME EIRAS, RUA DR;0;;03/06/2013 19:00;2;CF;22;4556; ; ;1;0;0;0;0;0;0;0;1;0;0;0;0;0;0;0;0;11000;JOSE GUILHERME EIRAS, RUA DR;15996;PEDRO SOARES DE ANDRADE, RUA;76;SAO MIGUEL;2;0
D061301432;2917;DARWIN, RUA;;;357;;03/06/2013 19:12;2;CO;11;6406; ; ;1;1;0;0;0;0;0;0;0;0;0;0;0;0;0;0;0;2917;DARWIN, RUA;;;72;SANTO AMARO;1;0
D061300851;12436;MACEDO SOARES, AV EMB;;;0;PROXIMO  - EXTRA;03/06/2013 19:20;2;CO;91;6225; ; ;1;1;0;0;0;0;0;0;0;0;0;0;0;0;0;0;0;29772;MARGINAL DO RIO TIETE, AV;;;48;LAPA;1;0
D061300897;29050;EUGENIO DE FREITAS, RUA;;;777;;03/06/2013 19:36;2;CF;9;5203; ; ;1;1;0;0;0;0;0;0;0;0;0;0;0;0;0;0;0;29050;EUGENIO DE FREITAS, RUA;;;88;VILA GUILHERME;1;0
D061302087;7664;FURTADO, RUA CONS;;;366;;03/06/2013 20:00;4;AT;78;4982; ; ;0;0;0;0;0;0;0;0;0;0;0;0;0;0;0;1;0;7664;FURTADO, RUA CONS;;;80;SE;0;1
D061301312;1657;ANTONIO DE BARROS, RUA;;;2194;;03/06/2013 20:12;4;AT;30;3380; ; ;0;1;0;0;0;0;0;0;0;0;0;0;0;0;0;0;0;1657;ANTONIO DE BARROS, RUA;;;82;TATUAPE;1;0
D061300435;17911;SEBASTIAO AFONSO, RUA;;;215;;03/06/2013 20:16;2;CO;97;4943; ; ;1;1;0;0;0;0;0;0;0;0;0;0;0;0;0;0;0;17911;SEBASTIAO AFONSO, RUA;;;29;FREGUESIA DO O;1;0
D061302043;59048;RIACHO DOS MACHADOS, AV;;;44;;03/06/2013 20:20;4;AT;69;5916; ; ;0;1;0;0;0;0;0;0;0;0;0;0;0;0;0;0;0;59048;RIACHO DOS MACHADOS, AV;;;56;PARELHEIROS;1;0
D061300135;185;ADELINO, RUA PDE;;;960;;03/06/2013 20:21;2;CO;8;4392;C; ;1;1;0;0;0;0;0;0;0;0;0;0;0;0;0;0;0;185;ADELINO, RUA PDE;;;8;BELEM;1;0
D061302013;17269;RODOLFO PIRANI, AV;;;630;;03/06/2013 20:30;2;CO;55;5932; ; ;1;0;1;0;0;0;0;0;0;0;0;0;0;0;0;0;0;17269;RODOLFO PIRANI, AV;;;55;MORUMBI;1;0
D061301559;10415;JOAO PEIXOTO VIEGAS, AV;;;315;;03/06/2013 20:40;2;CO;80;5895; ; ;0;1;0;0;0;0;0;0;0;0;0;1;0;0;0;0;0;10415;JOAO PEIXOTO VIEGAS, AV;;;16;CAMPO GRANDE;1;0
D061300574;310;AGENOR COUTO DE MAGALHAES, AV;;;1709;;03/06/2013 22:20;2;CO;33;5263; ; ;2;0;0;0;0;0;0;0;0;0;0;1;0;0;0;0;0;310;AGENOR COUTO DE MAGALHAES, AV;;;64;PIRITUBA;1;0
D061301053;33642;MASAO WATANABE, AV;;;1212;;03/06/2013 23:00;4;AT;38;3300; ; ;0;1;0;0;0;0;0;0;0;0;0;0;0;0;0;0;0;33642;MASAO WATANABE, AV;;;8;BELEM;1;0
D061300204;14804;NOVE DE JULHO, AV;;;712;;03/06/2013 23:06;4;AT;78;4774; ; ;1;0;0;0;0;0;0;0;0;0;0;0;0;0;0;0;0;14804;NOVE DE JULHO, AV;;;63;PINHEIROS;2;0
D061300366;17301;RODRIGUES ALVES, AV CONS;8883;HUMBERTO I, RUA;0;;03/06/2013 23:08;2;CO;36;5889; ; ;2;0;0;0;0;0;0;0;0;0;0;0;0;0;0;0;0;8883;HUMBERTO I, RUA;17301;RODRIGUES ALVES, AV CONS;92;VILA MARIANA;1;0
D061300738;16878;RAPOSO TAVARES, VIA;;;15000;;03/06/2013 23:40;2;CL;51;5667; ; ;1;0;0;0;0;0;0;0;0;0;0;1;0;0;0;0;0;16878;RAPOSO TAVARES, VIA;;;13;CACHOEIRINHA;1;0
D061301292;1732;ANTONIO GOMES, RUA;;;600;;04/06/2013 00:20;2;QM;29;3735; ; ;0;1;0;0;0;0;0;0;0;0;0;0;0;0;0;0;0;1732;ANTONIO GOMES, RUA;;;74;SAO LUCAS;1;0
D061300919;29772;MARGINAL DO RIO TIETE, AV;;;0;PROXIMO  - PT BANDEIR;04/06/2013 01:00;2;TB;13;6186; ; ;0;0;0;1;0;0;0;0;0;0;0;0;0;0;0;0;0;29772;MARGINAL DO RIO TIETE, AV;;;13;CACHOEIRINHA;1;0
D061301127;20633;JOSE DA NATIVIDADE SALDANHA, AV;;;0;NADA CONSTA ;04/06/2013 01:10;2;CO;45;1713;B; ;1;1;0;0;0;0;0;0;0;0;0;0;0;0;0;0;0;20633;JOSE DA NATIVIDADE SALDANHA, AV;;;40;JAGUARE;1;0
D061301902;1704;ANTONIO FAGGIANO, RUA FREI;;;300;;04/06/2013 01:41;4;AT;103;4566; ; ;1;0;0;0;0;0;0;0;0;0;0;0;0;0;0;0;0;1704;ANTONIO FAGGIANO, RUA FREI;;;46;JOSE BONIFACIO;1;0
D061300101;15656;PAULISTA, AV;;;900;;04/06/2013 04:20;2;CH;5;4778; ; ;1;0;0;0;0;0;0;0;0;0;0;0;0;0;0;0;0;15656;PAULISTA, AV;;;7;BELA VISTA;1;0
D061300950;27099;DUTRA, VIA PRES;;;22700;;04/06/2013 04:30;2;CT;19;2077; ; ;2;0;1;0;0;0;0;0;0;0;0;0;0;0;0;0;0;27099;DUTRA, VIA PRES;;;36;ITAQUERA;1;0
D061302016;17824;SAPOPEMBA, AV;22160;SATELITE, AV;0;;04/06/2013 05:00;2;CH;55;7781; ; ;1;0;0;0;0;0;0;0;0;0;0;0;0;0;0;0;0;17824;SAPOPEMBA, AV;22160;SATELITE, AV;75;SAO MATEUS;1;0
D061301055;27689;LUIS CARLOS GENTILE DE LAET, RUA;;;100;;04/06/2013 06:00;2;CO;38;5249; ; ;1;1;0;0;0;0;0;0;0;0;0;0;0;0;0;0;0;27689;LUIS CARLOS GENTILE DE LAET, RUA;;;22;CIDADE ADEMAR;1;0
D061300231;9715;JABAQUARA, AV;8432;GUATAS, AL DOS;0;;04/06/2013 06:08;2;CT;16;7596; ; ;1;1;0;0;0;0;0;0;0;0;0;0;0;0;0;0;0;8432;GUATAS, AL DOS;9715;JABAQUARA, AV;79;SAUDE;1;0
D061301158;9066;IMBIRAS, RUA;;;857;;04/06/2013 06:40;2;CO;73;5979; ; ;2;0;0;0;0;0;0;0;0;0;0;0;0;0;0;0;0;9066;IMBIRAS, RUA;;;83;TREMEMBE;1;0
D061300807;8000;GIOVANNI GRONCHI, AV;;;3800;;04/06/2013 06:50;2;OU;89;5168;C; ;0;1;0;0;0;0;0;0;0;0;0;0;0;0;0;1;0;8000;GIOVANNI GRONCHI, AV;;;55;MORUMBI;1;0
D061300041;17799;SANTOS DUMONT, AV;;;740;;04/06/2013 06:53;2;QM;2;3376;B; ;0;1;0;0;0;0;0;0;0;0;0;0;0;0;0;0;0;17799;SANTOS DUMONT, AV;;;15;CAMPO BELO;1;0
D061300479;16017;PEDROSO DE MORAIS, AV;;;0;NADA CONSTA ;04/06/2013 07:00;4;AT;14;5671; ; ;0;0;0;0;0;0;0;0;0;0;0;0;0;0;0;1;0;16017;PEDROSO DE MORAIS, AV;;;45;JARDIM SAO LUIS;1;0
D061300977;13133;MARIA AMALIA LOPES AZEVEDO, RUA;12716;MANUEL GAYA, RUA;0;;04/06/2013 07:00;2;CO;20;5210;C; ;1;1;0;0;0;0;0;0;0;0;0;0;0;0;0;0;0;12716;MANUEL GAYA, RUA;13133;MARIA AMALIA LOPES AZEVEDO, RUA;83;TREMEMBE;1;0
D061301170;30020;ANTONIO CESAR NETO, RUA;;;378;;04/06/2013 07:15;2;QM;73;62154; ; ;0;1;0;0;0;0;0;0;0;0;0;0;0;0;0;0;0;30020;ANTONIO CESAR NETO, RUA;;;22;CIDADE ADEMAR;1;0
D061301262;7645;FRONTIN, AV CD DE;;;2500;;04/06/2013 07:22;2;CL;21;1845;C; ;1;1;0;0;0;0;0;0;0;0;0;0;0;0;0;0;0;7645;FRONTIN, AV CD DE;;;93;VILA MATILDE;1;0
D061300886;2455;ATALIBA LEONEL, AV GAL;;;2100;;04/06/2013 07:30;4;AT;9;3468; ; ;1;0;0;0;0;0;0;0;0;0;0;0;0;0;0;0;0;2455;ATALIBA LEONEL, AV GAL;;;88;VILA GUILHERME;1;0
D061301871;34654;WALDEMAR TIETZ, AV;;;1291;;04/06/2013 07:33;2;CL;65;1895; ; ;1;1;0;0;0;0;0;0;0;0;0;0;0;0;0;0;0;34654;WALDEMAR TIETZ, AV;;;38;JACANA;1;0
D061300853;12407;MAC ARTHUR, AV GAL;;;1255;;04/06/2013 07:50;4;AT;93;3515; ; ;1;0;0;0;0;0;0;0;0;0;0;0;0;0;0;0;0;12407;MAC ARTHUR, AV GAL;;;40;JAGUARE;1;0
D061301136;71000;FIRMINOPOLIS, RUA;;;720;;04/06/2013 07:54;4;AT;72;5113; ; ;1;0;0;0;0;0;0;0;0;0;0;0;0;0;0;0;0;71000;FIRMINOPOLIS, RUA;;;8;BELEM;1;0
D061300863;1597;ANTONIO DE BONIS, RUA;;;0;NADA CONSTA ;04/06/2013 08:00;4;AT;93;4106; ; ;1;0;0;0;0;0;0;0;0;0;0;0;0;0;0;0;0;1597;ANTONIO DE BONIS, RUA;;;13;CACHOEIRINHA;1;0
D061300402;11562;LAGRIMAS, ES DAS;;;1400;;04/06/2013 08:00;2;CO;95;900023; ; ;1;1;0;0;0;0;0;0;0;0;0;0;0;0;0;0;0;11562;LAGRIMAS, ES DAS;;;69;SACOMA;1;0
D061302002;43405;IGUATEMI, ES;99555;MARCIO BECK MACHADO, RUA;0;;04/06/2013 08:02;4;AT;54;7796; ; ;0;0;1;0;0;0;0;0;0;0;0;0;0;0;0;0;0;43405;IGUATEMI, ES;99555;MARCIO BECK MACHADO, RUA;36;ITAQUERA;1;0
D061300230;33750;MACHADO, RUA PDE;;;751;;04/06/2013 08:07;4;AT;16;7594; ; ;1;0;0;0;0;0;0;0;0;0;0;0;0;0;0;0;0;33750;MACHADO, RUA PDE;;;21;CASA VERDE;1;0
D061300754;16878;RAPOSO TAVARES, VIA;;;40000;;04/06/2013 08:20;2;CT;75;1894; ; ;1;1;0;0;0;0;0;0;0;0;0;0;0;0;0;0;0;16878;RAPOSO TAVARES, VIA;;;13;CACHOEIRINHA;1;0
D061300205;3581;BRASIL, AV;2164;ARGENTINA, RUA;0;;04/06/2013 08:25;2;CO;78;4779; ; ;2;0;0;0;0;0;0;0;0;0;0;0;0;0;0;0;0;2164;ARGENTINA, RUA;3581;BRASIL, AV;44;JARDIM PAULISTA;1;0
D061300229;9537;ITAPIRU, RUA;4630;CATULO DA PAIXAO CEARENSE, RUA;0;;04/06/2013 08:48;2;CO;16;7589; ; ;1;1;0;0;0;0;0;0;0;0;0;0;0;0;0;0;0;4630;CATULO DA PAIXAO CEARENSE, RUA;9537;ITAPIRU, RUA;79;SAUDE;1;0
D061300291;19931;WASHINGTON LUIS, AV;6089;DORIA, AV;0;;04/06/2013 08:53;2;CO;27;5894; ; ;1;1;0;0;0;0;0;0;0;0;0;0;0;0;0;0;0;6089;DORIA, AV;19931;WASHINGTON LUIS, AV;15;CAMPO BELO;1;0
D061300854;3376;BILLINGS, AV ENG;;;15;;04/06/2013 09:00;2;CO;93;3520; ; ;1;1;0;0;0;0;0;0;0;0;0;0;0;0;0;0;0;13014;MARGINAL DO RIO PINHEIROS, AV;;;40;JAGUARE;1;0
D061301009;15188;OTAVIANO ALVES DE LIMA, AV;;;3600;;04/06/2013 09:00;2;SI;28;3005; ; ;1;1;0;0;0;0;0;0;0;0;0;0;0;0;0;0;0;29772;MARGINAL DO RIO TIETE, AV;;;23;CIDADE DUTRA;1;0
D061301109;18948;JOSE DE BRITO DE FREITAS, AV;;;423;;04/06/2013 09:40;2;QD;40;6207; ; ;0;0;0;0;0;0;0;1;0;0;0;0;0;0;0;0;0;18948;JOSE DE BRITO DE FREITAS, AV;;;23;CIDADE DUTRA;2;0
D061300216;6651;ESTADOS UNIDOS, RUA;15372;PAMPLONA, RUA;0;;04/06/2013 09:40;2;CO;78;5081; ; ;1;1;0;0;0;0;0;0;0;0;0;0;0;0;0;0;0;6651;ESTADOS UNIDOS, RUA;15372;PAMPLONA, RUA;44;JARDIM PAULISTA;1;0
D061300042;2864;BARRA DO TIBAJI, RUA;17507;RUDGE, AV;0;;04/06/2013 09:41;2;CO;2;3387; ; ;0;1;0;0;0;0;0;0;0;0;0;1;0;0;0;0;0;2864;BARRA DO TIBAJI, RUA;17507;RUDGE, AV;9;BOM RETIRO;1;0
D061301428;6238;NACOES UNIDAS, AV DAS;;;18913;;04/06/2013 10:00;2;CO;11;2754; ; ;1;1;0;0;0;0;0;0;0;0;0;0;0;0;0;0;0;13014;MARGINAL DO RIO PINHEIROS, AV;;;90;VILA LEOPOLDINA;1;0
D061301496;5606;CUPECE, AV;;;2288;;04/06/2013 10:00;2;CP;43;2106; ; ;2;0;0;0;0;0;0;0;0;0;0;0;0;0;0;0;0;5606;CUPECE, AV;;;22;CIDADE ADEMAR;1;0
D061301731;8240;GUACHOS, AV DOS;;;176;;04/06/2013 11:00;2;CO;22;2657;C; ;1;1;0;0;0;0;0;0;0;0;0;0;0;0;0;0;0;8240;GUACHOS, AV DOS;;;86;VILA CURUCA;1;0
D061301363;9789;JACIRENDI, RUA;;;477;;04/06/2013 11:00;2;CO;52;1925; ; ;3;0;0;0;0;0;0;0;0;0;0;0;0;0;0;0;0;9789;JACIRENDI, RUA;;;82;TATUAPE;2;0
D061301916;17135;RIO DAS PEDRAS, AV;9134;INCONFIDENCIA MINEIRA, AV;0;;04/06/2013 11:00;2;CO;41;6950; ; ;0;1;0;0;0;0;0;0;0;0;0;0;0;0;0;1;0;9134;INCONFIDENCIA MINEIRA, AV;17135;RIO DAS PEDRAS, AV;4;ARICANDUVA;1;0
D061300515;1374;ANGELINA MAFFEI VITA, RUA;;;128;;04/06/2013 11:20;4;AT;15;2751; ; ;0;0;0;0;0;0;0;0;0;0;0;1;0;0;0;0;0;1374;ANGELINA MAFFEI VITA, RUA;;;63;PINHEIROS;1;0
D061301486;36031;COLONIA, ES DA;;;0;NADA CONSTA ;04/06/2013 11:27;2;CO;25;1730; ; ;1;1;0;0;0;0;0;0;0;0;0;0;0;0;0;0;0;36031;COLONIA, ES DA;;;76;SAO MIGUEL;1;0
D061300480;16919;REBOUCAS, AV;;;1330;;04/06/2013 12:00;4;AT;14;5691; ; ;1;1;0;0;0;0;0;0;0;0;0;0;0;0;0;0;0;16919;REBOUCAS, AV;;;44;JARDIM PAULISTA;1;0
D061301209;18007;SERAFIM GONCALVES PEREIRA, AV;524;ALBINO CESAR, RUA SOLD;0;;04/06/2013 12:30;2;CO;90;2205; ; ;2;0;0;0;0;0;0;0;0;0;0;0;0;0;0;0;0;524;ALBINO CESAR, RUA SOLD;6806;EURIPEDES RODRIGUES DE LIMA, RUA SOLD;91;VILA MARIA;2;0
D061300206;15656;PAULISTA, AV;;;1450;;04/06/2013 12:42;4;AT;78;4805; ; ;0;1;0;0;0;0;0;0;0;0;0;0;0;0;0;0;0;15656;PAULISTA, AV;;;7;BELA VISTA;2;0
D061300403;6238;NACOES UNIDAS, AV DAS;;;11857;;04/06/2013 13:25;2;CO;96;2622; ; ;1;1;0;0;0;0;0;0;0;0;0;0;0;0;0;0;0;13014;MARGINAL DO RIO PINHEIROS, AV;;;90;VILA LEOPOLDINA;1;0
D061300272;12421;MACARIO, RUA DOM;;;930;;04/06/2013 13:39;2;CO;26;4964; ; ;4;0;0;0;0;0;0;0;0;0;0;0;0;0;0;0;0;12421;MACARIO, RUA DOM;;;27;CURSINO;2;0
D061301933;24428;FORTE DO LEME, AV;24420;FORTE DE ARAXA, RUA;0;;04/06/2013 13:54;2;CO;49;7798; ; ;1;0;0;0;0;0;0;0;1;0;0;0;0;0;0;0;0;24420;FORTE DE ARAXA, RUA;24428;FORTE DO LEME, AV;75;SAO MATEUS;2;0
D061300796;8483;GUILHERME DUMONT VILARES, AV DR;;;182;;04/06/2013 14:00;2;CT;89;2477; ; ;0;1;0;0;0;0;0;0;0;0;0;1;0;0;0;0;0;8483;GUILHERME DUMONT VILARES, AV DR;;;85;VILA ANDRADE;1;0
D061301234;18002;SERAFIM, RUA S;29637;BALDAIA, TR;0;;04/06/2013 14:10;2;CO;10;6327; ; ;0;1;0;0;0;0;0;0;0;0;0;1;0;0;0;0;0;18002;SERAFIM, RUA S;29637;BALDAIA, TR;  ;;1;0
D061300446;28856;JOAO DA ROCHA FERREIRA, RUA;;;41;;04/06/2013 14:10;4;AT;7;3463; ; ;0;0;0;1;0;0;0;0;0;0;0;0;0;0;0;0;0;28856;JOAO DA ROCHA FERREIRA, RUA;;;14;CAMBUCI;1;0
D061300755;16878;RAPOSO TAVARES, VIA;;;17000;;04/06/2013 14:30;2;QM;75;1901; ; ;0;1;0;0;0;0;0;0;0;0;0;0;0;0;0;0;0;16878;RAPOSO TAVARES, VIA;;;13;CACHOEIRINHA;1;0
D061300782;16838;RAIMUNDO PEREIRA DE MAGAL., AV;;;8850;;04/06/2013 14:40;2;CO;87;2466; ; ;0;0;0;2;0;0;0;0;0;0;0;0;0;0;0;0;0;16838;RAIMUNDO PEREIRA DE MAGAL., AV;;;31;GUAIANASES;1;0
D061301118;15485;PARAPUA, RUA;;;0;NADA CONSTA ;04/06/2013 15:00;2;QD;45;1429; ; ;0;0;1;0;0;0;0;0;0;0;0;0;0;0;0;0;0;15485;PARAPUA, RUA;;;4;ARICANDUVA;1;0
D061300717;7809;GASPAR MOREIRA, RUA;;;0;PROXIMO  - MARGINAL P;04/06/2013 15:20;2;CT;51;2480; ; ;3;0;0;0;0;0;0;0;0;0;0;1;0;0;0;0;0;7809;GASPAR MOREIRA, RUA;;;12;BUTANTA;1;0
D061300065;9648;ITU, RUA MARQ DE;3231;BENTO FREITAS, RUA;0;;04/06/2013 15:22;4;AT;3;4497; ; ;1;0;0;0;0;0;0;0;0;0;0;0;0;0;0;0;0;3231;BENTO FREITAS, RUA;9648;ITU, RUA MARQ DE;67;REPUBLICA;1;0
D061301417;15524;PARNAIBA, RUA VISC DE;13588;MARTIM AFONSO, RUA;0;;04/06/2013 15:34;2;CO;81;1600; ; ;1;0;1;0;0;0;0;0;0;0;0;0;0;0;0;0;0;13588;MARTIM AFONSO, RUA;15524;PARNAIBA, RUA VISC DE;8;BELEM;1;0
D061301497;5606;CUPECE, AV;;;4462;;04/06/2013 15:35;4;AT;43;2116; ; ;0;1;0;0;0;0;0;0;0;0;0;0;0;0;0;0;0;5606;CUPECE, AV;;;22;CIDADE ADEMAR;1;0
D061301603;8368;GUARAPIRANGA, AV;;;3000;;04/06/2013 16:30;2;QM;92;6934; ; ;1;1;0;0;0;0;0;0;0;0;0;0;0;0;0;0;0;8368;GUARAPIRANGA, AV;;;45;JARDIM SAO LUIS;1;0
D061300518;13478;MARIO FERRAZ, RUA DR;;;450;;04/06/2013 16:30;4;AA;15;2836; ; ;1;0;0;0;0;0;0;0;0;0;0;0;0;0;0;0;0;13478;MARIO FERRAZ, RUA DR;;;63;PINHEIROS;1;0
D061300154;7786;GASOMETRO, RUA DO;5372;CORREIA DE ANDRADE, RUA;0;;04/06/2013 16:30;2;CO;12;3039; ; ;1;1;0;0;0;0;0;0;0;0;0;0;0;0;0;0;0;5372;CORREIA DE ANDRADE, RUA;7786;GASOMETRO, RUA DO;10;BRAS;1;0
D061300481;7257;FONSECA RODRIGUES, AV PROF;;;0;NADA CONSTA ;04/06/2013 16:32;2;CO;14;5699; ; ;1;1;0;0;0;0;0;0;0;0;0;0;0;0;0;0;0;7257;FONSECA RODRIGUES, AV PROF;;;2;ALTO DE PINHEIR;1;0
D061300920;16958;REIMS, RUA;;;175;;04/06/2013 16:45;2;QM;13;6222; ; ;0;1;0;0;0;0;0;0;0;0;0;0;0;0;0;0;0;16958;REIMS, RUA;;;23;CIDADE DUTRA;1;0
D061301137;15425;CANTIDIO SAMPAIO, AV DEP;;;1111;;04/06/2013 16:50;4;AT;72;5132; ; ;0;1;0;0;0;0;0;0;0;0;0;0;0;0;0;0;0;15425;CANTIDIO SAMPAIO, AV DEP;;;41;JARAGUA;1;0
D061300602;8000;GIOVANNI GRONCHI, AV;5195;COMBATENTES DO GUETO, RUA;0;;04/06/2013 17:20;2;CO;34;3313; ; ;1;1;0;0;0;0;0;0;0;0;0;0;0;0;0;0;0;5195;COMBATENTES DO GUETO, RUA;8000;GIOVANNI GRONCHI, AV;55;MORUMBI;1;0
D061301892;11543;LAGEADO VELHO, ES DO;;;211;;04/06/2013 17:30;4;AT;68;6958;C; ;0;1;0;0;0;0;0;0;0;0;0;0;0;0;0;0;0;11543;LAGEADO VELHO, ES DO;;;47;LAJEADO;1;0
D061300770;6234;EDVARD CARMILO, RUA;21445;FRANCISCO LEITE ESQUERDO, RUA;0;;04/06/2013 17:30;4;AT;75;3346; ; ;1;0;0;0;0;0;0;0;0;0;0;0;0;0;0;0;0;6234;EDVARD CARMILO, RUA;21445;FRANCISCO LEITE ESQUERDO, RUA;96;VILA SONIA;1;0
D061301702;2483;ATLANTICA ANT. ROBERT KENNEDY, AV;;;0;PROXIMO  - LARGO DO S;04/06/2013 17:48;2;CO;102;1560; ; ;0;1;0;1;0;0;0;0;0;0;0;0;0;0;0;0;0;2483;ATLANTICA ANT. ROBERT KENNEDY, AV;;;23;CIDADE DUTRA;1;0
D061300122;6642;ESTADO, AV DO;12238;LUIS GAMA, RUA;0;;04/06/2013 18:45;2;CO;6;4417; ; ;1;1;0;0;0;0;0;0;0;0;0;0;0;0;0;0;0;6642;ESTADO, AV DO;12238;LUIS GAMA, RUA;14;CAMBUCI;2;0
D061301005;34562;JOAO PAULO I, AV;3000;BAIAO PARENTE, RUA;0;;04/06/2013 19:20;2;CT;28;1426;B; ;1;1;0;0;0;0;0;0;0;0;0;0;0;0;0;0;0;3000;BAIAO PARENTE, RUA;34562;JOAO PAULO I, AV;29;FREGUESIA DO O;1;0