id_acidente;codloga;logradouroA;codlogb;logradouroB;alt_num;referencia;data;cod_acid;tipo_acidente;dp;numero_BO;sentido;pista;automovel;moto;onibus;caminhao;bicicleta;moto_taxi;onibus_fretado;onibus_urbano;microonibus;van;vuc;caminhonete;carreta;jipe;outros;sem_informacao;carroca;princ_a;paiA;princ_b;paiB;cod_distrito;distrito;vit_ferida;vit_morta
D061301648;13035;MIGUEL YUNES, RUA;;;1762;;04/06/2013 19:30;2;CT;99;6451; ; ;1;1;0;0;0;0;0;0;0;0;0;0;0;0;0;0;0;13035;MIGUEL YUNES, RUA;;;16;CAMPO GRANDE;1;0
D061300898;14270;MORVAN DIAS DE FIGUEIREDO, AV;8466;GUILHERME, AV;0;;04/06/2013 20:00;2;QM;9;5232; ; ;0;1;0;0;0;0;0;0;0;0;0;0;0;0;0;0;0;8466;GUILHERME, AV;14270;MORVAN DIAS DE FIGUEIREDO, AV;88;VILA GUILHERME;1;0
D061301433;18119;CANCIONEIRO POPULAR, RUA;;;203;;04/06/2013 20:15;2;CO;11;6453; ; ;1;1;0;0;0;0;0;0;0;0;0;0;0;0;0;0;0;18119;CANCIONEIRO POPULAR, RUA;;;30;GRAJAU;1;0
D061300833;14172;MONTE PASCAL, RUA;7841;GAVIAO PEIXOTO, RUA BRIG;0;;04/06/2013 20:40;2;CO;91;4121; ; ;1;1;0;0;0;0;0;0;0;0;0;0;0;0;0;0;0;7841;GAVIAO PEIXOTO, RUA BRIG;14172;MONTE PASCAL, RUA;48;LAPA;1;0
D061300452;5042;CLAUDIO, RUA;5072;CLELIA, RUA;0;;04/06/2013 20:45;4;AT;7;4107; ; ;0;0;0;0;0;0;0;0;0;0;0;1;0;0;0;0;0;5042;CLAUDIO, RUA;5072;CLELIA, RUA;48;LAPA;1;0
D061300260;3560;FREIRE BRAYNER, RUA;5762;DELAMARE, AV ALM;0;;04/06/2013 20:55;4;AT;17;4978; ; ;1;0;0;0;0;0;0;0;0;0;0;0;0;0;0;0;0;3560;FREIRE BRAYNER, RUA;5762;DELAMARE, AV ALM;33;IPIRANGA;1;0
D061301345;15032;ORATORIO, AV DO;;;3000;;04/06/2013 21:00;2;CL;42;3748; ; ;1;1;0;0;0;0;0;0;0;0;0;0;0;0;0;0;0;15032;ORATORIO, AV DO;;;26;CONSOLACAO;1;0
D061300416;4249;CARDOSO DE MELO, AV DR;;;1666;;04/06/2013 21:25;4;AT;96;5934; ; ;0;0;0;0;0;0;0;0;0;0;0;2;0;0;0;0;0;4249;CARDOSO DE MELO, AV DR;;;34;ITAIM BIBI;1;0
D061302080;371;AGUAS VIRTUOSAS, RUA;;;367;;04/06/2013 22:15;4;AT;14;5713; ; ;1;0;0;0;0;0;0;0;0;0;0;0;0;0;0;0;0;371;AGUAS VIRTUOSAS, RUA;;;21;CASA VERDE;1;1
D061300921;371;AGUAS VIRTUOSAS, RUA;;;367;;04/06/2013 22:15;4;AT;13;6228; ; ;1;0;0;0;0;0;0;0;0;0;0;0;0;0;0;0;0;371;AGUAS VIRTUOSAS, RUA;;;21;CASA VERDE;1;0
D061300739;12502;MAGALHAES DE CASTRO, AV;;;0;NADA CONSTA ;04/06/2013 22:22;2;CO;51;5710; ; ;1;1;0;0;0;0;0;0;0;0;0;0;0;0;0;0;0;13014;MARGINAL DO RIO PINHEIROS, AV;;;12;BUTANTA;1;0
D061300482;33683;PAULO VI, AV;;;10;;04/06/2013 22:44;2;QM;14;5708; ; ;0;1;0;0;0;0;0;0;0;0;0;0;0;0;0;0;0;33683;PAULO VI, AV;;;19;CAPAO REDONDO;1;0
D061301054;9170;INES, AV STA;;;0;QUILOMETRO  - 3;04/06/2013 23:30;2;CP;38;5144; ; ;1;0;0;0;0;0;0;0;0;0;0;0;0;0;0;0;0;9170;INES, AV STA;;;51;MANDAQUI;1;0
D061302133;6927;HARRY DANHENBERG, RUA;;;171;;05/06/2013 00:40;2;CL;53;3966; ; ;0;1;1;0;0;0;0;0;0;0;0;0;0;0;0;0;0;6927;HARRY DANHENBERG, RUA;;;24;CIDADE LIDER;0;1
D061301708;17110;RIO BONITO, AV DO;;;0;NADA CONSTA ;05/06/2013 06:10;2;QD;102;2123; ; ;0;0;0;0;0;0;0;1;0;0;0;0;0;0;0;0;0;17110;RIO BONITO, AV DO;;;32;IGUATEMI;1;0
D061301160;13133;MARIA AMALIA LOPES AZEVEDO, RUA;;;3731;;05/06/2013 06:20;2;CO;73;6025; ; ;1;1;0;0;0;0;0;0;0;0;0;0;0;0;0;0;0;13133;MARIA AMALIA LOPES AZEVEDO, RUA;;;83;TREMEMBE;2;0
D061301006;36284;PETRONIO PORTELA, AV MIN;;;600;;05/06/2013 06:20;2;CO;28;1437; ; ;1;1;0;0;0;0;0;0;0;0;0;0;0;0;0;0;0;36284;PETRONIO PORTELA, AV MIN;;;4;ARICANDUVA;1;0
D061301584;48575;JOSE MANOEL CAMISA NOVA, RUA;12134;ANTONIO RAMOS ROSA, RUA;0;;05/06/2013 06:40;2;CO;92;3487; ; ;1;1;0;0;0;0;0;0;0;0;0;0;0;0;0;0;0;12134;ANTONIO RAMOS ROSA, RUA;48575;JOSE MANOEL CAMISA NOVA, RUA;45;JARDIM SAO LUIS;1;0
D061300516;6897;FARIA LIMA, AV BRIG;12326;JUSCELINO KUBITSCHEK, AV PRES;0;;05/06/2013 06:49;2;CO;15;2762; ; ;2;1;0;0;0;0;0;0;0;0;0;0;0;0;0;0;0;6897;FARIA LIMA, AV BRIG;12326;JUSCELINO KUBITSCHEK, AV PRES;34;ITAIM BIBI;1;0
D061301434;10918;JOSE DINIZ, AV VER;;;1124;;05/06/2013 06:50;2;CT;11;6470; ; ;1;1;0;0;0;0;0;0;0;0;0;0;0;0;0;0;0;10918;JOSE DINIZ, AV VER;;;15;CAMPO BELO;2;0
D061301075;9512;ITAMONTE, RUA;5493;CRISPIM DUARTE, RUA;0;;05/06/2013 06:55;2;CO;39;2546; ; ;1;1;0;0;0;0;0;0;0;0;0;0;0;0;0;0;0;5493;CRISPIM DUARTE, RUA;9512;ITAMONTE, RUA;94;VILA MEDEIROS;1;0
D061300273;2223;ARLINDO VIEIRA, AV PDE;;;1305;;05/06/2013 07:00;2;CT;26;4986; ; ;0;1;0;0;0;0;0;0;1;0;0;0;0;0;0;0;0;2223;ARLINDO VIEIRA, AV PDE;;;21;CASA VERDE;1;0
D061300345;15872;PEDRO ALVARES CABRAL, RUA;57;ABILIO SOARES, RUA;0;;05/06/2013 07:20;2;CO;36;2403; ; ;0;1;0;0;1;0;0;0;0;0;0;0;0;0;0;0;0;57;ABILIO SOARES, RUA;15872;PEDRO ALVARES CABRAL, RUA;  ;;1;0
D061301798;9293;CORDAO DE SAO FRANCISCO, RUA;;;675;;05/06/2013 07:25;2;CL;59;1975; ; ;1;1;0;0;0;0;0;0;0;0;0;0;0;0;0;0;0;9293;CORDAO DE SAO FRANCISCO, RUA;;;43;JARDIM HELENA;1;0
D061301583;16053;JOSE BARROS MAGALDI, RUA;;;829;;05/06/2013 07:40;2;CO;92;3477; ; ;1;1;0;0;0;0;0;0;0;0;0;0;0;0;0;0;0;16053;JOSE BARROS MAGALDI, RUA;;;32;IGUATEMI;1;0
D061301418;19035;TOLEDO BARBOSA, RUA;16959;REINALDO CAJADO, RUA ENG;0;;05/06/2013 07:40;2;CT;81;1607; ; ;2;0;0;0;0;0;0;0;0;0;0;0;0;0;0;0;0;16959;REINALDO CAJADO, RUA ENG;19035;TOLEDO BARBOSA, RUA;  ;;1;0
D061300539;2271;ARNALDO, AV DR;4248;CARDOSO DE ALMEIDA, RUA;0;;05/06/2013 07:49;2;CT;23;3176; ; ;1;1;0;0;0;0;0;0;0;0;0;0;0;0;0;0;0;2271;ARNALDO, AV DR;4248;CARDOSO DE ALMEIDA, RUA;26;CONSOLACAO;1;0
D061300314;6727;CARMINE DI GENIO, RUA;14534;NHANDIROBAS, RUA DAS;0;;05/06/2013 08:31;2;CO;35;4539; ; ;1;1;0;0;0;0;0;0;0;0;0;0;0;0;0;0;0;6727;CARMINE DI GENIO, RUA;14534;NHANDIROBAS, RUA DAS;37;JABAQUARA;1;0
D061301210;10471;JOAO SIMAO DE CASTRO, AV;;;625;;05/06/2013 08:35;2;SI;90;2214; ; ;1;0;0;0;1;0;0;0;0;0;0;0;0;0;0;0;0;10471;JOAO SIMAO DE CASTRO, AV;;;94;VILA MEDEIROS;1;0
D061300683;98963;RODOANEL MARIO COVAS, VIA;;;0;SOBRE  -  VIA ANHAN;05/06/2013 09:10;2;CO;46;2575; ; ;2;0;0;0;0;0;0;0;0;0;0;0;0;0;0;0;0;98963;RODOANEL MARIO COVAS, VIA;;;62;PERUS;1;0
D061300834;15748;PAULO FRANCO, RUA;;;63;;05/06/2013 09:43;4;AT;91;4124; ; ;1;0;0;0;0;0;0;0;0;0;0;0;0;0;0;0;0;15748;PAULO FRANCO, RUA;;;90;VILA LEOPOLDINA;1;0
D061301263;2181;ARICANDUVA, AV;12612;MANILHA, RUA;0;;05/06/2013 09:56;2;CL;21;1861; ; ;1;1;0;0;0;0;0;0;0;0;0;0;0;0;0;0;0;2181;ARICANDUVA, AV;2440;ASTARTE, RUA;20;CARRAO;1;0
D061300603;19461;VALERIO, AV S;;;524;;05/06/2013 10:05;2;CO;34;3326; ; ;1;2;0;0;0;0;0;0;0;0;0;1;0;0;0;0;0;19461;VALERIO, AV S;;;13;CACHOEIRINHA;3;0
D061301260;5836;DIANOPOLIS, RUA;;;180;;05/06/2013 10:28;2;CF;18;961; ; ;3;1;0;0;0;0;0;0;0;0;0;0;0;0;0;0;0;5836;DIANOPOLIS, RUA;;;54;MOOCA;1;0
D061302091;5836;DIANOPOLIS, RUA;;;180;;05/06/2013 10:28;2;CO;77;2508;B; ;1;1;0;0;0;0;0;0;0;0;0;0;0;0;0;0;0;5836;DIANOPOLIS, RUA;;;54;MOOCA;0;1
D061300346;57;ABILIO SOARES, RUA;;;368;;05/06/2013 10:30;2;CH;36;2413; ; ;1;0;0;0;1;0;0;0;0;0;0;0;0;0;0;0;0;57;ABILIO SOARES, RUA;;;92;VILA MARIANA;1;0
D061301477;38271;MARIA DA COSTA BEZERRA, RUA;;;1153;;05/06/2013 10:30;2;CT;25;1450; ; ;1;1;0;0;0;0;0;0;0;0;0;0;0;0;0;0;0;38271;MARIA DA COSTA BEZERRA, RUA;;;76;SAO MIGUEL;1;0
D061300907;27419;BANDEIRAS, PTE DAS;;;0;NADA CONSTA ;05/06/2013 10:40;2;CT;13;2934; ; ;0;0;0;0;0;0;0;0;0;0;0;0;0;0;0;2;0;17799;SANTOS DUMONT, AV;;;47;LAJEADO;1;0
D061301161;13133;MARIA AMALIA LOPES AZEVEDO, RUA;;;0;NADA CONSTA ;05/06/2013 10:50;2;CO;73;6030; ; ;0;1;1;0;0;0;0;0;0;0;0;0;0;0;0;0;0;13133;MARIA AMALIA LOPES AZEVEDO, RUA;;;83;TREMEMBE;1;0
D061302081;5606;CUPECE, AV;;;2831;;05/06/2013 11:15;2;CO;43;2123; ; ;0;1;0;1;0;0;0;0;0;0;0;0;0;0;0;0;0;5606;CUPECE, AV;;;22;CIDADE ADEMAR;0;1
D061300155;3653;BRESSER, RUA;;;980;;05/06/2013 11:30;2;CO;12;3049; ; ;1;1;0;1;0;0;0;0;0;0;0;0;0;0;0;0;0;3653;BRESSER, RUA;;;10;BRAS;1;0
D061301000;3813;CAETANO ALVARES, AV ENG;;;5630;;05/06/2013 11:30;2;CO;20;6243; ; ;1;1;0;0;0;0;0;0;0;0;0;0;0;0;0;0;0;3813;CAETANO ALVARES, AV ENG;;;21;CASA VERDE;1;0
D061300388;99200;ALEGRIA, RUA DA;;;0;NADA CONSTA ;05/06/2013 11:30;2;CH;95;2774; ; ;1;0;0;0;1;0;0;0;0;0;0;0;0;0;0;0;0;99200;ALEGRIA, RUA DA;;;69;SACOMA;1;0
D061300184;18472;SOUSA LIMA, RUA;;;220;;05/06/2013 11:30;2;CO;77;2408; ; ;1;1;0;0;0;0;0;0;0;0;0;0;0;0;0;0;0;18472;SOUSA LIMA, RUA;;;35;ITAIM PAULISTA;1;0
D061301886;11543;LAGEADO VELHO, ES DO;;;650;;05/06/2013 11:50;2;CO;68;1648; ; ;1;1;0;0;0;0;0;0;0;0;0;0;0;0;0;0;0;11543;LAGEADO VELHO, ES DO;;;47;LAJEADO;1;0
D061301968;37306;HASEGAWA, RUA PROF;;;50;;05/06/2013 11:50;2;CL;53;3985; ; ;0;1;0;0;0;0;0;1;0;0;0;0;0;0;0;0;0;37306;HASEGAWA, RUA PROF;;;51;MANDAQUI;1;0
D061300447;19444;VALE, RUA DESEM;;;1110;;05/06/2013 12:00;2;CO;7;3465; ; ;1;0;0;0;1;0;0;0;0;0;0;0;0;0;0;0;0;19444;VALE, RUA DESEM;;;14;CAMBUCI;1;0
D061301040;9170;INES, AV STA;;;801;;05/06/2013 12:00;2;CO;38;2762;C; ;1;1;0;0;0;0;0;0;0;0;0;0;0;0;0;0;0;9170;INES, AV STA;;;51;MANDAQUI;2;0
D061301923;25741;JAIME OVALE, RUA;;;0;PROXIMO  - INACIO MON;05/06/2013 12:40;4;AT;44;3998; ; ;0;0;0;0;0;0;0;0;1;0;0;0;0;0;0;0;0;25741;JAIME OVALE, RUA;;;25;CIDADE TIRADENT;1;0
D061301162;7061;FERNAO DIAS, VIA;;;84500;;05/06/2013 13:10;2;CT;73;6042; ; ;1;0;0;1;0;0;0;0;0;0;0;0;0;0;0;0;0;7061;FERNAO DIAS, VIA;;;38;JACANA;2;0
D061300404;6238;NACOES UNIDAS, AV DAS;;;0;ACESSO  - LUIS CARLO;05/06/2013 13:20;2;CO;96;2641; ; ;0;1;0;0;0;0;0;0;0;0;0;1;0;0;0;0;0;13014;MARGINAL DO RIO PINHEIROS, AV;;;90;VILA LEOPOLDINA;2;0
D061301732;17820;TITO, AV MAL;;;911;;05/06/2013 13:46;2;CO;22;2679; ; ;1;1;0;0;0;0;0;0;0;0;0;0;0;0;0;0;0;17820;TITO, AV MAL;;;53;MOEMA;1;0
D061300649;16339;CARLOS LACERDA, AV;;;0;NADA CONSTA ;05/06/2013 14:00;2;QD;37;4487; ; ;0;0;1;0;0;0;0;0;0;0;0;0;0;0;0;0;0;16339;CARLOS LACERDA, AV;;;29;FREGUESIA DO O;1;0
D061300874;14347;AZIR ANTONIO SALTON, RUA;36061;LUIZ DUMONT VILLARES, AV;0;;05/06/2013 14:00;2;CT;9;3152;C; ;1;1;0;0;0;0;0;0;0;0;0;1;0;0;0;0;0;14347;AZIR ANTONIO SALTON, RUA;36061;LUIZ DUMONT VILLARES, AV;88;VILA GUILHERME;1;0
D061301313;7974;GIL PINHEIRO, RUA COMEN;;;640;;05/06/2013 14:50;2;CO;30;3429; ; ;1;0;0;1;0;0;0;0;0;0;0;2;0;0;0;0;0;7974;GIL PINHEIRO, RUA COMEN;;;20;CARRAO;1;0
D061300003;16870;RANGEL PESTANA, AV;;;0;PROXIMO  - TERM PQ D ;05/06/2013 15:00;2;QD;1;3442;B; ;0;0;1;0;0;0;0;0;0;0;0;0;0;0;0;0;0;16870;RANGEL PESTANA, AV;;;1;AGUA RASA;1;0
D061301278;1702;ANTONIO ESTEVAO DE CARVALHO, AV;;;2220;;05/06/2013 15:23;2;QM;21;6281; ; ;0;1;0;0;0;0;0;0;0;0;0;0;0;0;0;0;0;1702;ANTONIO ESTEVAO DE CARVALHO, AV;;;93;VILA MATILDE;1;0
D061300361;3274;BERNARDINO DE CAMPOS, AV;;;79;;05/06/2013 15:30;2;CO;36;3344; ; ;1;1;0;0;0;0;0;0;0;0;0;0;0;0;0;0;0;3274;BERNARDINO DE CAMPOS, AV;;;92;VILA MARIANA;1;0
D061301807;13881;MIGUEL, AV S;;;5550;;05/06/2013 15:40;2;CH;62;2234; ; ;1;0;0;0;0;0;0;0;0;0;0;1;0;0;0;0;0;13881;MIGUEL, AV S;;;65;PONTE RASA;1;0
D061301110;4715;CELESTINO BOURROUL, AV PROF;14736;O, AV NSRA DO;0;;05/06/2013 15:40;4;AT;40;6268; ; ;0;0;1;0;0;0;0;0;0;0;0;0;0;0;0;0;0;4715;CELESTINO BOURROUL, AV PROF;14736;O, AV NSRA DO;50;LIMAO;1;0
D061300802;59582;ITAPIUNA, RUA;;;229;;05/06/2013 15:54;4;AA;89;5040; ; ;1;0;0;0;0;0;0;0;0;0;0;0;0;0;0;0;0;59582;ITAPIUNA, RUA;;;53;MOEMA;1;0
D061300823;61669;ITAPAIUNA, RUA;;;2919;;05/06/2013 16:00;4;AT;89;5742; ; ;0;0;0;0;0;0;0;0;0;0;0;0;0;0;0;1;0;61669;ITAPAIUNA, RUA;;;29;FREGUESIA DO O;1;0
D061300922;27187;OLAVO FONTOURA, AV;;;1600;;05/06/2013 16:10;2;CO;13;6260; ; ;1;1;0;0;0;0;0;0;0;0;0;0;0;0;0;0;0;27187;OLAVO FONTOURA, AV;;;8;BELEM;1;0
D061300483;16919;REBOUCAS, AV;;;2400;;05/06/2013 16:20;2;CO;14;5742; ; ;1;1;0;0;0;0;0;0;0;0;0;0;0;0;0;0;0;16919;REBOUCAS, AV;;;44;JARDIM PAULISTA;1;0
D061301934;9044;RAGUEB CHOHFI, AV;24421;FORTE DO TRIUNFO, RUA;0;;05/06/2013 16:30;2;CO;49;7864; ; ;0;1;0;1;0;0;0;0;0;0;0;0;0;0;0;0;0;9044;RAGUEB CHOHFI, AV;24421;FORTE DO TRIUNFO, RUA;75;SAO MATEUS;1;0
D061301601;10270;JOAO DIAS, AV;;;3200;;05/06/2013 16:45;2;CO;92;6611; ; ;0;1;0;0;0;0;0;0;0;0;0;1;0;0;0;0;0;10270;JOAO DIAS, AV;;;72;SANTO AMARO;1;0
D061301924;16443;POA, ES DE;;;100;;05/06/2013 17:00;4;AT;44;4005; ; ;0;0;0;0;0;0;0;0;0;0;0;0;0;0;0;1;0;16443;POA, ES DE;;;50;LIMAO;1;0
D061302084;10945;JOSE ERMIRIO DE MORAES, AV SEN;;;1800;;05/06/2013 17:20;2;CF;20;5378; ; ;2;0;0;0;0;0;0;0;0;0;0;0;0;0;0;0;0;10945;JOSE ERMIRIO DE MORAES, AV SEN;;;83;TREMEMBE;2;1
D061301331;13247;MARIA FETTE, RUA;9391;JOAQUIM RIBEIRO DA COSTA, RUA;0;;05/06/2013 17:20;2;CF;42;2024; ; ;1;0;0;0;0;0;0;0;0;0;0;1;0;0;0;0;0;9391;JOAQUIM RIBEIRO DA COSTA, RUA;13247;MARIA FETTE, RUA;74;SAO LUCAS;1;0
D061300558;4561;CASTELO BRANCO, AV PRES;;;0;PROXIMO  - JULIO MESQ;05/06/2013 17:30;2;CO;23;4140; ; ;0;1;0;0;0;0;0;0;0;0;0;0;0;0;0;0;0;29772;MARGINAL DO RIO TIETE, AV;;;6;BARRA FUNDA;1;0
D061301877;6187;EDGAR SANTOS, AV PROF;41240;CLEOPATRA, RUA;0;;05/06/2013 17:30;4;AT;65;5414; ; ;0;0;0;0;0;0;0;0;0;0;0;0;0;0;0;1;0;6187;EDGAR SANTOS, AV PROF;41240;CLEOPATRA, RUA;5;ARTUR ALVIM;1;0
D061300698;20291;TURISTICA DO JARAGUA, ES;;;673;;05/06/2013 18:00;2;CO;46;5326; ; ;1;1;0;0;0;0;0;0;0;0;0;0;0;0;0;0;0;20291;TURISTICA DO JARAGUA, ES;;;31;GUAIANASES;1;0
D061301235;5785;DEMINI, RUA;;;101;;05/06/2013 18:03;4;AT;10;6376; ; ;0;0;0;0;0;0;0;0;0;0;0;1;0;0;0;0;0;5785;DEMINI, RUA;;;60;PENHA;1;0
D061300923;27187;OLAVO FONTOURA, AV;;;1979;;05/06/2013 18:07;2;CF;13;6275; ; ;1;1;0;0;0;0;0;0;0;0;0;0;0;0;0;0;0;27187;OLAVO FONTOURA, AV;;;8;BELEM;1;0
D061301939;21187;DIONE, RUA;21737;TITAN, RUA;0;;05/06/2013 18:10;2;CL;49;8008; ; ;1;1;0;0;0;0;0;0;0;0;0;0;0;0;0;0;0;21187;DIONE, RUA;21737;TITAN, RUA;  ;;1;0
D061300509;11516;LACERDA FRANCO, RUA DEP;;;564;;05/06/2013 18:30;4;AT;14;6610; ; ;0;0;0;0;0;0;0;0;0;0;0;0;0;0;0;1;0;11516;LACERDA FRANCO, RUA DEP;;;63;PINHEIROS;1;0
D061301435;35439;DEODORO, RUA MAL;;;0;PROXIMO  - AL SANTO A;05/06/2013 18:45;2;CO;11;6488; ; ;0;1;0;0;0;0;0;0;0;0;0;1;0;0;0;0;0;35439;DEODORO, RUA MAL;;;29;FREGUESIA DO O;1;0
D061300021;27099;DUTRA, VIA PRES;;;14500;;05/06/2013 19:00;2;CT;1;4856; ; ;1;1;0;0;0;0;0;0;0;0;0;0;0;0;0;0;0;27099;DUTRA, VIA PRES;;;36;ITAQUERA;1;0
D061301233;25957;ARICANDUVA, PTE;;;1000;;05/06/2013 19:00;2;CO;10;3038; ; ;0;1;0;0;0;0;0;0;0;0;0;0;0;0;0;1;0;25957;ARICANDUVA, PTE;;;3;ANHANGUERA;2;0
D061300043;17507;RUDGE, AV;18038;SERGIO TOMAS, RUA;0;;05/06/2013 19:19;4;AT;2;3406; ; ;0;1;0;0;0;0;0;0;0;0;0;0;0;0;0;0;0;17507;RUDGE, AV;18038;SERGIO TOMAS, RUA;70;SANTA CECILIA;3;0
D061300699;20291;TURISTICA DO JARAGUA, ES;;;2400;;05/06/2013 19:20;2;CO;46;5331; ; ;1;1;0;0;0;0;0;0;0;0;0;0;0;0;0;0;0;20291;TURISTICA DO JARAGUA, ES;;;31;GUAIANASES;1;0
D061300008;4146;CANTAREIRA, RUA DA;;;1351;;05/06/2013 19:34;4;AT;1;4444; ; ;1;0;0;0;0;0;0;0;0;0;0;0;0;0;0;0;0;4146;CANTAREIRA, RUA DA;;;9;BOM RETIRO;1;0
D061300207;17240;ROCHA AZEVEDO, AL MIN;;;291;;05/06/2013 19:56;4;AT;78;4842; ; ;1;0;0;0;0;0;0;0;0;0;0;0;0;0;0;0;0;17240;ROCHA AZEVEDO, AL MIN;;;34;ITAIM BIBI;1;0
D061301750;9632;ITINGUCU, RUA;;;2098;;05/06/2013 20:00;2;CO;24;6107; ; ;1;1;0;0;0;0;0;0;0;0;0;0;0;0;0;0;0;9632;ITINGUCU, RUA;;;60;PENHA;1;0
D061301748;18012;SERAPIAO, RUA S;;;0;NADA CONSTA ;05/06/2013 20:00;4;AT;24;5230; ; ;0;1;0;0;0;0;0;0;0;0;0;0;0;0;0;0;0;18012;SERAPIAO, RUA S;;;3;ANHANGUERA;1;0
D061301085;19591;VERONA, RUA;;;135;;05/06/2013 20:14;2;CO;39;6053; ; ;1;0;0;0;1;0;0;0;0;0;0;0;0;0;0;0;0;19591;VERONA, RUA;;;84;TUCURUVI;1;0
D061300436;14354;MUZAMBINHO, AV;10815;HILDEBRANDO SIQUEIRA, RUA;0;;05/06/2013 21:20;4;AT;97;5017; ; ;1;0;0;0;0;0;0;0;0;0;0;0;0;0;0;0;0;10815;HILDEBRANDO SIQUEIRA, RUA;14354;MUZAMBINHO, AV;37;JABAQUARA;1;0
D061300978;18151;SEZEFREDO FAGUNDES, AV CEL;13133;MARIA AMALIA LOPES AZEVEDO, RUA;0;;05/06/2013 21:45;2;CO;20;5275; ; ;0;1;0;0;0;0;0;1;0;0;0;0;0;0;0;0;0;13133;MARIA AMALIA LOPES AZEVEDO, RUA;18151;SEZEFREDO FAGUNDES, AV CEL;  ;;1;0
D061300740;19817;VITAL BRASIL, AV;3937;CAMARGO, RUA;0;;05/06/2013 22:50;4;AT;51;5752; ; ;0;1;0;0;0;0;0;0;0;0;0;0;0;0;0;0;0;3937;CAMARGO, RUA;19817;VITAL BRASIL, AV;12;BUTANTA;1;0
D061301365;6371;ELISABETH DE ROBIANO, AV CDSSA;;;3700;;05/06/2013 23:02;2;CO;52;6389; ; ;1;1;0;0;0;0;0;0;0;0;0;0;0;0;0;0;0;29772;MARGINAL DO RIO TIETE, AV;;;82;TATUAPE;1;0
D061300626;12504;MAGALHAES DE ARAUJO, RUA;;;5220;;05/06/2013 23:30;2;CH;34;5051; ; ;0;1;0;0;0;0;0;0;0;0;0;0;0;0;0;0;0;12504;MAGALHAES DE ARAUJO, RUA;;;13;CACHOEIRINHA;1;0
D061300208;8562;HADDOCK LOBO, RUA;;;1190;;05/06/2013 23:39;2;CT;78;4848; ; ;1;1;0;0;0;0;0;0;0;0;0;0;0;0;0;0;0;8562;HADDOCK LOBO, RUA;;;26;CONSOLACAO;1;0
D061301879;34652;SILVIO TORRES, AV;;;453;;05/06/2013 23:57;2;CO;65;6104;C; ;1;1;0;0;0;0;0;0;0;0;0;0;0;0;0;0;0;34652;SILVIO TORRES, AV;;;38;JACANA;1;0
D061301783;18940;TIBURCIO DE SOUSA, RUA;;;1400;;06/06/2013 00:23;2;SI;50;7000; ; ;0;1;1;0;0;0;0;0;0;0;0;0;0;0;0;0;0;18940;TIBURCIO DE SOUSA, RUA;;;35;ITAIM PAULISTA;1;0
D061300102;35655;JACEGUAI, VD;;;0;NADA CONSTA ;06/06/2013 02:50;2;CO;5;4850; ; ;2;0;0;0;0;0;0;0;0;0;0;0;0;0;0;0;0;33667;LESTE-OESTE, LIG;;;2;ALTO DE PINHEIR;1;0
D061301678;3509;BELMIRA MARIN, AV DONA;;;2007;;06/06/2013 05:50;2;CL;101;4363; ; ;0;1;0;0;0;0;0;0;0;0;0;0;0;0;0;1;0;3509;BELMIRA MARIN, AV DONA;;;30;GRAJAU;1;0
D061300133;543;ALCANTARA MACHADO, AV;;;0; - VD BRESSER;06/06/2013 06:40;2;CO;8;1864;C; ;1;1;0;0;0;0;0;0;0;0;0;0;0;0;0;0;0;543;ALCANTARA MACHADO, AV;;;10;BRAS;1;0
D061301449;32309;SOCORRO, PTE DO;;;10;;06/06/2013 06:40;2;QD;11;6727; ; ;0;0;1;0;0;0;0;0;0;0;0;0;0;0;0;0;0;32309;SOCORRO, PTE DO;;;30;GRAJAU;1;0
D061301626;6238;NACOES UNIDAS, AV DAS;;;22512;;06/06/2013 06:50;2;CO;99;2386; ; ;1;1;0;0;0;0;0;0;0;0;0;0;0;0;0;0;0;13014;MARGINAL DO RIO PINHEIROS, AV;;;90;VILA LEOPOLDINA;1;0
D061301545;15507;TEOTONIO VILELA, AV SEN;;;1657;;06/06/2013 07:00;2;CO;48;2146; ; ;1;1;0;0;0;0;0;0;0;0;0;0;0;0;0;0;0;15507;TEOTONIO VILELA, AV SEN;;;23;CIDADE DUTRA;1;0
D061301041;15426;PARADA PINTO, AV;;;0;NADA CONSTA ;06/06/2013 07:01;4;AT;38;2776; ; ;0;1;0;0;0;0;0;0;0;0;0;0;0;0;0;0;0;15426;PARADA PINTO, AV;;;8;BELEM;1;0
D061300756;16878;RAPOSO TAVARES, VIA;;;16000;;06/06/2013 07:10;2;CT;75;1925;C; ;1;1;0;0;0;0;0;0;0;0;0;0;0;0;0;0;0;16878;RAPOSO TAVARES, VIA;;;13;CACHOEIRINHA;1;0
D061301436;6238;NACOES UNIDAS, AV DAS;;;17891;;06/06/2013 07:37;2;CO;11;6506; ; ;2;2;0;0;0;0;0;0;0;0;0;0;0;0;0;0;0;13014;MARGINAL DO RIO PINHEIROS, AV;;;90;VILA LEOPOLDINA;1;0
D061300924;992;AMARAL MOUSINHO, RUA DOM;1136;AMOROSO NETO, PCA DEL;0;;06/06/2013 07:50;2;CO;13;6287; ; ;1;1;0;0;0;0;0;0;0;0;0;0;0;0;0;0;0;992;AMARAL MOUSINHO, RUA DOM;1136;AMOROSO NETO, PCA DEL;21;CASA VERDE;1;0