id_acidente;codloga;logradouroA;codlogb;logradouroB;alt_num;referencia;data;cod_acid;tipo_acidente;dp;numero_BO;sentido;pista;automovel;moto;onibus;caminhao;bicicleta;moto_taxi;onibus_fretado;onibus_urbano;microonibus;van;vuc;caminhonete;carreta;jipe;outros;sem_informacao;carroca;princ_a;paiA;princ_b;paiB;cod_distrito;distrito;vit_ferida;vit_morta
D061301300;34122;MELO FREIRE, RUA;19206;TUIUTI, RUA;0;;06/06/2013 08:12;2;CO;30;2926; ; ;1;1;0;0;0;0;0;0;0;0;0;0;0;0;0;0;0;19206;TUIUTI, RUA;34122;MELO FREIRE, RUA;82;TATUAPE;1;0
D061301872;12156;LUIZ AYRES, RUA DR;;;1570;;06/06/2013 08:20;2;CO;65;1937; ; ;0;2;0;0;0;0;0;0;0;0;0;0;0;0;0;0;0;12156;LUIZ AYRES, RUA DR;;;5;ARTUR ALVIM;1;0
D061300010;6642;ESTADO, AV DO;;;3433;;06/06/2013 08:31;2;QM;1;4556; ; ;0;1;0;0;0;0;0;0;0;0;0;0;0;0;0;0;0;6642;ESTADO, AV DO;;;9;BOM RETIRO;1;0
D061300324;7609;FREDERICO ALBUQUERQUE, RUA;5606;CUPECE, AV;0;;06/06/2013 09:15;2;SI;35;4935; ; ;0;1;0;0;0;0;0;0;0;0;0;0;0;0;0;0;0;5606;CUPECE, AV;7609;FREDERICO ALBUQUERQUE, RUA;22;CIDADE ADEMAR;1;0
D061300835;16726;QUEIROZ FILHO, AV;;;0;PROXIMO  - PCA APECAT;06/06/2013 09:44;2;CO;91;4150;B; ;0;2;0;0;0;0;0;0;0;0;0;0;0;0;0;0;0;16726;QUEIROZ FILHO, AV;;;14;CAMBUCI;2;0
D061300484;6238;NACOES UNIDAS, AV DAS;;;4777;;06/06/2013 10:00;2;CL;14;5766; ; ;1;1;0;0;0;0;0;0;0;0;0;0;0;0;0;0;0;13014;MARGINAL DO RIO PINHEIROS, AV;;;90;VILA LEOPOLDINA;1;0
D061300718;13019;ESCOLA POLITECNICA, AV;;;0;NADA CONSTA ;06/06/2013 10:09;2;CO;51;2516; ; ;1;1;0;0;0;0;0;0;0;0;0;0;0;0;0;0;0;13019;ESCOLA POLITECNICA, AV;;;40;JAGUARE;1;0
D061300309;26500;VICENTE RAO, AV PROF.;;;2225;;06/06/2013 10:14;4;AT;27;6771; ; ;1;0;0;0;0;0;0;0;0;0;0;0;0;0;0;0;0;26500;VICENTE RAO, AV PROF.;;;30;GRAJAU;1;0
D061300232;6013;DOMINGOS DE MORAIS, RUA;;;1800;;06/06/2013 10:45;2;CL;16;7703; ; ;0;1;0;0;0;0;0;0;0;0;0;0;0;0;0;0;0;6013;DOMINGOS DE MORAIS, RUA;;;92;VILA MARIANA;1;0
D061300066;5460;COUTO DE MAGALHAES, RUA GAL;;;0;NADA CONSTA ;06/06/2013 11:00;2;CO;3;4541; ; ;1;1;0;0;0;0;0;0;0;0;0;0;0;0;0;0;0;5460;COUTO DE MAGALHAES, RUA GAL;;;67;REPUBLICA;2;0
D061301211;17363;ROMEU CASAGRANDE, RUA CABO;;;373;;06/06/2013 11:30;2;CO;90;2247; ; ;0;1;0;1;0;0;0;0;0;0;0;1;0;0;0;0;0;17363;ROMEU CASAGRANDE, RUA CABO;;;36;ITAQUERA;1;0
D061300094;19764;VINTE E TRES DE MAIO, AV;;;0;ACESSO  -  R BR DE I;06/06/2013 11:47;2;CO;5;2971; ; ;1;1;0;0;0;0;0;0;0;0;0;0;0;0;0;0;0;19764;VINTE E TRES DE MAIO, AV;;;17;CAMPO LIMPO;1;0
D061300855;3376;BILLINGS, AV ENG;;;100;;06/06/2013 12:00;4;AT;93;3584; ; ;1;0;0;0;0;0;0;0;0;0;0;0;0;0;0;0;0;13014;MARGINAL DO RIO PINHEIROS, AV;;;40;JAGUARE;1;0
D061300684;73197;MOGEIRO, RUA;;;50;;06/06/2013 12:05;2;CO;46;2611; ; ;1;1;0;0;0;0;0;0;0;0;0;0;0;0;0;0;0;73197;MOGEIRO, RUA;;;52;MARSILAC;1;0
D061300925;4533;CASA VERDE, AV;371;AGUAS VIRTUOSAS, RUA;0;;06/06/2013 12:15;2;CO;13;6301; ; ;1;1;0;0;0;0;0;0;0;0;0;0;0;0;0;0;0;371;AGUAS VIRTUOSAS, RUA;4533;CASA VERDE, AV;21;CASA VERDE;1;0
D061302082;6544;ERMANO MARCHETTI, AV;;;1058;;06/06/2013 12:30;4;AT;7;3490;B; ;0;0;1;0;0;0;0;0;0;0;0;0;0;0;0;0;0;6544;ERMANO MARCHETTI, AV;;;48;LAPA;0;1
D061300954;4775;CEREJEIRAS, AV DAS;;;141;;06/06/2013 12:50;4;AT;19;2135; ; ;0;1;0;0;0;0;0;0;0;0;0;0;0;0;0;0;0;4775;CEREJEIRAS, AV DAS;;;94;VILA MEDEIROS;1;0
D061301993;13728;FRANCISCO JOSE ALVES, RUA;;;0;PROXIMO  - MARIO FERR;06/06/2013 13:02;4;AT;53;2994; ; ;0;0;0;0;0;0;0;0;0;0;0;0;0;0;0;1;0;13728;FRANCISCO JOSE ALVES, RUA;;;25;CIDADE TIRADENT;1;0
D061301808;69888;NORBERTO JOSE DE SOUZA, RUA;;;10;;06/06/2013 13:15;2;CF;62;2249; ; ;0;0;0;0;1;0;0;0;0;0;0;1;0;0;0;0;0;69888;NORBERTO JOSE DE SOUZA, RUA;;;49;LIBERDADE;1;0
D061300485;5885;DIOGENES RIBEIRO DE LIMA, AV;;;2272;;06/06/2013 13:33;2;CO;14;5772; ; ;1;1;0;0;0;0;0;0;0;0;0;0;0;0;0;0;0;5885;DIOGENES RIBEIRO DE LIMA, AV;;;2;ALTO DE PINHEIR;1;0
D061301604;21933;OCTACILIO DE CARVALHO LOPES, RUA DR;;;307;;06/06/2013 13:47;2;CF;92;7021; ; ;1;0;0;0;0;0;0;0;1;0;0;0;0;0;0;0;0;21933;OCTACILIO DE CARVALHO LOPES, RUA DR;;;29;FREGUESIA DO O;1;0
D061300156;19516;VAUTIER, AV;19843;VITOR HUGO, RUA;0;;06/06/2013 14:00;4;AT;12;3076; ; ;2;0;0;0;0;0;0;0;0;0;0;0;0;0;0;0;0;19516;VAUTIER, AV;19843;VITOR HUGO, RUA;  ;;1;0
D061301765;954;AMADOR BUENO DA VEIGA, AV;;;4344;;06/06/2013 14:00;2;CO;24;6938; ; ;1;1;0;0;0;0;0;0;0;0;0;0;0;0;0;0;0;954;AMADOR BUENO DA VEIGA, AV;;;60;PENHA;1;0
D061300347;7751;GANDAVO, RUA;;;188;;06/06/2013 14:30;4;AT;36;2438; ; ;1;0;0;0;0;0;0;0;0;0;0;0;0;0;0;0;0;7751;GANDAVO, RUA;;;92;VILA MARIANA;1;0
D061301010;36284;PETRONIO PORTELA, AV MIN;;;2222;;06/06/2013 14:30;4;AT;28;3017;B; ;1;0;0;0;0;0;0;0;0;0;0;0;0;0;0;0;0;36284;PETRONIO PORTELA, AV MIN;;;4;ARICANDUVA;1;0
D061300386;1247;ANCHIETA, VIA;;;10100;;06/06/2013 14:45;2;CT;95;2603; ; ;1;1;0;0;0;0;0;0;0;0;0;0;0;0;0;0;0;1247;ANCHIETA, VIA;;;33;IPIRANGA;1;0
D061300212;7306;FRANCA, AL;17240;ROCHA AZEVEDO, AL MIN;0;;06/06/2013 15:00;2;CO;78;4906; ; ;2;0;0;0;0;0;0;0;0;0;0;0;0;0;0;0;0;7306;FRANCA, AL;17240;ROCHA AZEVEDO, AL MIN;44;JARDIM PAULISTA;1;0
D061301103;6450;EMILIO CARLOS, AV DEP;;;966;;06/06/2013 15:10;2;CO;40;1849; ; ;0;1;0;0;0;0;0;0;0;0;0;1;0;0;0;0;0;6450;EMILIO CARLOS, AV DEP;;;50;LIMAO;1;0
D061301007;15485;PARAPUA, RUA;;;771;;06/06/2013 15:10;2;CO;28;1454;B; ;1;1;0;0;0;0;0;0;0;0;0;1;0;0;0;0;0;15485;PARAPUA, RUA;;;4;ARICANDUVA;1;0
D061300315;10041;JEQUITIBAS, RUA DOS;;;171;;06/06/2013 15:15;2;SI;35;4600; ; ;1;1;0;0;0;0;0;0;0;0;0;0;0;0;0;0;0;10041;JEQUITIBAS, RUA DOS;;;37;JABAQUARA;1;0
D061300719;5309;CORIFEU DE AZEVEDO MARQUES, AV;;;0;NADA CONSTA ;06/06/2013 15:30;2;CF;51;2522; ; ;1;1;0;0;0;0;0;0;0;0;0;0;0;0;0;0;0;5309;CORIFEU DE AZEVEDO MARQUES, AV;;;12;BUTANTA;1;0
D061301102;4438;JOAQUIM AFONSO DE SOUZA, RUA;;;791;;06/06/2013 15:30;4;AT;40;1847; ; ;0;1;0;0;0;0;0;0;0;0;0;0;0;0;0;0;0;4438;JOAQUIM AFONSO DE SOUZA, RUA;;;21;CASA VERDE;1;0
D061300685;27955;FORTUNATA TADIELLO NATUCCI, AV;;;0;NADA CONSTA ;06/06/2013 15:40;2;CO;46;2618; ; ;2;0;0;0;0;0;0;0;0;0;0;1;0;0;0;0;0;27955;FORTUNATA TADIELLO NATUCCI, AV;;;3;ANHANGUERA;1;0
D061300779;61072;VALENTIN SEITZ, RUA;;;0;PROXIMO  - VIA RAPOSO;06/06/2013 16:00;2;CO;75;5649; ; ;1;1;0;0;0;0;0;0;0;0;0;0;0;0;0;0;0;61072;VALENTIN SEITZ, RUA;;;13;CACHOEIRINHA;1;0
D061300209;15656;PAULISTA, AV;;;1500;;06/06/2013 16:26;4;AT;78;4873; ; ;1;1;0;0;0;0;0;0;0;0;0;0;0;0;0;0;0;15656;PAULISTA, AV;;;7;BELA VISTA;2;0
D061301614;1391;ANGELO CRISTIANINI, AV;;;702;;06/06/2013 16:28;2;CO;98;6009; ; ;1;1;0;0;0;0;0;0;0;0;0;0;0;0;0;0;0;1391;ANGELO CRISTIANINI, AV;;;22;CIDADE ADEMAR;1;0
D061300453;10635;JOHN HARRISON, RUA;;;0;PROXIMO  - MERCADO DA;06/06/2013 16:30;4;AT;7;4162; ; ;1;0;0;0;0;0;0;0;0;0;0;0;0;0;0;0;0;10635;JOHN HARRISON, RUA;;;48;LAPA;1;0
D061300211;5245;CONSOLACAO, RUA DA;;;2390;;06/06/2013 16:49;4;AT;78;4880; ; ;0;1;0;0;0;0;0;0;0;0;0;0;0;0;0;0;0;5245;CONSOLACAO, RUA DA;;;26;CONSOLACAO;1;0
D061300648;9529;ITAPECERICA, ES DE;;;0;NADA CONSTA ;06/06/2013 17:00;2;SI;37;3533;C; ;1;1;0;0;0;0;0;0;0;0;0;0;0;0;0;0;0;9529;ITAPECERICA, ES DE;;;29;FREGUESIA DO O;1;0
D061301437;5799;ALFREDO EGIDIO DE SOUZA ARANHA, AV;;;110;;06/06/2013 17:10;4;AT;11;6540; ; ;0;1;0;0;0;0;0;0;0;0;0;0;0;0;0;0;0;5799;ALFREDO EGIDIO DE SOUZA ARANHA, AV;;;29;FREGUESIA DO O;2;0
D061300210;5175;COLOMBIA, RUA;;;99;;06/06/2013 17:14;2;CO;78;4875; ; ;1;1;0;0;0;0;0;0;0;0;0;0;0;0;0;0;0;5175;COLOMBIA, RUA;;;44;JARDIM PAULISTA;1;0
D061300039;6642;ESTADO, AV DO;;;15000;;06/06/2013 17:20;2;CO;2;3858; ; ;0;2;0;0;0;0;0;0;0;0;0;0;0;0;0;0;0;6642;ESTADO, AV DO;;;9;BOM RETIRO;1;0
D061300185;6263;EDUARDO PRADO, AL;19862;VITORINO CARMILO, RUA;0;;06/06/2013 17:40;4;AT;77;2435; ; ;1;0;0;0;0;0;0;0;0;0;0;0;0;0;0;0;0;6263;EDUARDO PRADO, AL;19862;VITORINO CARMILO, RUA;70;SANTA CECILIA;1;0
D061301332;16826;RAIMUNDO, RUA S;;;425;;06/06/2013 17:58;2;CT;42;2035; ; ;0;1;0;0;0;0;0;0;0;0;0;1;0;0;0;0;0;16826;RAIMUNDO, RUA S;;;26;CONSOLACAO;1;0
D061302111;22127;GRANDE SAO PAULO, VD;;;100;;06/06/2013 18:04;2;CL;56;3792;B; ;0;1;0;1;0;0;0;0;0;0;0;0;0;0;0;0;0;22127;GRANDE SAO PAULO, VD;;;18;CANGAIBA;0;1
D061301969;25591;MONOS, ES DOS;16173;PESSEGO, ES DO;0;;06/06/2013 18:05;4;AT;53;4032; ; ;0;0;1;0;0;0;0;0;0;0;0;0;0;0;0;0;0;16173;PESSEGO, ES DO;25591;MONOS, ES DOS;  ;;1;0
D061300114;18800;TEODURETO SOUTO, RUA;17234;ROBERTSON, RUA;0;;06/06/2013 18:30;4;AT;6;2760; ; ;1;0;0;0;0;0;0;0;0;0;0;0;0;0;0;0;0;17234;ROBERTSON, RUA;18800;TEODURETO SOUTO, RUA;  ;;1;0
D061301196;75479;FERNANDO MENDES DE ALMEIDA, AV;;;1200;;06/06/2013 19:08;4;AT;74;5201; ; ;0;1;0;0;0;0;0;0;0;0;0;0;0;0;0;0;0;75479;FERNANDO MENDES DE ALMEIDA, AV;;;40;JAGUARE;1;0
D061301264;7645;FRONTIN, AV CD DE;;;400;;06/06/2013 19:09;2;CL;21;1890; ; ;1;1;0;0;0;0;0;0;0;0;0;0;0;0;0;0;0;7645;FRONTIN, AV CD DE;;;93;VILA MATILDE;1;0
D061300741;19817;VITAL BRASIL, AV;;;1000;;06/06/2013 19:30;4;AT;51;5788; ; ;1;0;0;0;0;0;0;0;0;0;0;0;0;0;0;0;0;19817;VITAL BRASIL, AV;;;13;CACHOEIRINHA;1;0
D061301163;45241;FILHOS DA TERRA, RUA DOS;;;668;;06/06/2013 19:40;4;AT;73;6086; ; ;0;1;0;0;0;0;0;0;0;0;0;0;0;0;0;0;0;45241;FILHOS DA TERRA, RUA DOS;;;83;TREMEMBE;1;0
D061300803;71804;LAERCIO CORTE, RUA DEP;;;10;;06/06/2013 20:30;2;CO;89;5079; ; ;1;1;0;0;0;0;0;0;0;0;0;0;0;0;0;0;0;71804;LAERCIO CORTE, RUA DEP;;;29;FREGUESIA DO O;1;0
D061301366;6371;ELISABETH DE ROBIANO, AV CDSSA;;;0;PROXIMO  -  AD PM;06/06/2013 22:00;2;QM;52;6442; ; ;0;1;0;0;0;0;0;0;0;0;0;0;0;0;0;0;0;29772;MARGINAL DO RIO TIETE, AV;;;82;TATUAPE;1;0
D061301598;70322;CANDIDO JOSE XAVIER, AV;;;335;;06/06/2013 22:30;2;CO;92;4393; ; ;1;0;0;0;0;0;0;0;0;0;0;1;0;0;0;0;0;70322;CANDIDO JOSE XAVIER, AV;;;32;IGUATEMI;1;0
D061300700;99374;RECANTO DOS HUMILDES, RUA;;;38;;06/06/2013 22:43;4;AT;46;5360; ; ;1;0;0;0;0;0;0;0;0;0;0;0;0;0;0;0;0;99374;RECANTO DOS HUMILDES, RUA;;;  ;;1;0
D061301628;7917;GERALDO SANT'ANA, AV SARG;;;240;;06/06/2013 22:50;2;CO;99;2404; ; ;0;2;0;0;0;0;0;0;0;0;0;0;0;0;0;0;0;7917;GERALDO SANT'ANA, AV SARG;;;16;CAMPO GRANDE;1;0
D061301164;40497;MANUEL VIEIRA DA LUZ-ANT. TERE, RUA;;;519;;06/06/2013 23:30;2;CO;73;6095; ; ;1;1;0;0;0;0;0;0;0;0;0;0;0;0;0;0;0;40497;MANUEL VIEIRA DA LUZ-ANT. TERE, RUA;;;83;TREMEMBE;1;0
D061302147;16878;RAPOSO TAVARES, VIA;;;19800;;06/06/2013 23:40;4;AT;75;5081; ; ;0;1;0;0;0;0;0;0;0;0;0;0;0;0;0;0;0;16878;RAPOSO TAVARES, VIA;;;13;CACHOEIRINHA;0;1
D061301101;17339;ROLAND GARROS, AV;9978;JARDIM JAPAO, AV;0;;07/06/2013 00:14;2;CO;39;7304;B; ;0;1;0;0;0;0;0;0;0;0;0;0;0;0;0;1;0;9978;JARDIM JAPAO, AV;17339;ROLAND GARROS, AV;94;VILA MEDEIROS;1;0
D061300663;34682;CAMPO LIMPO, ES DO;;;0;PROXIMO  - HORTO DO I;07/06/2013 00:23;2;CT;37;5164; ; ;0;1;0;0;0;0;0;0;0;0;0;0;0;0;0;1;0;34682;CAMPO LIMPO, ES DO;;;17;CAMPO LIMPO;1;0
D061300575;26987;DOMINGOS DE SOUZA MARQUES, AV;;;450;;07/06/2013 00:32;4;AT;33;5361; ; ;0;0;0;0;0;0;0;0;0;0;0;1;0;0;0;0;0;26987;DOMINGOS DE SOUZA MARQUES, AV;;;43;JARDIM HELENA;1;0
D061300599;12502;MAGALHAES DE CASTRO, AV;;;0;NADA CONSTA ;07/06/2013 01:00;2;CO;34;2667; ; ;1;0;0;0;0;0;0;0;0;0;0;0;0;0;0;1;0;13014;MARGINAL DO RIO PINHEIROS, AV;;;12;BUTANTA;1;0
D061302083;35646;DUTRA, PTE PRES;;;231;;07/06/2013 02:03;4;AT;73;7681; ; ;0;0;0;0;0;0;0;0;0;0;0;0;0;0;0;1;0;35646;DUTRA, PTE PRES;;;36;ITAQUERA;0;1
D061301833;9084;IMPERADOR, ES DO;;;5788;;07/06/2013 02:20;2;CO;63;4729; ; ;1;1;0;0;0;0;0;0;0;0;0;0;0;0;0;0;0;9084;IMPERADOR, ES DO;;;89;VILA JACUI;1;0
D061301544;9529;ITAPECERICA, ES DE;;;5800;;07/06/2013 04:50;2;QM;47;900168; ; ;0;1;0;0;0;0;0;0;0;0;0;0;0;0;0;0;0;9529;ITAPECERICA, ES DE;;;29;FREGUESIA DO O;2;0
D061300679;16339;CARLOS LACERDA, AV;;;5000;;07/06/2013 05:00;2;QM;37;7178; ; ;0;1;0;0;0;0;0;0;0;0;0;0;0;0;0;0;0;16339;CARLOS LACERDA, AV;;;29;FREGUESIA DO O;1;0
D061302144;35644;JOSE DINIZ, VD VER;;;10;;07/06/2013 05:10;2;CT;11;6030;C; ;1;1;1;0;0;0;0;0;0;0;0;0;0;0;0;0;0;10918;JOSE DINIZ, AV VER;;;30;GRAJAU;1;1
D061300428;19100;BANDEIRANTES, AV DOS;;;0;PROXIMO  - VD REPUBLI;07/06/2013 05:45;2;CO;96;9177; ; ;1;1;0;0;0;0;0;0;0;0;0;0;0;0;0;0;0;19100;BANDEIRANTES, AV DOS;;;24;CIDADE LIDER;1;0
D061300701;20291;TURISTICA DO JARAGUA, ES;;;0;NADA CONSTA ;07/06/2013 05:50;2;CO;46;5373; ; ;1;1;0;0;0;0;0;0;0;0;0;0;0;0;0;0;0;20291;TURISTICA DO JARAGUA, ES;;;31;GUAIANASES;1;0
D061300517;6897;FARIA LIMA, AV BRIG;10053;JERONIMO DA VEIGA, RUA;0;;07/06/2013 06:00;2;CO;15;2804; ; ;2;0;0;0;0;0;0;0;0;0;0;0;0;0;0;0;0;6897;FARIA LIMA, AV BRIG;10053;JERONIMO DA VEIGA, RUA;  ;;1;0
D061300926;14270;MORVAN DIAS DE FIGUEIREDO, AV;;;0;PROXIMO  - PT BANDEIR;07/06/2013 06:20;2;QM;13;6336; ; ;0;1;0;0;0;0;0;0;0;0;0;0;0;0;0;0;0;29772;MARGINAL DO RIO TIETE, AV;;;0;NULL;1;0
D061300348;18653;TANGARA, RUA;;;0;NADA CONSTA ;07/06/2013 06:40;4;AT;36;2448; ; ;0;0;1;0;0;0;0;0;0;0;0;0;0;0;0;0;0;18653;TANGARA, RUA;;;9;BOM RETIRO;1;0
D061301419;6371;ELISABETH DE ROBIANO, AV CDSSA;;;0;ACESSO  - PT PRES JA;07/06/2013 06:45;2;QM;81;1631; ; ;0;1;0;0;0;0;0;0;0;0;0;0;0;0;0;0;0;29772;MARGINAL DO RIO TIETE, AV;;;82;TATUAPE;2;0
D061300316;66;ABRAAO DE MORAIS, AV PROF;;;10000;;07/06/2013 07:00;2;SI;35;4611; ; ;1;1;0;0;0;0;0;0;0;0;0;0;0;0;0;0;0;66;ABRAAO DE MORAIS, AV PROF;;;79;SAUDE;1;0
D061301438;171;ADELE, RUA;;;119;;07/06/2013 07:21;2;SI;11;6557; ; ;1;1;0;0;0;0;0;0;0;0;0;0;0;0;0;0;0;171;ADELE, RUA;;;72;SANTO AMARO;1;0
D061301265;1702;ANTONIO ESTEVAO DE CARVALHO, AV;5957;DIVINOLANDIA, PCA;0;;07/06/2013 07:22;2;CL;21;1897;C; ;1;1;0;0;0;0;0;0;0;0;0;0;0;0;0;0;0;1702;ANTONIO ESTEVAO DE CARVALHO, AV;5957;DIVINOLANDIA, PCA;93;VILA MATILDE;1;0
D061301627;6238;NACOES UNIDAS, AV DAS;;;2360;;07/06/2013 07:30;2;CL;99;2403; ; ;1;1;0;0;0;0;0;0;0;0;0;0;0;0;0;0;0;13014;MARGINAL DO RIO PINHEIROS, AV;;;90;VILA LEOPOLDINA;1;0
D061302112;60675;AFONSO DE SAMPAIO E SOUSA, AV;;;693;;07/06/2013 07:33;2;CL;53;4043;C; ;0;1;1;0;0;0;0;0;0;0;0;0;0;0;0;0;0;60675;AFONSO DE SAMPAIO E SOUSA, AV;;;51;MANDAQUI;0;1
D061301076;896;ALVARO MACHADO PEDROSA, AV;;;582;;07/06/2013 07:40;2;CO;39;2585; ; ;1;0;0;0;1;0;0;0;0;0;0;0;0;0;0;0;0;896;ALVARO MACHADO PEDROSA, AV;;;84;TUCURUVI;1;0
D061301165;13133;MARIA AMALIA LOPES AZEVEDO, RUA;;;3648;;07/06/2013 07:40;4;AT;73;6105; ; ;0;1;0;0;0;0;0;0;0;0;0;0;0;0;0;0;0;13133;MARIA AMALIA LOPES AZEVEDO, RUA;;;83;TREMEMBE;1;0
D061301301;4260;CARAGUATAI, RUA;19809;VISTA ALEGRE, RUA;0;;07/06/2013 08:00;2;CO;30;2949; ; ;1;1;0;0;0;0;0;0;0;0;0;0;0;0;0;0;0;4260;CARAGUATAI, RUA;19809;VISTA ALEGRE, RUA;82;TATUAPE;1;0
D061300486;16919;REBOUCAS, AV;;;3600;;07/06/2013 08:15;2;QM;14;5829; ; ;0;1;0;0;0;0;0;0;0;0;0;0;0;0;0;0;0;16919;REBOUCAS, AV;;;44;JARDIM PAULISTA;1;0
D061300958;44369;JOAO DE OLIVEIRA, PCA;;;10;;07/06/2013 08:20;4;AT;19;2271; ; ;0;1;0;0;0;0;0;0;0;0;0;0;0;0;0;0;0;44369;JOAO DE OLIVEIRA, PCA;;;22;CIDADE ADEMAR;1;0
D061300979;13683;MATEUS LEME, RUA;;;268;;07/06/2013 08:30;2;CH;20;5320; ; ;0;0;0;0;0;0;0;0;0;0;0;1;0;0;0;0;0;13683;MATEUS LEME, RUA;;;71;SANTANA;2;0
D061301585;8368;GUARAPIRANGA, AV;;;1500;;07/06/2013 08:38;2;CO;92;3547; ; ;1;1;0;0;0;0;0;0;0;0;0;0;0;0;0;0;0;8368;GUARAPIRANGA, AV;;;45;JARDIM SAO LUIS;1;0
D061301237;8262;GUAIAUNA, RUA;;;100;;07/06/2013 08:51;2;QD;10;6501; ; ;0;0;1;0;0;0;0;0;0;0;0;0;0;0;0;0;0;8262;GUAIAUNA, RUA;;;60;PENHA;1;0
D061300955;475;ALBERTO BYINGTON, AV;;;1560;;07/06/2013 08:55;2;CO;19;2145; ; ;0;0;0;0;0;0;0;0;0;0;0;2;0;0;0;0;0;475;ALBERTO BYINGTON, AV;;;91;VILA MARIA;1;0
D061300720;8603;HEITOR ANTONIO EIRAS GARCIA, AV ENG;;;0;NADA CONSTA ;07/06/2013 08:58;2;CO;51;2535; ; ;1;0;0;0;1;0;0;0;0;0;0;0;0;0;0;0;0;8603;HEITOR ANTONIO EIRAS GARCIA, AV ENG;;;68;RIO PEQUENO;1;0
D061301887;98912;JOSE PINHEIRO BORGES, AV;;;0;PROXIMO  - AV FLORES ;07/06/2013 09:20;2;CO;68;1667; ; ;1;1;0;0;0;0;0;0;0;0;0;0;0;0;0;0;0;98912;JOSE PINHEIRO BORGES, AV;;;36;ITAQUERA;1;0
D061300343;19764;VINTE E TRES DE MAIO, AV;;;0;NADA CONSTA ;07/06/2013 09:30;2;CL;36;1735; ; ;1;1;0;0;0;0;0;0;0;0;0;0;0;0;0;0;0;19764;VINTE E TRES DE MAIO, AV;;;17;CAMPO LIMPO;1;0
D061300318;12292;LUIS ROCHA MIRANDA, AV DR;7635;FREIRE FARTO, RUA;0;;07/06/2013 09:50;4;AT;35;4663; ; ;0;1;0;0;0;0;0;0;0;0;0;0;0;0;0;0;0;5634;CURUPIAS, RUA DOS;12292;LUIS ROCHA MIRANDA, AV DR;37;JABAQUARA;1;0
D061300166;18993;TIRADENTES, AV;10485;JOAO TEODORO, RUA;0;;07/06/2013 10:05;2;CO;12;3442; ; ;1;1;0;0;0;0;0;0;0;0;0;0;0;0;0;0;0;10485;JOAO TEODORO, RUA;18993;TIRADENTES, AV;9;BOM RETIRO;1;0
D061300540;11488;IRMAOS KARMAM, PCA;;;111;;07/06/2013 10:20;4;AT;23;3251; ; ;1;0;0;0;0;0;0;0;0;0;0;0;0;0;0;0;0;11488;IRMAOS KARMAM, PCA;;;61;PERDIZES;1;0
D061301935;18826;BENTO GUELFI, AV;;;1100;;07/06/2013 10:24;2;CO;49;7956; ; ;0;1;0;1;0;0;0;0;0;0;0;0;0;0;0;0;0;18826;BENTO GUELFI, AV;;;55;MORUMBI;1;0
D061300980;66116;AGOSTINHO DA FONSECA, RUA CEL;;;253;;07/06/2013 10:30;2;CH;20;5821; ; ;0;0;0;0;0;0;0;0;0;0;0;1;0;0;0;0;0;66116;AGOSTINHO DA FONSECA, RUA CEL;;;22;CIDADE ADEMAR;1;0
D061301680;15507;TEOTONIO VILELA, AV SEN;;;5472;;07/06/2013 10:30;2;CO;101;4419;C; ;1;0;0;0;0;0;0;0;0;0;0;0;0;0;0;1;0;15507;TEOTONIO VILELA, AV SEN;;;23;CIDADE DUTRA;1;0
D061301322;6122;DULCE, RUA;;;141;;07/06/2013 10:30;4;AT;31;3472;B; ;0;0;0;0;0;0;0;0;0;0;0;1;0;0;0;0;0;6122;DULCE, RUA;;;20;CARRAO;1;0
D061302058;12895;ANTONIO MARQUES JULIAO, RUA;76782;BALATA, RUA;0;;07/06/2013 10:30;2;CL;70;2837; ; ;2;0;0;0;0;0;0;0;0;0;0;0;0;0;0;0;0;12895;ANTONIO MARQUES JULIAO, RUA;76782;BALATA, RUA;74;SAO LUCAS;1;0
D061301439;7012;FERNANDES MOREIRA, RUA;;;315;;07/06/2013 10:48;2;SI;11;6561; ; ;1;1;0;0;0;0;0;0;0;0;0;0;0;0;0;0;0;7012;FERNANDES MOREIRA, RUA;;;72;SANTO AMARO;1;0
D061301459;6238;NACOES UNIDAS, AV DAS;1085;AMERICO BRASILIENSE, RUA;0;;07/06/2013 10:50;2;CT;11;7078; ; ;0;1;0;0;0;0;0;0;0;0;0;0;0;0;0;1;0;1085;AMERICO BRASILIENSE, RUA;6238;NACOES UNIDAS, AV DAS;72;SANTO AMARO;2;0
D061300234;17991;SENA MADUREIRA, RUA;15223;OTONIS, RUA DOS;0;;07/06/2013 11:00;4;AT;16;7757; ; ;1;1;0;0;0;0;0;0;0;0;0;0;0;0;0;0;0;15223;OTONIS, RUA DOS;17991;SENA MADUREIRA, RUA;92;VILA MARIANA;1;0
D061300604;19461;VALERIO, AV S;;;553;;07/06/2013 11:14;2;CO;34;3389; ; ;0;1;0;0;0;0;0;0;0;0;0;1;0;0;0;0;0;19461;VALERIO, AV S;;;13;CACHOEIRINHA;1;0
D061300875;6110;DUARTE DE AZEVEDO, RUA;;;508;;07/06/2013 11:47;2;QD;9;3200;B; ;0;0;0;0;0;0;0;1;0;0;0;0;0;0;0;0;0;6110;DUARTE DE AZEVEDO, RUA;;;71;SANTANA;1;0