id_acidente;codloga;logradouroA;codlogb;logradouroB;alt_num;referencia;data;cod_acid;tipo_acidente;dp;numero_BO;sentido;pista;automovel;moto;onibus;caminhao;bicicleta;moto_taxi;onibus_fretado;onibus_urbano;microonibus;van;vuc;caminhonete;carreta;jipe;outros;sem_informacao;carroca;princ_a;paiA;princ_b;paiB;cod_distrito;distrito;vit_ferida;vit_morta
D061300798;13014;MARGINAL DO RIO PINHEIROS, AV;;;0;NADA CONSTA ;09/06/2013 22:40;2;CO;89;4272; ; ;1;0;0;0;0;0;0;0;0;0;0;1;0;0;0;0;0;13014;MARGINAL DO RIO PINHEIROS, AV;;;40;JAGUARE;1;0
D061301058;61364;DOMINGOS JOSE SAPIENZA, RUA;;;508;;09/06/2013 23:00;2;CO;38;5330; ; ;1;1;0;0;0;0;0;0;0;0;0;0;0;0;0;0;0;61364;DOMINGOS JOSE SAPIENZA, RUA;;;8;BELEM;2;0
D061300262;18172;SILVA BUENO, RUA;;;1830;;09/06/2013 23:02;2;CT;17;7887; ; ;1;0;0;0;0;0;0;0;0;0;0;1;0;0;0;0;0;18172;SILVA BUENO, RUA;;;18;CANGAIBA;1;0
D061301586;79059;JULIO LOURENCO PINTO, RUA;;;296;;09/06/2013 23:15;2;CO;92;3614; ; ;1;1;0;0;0;0;0;0;0;0;0;0;0;0;0;0;0;79059;JULIO LOURENCO PINTO, RUA;;;32;IGUATEMI;2;0
D061300514;3220;BENTO DE ANDRADE, RUA;;;121;;09/06/2013 23:20;2;CO;15;2572;B; ;2;0;0;0;0;0;0;0;0;0;0;0;0;0;0;0;0;3220;BENTO DE ANDRADE, RUA;;;53;MOEMA;1;0
D061301667;12403;M'BOI MIRIM, ES;17772;SANT'ANNA, AV COMEN;0;;09/06/2013 23:35;4;AT;100;7093; ; ;1;0;0;0;0;0;0;0;0;0;0;0;0;0;0;0;0;12403;M'BOI MIRIM, ES;17772;SANT'ANNA, AV COMEN;42;JARDIM ANGELA;1;0
D061301837;13881;MIGUEL, AV S;;;6818;;09/06/2013 23:40;2;CF;63;4818; ; ;2;0;0;0;0;0;0;0;0;0;0;0;0;0;0;0;0;13881;MIGUEL, AV S;;;65;PONTE RASA;1;0
D061301059;14242;MOREIRA DE BARROS, RUA CONS;;;3741;;09/06/2013 23:40;2;CO;38;5332; ; ;4;1;0;0;0;0;0;0;0;0;0;0;0;0;0;0;0;14242;MOREIRA DE BARROS, RUA CONS;;;0;NULL;1;0
D061300966;5204;CONCEICAO (ES.), AV;;;2997;;09/06/2013 23:45;2;SI;19;5426; ; ;2;0;0;0;0;0;0;0;0;0;0;0;0;0;0;0;0;5204;CONCEICAO (ES.), AV;;;88;VILA GUILHERME;3;0
D061301028;6361;ELISIO TEIXEIRA LEITE, AV;;;1419;;10/06/2013 00:40;2;CO;28;6466; ; ;1;1;0;0;0;0;0;0;0;0;0;0;0;0;0;0;0;6361;ELISIO TEIXEIRA LEITE, AV;;;29;FREGUESIA DO O;1;0
D061301741;17820;TITO, AV MAL;13891;MIGUEL ANGELO LAPENA, RUA;0;;10/06/2013 02:13;2;CO;22;4820; ; ;2;0;0;0;0;0;0;0;0;0;0;0;0;0;0;0;0;13891;MIGUEL ANGELO LAPENA, RUA;17820;TITO, AV MAL;  ;;3;0
D061301714;8368;GUARAPIRANGA, AV;18211;PTOLOMEU, RUA;0;;10/06/2013 04:00;2;CO;102;6670; ; ;0;1;0;0;0;0;0;1;0;0;0;0;0;0;0;0;0;8368;GUARAPIRANGA, AV;18211;PTOLOMEU, RUA;81;SOCORRO;1;0
D061302117;13671;MATEO BEI, AV;;;941;;10/06/2013 04:00;2;CF;49;8103;B; ;2;0;0;0;0;0;0;0;0;0;0;0;0;0;0;0;0;13671;MATEO BEI, AV;;;75;SAO MATEUS;4;1
D061301682;15507;TEOTONIO VILELA, AV SEN;;;2800;;10/06/2013 05:10;4;AT;101;4547;B; ;1;0;0;0;0;0;0;0;0;0;0;0;0;0;0;0;0;15507;TEOTONIO VILELA, AV SEN;;;23;CIDADE DUTRA;1;0
D061301445;10270;JOAO DIAS, AV;;;718;;10/06/2013 06:10;2;CO;11;6677; ; ;2;1;0;0;0;0;0;0;0;0;0;0;0;0;0;0;0;10270;JOAO DIAS, AV;;;72;SANTO AMARO;1;0
D061301444;4371;CARLOS GOMES, RUA;;;661;;10/06/2013 06:36;2;CT;11;6674; ; ;1;1;0;0;0;0;0;0;0;0;0;0;0;0;0;0;0;4371;CARLOS GOMES, RUA;;;72;SANTO AMARO;2;0
D061300721;16878;RAPOSO TAVARES, VIA;;;13800;;10/06/2013 07:00;2;CO;51;2556; ; ;0;1;0;0;0;0;0;0;0;0;0;1;0;0;0;0;0;16878;RAPOSO TAVARES, VIA;;;13;CACHOEIRINHA;1;0
D061301356;27094;SALIM FARAH MALUF, AV;19328;ULISSES CRUZ, RUA;0;;10/06/2013 07:00;2;QM;52;1655; ; ;0;1;0;0;0;0;0;0;0;0;0;0;0;0;0;0;0;19328;ULISSES CRUZ, RUA;27094;SALIM FARAH MALUF, AV;8;BELEM;1;0
D061301888;12996;MARGARIDA CRISTINA BAUMANN, RUA;;;0;PROXIMO  - PAPEL PRIM;10/06/2013 07:03;2;CO;68;1689; ; ;0;2;0;0;0;0;0;0;0;0;0;0;0;0;0;0;0;12996;MARGARIDA CRISTINA BAUMANN, RUA;;;36;ITAQUERA;2;0
D061300045;10019;JAVAES, RUA;;;100;;10/06/2013 07:30;2;CO;2;3509; ; ;0;1;0;0;1;0;0;0;0;0;0;0;0;0;0;0;0;10019;JAVAES, RUA;;;9;BOM RETIRO;2;0
D061300487;6775;EUGENIO LEITE, RUA CON;;;1133;;10/06/2013 07:50;4;AT;14;5917; ; ;1;0;0;0;0;0;0;0;0;0;0;0;0;0;0;0;0;6775;EUGENIO LEITE, RUA CON;;;53;MOEMA;1;0
D061300577;33234;MARGINAL DIREITA DO TIETE, AV;;;1856;;10/06/2013 07:50;2;CO;33;5484; ; ;1;1;0;0;0;0;0;0;0;0;0;0;0;0;0;0;0;29772;MARGINAL DO RIO TIETE, AV;;;39;JAGUARA;1;0
D061300317;19907;VALDOMIRO DE LIMA, AV GAL;7882;GEORGE CORBISIER, AV ENG;0;;10/06/2013 07:50;2;SI;35;4648; ; ;1;1;0;0;0;0;0;0;0;0;0;0;0;0;0;0;0;7882;GEORGE CORBISIER, AV ENG;19907;VALDOMIRO DE LIMA, AV GAL;37;JABAQUARA;1;0
D061301972;60675;AFONSO DE SAMPAIO E SOUSA, AV;;;800;;10/06/2013 08:00;2;QM;53;4216;B; ;0;1;0;0;0;0;0;0;0;0;0;0;0;0;0;0;0;60675;AFONSO DE SAMPAIO E SOUSA, AV;;;51;MANDAQUI;1;0
D061300405;7237;FLORIDA, RUA;8341;GUARAIUVA, RUA;0;;10/06/2013 08:29;4;AT;96;2705; ; ;1;0;0;0;0;0;0;0;0;0;0;0;0;0;0;0;0;7237;FLORIDA, RUA;8341;GUARAIUVA, RUA;34;ITAIM BIBI;1;0
D061301212;14270;MORVAN DIAS DE FIGUEIREDO, AV;;;0;NADA CONSTA ;10/06/2013 08:30;2;CO;90;2281; ; ;2;0;0;0;0;0;0;0;0;0;0;0;0;0;0;0;0;29772;MARGINAL DO RIO TIETE, AV;;;0;NULL;1;0
D061300252;18760;TAYLOR, RUA COMTE;;;1500;;10/06/2013 08:47;2;CO;17;2637; ; ;0;0;0;0;1;0;0;0;0;0;0;0;0;0;0;0;1;18760;TAYLOR, RUA COMTE;;;18;CANGAIBA;1;0
D061300444;24491;IMIGRANTES, VIA DOS;;;12000;;10/06/2013 09:03;2;CO;97;900026; ; ;1;1;0;0;0;0;0;0;0;0;0;0;0;0;0;0;0;24491;IMIGRANTES, VIA DOS;;;  ;;2;0
D061300879;13568;MARQUES RIBEIRO, RUA CEL;;;225;;10/06/2013 09:10;2;CO;9;3291; ; ;0;2;0;0;0;0;0;0;0;0;0;0;0;0;0;0;0;13568;MARQUES RIBEIRO, RUA CEL;;;4;ARICANDUVA;2;0
D061300857;831;ALTINO, AV PRES;;;705;;10/06/2013 10:00;2;CO;93;3650; ; ;4;0;0;0;0;0;0;0;0;0;0;0;0;0;0;0;0;831;ALTINO, AV PRES;;;40;JAGUARE;2;0
D061301525;5165;MERCANTEIS, RUA DOS;;;100;;10/06/2013 10:00;2;QD;47;7391; ; ;0;0;1;0;0;0;0;0;0;0;0;0;0;0;0;0;0;5165;MERCANTEIS, RUA DOS;;;19;CAPAO REDONDO;1;0
D061300197;15656;PAULISTA, AV;;;1401;;10/06/2013 10:00;2;CO;78;2476; ; ;3;0;0;0;0;0;0;0;0;0;0;0;0;0;0;0;0;15656;PAULISTA, AV;;;7;BELA VISTA;1;0
D061301446;10270;JOAO DIAS, AV;;;0;NADA CONSTA ;10/06/2013 10:30;2;CO;11;6687; ; ;0;1;0;0;0;0;0;1;0;0;0;0;0;0;0;0;0;10270;JOAO DIAS, AV;;;72;SANTO AMARO;2;0
D061301171;30057;ANGELO ALOISIO, RUA;1632;ANTONIO CESAR NETO, AV;0;;10/06/2013 10:30;4;AT;73;6226; ; ;1;0;0;0;0;0;0;0;0;0;0;0;0;0;0;0;0;1632;ANTONIO CESAR NETO, AV;30057;ANGELO ALOISIO, RUA;38;JACANA;1;0
D061301240;4128;CANGAIBA, AV;;;2689;;10/06/2013 10:33;2;QD;10;6577; ; ;0;0;0;0;0;0;0;1;0;0;0;0;0;0;0;0;0;4128;CANGAIBA, AV;;;18;CANGAIBA;1;0
D061300605;2243;ARMANDO LOMBARDI, RUA DOM;;;223;;10/06/2013 10:50;2;CO;34;3420; ; ;0;1;0;0;0;0;0;0;0;0;0;0;0;0;0;1;0;2243;ARMANDO LOMBARDI, RUA DOM;;;55;MORUMBI;1;0
D061300076;5245;CONSOLACAO, RUA DA;18040;SERGIPE, RUA;0;;10/06/2013 10:50;2;CO;4;4039;C; ;1;1;0;0;0;0;0;0;0;0;0;0;0;0;0;0;0;5245;CONSOLACAO, RUA DA;18040;SERGIPE, RUA;26;CONSOLACAO;1;0
D061300606;10526;JOAQUIM C. DE AZEVEDO MARQUES, RUA;15769;PAULO PEDROSA, RUA DOM;0;;10/06/2013 11:00;2;CO;34;3432; ; ;2;1;0;0;0;0;0;0;0;0;0;0;0;0;0;0;0;10526;JOAQUIM C. DE AZEVEDO MARQUES, RUA;15769;PAULO PEDROSA, RUA DOM;55;MORUMBI;1;0
D061300839;7836;GASTAO VIDIGAL, AV DR;12436;MACEDO SOARES, AV EMB;0;;10/06/2013 11:30;2;CO;91;4288; ; ;1;1;0;0;0;0;0;0;0;0;0;0;0;0;0;0;0;7836;GASTAO VIDIGAL, AV DR;12436;MACEDO SOARES, AV EMB;90;VILA LEOPOLDINA;1;0
D061301965;75166;BARTOLOMEU DE BRITO, RUA;;;5;;10/06/2013 12:00;2;CO;49;9331; ; ;1;1;0;0;0;0;0;0;0;0;0;0;0;0;0;0;0;75166;BARTOLOMEU DE BRITO, RUA;;;51;MANDAQUI;1;0
D061301447;3216;BENTO BRANCO DE ANDRADE FILHO, RUA;;;266;;10/06/2013 12:00;2;CO;11;6700; ; ;2;0;0;0;0;0;0;0;0;0;0;0;0;0;0;0;0;3216;BENTO BRANCO DE ANDRADE FILHO, RUA;;;72;SANTO AMARO;1;0
D061302090;9044;RAGUEB CHOHFI, AV;;;4000;;10/06/2013 13:00;2;CO;14;8118;C; ;0;1;0;1;0;0;0;0;0;0;0;0;0;0;0;0;0;9044;RAGUEB CHOHFI, AV;;;32;IGUATEMI;0;2
D061302045;66219;OSVALDO NEVOLA, RUA;;;0;PROXIMO  - SARGT HERM;10/06/2013 13:30;2;CO;69;6209; ; ;1;0;1;0;0;0;0;0;0;0;0;0;0;0;0;0;0;66219;OSVALDO NEVOLA, RUA;;;0;NULL;1;0
D061300876;5567;CRUZEIRO DO SUL, AV;;;2010;;10/06/2013 13:40;4;AT;9;3240;B; ;0;0;1;0;0;0;0;0;0;0;0;0;0;0;0;0;0;5567;CRUZEIRO DO SUL, AV;;;5;ARTUR ALVIM;1;0
D061300293;10076;JESUINO MACIEL, RUA DR;;;320;;10/06/2013 13:50;2;TB;27;6150; ; ;4;0;0;0;0;0;0;0;0;0;0;0;0;0;0;0;0;10076;JESUINO MACIEL, RUA DR;;;15;CAMPO BELO;1;0
D061301735;13883;MIGUEL, RUA S;;;9600;;10/06/2013 14:00;4;AT;22;2742; ; ;1;0;0;0;0;0;0;0;0;0;0;0;0;0;0;0;0;13883;MIGUEL, RUA S;;;34;ITAIM BIBI;1;0
D061300443;2760;BALTAZAR GOMES DE ALARCAO, RUA;;;239;;10/06/2013 14:40;2;CO;97;6174; ; ;1;0;0;0;0;0;0;0;0;0;0;1;0;0;0;0;0;2760;BALTAZAR GOMES DE ALARCAO, RUA;;;22;CIDADE ADEMAR;1;0
D061301524;99921;SAFRA, RUA DA;;;730;;10/06/2013 14:44;4;AT;47;7212; ; ;0;0;0;0;0;0;0;1;0;0;0;0;0;0;0;0;0;99921;SAFRA, RUA DA;;;19;CAPAO REDONDO;1;0
D061300578;310;AGENOR COUTO DE MAGALHAES, AV;;;222;;10/06/2013 15:10;4;AT;33;5500; ; ;0;1;0;0;0;0;0;0;0;0;0;0;0;0;0;0;0;310;AGENOR COUTO DE MAGALHAES, AV;;;64;PIRITUBA;1;0
D061301333;5425;COSTA BARROS, RUA;;;2300;;10/06/2013 15:10;2;CO;42;2067; ; ;0;1;0;0;0;0;0;0;0;0;0;1;0;0;0;0;0;5425;COSTA BARROS, RUA;;;95;VILA PRUDENTE;1;0
D061301742;17820;TITO, AV MAL;;;813;;10/06/2013 15:30;4;AT;22;4874; ; ;0;1;0;0;0;0;0;0;0;0;0;0;0;0;0;0;0;17820;TITO, AV MAL;;;53;MOEMA;1;0
D061300077;3874;CAIO PRADO, RUA;2497;AUGUSTA, RUA;0;;10/06/2013 16:10;4;AT;4;4058; ; ;0;1;0;0;0;0;0;0;0;0;0;0;0;0;0;0;0;2497;AUGUSTA, RUA;3874;CAIO PRADO, RUA;26;CONSOLACAO;1;0
D061301060;9170;INES, AV STA;;;1;;10/06/2013 16:15;2;CO;38;5369; ; ;0;1;0;0;0;0;0;1;0;0;0;0;0;0;0;0;0;9170;INES, AV STA;;;51;MANDAQUI;1;0
D061302143;33015;SADAMU INOUE, AV;;;2666;;10/06/2013 16:16;2;CH;25;1498; ; ;0;1;0;0;0;0;0;0;0;0;0;0;0;0;0;0;0;33015;SADAMU INOUE, AV;;;76;SAO MIGUEL;1;1
D061300983;20340;FRANCISCO NARCIZO, RUA;;;77;;10/06/2013 16:30;4;AT;20;5453; ; ;0;0;0;1;0;0;0;0;0;0;0;0;0;0;0;0;0;20340;FRANCISCO NARCIZO, RUA;;;22;CIDADE ADEMAR;2;0
D061301733;17820;TITO, AV MAL;;;1015;;10/06/2013 17:00;2;CO;22;2737; ; ;1;1;0;0;0;0;0;0;0;0;0;0;0;0;0;0;0;17820;TITO, AV MAL;;;53;MOEMA;1;0
D061301173;16305;ANTONELO DA MESSINA, AV;;;1270;;10/06/2013 17:00;2;CF;73;6246; ; ;1;0;0;0;0;0;0;1;0;0;0;0;0;0;0;0;0;16305;ANTONELO DA MESSINA, AV;;;83;TREMEMBE;1;0
D061300510;6897;FARIA LIMA, AV BRIG;;;0;PROXIMO  - LGO PINHEI;10/06/2013 17:15;4;AT;14;6623; ; ;1;0;0;0;0;0;0;0;0;0;0;0;0;0;0;0;0;6897;FARIA LIMA, AV BRIG;;;63;PINHEIROS;1;0
D061301818;14917;OLAVO EGIDIO DE SOUZA ARANHA, AV;61704;NOVA PALMEIRA, RUA;0;;10/06/2013 17:20;2;CO;62;6305; ; ;1;1;0;0;0;0;0;0;0;0;0;0;0;0;0;0;0;14917;OLAVO EGIDIO DE SOUZA ARANHA, AV;61826;WENCESLAU GUIMARAES, AV;28;ERMELINO MATARA;1;0
D061301512;5606;CUPECE, AV;8765;RODOLPHO DE FREITAS, RUA PROF;0;;10/06/2013 17:30;4;AT;43;6179;B; ;1;0;0;0;0;0;0;0;0;0;0;0;0;0;0;0;0;5606;CUPECE, AV;8765;RODOLPHO DE FREITAS, RUA PROF;22;CIDADE ADEMAR;2;0
D061300630;11687;LEBRET, AV PDE;;;100;;10/06/2013 17:53;2;CO;34;5210; ; ;1;1;0;0;0;0;0;0;0;0;0;0;0;0;0;0;0;11687;LEBRET, AV PDE;;;55;MORUMBI;1;0
D061300566;15270;PACAEMBU, AV;44885;AURO SOARES DE M.ANDRADE, AV;0;;10/06/2013 18:00;2;CO;23;5942; ; ;2;1;0;0;0;0;0;0;0;0;0;0;0;0;0;0;0;15270;PACAEMBU, AV;19624;VICENTE CELESTINO, PCA;70;SANTA CECILIA;2;0
D061300629;11687;LEBRET, AV PDE;;;85;;10/06/2013 18:10;4;AT;34;5206; ; ;1;0;0;0;0;0;0;0;0;0;0;0;0;0;0;0;0;11687;LEBRET, AV PDE;;;55;MORUMBI;1;0
D061300744;8603;HEITOR ANTONIO EIRAS GARCIA, AV ENG;;;1167;;10/06/2013 18:10;4;AT;51;5950; ; ;0;1;0;0;0;0;0;0;0;0;0;0;0;0;0;0;0;8603;HEITOR ANTONIO EIRAS GARCIA, AV ENG;;;68;RIO PEQUENO;1;0
D061301268;8261;WALDEMAR CARLOS PEREIRA, AV;;;700;;10/06/2013 18:30;2;QD;21;1957; ; ;0;0;0;0;0;0;0;0;1;0;0;0;0;0;0;0;0;8261;WALDEMAR CARLOS PEREIRA, AV;;;93;VILA MATILDE;1;0
D061300858;99138;MELLO MORAES (CID.UNIV), AV PROF;;;1382;;10/06/2013 18:30;4;AT;93;3668; ; ;0;1;0;0;0;0;0;0;0;0;0;0;0;0;0;0;0;99138;MELLO MORAES (CID.UNIV), AV PROF;;;  ;;1;0
D061301553;2483;ATLANTICA ANT. ROBERT KENNEDY, AV;;;3868;;10/06/2013 18:50;2;CO;48;5083; ; ;1;1;0;0;0;0;0;0;0;0;0;0;0;0;0;0;0;2483;ATLANTICA ANT. ROBERT KENNEDY, AV;;;23;CIDADE DUTRA;1;0
D061300138;15524;PARNAIBA, RUA VISC DE;6046;DOMINGOS PAIVA, RUA;0;;10/06/2013 18:56;2;CO;8;4620; ; ;1;0;0;0;1;0;0;0;0;0;0;0;0;0;0;0;0;6046;DOMINGOS PAIVA, RUA;15524;PARNAIBA, RUA VISC DE;10;BRAS;1;0
D061300086;13632;MARTINS FONTES, RUA;;;71;;10/06/2013 19:40;2;QD;4;5033; ; ;0;0;0;0;0;0;0;1;0;0;0;0;0;0;0;0;0;13632;MARTINS FONTES, RUA;;;67;REPUBLICA;1;0
D061300085;14804;NOVE DE JULHO, AV;;;451;;10/06/2013 20:05;2;QM;4;5028; ; ;0;1;0;0;0;0;0;0;0;0;0;0;0;0;0;0;0;14804;NOVE DE JULHO, AV;;;63;PINHEIROS;1;0
D061300464;6544;ERMANO MARCHETTI, AV;;;1049;;10/06/2013 20:24;2;CT;7;900158; ; ;2;0;0;0;0;0;0;0;0;0;0;0;0;0;0;0;0;6544;ERMANO MARCHETTI, AV;;;48;LAPA;1;0
D061300579;1429;ANHANGUERA, VIA;;;12000;;10/06/2013 20:30;2;CL;33;5512; ; ;2;1;0;0;0;0;0;0;0;0;0;0;0;0;0;0;0;1429;ANHANGUERA, VIA;;;73;SAO DOMINGOS;1;0
D061300705;1429;ANHANGUERA, VIA;;;25800;;10/06/2013 21:10;2;CH;46;5509; ; ;1;0;0;0;0;0;0;0;0;0;0;0;0;0;0;0;0;1429;ANHANGUERA, VIA;;;73;SAO DOMINGOS;1;0
D061300105;19154;TREZE DE MAIO, RUA;;;1610;;10/06/2013 21:11;2;CO;5;5029; ; ;1;1;0;0;0;0;0;0;0;0;0;0;0;0;0;0;0;19154;TREZE DE MAIO, RUA;;;17;CAMPO LIMPO;1;0
D061300139;14805;ALBERTO LION, PCA;15967;PEDRO I, AV DOM;0;;10/06/2013 21:20;2;CO;8;4626; ; ;2;0;0;0;0;0;0;0;0;0;0;0;0;0;0;0;0;6642;ESTADO, AV DO;14805;ALBERTO LION, PCA;14;CAMBUCI;1;0
D061300901;14270;MORVAN DIAS DE FIGUEIREDO, AV;;;0;PROXIMO  - PT VILA MA;10/06/2013 21:34;2;CO;9;5464; ; ;3;0;0;0;0;0;0;0;0;0;0;0;0;0;0;0;0;29772;MARGINAL DO RIO TIETE, AV;;;0;NULL;1;0
D061300191;72958;VITORINO, RUA;11984;LOPES DE OLIVEIRA, RUA;0;;10/06/2013 21:35;2;CO;77;3529; ; ;2;0;0;0;0;0;0;0;0;0;0;0;0;0;0;0;0;11984;LOPES DE OLIVEIRA, RUA;72958;VITORINO, RUA;67;REPUBLICA;1;0
D061300055;16593;PRESTES MAIA, AV;;;894;;10/06/2013 21:36;2;QM;3;3528; ; ;0;1;0;0;0;0;0;0;0;0;0;0;0;0;0;0;0;16593;PRESTES MAIA, AV;;;9;BOM RETIRO;1;0
D061300011;7664;FURTADO, RUA CONS;;;70;;10/06/2013 21:40;4;AT;1;4625; ; ;1;0;0;0;0;0;0;0;0;0;0;0;0;0;0;0;0;7664;FURTADO, RUA CONS;;;80;SE;1;0
D061300984;19884;VOLUNTARIOS DA PATRIA, RUA;;;4178;;10/06/2013 22:00;2;CO;20;5508;C; ;3;0;0;0;0;0;0;0;0;0;0;0;0;0;0;0;0;19884;VOLUNTARIOS DA PATRIA, RUA;;;8;BELEM;1;0
D061300417;19100;BANDEIRANTES, AV DOS;12653;MANUEL DA ROCHA PASSOS FILHO, RUA DR;0;;10/06/2013 22:20;2;CO;96;5169; ; ;0;1;1;1;0;0;0;0;0;0;0;0;0;0;0;0;0;12653;MANUEL DA ROCHA PASSOS FILHO, RUA DR;19100;BANDEIRANTES, AV DOS;  ;;2;0
D061301490;32541;PAULO GUILGUER REIMBERG, AV;;;0;NADA CONSTA ;10/06/2013 22:30;2;QM;25;4543; ; ;0;1;0;0;0;0;0;0;0;0;0;0;0;0;0;0;0;32541;PAULO GUILGUER REIMBERG, AV;;;32;IGUATEMI;1;0
D061301348;24338;LUIZ IGNACIO ANHAIA MELLO, AV PROF;;;4120;;10/06/2013 23:05;4;AT;42;3909; ; ;0;1;0;0;0;0;0;0;0;0;0;0;0;0;0;0;0;24338;LUIZ IGNACIO ANHAIA MELLO, AV PROF;;;26;CONSOLACAO;2;0
D061301448;6238;NACOES UNIDAS, AV DAS;;;0;PROXIMO  - PT JOAO DI;10/06/2013 23:30;2;CH;11;6717; ; ;1;0;0;0;0;0;0;0;0;0;0;0;0;0;0;0;0;13014;MARGINAL DO RIO PINHEIROS, AV;;;90;VILA LEOPOLDINA;1;0
D061300237;9159;INDIANOPOLIS, AV;;;3118;;10/06/2013 23:50;2;CL;16;7964; ; ;1;1;0;0;0;0;0;0;0;0;0;0;0;0;0;0;0;9159;INDIANOPOLIS, AV;;;79;SAUDE;1;0
D061300046;32551;ORLANDO MURGEL, VD ENG;;;0;NADA CONSTA ;11/06/2013 02:28;4;AT;2;3532; ; ;0;0;0;0;0;0;0;0;0;0;0;0;0;0;0;1;0;32551;ORLANDO MURGEL, VD ENG;;;35;ITAIM PAULISTA;2;0
D061300312;12847;MARACATINS, AL DOS;121;ACOCE, AV;0;;11/06/2013 05:40;2;CO;27;8037; ; ;1;1;0;0;0;0;0;0;0;0;0;0;0;0;0;0;0;121;ACOCE, AV;12847;MARACATINS, AL DOS;53;MOEMA;1;0
D061301629;13035;MIGUEL YUNES, RUA;;;396;;11/06/2013 06:20;2;CO;99;2449; ; ;1;1;0;0;0;0;0;0;0;0;0;0;0;0;0;0;0;13035;MIGUEL YUNES, RUA;;;16;CAMPO GRANDE;1;0
D061301175;42220;USHIKICHI KAMYIA, RUA;;;1610;;11/06/2013 06:30;4;AT;73;6352; ; ;0;0;0;0;0;0;0;0;0;0;0;1;0;0;0;0;0;42220;USHIKICHI KAMYIA, RUA;;;38;JACANA;1;0
D061301630;6238;NACOES UNIDAS, AV DAS;;;21303;;11/06/2013 06:50;2;CL;99;2454; ; ;1;1;0;0;0;0;0;0;0;0;0;0;0;0;0;0;0;13014;MARGINAL DO RIO PINHEIROS, AV;;;90;VILA LEOPOLDINA;1;0
D061300319;7019;FRANCISCO TAPAJOS, RUA;;;513;;11/06/2013 06:55;2;CO;35;4694; ; ;1;0;0;0;1;0;0;0;0;0;0;0;0;0;0;0;0;7019;FRANCISCO TAPAJOS, RUA;;;27;CURSINO;1;0
D061301785;9477;ITAJUIBE, RUA;;;1115;;11/06/2013 07:12;2;CL;50;7208; ; ;2;0;0;0;0;0;0;0;0;0;0;0;0;0;0;0;0;9477;ITAJUIBE, RUA;;;35;ITAIM PAULISTA;2;0
D061301920;21711;SATURNINO PEREIRA, RUA;;;590;;11/06/2013 07:20;4;AT;44;3427; ; ;0;1;0;0;0;0;0;0;0;0;0;0;0;0;0;0;0;21711;SATURNINO PEREIRA, RUA;;;50;LIMAO;2;0
D061300722;16878;RAPOSO TAVARES, VIA;;;14000;;11/06/2013 07:40;2;CT;51;2602; ; ;1;0;1;0;0;0;0;0;0;0;0;0;0;0;0;0;0;16878;RAPOSO TAVARES, VIA;;;13;CACHOEIRINHA;1;0
D061301334;18408;SOLIDONIO LEITE, RUA;;;2718;;11/06/2013 08:00;2;QM;42;2075; ; ;0;1;0;0;0;0;0;0;0;0;0;0;0;0;0;0;0;18408;SOLIDONIO LEITE, RUA;;;26;CONSOLACAO;1;0
D061300294;26500;VICENTE RAO, AV PROF.;10918;JOSE DINIZ, AV VER;0;;11/06/2013 09:28;2;CO;27;6194; ; ;0;1;0;0;0;0;0;0;0;0;0;1;0;0;0;0;0;10918;JOSE DINIZ, AV VER;26500;VICENTE RAO, AV PROF.;  ;;2;0
D061300014;7122;FIGUEIRA, RUA DA;6642;ESTADO, AV DO;0;;11/06/2013 09:33;2;CO;1;4693; ; ;0;1;0;1;0;0;0;0;0;0;0;0;0;0;0;0;0;6642;ESTADO, AV DO;7122;FIGUEIRA, RUA DA;14;CAMBUCI;1;0
D061300877;36061;LUIZ DUMONT VILLARES, AV;;;580;;11/06/2013 10:05;2;CT;9;3262; ; ;0;1;0;0;0;0;0;0;0;0;0;1;0;0;0;0;0;36061;LUIZ DUMONT VILLARES, AV;;;22;CIDADE ADEMAR;1;0
D061301661;18700;TAQUANDAVA, AV;;;1000;;11/06/2013 10:15;2;CO;100;3090; ; ;1;1;0;0;0;0;0;0;0;0;0;0;0;0;0;0;0;18700;TAQUANDAVA, AV;;;32;IGUATEMI;2;0
D061300956;14270;MORVAN DIAS DE FIGUEIREDO, AV;;;0;ACESSO  - PT PR JANI;11/06/2013 10:25;2;CT;19;2194; ; ;0;0;0;3;0;0;0;0;1;0;0;0;0;0;0;0;0;29772;MARGINAL DO RIO TIETE, AV;;;0;NULL;1;0
D061301683;15507;TEOTONIO VILELA, AV SEN;3509;BELMIRA MARIN, AV DONA;0;;11/06/2013 10:31;4;AT;101;4553; ; ;0;0;1;0;0;0;0;0;0;0;0;0;0;0;0;0;0;3509;BELMIRA MARIN, AV DONA;15507;TEOTONIO VILELA, AV SEN;23;CIDADE DUTRA;1;0
D061301873;12156;LUIZ AYRES, RUA DR;;;0;NADA CONSTA ;11/06/2013 10:32;4;AT;65;1991; ; ;0;0;0;0;0;0;0;1;0;0;0;0;0;0;0;0;0;12156;LUIZ AYRES, RUA DR;;;5;ARTUR ALVIM;1;0
D061300047;19147;TRES RIOS, RUA;;;78;;11/06/2013 11:00;4;AT;2;3544; ; ;0;1;0;0;0;0;0;0;0;0;0;0;0;0;0;0;0;19147;TRES RIOS, RUA;;;11;BRASILANDIA;1;0