id_acidente;codloga;logradouroA;codlogb;logradouroB;alt_num;referencia;data;cod_acid;tipo_acidente;dp;numero_BO;sentido;pista;automovel;moto;onibus;caminhao;bicicleta;moto_taxi;onibus_fretado;onibus_urbano;microonibus;van;vuc;caminhonete;carreta;jipe;outros;sem_informacao;carroca;princ_a;paiA;princ_b;paiB;cod_distrito;distrito;vit_ferida;vit_morta
D061300568;8615;HEITOR PENTEADO, RUA;14514;NESTOR VITOR, RUA;0;;16/06/2013 23:09;2;CO;23;6190; ; ;1;1;0;0;0;0;0;0;0;0;0;0;0;0;0;0;0;5521;CRISTOVAO DE BURGOS, RUA;8615;HEITOR PENTEADO, RUA;63;PINHEIROS;1;0
D061301858;6613;ESPERANTINA, AV;;;700;;16/06/2013 23:45;2;SI;64;4907; ; ;0;0;0;0;0;0;0;0;0;0;0;0;0;0;0;1;0;6613;ESPERANTINA, AV;;;5;ARTUR ALVIM;1;0
D061300194;10101;JOAO, AV S;8023;GLETE, AL;0;;16/06/2013 23:50;2;SI;77;3686; ; ;1;1;0;0;0;0;0;0;0;0;0;0;0;0;0;0;0;8023;GLETE, AL;10101;JOAO, AV S;70;SANTA CECILIA;1;0
D061300264;12057;LUCAS OBES, RUA DOM;11379;JUNTAS PROVISORIAS, AV;0;;17/06/2013 01:30;2;CO;17;8275; ; ;2;0;0;0;0;0;0;0;0;0;0;0;0;0;0;0;0;11379;JUNTAS PROVISORIAS, AV;12057;LUCAS OBES, RUA DOM;33;IPIRANGA;1;0
D061302150;66;ABRAAO DE MORAIS, AV PROF;;;2686;;17/06/2013 02:15;4;AT;16;8274;R; ;1;0;0;0;0;0;0;0;0;0;0;0;0;0;0;0;0;66;ABRAAO DE MORAIS, AV PROF;;;79;SAUDE;0;1
D061300882;14270;MORVAN DIAS DE FIGUEIREDO, AV;;;0;NADA CONSTA ;17/06/2013 06:00;2;CH;9;3363; ; ;1;0;0;0;0;0;0;0;0;0;0;0;0;0;0;0;0;29772;MARGINAL DO RIO TIETE, AV;;;0;NULL;1;0
D061300301;999;SANTO AMARO, AV;3275;BERNARDINO DE CAMPOS, RUA;0;;17/06/2013 06:00;2;CO;27;6415;C; ;0;0;0;0;0;0;0;0;0;0;0;2;0;0;0;0;0;999;SANTO AMARO, AV;3275;BERNARDINO DE CAMPOS, RUA;34;ITAIM BIBI;2;0
D061300521;999;SANTO AMARO, AV;10517;ANTONIO JOAQUIM DE MOURA ANDRA, AV;0;;17/06/2013 06:09;4;AT;15;2947; ; ;2;0;0;0;0;0;0;0;0;0;0;0;0;0;0;0;0;999;SANTO AMARO, AV;12326;JUSCELINO KUBITSCHEK, AV PRES;34;ITAIM BIBI;1;0
D061300161;7786;GASOMETRO, RUA DO;;;490;;17/06/2013 06:10;4;AT;12;3275; ; ;0;0;0;0;0;0;0;1;0;0;0;0;0;0;0;0;0;7786;GASOMETRO, RUA DO;;;10;BRAS;1;0
D061301408;43408;ABEL FERREIRA, AV VER;1344;ANGA, RUA;0;;17/06/2013 06:16;4;AT;58;1254;C; ;1;0;0;0;0;0;0;0;0;0;0;0;0;0;0;0;0;1344;ANGA, RUA;43408;ABEL FERREIRA, AV VER;  ;;1;0
D061301498;34128;JOAO DE LUCA, AV VER;;;984;;17/06/2013 06:20;2;CO;43;2296; ; ;1;1;0;0;0;0;0;0;0;0;0;0;0;0;0;0;0;34128;JOAO DE LUCA, AV VER;;;42;JARDIM ANGELA;2;0
D061300448;20307;JACOMO ZANELA, PCA;;;0;NADA CONSTA ;17/06/2013 06:45;4;AT;7;3687; ; ;0;0;1;0;0;0;0;0;0;0;0;0;0;0;0;0;0;20307;JACOMO ZANELA, PCA;;;14;CAMBUCI;1;0
D061300160;5567;CRUZEIRO DO SUL, AV;;;255;;17/06/2013 06:50;4;AT;12;3268; ; ;0;1;0;0;0;0;0;0;0;0;0;0;0;0;0;0;0;5567;CRUZEIRO DO SUL, AV;;;5;ARTUR ALVIM;1;0
D061300588;1429;ANHANGUERA, VIA;;;11000;;17/06/2013 06:50;2;CO;33;5752; ; ;2;1;0;0;0;0;0;1;0;0;0;0;0;0;0;0;0;1429;ANHANGUERA, VIA;;;73;SAO DOMINGOS;1;0
D061300597;33234;MARGINAL DIREITA DO TIETE, AV;;;1;;17/06/2013 07:00;2;CO;33;6826; ; ;1;1;0;0;0;0;0;0;0;0;0;0;0;0;0;0;0;29772;MARGINAL DO RIO TIETE, AV;;;39;JAGUARA;1;0
D061301499;5606;CUPECE, AV;;;4000;;17/06/2013 07:10;4;AT;43;2302; ; ;1;0;0;0;0;0;0;0;0;0;0;0;0;0;0;0;0;5606;CUPECE, AV;;;22;CIDADE ADEMAR;1;0
D061300253;18760;TAYLOR, RUA COMTE;;;600;;17/06/2013 07:25;4;AT;17;2757; ; ;0;1;0;0;0;0;0;0;0;0;0;0;0;0;0;0;0;18760;TAYLOR, RUA COMTE;;;18;CANGAIBA;1;0
D061300733;16878;RAPOSO TAVARES, VIA;;;11000;;17/06/2013 07:30;2;SI;51;3586; ; ;1;1;0;0;0;0;0;0;0;0;0;0;0;0;0;0;0;16878;RAPOSO TAVARES, VIA;;;13;CACHOEIRINHA;2;0
D061300651;34682;CAMPO LIMPO, ES DO;99949;CARLOS CALDEIRA FILHO, AV;0;;17/06/2013 07:30;2;CO;37;4644; ; ;0;1;0;0;0;0;0;1;0;0;0;0;0;0;0;0;0;34682;CAMPO LIMPO, ES DO;99949;CARLOS CALDEIRA FILHO, AV;45;JARDIM SAO LUIS;1;0
D061301177;42220;USHIKICHI KAMYIA, RUA;;;21;;17/06/2013 07:42;2;CO;73;6506; ; ;1;1;0;0;0;0;0;0;0;0;0;0;0;0;0;0;0;42220;USHIKICHI KAMYIA, RUA;;;38;JACANA;1;0
D061300023;18;ABARA, RUA;;;500;;17/06/2013 07:50;4;AT;1;4861; ; ;0;1;0;0;0;0;0;0;0;0;0;0;0;0;0;0;0;18;ABARA, RUA;;;10;BRAS;1;0
D061300323;1962;APRIGIO GONZAGA, RUA PROF;;;75;;17/06/2013 08:00;4;AT;35;4843; ; ;1;0;0;0;0;0;0;0;0;0;0;0;0;0;0;0;0;1962;APRIGIO GONZAGA, RUA PROF;;;79;SAUDE;1;0
D061302061;21661;EDGARD PINTO CESAR, RUA;;;277;;17/06/2013 08:00;2;CO;70;2945; ; ;1;1;0;0;0;0;0;0;0;0;0;0;0;0;0;0;0;21661;EDGARD PINTO CESAR, RUA;;;56;PARELHEIROS;1;0
D061300087;2497;AUGUSTA, RUA;;;800;;17/06/2013 08:11;2;QM;4;5279;B; ;0;1;0;0;0;0;0;0;0;0;0;0;0;0;0;0;0;2497;AUGUSTA, RUA;;;26;CONSOLACAO;1;0
D061300758;16878;RAPOSO TAVARES, VIA;;;18600;;17/06/2013 08:15;2;CO;75;2055; ; ;4;0;0;0;0;0;0;0;0;0;0;0;0;0;0;0;0;16878;RAPOSO TAVARES, VIA;;;13;CACHOEIRINHA;1;0
D061302060;66524;LOURENCO FRANCO, RUA;;;170;;17/06/2013 08:30;2;CO;70;2939; ; ;1;1;0;0;0;0;0;0;0;0;0;0;0;0;0;0;0;66524;LOURENCO FRANCO, RUA;;;56;PARELHEIROS;1;0
D061300049;17799;SANTOS DUMONT, AV;;;721;;17/06/2013 08:40;2;CO;2;3698; ; ;0;1;1;0;0;0;0;0;0;0;0;0;0;0;0;0;0;17799;SANTOS DUMONT, AV;;;15;CAMPO BELO;2;0
D061301105;14736;O, AV NSRA DO;64373;ISABEL DE SIQUEIRA BARROS, RUA;0;;17/06/2013 08:40;2;SI;40;1958; ; ;1;1;0;0;0;0;0;0;0;0;0;0;0;0;0;0;0;14736;O, AV NSRA DO;64373;ISABEL DE SIQUEIRA BARROS, RUA;50;LIMAO;1;0
D061301686;3509;BELMIRA MARIN, AV DONA;;;2260;;17/06/2013 08:40;2;CO;101;4758; ; ;1;1;0;0;0;0;0;0;0;0;0;0;0;0;0;0;0;3509;BELMIRA MARIN, AV DONA;;;30;GRAJAU;2;0
D061301948;21181;GALAXIA, RUA;;;686;;17/06/2013 08:49;2;CH;49;8462; ; ;1;0;0;0;0;0;0;0;0;0;0;0;0;0;0;0;0;21181;GALAXIA, RUA;;;55;MORUMBI;1;0
D061300387;19583;VERGUEIRO, RUA;;;7720;;17/06/2013 08:50;2;CL;95;2773; ; ;1;1;0;0;0;0;0;0;0;0;0;0;0;0;0;0;0;19583;VERGUEIRO, RUA;;;33;IPIRANGA;1;0
D061300589;28831;ALEXANDRE COLARES, AV;;;0;ACESSO  - VIA ANHANG;17/06/2013 09:40;2;QM;33;5765; ; ;0;1;0;0;0;0;0;0;0;0;0;0;0;0;0;0;0;28831;ALEXANDRE COLARES, AV;;;43;JARDIM HELENA;1;0
D061300278;14705;SAUDE, RUA NSRA DA;;;700;;17/06/2013 10:00;2;CO;26;5460; ; ;1;1;0;0;0;0;0;0;0;0;0;0;0;0;0;0;0;14705;SAUDE, RUA NSRA DA;;;69;SACOMA;1;0
D061301014;3771;INAJAR DE SOUZA, AV;;;267;;17/06/2013 10:15;4;AT;28;3188;C; ;0;1;0;0;0;0;0;0;0;0;0;0;0;0;0;0;0;3771;INAJAR DE SOUZA, AV;;;50;LIMAO;1;0
D061301078;9190;INGLESA, RUA;;;323;;17/06/2013 11:10;2;CO;39;2729; ; ;1;1;0;0;0;0;0;0;0;0;0;0;0;0;0;0;0;9190;INGLESA, RUA;;;84;TUCURUVI;1;0
D061300162;13303;MARIA MARCOLINA, RUA;16870;RANGEL PESTANA, AV;0;;17/06/2013 11:10;2;CO;12;3296; ; ;1;1;0;0;0;0;0;0;0;0;0;0;0;0;0;0;0;13303;MARIA MARCOLINA, RUA;16870;RANGEL PESTANA, AV;10;BRAS;1;0
D061300302;19100;BANDEIRANTES, AV DOS;;;4050;;17/06/2013 11:24;2;CO;27;6431; ; ;2;1;0;0;0;0;0;0;0;0;0;0;0;0;0;0;0;19100;BANDEIRANTES, AV DOS;;;24;CIDADE LIDER;1;0
D061301573;61578;LUCIO DIAS RAMOS, RUA MAJ;;;12;;17/06/2013 11:30;4;AT;85;2904; ; ;1;0;0;0;0;0;0;0;0;0;0;0;0;0;0;0;0;61578;LUCIO DIAS RAMOS, RUA MAJ;;;32;IGUATEMI;1;0
D061300351;18653;TANGARA, RUA;;;0;NADA CONSTA ;17/06/2013 11:56;2;SI;36;2594; ; ;1;1;0;0;0;0;0;0;0;0;0;0;0;0;0;0;0;18653;TANGARA, RUA;;;9;BOM RETIRO;1;0
D061301533;35560;CIPOTUBA, RUA;;;1200;;17/06/2013 12:20;2;CF;47;7529; ; ;1;1;0;0;0;0;0;0;0;0;0;0;0;0;0;0;0;35560;CIPOTUBA, RUA;;;29;FREGUESIA DO O;1;0
D061302026;2181;ARICANDUVA, AV;;;6049;;17/06/2013 12:20;2;CO;66;2572;C; ;2;0;0;0;0;0;0;0;0;0;0;0;0;0;0;0;0;2181;ARICANDUVA, AV;;;60;PENHA;1;0
D061301359;4736;CELSO GARCIA, AV;;;4300;;17/06/2013 12:20;2;CO;52;1848; ; ;1;1;0;0;0;0;0;0;0;0;0;0;0;0;0;0;0;4736;CELSO GARCIA, AV;;;82;TATUAPE;1;0
D061300498;12719;MANUEL JOSE CHAVES, AV PROF;;;0;PROXIMO  - PRACA ARCI;17/06/2013 13:00;2;TB;14;6120; ; ;0;0;0;1;0;0;0;0;0;0;0;0;0;0;0;0;0;12719;MANUEL JOSE CHAVES, AV PROF;;;45;JARDIM SAO LUIS;1;0
D061301687;3509;BELMIRA MARIN, AV DONA;;;1981;;17/06/2013 13:20;4;AT;101;4769; ; ;0;0;1;0;0;0;0;0;0;0;0;0;0;0;0;0;0;3509;BELMIRA MARIN, AV DONA;;;30;GRAJAU;1;0
D061300115;3658;BRIGIDA, RUA DONA;;;694;;17/06/2013 14:00;2;CO;6;2871; ; ;1;1;0;0;0;0;0;0;0;0;0;0;0;0;0;0;0;3658;BRIGIDA, RUA DONA;;;92;VILA MARIANA;1;0
D061300352;38721;TULIO FONTOURA, PCA;10630;PEDRO ALVARES CABRAL, AV;0;;17/06/2013 14:00;2;SI;36;2598; ; ;1;0;0;0;0;0;0;0;0;0;0;1;0;0;0;0;0;10630;PEDRO ALVARES CABRAL, AV;13739;MAURICIO CARDOSO, RUA MAL;53;MOEMA;2;0
D061301016;3771;INAJAR DE SOUZA, AV;29324;DELFIM MOREIRA, RUA;0;;17/06/2013 14:04;2;CL;28;3199;C; ;1;1;0;0;0;0;0;0;0;0;0;0;0;0;0;0;0;3771;INAJAR DE SOUZA, AV;29324;DELFIM MOREIRA, RUA;50;LIMAO;1;0
D061301758;67533;NOVO ORIENTE DO PIAUI, RUA;67548;LAGOA DE DENTRO, RUA;0;;17/06/2013 14:28;2;CO;24;6610; ; ;0;1;0;1;0;0;0;0;0;0;0;0;0;0;0;0;0;67533;NOVO ORIENTE DO PIAUI, RUA;67548;LAGOA DE DENTRO, RUA;18;CANGAIBA;1;0
D061300243;17478;RUBEM BERTA, AV;15025;ONZE DE JUNHO, AV;0;;17/06/2013 14:29;2;CO;16;8309; ; ;1;1;0;0;0;0;0;0;0;0;0;0;0;0;0;0;0;15025;ONZE DE JUNHO, AV;17478;RUBEM BERTA, AV;  ;;1;0
D061300098;18618;TAMANDARE, RUA;18340;SIQUEIRA CAMPOS, RUA DR;0;;17/06/2013 14:30;2;CO;5;3168; ; ;1;1;0;0;0;0;0;0;0;0;0;0;0;0;0;0;0;18340;SIQUEIRA CAMPOS, RUA DR;18618;TAMANDARE, RUA;49;LIBERDADE;1;0
D061300909;14270;MORVAN DIAS DE FIGUEIREDO, AV;;;0;PROXIMO  - PT DAS BAN;17/06/2013 15:30;2;CO;13;3301; ; ;2;0;0;0;0;0;0;0;0;0;0;0;0;0;0;0;0;29772;MARGINAL DO RIO TIETE, AV;;;0;NULL;1;0
D061300219;15372;PAMPLONA, RUA;;;1819;;17/06/2013 15:55;2;CO;78;5299; ; ;1;0;0;0;0;0;0;0;0;0;0;0;0;0;0;0;0;15372;PAMPLONA, RUA;;;17;CAMPO LIMPO;1;0
D061301017;3771;INAJAR DE SOUZA, AV;;;1150;;17/06/2013 16:00;2;CH;28;3204; ; ;0;1;0;0;0;0;0;0;0;0;0;1;0;0;0;0;0;3771;INAJAR DE SOUZA, AV;;;50;LIMAO;1;0
D061301380;5682;DAMIAO, PCA PDE;;;93;;17/06/2013 16:30;2;QD;56;4102; ; ;0;0;1;0;0;0;0;0;0;0;0;0;0;0;0;0;0;5682;DAMIAO, PCA PDE;;;95;VILA PRUDENTE;1;0
D061300562;6471;SAO VICENTE, AV MARQ DE;;;1300;;17/06/2013 16:45;4;AT;23;4522;B; ;0;0;1;0;0;0;0;0;0;0;0;0;0;0;0;0;0;6471;SAO VICENTE, AV MARQ DE;;;6;BARRA FUNDA;1;0
D061301320;7645;FRONTIN, AV CD DE;11325;JULIO COLACO, RUA;0;;17/06/2013 16:45;4;AT;30;6886; ; ;1;0;0;0;0;0;0;0;0;0;0;0;0;0;0;0;0;7645;FRONTIN, AV CD DE;11325;JULIO COLACO, RUA;93;VILA MATILDE;1;0
D061301283;2181;ARICANDUVA, AV;;;1672;;17/06/2013 16:50;2;QM;21;6893;B; ;0;1;0;0;0;0;0;0;0;0;0;0;0;0;0;0;0;2181;ARICANDUVA, AV;;;60;PENHA;1;0
D061301564;34824;ZIKE TUMA, RUA;;;1485;;17/06/2013 17:00;2;CF;80;6460;C; ;2;0;0;0;0;0;0;0;0;0;0;0;0;0;0;0;0;34824;ZIKE TUMA, RUA;;;29;FREGUESIA DO O;3;0
D061301381;24338;LUIZ IGNACIO ANHAIA MELLO, AV PROF;1111;AMERICO VESPUCCI, RUA;0;;17/06/2013 17:30;2;CO;56;4108;B; ;1;3;0;0;0;0;0;0;0;0;0;0;0;0;0;0;0;1111;AMERICO VESPUCCI, RUA;24338;LUIZ IGNACIO ANHAIA MELLO, AV PROF;95;VILA PRUDENTE;1;0
D061300532;8225;GROENLANDIA, RUA;5175;COLOMBIA, RUA;0;;17/06/2013 17:30;2;CO;15;6221; ; ;1;1;0;0;0;0;0;0;0;0;0;0;0;0;0;0;0;5175;COLOMBIA, RUA;8225;GROENLANDIA, RUA;44;JARDIM PAULISTA;1;0
D061301306;43408;ABEL FERREIRA, AV VER;;;700;;17/06/2013 17:40;2;CO;30;3254; ; ;1;1;0;0;0;0;0;0;0;0;0;0;0;0;0;0;0;43408;ABEL FERREIRA, AV VER;;;46;JOSE BONIFACIO;1;0
D061300998;11345;JULIO PRADO NEVES, AV TTE;;;236;;17/06/2013 17:45;2;CO;20;6051; ; ;3;0;0;0;0;0;0;0;0;0;0;1;0;0;0;0;0;11345;JULIO PRADO NEVES, AV TTE;;;83;TREMEMBE;1;0
D061300499;16919;REBOUCAS, AV;3581;BRASIL, AV;0;;17/06/2013 17:50;2;CL;14;6220; ; ;1;1;0;0;0;0;0;0;0;0;0;0;0;0;0;0;0;3581;BRASIL, AV;16919;REBOUCAS, AV;63;PINHEIROS;1;0
D061302123;9044;RAGUEB CHOHFI, AV;;;830;;17/06/2013 18:00;2;CT;49;8468; ; ;0;1;1;1;0;0;0;0;0;0;0;0;0;0;0;0;0;9044;RAGUEB CHOHFI, AV;;;32;IGUATEMI;0;1
D061301717;1787;ANTONIO MARIANO, RUA;;;30;;17/06/2013 18:42;2;QM;102;7039; ; ;0;1;0;0;0;0;0;0;0;0;0;0;0;0;0;0;0;1787;ANTONIO MARIANO, RUA;;;81;SOCORRO;1;0
D061300506;1581;ANTONIO BATUIRA, AV;17985;SEMANEIROS, AV DOS;0;;17/06/2013 18:45;2;CO;14;6473; ; ;2;0;0;0;0;0;0;0;0;0;0;0;0;0;0;0;0;1581;ANTONIO BATUIRA, AV;10521;JOAQUIM BARBOSA DE ALMEIDA, RUA DESEM;2;ALTO DE PINHEIR;1;0
D061300195;989;AMARAL GURGEL, RUA;2300;AROUCHE, LGO DO;0;;17/06/2013 18:50;4;AT;77;3708; ; ;1;0;0;0;0;0;0;0;0;0;0;0;0;0;0;0;0;2300;AROUCHE, LGO DO;7623;FREDERICO STEIDEL, RUA DR;67;REPUBLICA;1;0
D061300334;449;ALBA, RUA;;;1331;;17/06/2013 19:00;2;CL;35;8321; ; ;1;1;0;0;0;0;0;0;0;0;0;0;0;0;0;0;0;449;ALBA, RUA;;;37;JABAQUARA;1;0
D061301654;6238;NACOES UNIDAS, AV DAS;9527;OCTALLES MARCONDES FERREIRA, AV;0;;17/06/2013 19:10;4;AT;99;7038;B; ;0;1;0;0;0;0;0;0;0;0;0;0;0;0;0;0;0;6238;NACOES UNIDAS, AV DAS;9527;OCTALLES MARCONDES FERREIRA, AV;16;CAMPO GRANDE;1;0
D061300355;19764;VINTE E TRES DE MAIO, AV;;;1556;;17/06/2013 19:15;2;CO;36;2619; ; ;0;2;0;0;0;0;0;0;0;0;0;0;0;0;0;0;0;19764;VINTE E TRES DE MAIO, AV;;;17;CAMPO LIMPO;1;0
D061300870;5309;CORIFEU DE AZEVEDO MARQUES, AV;;;1800;;17/06/2013 19:20;2;CO;93;5465; ; ;3;0;0;0;0;0;0;0;0;0;0;0;0;0;0;0;0;5309;CORIFEU DE AZEVEDO MARQUES, AV;;;12;BUTANTA;1;0
D061301245;6371;ELISABETH DE ROBIANO, AV CDSSA;;;0;PROXIMO  - PT ARICAND;17/06/2013 19:23;2;CL;10;6891; ; ;2;0;0;0;0;0;0;0;0;0;0;0;0;0;0;0;0;29772;MARGINAL DO RIO TIETE, AV;;;82;TATUAPE;1;0
D061301400;906;ALVARO RAMOS, AV;;;1953;;17/06/2013 19:25;2;CT;57;4100; ; ;0;0;2;0;0;0;0;0;0;0;0;0;0;0;0;0;0;906;ALVARO RAMOS, AV;;;8;BELEM;1;0
D061300845;12436;MACEDO SOARES, AV EMB;20600;ERNESTO IGEL, AV;0;;17/06/2013 19:33;2;QM;91;4520; ; ;0;1;0;0;0;0;0;0;0;0;0;0;0;0;0;0;0;12436;MACEDO SOARES, AV EMB;20600;ERNESTO IGEL, AV;60;PENHA;1;0
D061300815;8483;GUILHERME DUMONT VILARES, AV DR;29075;FRANCISCO MARCONDES VIEIRA, RUA;0;;17/06/2013 19:55;2;CO;89;5472; ; ;0;1;0;0;0;0;0;0;0;0;0;1;0;0;0;0;0;8483;GUILHERME DUMONT VILARES, AV DR;29075;FRANCISCO MARCONDES VIEIRA, RUA;96;VILA SONIA;2;0
D061300635;8483;GUILHERME DUMONT VILARES, AV DR;;;1000;;17/06/2013 20:00;2;CO;34;5497; ; ;1;1;0;0;0;0;0;0;0;0;0;0;0;0;0;0;0;8483;GUILHERME DUMONT VILARES, AV DR;;;85;VILA ANDRADE;2;0
D061300970;16496;PORANGATU, RUA;;;25;;17/06/2013 20:30;4;AA;19;5732; ; ;1;0;0;0;0;0;0;0;0;0;0;0;0;0;0;0;0;16496;PORANGATU, RUA;;;36;ITAQUERA;1;0
D061301382;24338;LUIZ IGNACIO ANHAIA MELLO, AV PROF;8955;IBITIRAMA, RUA;0;;17/06/2013 20:30;2;CT;56;4111;C; ;1;1;0;0;0;0;0;0;0;0;0;0;0;0;0;0;0;8955;IBITIRAMA, RUA;24338;LUIZ IGNACIO ANHAIA MELLO, AV PROF;95;VILA PRUDENTE;1;0
D061301891;69897;NILDO DO AMARAL JUNIOR, RUA PDE;26924;MIGUEL TERRADELLAS, RUA;0;;17/06/2013 20:30;2;CO;68;1811; ; ;1;1;0;0;0;0;0;0;0;0;0;0;0;0;0;0;0;26924;MIGUEL TERRADELLAS, RUA;69897;NILDO DO AMARAL JUNIOR, RUA PDE;47;LAJEADO;1;0
D061301515;5606;CUPECE, AV;;;2800;;17/06/2013 21:40;2;CO;43;6468;B; ;0;1;0;0;0;0;0;1;0;0;0;0;0;0;0;0;0;5606;CUPECE, AV;;;22;CIDADE ADEMAR;1;0
D061301383;19057;TOMAS IZZO, RUA;;;22;;17/06/2013 21:54;4;AT;56;4113; ; ;0;0;1;0;0;0;0;0;0;0;0;0;0;0;0;0;0;19057;TOMAS IZZO, RUA;;;26;CONSOLACAO;1;0
D061301194;6361;ELISIO TEIXEIRA LEITE, AV;;;7614;;17/06/2013 22:19;2;QD;74;2845; ; ;0;0;1;0;0;0;0;0;0;0;0;0;0;0;0;0;0;6361;ELISIO TEIXEIRA LEITE, AV;;;29;FREGUESIA DO O;1;0
D061301745;14637;NITRO - QUIMICA, AV;;;162;;17/06/2013 22:50;2;CO;22;5107; ; ;2;0;0;0;0;0;0;0;0;0;0;0;0;0;0;0;0;14637;NITRO - QUIMICA, AV;;;53;MOEMA;1;0
D061301228;1019;AMARO FELICISSIMO DA SILVEIRA, AV TTE;;;0;NADA CONSTA ;17/06/2013 23:07;2;CO;90;6544; ; ;0;1;0;0;0;0;0;0;0;0;0;0;0;0;0;1;0;1019;AMARO FELICISSIMO DA SILVEIRA, AV TTE;;;91;VILA MARIA;1;0
D061300940;18180;DIOGO CABRERA, RUA;;;562;;18/06/2013 00:30;2;CT;13;6794; ; ;1;1;0;0;0;0;0;0;0;0;0;0;0;0;0;0;0;18180;DIOGO CABRERA, RUA;;;71;SANTANA;1;0
D061300020;8024;GLICERIO, RUA;9032;IGUAPE, RUA BR DE;0;;18/06/2013 00:37;2;CO;1;4849; ; ;1;0;0;0;1;0;0;0;0;0;0;0;0;0;0;0;0;8024;GLICERIO, RUA;9032;IGUAPE, RUA BR DE;49;LIBERDADE;1;0
D061300634;7500;FRANCISCO MORATO, AV PROF;;;5975;;18/06/2013 01:00;2;CT;34;5477; ; ;2;0;0;0;0;0;0;0;0;0;0;0;0;0;0;0;0;7500;FRANCISCO MORATO, AV PROF;;;12;BUTANTA;1;0
D061300418;19100;BANDEIRANTES, AV DOS;17034;RIBEIRAO CLARO, RUA;0;;18/06/2013 02:00;2;CH;96;6441; ; ;1;0;0;0;0;0;0;0;0;0;0;0;0;0;0;0;0;17034;RIBEIRAO CLARO, RUA;19100;BANDEIRANTES, AV DOS;34;ITAIM BIBI;2;0
D061301392;1904;ANTUNES MACIEL, RUA;;;86;;18/06/2013 05:30;2;CH;57;2444;B; ;0;1;0;0;0;0;0;0;0;0;0;0;0;0;0;0;0;1904;ANTUNES MACIEL, RUA;;;54;MOOCA;1;0
D061301694;3509;BELMIRA MARIN, AV DONA;;;2564;;18/06/2013 05:35;2;QD;101;5074; ; ;0;0;1;0;0;0;0;0;0;0;0;0;0;0;0;0;0;3509;BELMIRA MARIN, AV DONA;;;30;GRAJAU;1;0
D061300987;18151;SEZEFREDO FAGUNDES, AV CEL;;;5083;;18/06/2013 06:00;2;QM;20;5739; ; ;0;1;0;0;0;0;0;0;0;0;0;0;0;0;0;0;0;18151;SEZEFREDO FAGUNDES, AV CEL;;;22;CIDADE ADEMAR;1;0
D061301786;16652;ANTONIO JOAO DE MEDEIROS, RUA;;;596;;18/06/2013 06:50;4;AT;50;2540; ; ;0;1;0;0;0;0;0;0;0;0;0;0;0;0;0;0;0;16652;ANTONIO JOAO DE MEDEIROS, RUA;;;54;MOOCA;1;0
D061301336;24338;LUIZ IGNACIO ANHAIA MELLO, AV PROF;;;3801;;18/06/2013 07:00;2;CO;42;2178; ; ;1;1;0;0;0;0;0;0;0;0;0;0;0;0;0;0;0;24338;LUIZ IGNACIO ANHAIA MELLO, AV PROF;;;26;CONSOLACAO;1;0
D061301978;7503;FRANCISCO MUNHOZ FILHO, AV DR;;;379;;18/06/2013 07:00;4;AT;53;4395; ; ;1;0;0;0;0;0;0;0;0;0;0;0;0;0;0;0;0;7503;FRANCISCO MUNHOZ FILHO, AV DR;;;58;PARQUE DO CARMO;1;0
D061300616;18470;PIRAJUSSARA, AV;;;303;;18/06/2013 07:15;2;CO;34;3597; ; ;3;0;0;0;0;0;0;0;0;0;0;1;0;0;0;0;0;18470;PIRAJUSSARA, AV;;;13;CACHOEIRINHA;2;0
D061301123;79085;FRANCISCO CRISTIANO DE ASSIS, RUA;;;14;;18/06/2013 07:30;4;AT;45;1576; ; ;0;0;0;0;0;0;0;0;1;0;0;0;0;0;0;0;0;79085;FRANCISCO CRISTIANO DE ASSIS, RUA;;;40;JAGUARE;1;0
D061300522;12165;LUIS ANTONIO, AV BRIG;3386;BITENCOURT, RUA MAL;0;;18/06/2013 07:45;2;CO;15;2986; ; ;1;0;0;0;0;0;0;0;0;0;0;1;0;0;0;0;0;3386;BITENCOURT, RUA MAL;12165;LUIS ANTONIO, AV BRIG;44;JARDIM PAULISTA;1;0
D061300022;33306;LESTE-OESTE, VD;;;0;NADA CONSTA ;18/06/2013 08:00;2;CL;1;4858; ; ;1;1;0;0;0;0;0;0;0;0;0;0;0;0;0;0;0;33667;LESTE-OESTE, LIG;;;2;ALTO DE PINHEIR;1;0
D061300353;17478;RUBEM BERTA, AV;;;0;NADA CONSTA ;18/06/2013 08:00;2;CO;36;2604; ; ;1;1;0;0;0;0;0;0;0;0;0;0;0;0;0;0;0;17478;RUBEM BERTA, AV;;;0;NULL;1;0
D061300363;10630;PEDRO ALVARES CABRAL, AV;33470;NABIA ABDALA CHOHFI, RUA;0;;18/06/2013 08:05;2;CO;36;5375; ; ;1;1;0;0;0;0;0;0;0;0;0;0;0;0;0;0;0;10630;PEDRO ALVARES CABRAL, AV;12651;MANUEL DA NOBREGA, RUA;53;MOEMA;1;0
D061301500;5606;CUPECE, AV;;;4000;;18/06/2013 08:15;4;AT;43;2323; ; ;1;0;0;0;0;0;0;0;0;0;0;0;0;0;0;0;0;5606;CUPECE, AV;;;22;CIDADE ADEMAR;1;0
D061300759;16878;RAPOSO TAVARES, VIA;;;19900;;18/06/2013 08:20;2;CO;75;2069; ; ;1;1;0;0;0;0;0;0;0;0;0;0;0;0;0;0;0;16878;RAPOSO TAVARES, VIA;;;13;CACHOEIRINHA;1;0