id_acidente;codloga;logradouroA;codlogb;logradouroB;alt_num;referencia;data;cod_acid;tipo_acidente;dp;numero_BO;sentido;pista;automovel;moto;onibus;caminhao;bicicleta;moto_taxi;onibus_fretado;onibus_urbano;microonibus;van;vuc;caminhonete;carreta;jipe;outros;sem_informacao;carroca;princ_a;paiA;princ_b;paiB;cod_distrito;distrito;vit_ferida;vit_morta
D061302063;24338;LUIZ IGNACIO ANHAIA MELLO, AV PROF;;;6920;;18/06/2013 08:54;2;CT;70;2966; ; ;2;0;0;0;0;0;0;0;0;0;0;0;0;0;0;0;0;24338;LUIZ IGNACIO ANHAIA MELLO, AV PROF;;;26;CONSOLACAO;1;0
D061300078;13632;MARTINS FONTES, RUA;;;359;;18/06/2013 09:05;2;CO;4;4227;C; ;1;1;0;0;0;0;0;0;0;0;0;0;0;0;0;0;0;13632;MARTINS FONTES, RUA;;;67;REPUBLICA;1;0
D061300768;8603;HEITOR ANTONIO EIRAS GARCIA, AV ENG;;;4824;;18/06/2013 09:40;2;CO;75;2240; ; ;0;2;0;0;0;0;0;0;0;0;0;0;0;0;0;0;0;8603;HEITOR ANTONIO EIRAS GARCIA, AV ENG;;;68;RIO PEQUENO;1;0
D061300617;11905;LINEU DE PAULA MACHADO, AV;;;1330;;18/06/2013 10:00;2;CO;34;3606; ; ;1;1;0;0;0;0;0;0;0;0;0;0;0;0;0;0;0;11905;LINEU DE PAULA MACHADO, AV;;;55;MORUMBI;1;0
D061301949;9044;RAGUEB CHOHFI, AV;;;3075;;18/06/2013 10:30;2;QM;49;8505; ; ;0;1;0;0;0;0;0;0;0;0;0;0;0;0;0;0;0;9044;RAGUEB CHOHFI, AV;;;32;IGUATEMI;2;0
D061301699;5127;FREDERICO RENE DE JAEGHER, RUA;;;800;;18/06/2013 10:40;2;CT;101;5170; ; ;1;1;0;0;0;0;0;0;0;0;0;0;0;0;0;0;0;5127;FREDERICO RENE DE JAEGHER, RUA;;;23;CIDADE DUTRA;1;0
D061301589;22202;ANTONIO DE FRANCO, RUA PROF;;;100;;18/06/2013 10:58;2;CO;92;3785; ; ;1;1;0;0;0;0;0;0;0;0;0;0;0;0;0;0;0;22202;ANTONIO DE FRANCO, RUA PROF;;;29;FREGUESIA DO O;1;0
D061300146;543;ALCANTARA MACHADO, AV;;;0;NADA CONSTA ;18/06/2013 11:00;2;CO;8;4859; ; ;1;1;0;0;0;0;0;0;0;0;0;0;0;0;0;0;0;543;ALCANTARA MACHADO, AV;;;10;BRAS;1;0
D061301634;14743;SABARA, AV NSRA DO;9220;INTERLAGOS, AV;0;;18/06/2013 11:16;4;AT;99;2541; ; ;1;0;0;0;0;0;0;0;0;0;0;0;0;0;0;0;0;9220;INTERLAGOS, AV;14743;SABARA, AV NSRA DO;16;CAMPO GRANDE;1;0
D061301633;13035;MIGUEL YUNES, RUA;;;0;NADA CONSTA ;18/06/2013 11:20;2;CO;99;2540; ; ;1;1;0;0;0;0;0;0;0;0;0;0;0;0;0;0;0;13035;MIGUEL YUNES, RUA;;;16;CAMPO GRANDE;1;0
D061300941;9078;IMIRIM, AV;;;1648;;18/06/2013 11:40;2;CO;13;6814; ; ;1;1;0;0;0;0;0;0;0;0;0;0;0;0;0;0;0;9078;IMIRIM, AV;;;71;SANTANA;1;0
D061301811;14094;MOGI DAS CRUZES, ES DE;;;2178;;18/06/2013 11:40;4;AT;62;2416; ; ;1;0;0;0;0;0;0;0;0;0;0;0;0;0;0;0;0;14094;MOGI DAS CRUZES, ES DE;;;65;PONTE RASA;1;0
D061300254;11379;JUNTAS PROVISORIAS, AV;;;0;PROXIMO  - COMP V MAK;18/06/2013 11:49;2;CT;17;2804; ; ;1;1;0;0;0;0;0;0;0;0;0;0;0;0;0;0;0;11379;JUNTAS PROVISORIAS, AV;;;95;VILA PRUDENTE;1;0
D061301662;7223;FLORIANO ALVARO, RUA CEL;2981;BATISTA JUNIOR, RUA;0;;18/06/2013 12:00;4;AT;100;3126; ; ;1;0;0;0;0;0;0;0;0;0;0;0;0;0;0;0;0;2981;BATISTA JUNIOR, RUA;7223;FLORIANO ALVARO, RUA CEL;42;JARDIM ANGELA;1;0
D061301246;4128;CANGAIBA, AV;;;2838;;18/06/2013 12:30;4;AT;10;6922; ; ;1;0;0;0;0;0;0;0;0;0;0;0;0;0;0;0;0;4128;CANGAIBA, AV;;;18;CANGAIBA;1;0
D061300687;70240;RAPHAEL DI SANDRO, RUA;21380;ANTONIO MAIA, RUA;0;;18/06/2013 12:40;2;CO;46;2780; ; ;1;1;0;0;0;0;0;0;0;0;0;0;0;0;0;0;0;21380;ANTONIO MAIA, RUA;70240;RAPHAEL DI SANDRO, RUA;62;PERUS;1;0
D061301705;2483;ATLANTICA ANT. ROBERT KENNEDY, AV;;;0;PROXIMO  - LARGO SOCO;18/06/2013 13:00;2;CO;102;1717; ; ;0;1;1;0;0;0;0;0;0;0;0;0;0;0;0;0;0;2483;ATLANTICA ANT. ROBERT KENNEDY, AV;;;23;CIDADE DUTRA;1;0
D061300475;6897;FARIA LIMA, AV BRIG;;;0;PROXIMO  - ESTACAO FA;18/06/2013 13:30;2;QD;14;3727; ; ;0;0;1;0;0;0;0;0;0;0;0;0;0;0;0;0;0;6897;FARIA LIMA, AV BRIG;;;63;PINHEIROS;1;0
D061301421;5092;CLEMENTINO, RUA DR;11328;JULIO DE CASTILHOS, RUA;0;;18/06/2013 13:30;4;AT;81;1752; ; ;1;0;0;0;0;0;0;0;0;0;0;0;0;0;0;0;0;5092;CLEMENTINO, RUA DR;11328;JULIO DE CASTILHOS, RUA;8;BELEM;1;0
D061301270;26951;ANGELO PEREIRA, RUA;;;293;;18/06/2013 14:00;4;AT;21;2039; ; ;1;0;0;0;0;0;0;0;0;0;0;0;0;0;0;0;0;26951;ANGELO PEREIRA, RUA;;;38;JACANA;1;0
D061300846;16726;QUEIROZ FILHO, AV;2818;BARBALHA, RUA;0;;18/06/2013 14:10;4;AT;91;4535; ; ;1;0;0;0;0;0;0;0;0;0;0;0;0;0;0;0;0;4781;CERRO CORA, RUA;16726;QUEIROZ FILHO, AV;48;LAPA;1;0
D061300163;3787;CACHOEIRA, RUA;;;637;;18/06/2013 14:48;2;CO;12;3334; ; ;1;1;0;0;0;0;0;0;0;0;0;0;0;0;0;0;0;3787;CACHOEIRA, RUA;;;57;PARI;1;0
D061300503;16919;REBOUCAS, AV;;;3749;;18/06/2013 15:00;2;CL;14;6369; ; ;2;0;0;0;0;0;0;0;0;0;0;0;0;0;0;0;0;16919;REBOUCAS, AV;;;44;JARDIM PAULISTA;1;0
D061300942;9078;IMIRIM, AV;3813;CAETANO ALVARES, AV ENG;0;;18/06/2013 15:14;2;CO;13;6822; ; ;1;1;0;0;0;0;0;0;0;0;0;0;0;0;0;0;0;3813;CAETANO ALVARES, AV ENG;9078;IMIRIM, AV;51;MANDAQUI;1;0
D061301079;8320;GUAPIRA, AV;;;1607;;18/06/2013 15:15;2;CO;39;2766; ; ;0;1;0;0;0;0;0;0;0;0;0;1;0;0;0;0;0;8320;GUAPIRA, AV;;;38;JACANA;1;0
D061301977;60675;AFONSO DE SAMPAIO E SOUSA, AV;;;2000;;18/06/2013 15:30;2;CO;53;4394; ; ;0;1;0;0;0;0;0;0;1;0;0;0;0;0;0;0;0;60675;AFONSO DE SAMPAIO E SOUSA, AV;;;51;MANDAQUI;1;0
D061301124;20633;JOSE DA NATIVIDADE SALDANHA, AV;;;411;;18/06/2013 15:33;2;QM;45;1584; ; ;0;1;0;0;0;0;0;0;0;0;0;0;0;0;0;0;0;20633;JOSE DA NATIVIDADE SALDANHA, AV;;;40;JAGUARE;1;0
D061300370;19764;VINTE E TRES DE MAIO, AV;;;1000;;18/06/2013 16:00;2;CO;36;8471; ; ;1;1;0;0;0;0;0;0;0;0;0;0;0;0;0;0;0;19764;VINTE E TRES DE MAIO, AV;;;17;CAMPO LIMPO;1;0
D061300088;5245;CONSOLACAO, RUA DA;;;23;;18/06/2013 16:20;2;QD;4;5330; ; ;0;0;1;0;0;0;0;0;0;0;0;0;0;0;0;0;0;5245;CONSOLACAO, RUA DA;;;26;CONSOLACAO;1;0
D061301688;25044;EDUARDO RAMOS, RUA;;;100;;18/06/2013 16:30;2;CO;101;4808; ; ;0;1;1;0;0;0;0;0;0;0;0;0;0;0;0;0;0;25044;EDUARDO RAMOS, RUA;;;0;NULL;1;0
D061300459;20307;JACOMO ZANELA, PCA;6544;ERMANO MARCHETTI, AV;0;;18/06/2013 17:10;4;AT;7;4537; ; ;0;0;0;0;0;0;0;1;0;0;0;0;0;0;0;0;0;6544;ERMANO MARCHETTI, AV;20307;JACOMO ZANELA, PCA;48;LAPA;1;0
D061300354;19583;VERGUEIRO, RUA;;;2560;;18/06/2013 17:27;2;CO;36;2615; ; ;0;2;0;0;0;0;0;0;0;0;0;0;0;0;0;0;0;19583;VERGUEIRO, RUA;;;33;IPIRANGA;1;0
D061301458;16650;CENTRO AFRICANA, RUA;;;103;;18/06/2013 18:30;4;AT;11;7076; ; ;0;1;0;0;0;0;0;0;0;0;0;0;0;0;0;0;0;16650;CENTRO AFRICANA, RUA;;;29;FREGUESIA DO O;1;0
D061301284;7645;FRONTIN, AV CD DE;;;100;;18/06/2013 18:40;2;CO;21;6930;C; ;2;1;0;0;0;0;0;0;0;0;0;0;0;0;0;0;0;7645;FRONTIN, AV CD DE;;;93;VILA MATILDE;1;0
D061301859;435;ALAMANDAS, AV DAS;;;11;;18/06/2013 18:40;2;CH;64;4928; ; ;1;1;0;0;0;0;0;0;0;0;0;0;0;0;0;0;0;435;ALAMANDAS, AV DAS;;;36;ITAQUERA;1;0
D061300024;7733;GALVAO BUENO, RUA;;;475;;18/06/2013 18:45;4;AT;1;4870; ; ;0;0;0;0;0;0;0;0;0;0;0;1;0;0;0;0;0;7733;GALVAO BUENO, RUA;;;80;SE;1;0
D061301823;14917;OLAVO EGIDIO DE SOUZA ARANHA, AV;;;1123;;18/06/2013 19:00;4;AT;62;6665; ; ;1;0;0;0;0;0;0;0;0;0;0;0;0;0;0;0;0;14917;OLAVO EGIDIO DE SOUZA ARANHA, AV;;;49;LIBERDADE;1;0
D061302135;14917;OLAVO EGIDIO DE SOUZA ARANHA, AV;;;1123;;18/06/2013 19:00;4;AT;24;2861;B; ;1;0;0;0;0;0;0;0;0;0;0;0;0;0;0;0;0;14917;OLAVO EGIDIO DE SOUZA ARANHA, AV;;;49;LIBERDADE;0;1
D061301950;13671;MATEO BEI, AV;7379;FRANCISCO CORDELLI, RUA;0;;18/06/2013 19:00;4;AT;49;8541; ; ;1;0;0;0;0;0;0;0;0;0;0;0;0;0;0;0;0;7379;FRANCISCO CORDELLI, RUA;13671;MATEO BEI, AV;75;SAO MATEUS;2;0
D061301921;17666;SALVADOR GIANETTI, RUA;;;272;;18/06/2013 19:10;2;CO;44;3595; ; ;1;1;0;0;0;0;0;0;0;0;0;0;0;0;0;0;0;17666;SALVADOR GIANETTI, RUA;;;50;LIMAO;1;0
D061301415;10503;JOAO XXIII, AV;;;211;;18/06/2013 19:29;2;CL;58;900075; ; ;1;1;0;0;0;0;0;0;0;0;0;0;0;0;0;0;0;10503;JOAO XXIII, AV;;;4;ARICANDUVA;1;0
D061300344;15872;PEDRO ALVARES CABRAL, RUA;;;0;NADA CONSTA ;18/06/2013 19:30;2;CO;36;1873; ; ;0;0;0;0;1;0;0;0;0;0;0;0;0;0;0;1;0;15872;PEDRO ALVARES CABRAL, RUA;;;5;ARTUR ALVIM;1;0
D061300868;831;ALTINO, AV PRES;;;2468;;18/06/2013 19:32;4;AT;93;4544; ; ;0;1;0;0;0;0;0;0;0;0;0;0;0;0;0;0;0;831;ALTINO, AV PRES;;;40;JAGUARE;2;0
D061301351;19104;TRAMANDAI, RUA BR DE;;;157;;18/06/2013 19:32;2;CO;42;4133; ; ;1;1;0;0;0;0;0;0;0;0;0;0;0;0;0;0;0;19104;TRAMANDAI, RUA BR DE;;;26;CONSOLACAO;1;0
D061301100;13767;MAZZEI, AV;;;0;NADA CONSTA ;18/06/2013 19:50;2;QD;39;7091; ; ;0;0;1;0;0;0;0;0;0;0;0;0;0;0;0;0;0;13767;MAZZEI, AV;;;84;TUCURUVI;1;0
D061300563;16514;PORTO CARREIRO, RUA BRA DE;5565;CRUZEIRO, RUA;0;;18/06/2013 20:10;2;CO;23;4543; ; ;2;0;0;0;0;0;0;0;0;0;0;0;0;0;0;0;0;5565;CRUZEIRO, RUA;16514;PORTO CARREIRO, RUA BRA DE;70;SANTA CECILIA;2;0
D061300116;17294;RODRIGO VIEIRA, RUA;17083;RICARDO JAFET, AV DR;0;;18/06/2013 20:22;2;CT;6;2916; ; ;0;1;0;0;0;0;0;0;0;0;0;1;0;0;0;0;0;17083;RICARDO JAFET, AV DR;17294;RODRIGO VIEIRA, RUA;92;VILA MARIANA;1;0
D061301480;32541;PAULO GUILGUER REIMBERG, AV;;;250;;18/06/2013 20:40;2;CO;25;1592; ; ;1;1;0;0;0;0;0;0;0;0;0;0;0;0;0;0;0;32541;PAULO GUILGUER REIMBERG, AV;;;32;IGUATEMI;1;0
D061300398;5762;DELAMARE, AV ALM;;;4000;;18/06/2013 23:00;4;AT;95;5515; ; ;0;1;0;0;0;0;0;0;0;0;0;0;0;0;0;0;0;5762;DELAMARE, AV ALM;;;33;IPIRANGA;1;0
D061300368;17301;RODRIGUES ALVES, AV CONS;;;308;;19/06/2013 00:01;4;AT;36;6474; ; ;1;0;0;0;0;0;0;0;0;0;0;0;0;0;0;0;0;17301;RODRIGUES ALVES, AV CONS;;;9;BOM RETIRO;1;0
D061301460;6238;NACOES UNIDAS, AV DAS;;;11400;;19/06/2013 03:34;2;CO;11;7095; ; ;1;1;0;0;0;0;0;0;0;0;0;0;0;0;0;0;0;13014;MARGINAL DO RIO PINHEIROS, AV;;;90;VILA LEOPOLDINA;2;0
D061302098;7257;FONSECA RODRIGUES, AV PROF;;;2001;;19/06/2013 05:03;2;CH;14;6275; ; ;1;0;0;0;0;0;0;0;0;0;0;0;0;0;0;0;0;7257;FONSECA RODRIGUES, AV PROF;;;2;ALTO DE PINHEIR;2;1
D061301635;6238;NACOES UNIDAS, AV DAS;;;21621;;19/06/2013 05:30;2;CO;99;2554; ; ;1;1;0;0;0;0;0;0;0;0;0;0;0;0;0;0;0;13014;MARGINAL DO RIO PINHEIROS, AV;;;90;VILA LEOPOLDINA;1;0
D061301178;13133;MARIA AMALIA LOPES AZEVEDO, RUA;16305;ANTONELO DA MESSINA, AV;0;;19/06/2013 05:31;2;CO;73;6592; ; ;0;0;0;0;1;0;0;0;0;0;0;0;0;0;0;1;0;13133;MARIA AMALIA LOPES AZEVEDO, RUA;16305;ANTONELO DA MESSINA, AV;83;TREMEMBE;1;0
D061301216;18007;SERAFIM GONCALVES PEREIRA, AV;524;ALBINO CESAR, RUA SOLD;0;;19/06/2013 06:00;2;SI;90;2439; ; ;2;0;0;0;0;0;0;0;0;0;0;0;0;0;0;0;0;524;ALBINO CESAR, RUA SOLD;6806;EURIPEDES RODRIGUES DE LIMA, RUA SOLD;91;VILA MARIA;6;0
D061300147;543;ALCANTARA MACHADO, AV;906;ALVARO RAMOS, AV;0;;19/06/2013 06:10;2;CO;8;4885; ; ;1;1;0;0;0;0;0;0;0;0;0;0;0;0;0;0;0;543;ALCANTARA MACHADO, AV;906;ALVARO RAMOS, AV;8;BELEM;1;0
D061302027;8715;HENRIQUE SCHURIG, RUA;;;250;;19/06/2013 07:12;2;CO;66;2607; ; ;1;1;0;0;0;0;0;0;0;0;0;0;0;0;0;0;0;8715;HENRIQUE SCHURIG, RUA;;;24;CIDADE LIDER;1;0
D061300408;12193;LUIS CARLOS BERRINI, AV ENG;;;1420;;19/06/2013 07:34;4;AT;96;2858; ; ;1;0;0;0;0;0;0;0;0;0;0;0;0;0;0;0;0;12193;LUIS CARLOS BERRINI, AV ENG;;;34;ITAIM BIBI;1;0
D061300279;14710;MERCES, RUA NSRA DAS;;;648;;19/06/2013 07:45;2;CO;26;5520; ; ;1;1;0;0;0;0;0;0;0;0;0;0;0;0;0;0;0;14710;MERCES, RUA NSRA DAS;;;69;SACOMA;2;0
D061300325;8816;GUSTAVO DA SILVEIRA, RUA;3585;JOAO BARRETO DE MENEZES, AV;0;;19/06/2013 07:50;2;CT;35;4942; ; ;1;1;0;0;0;0;0;0;0;0;0;0;0;0;0;0;0;3585;JOAO BARRETO DE MENEZES, AV;8816;GUSTAVO DA SILVEIRA, RUA;37;JABAQUARA;2;0
D061300548;18519;SUMARE, AV;;;1277;;19/06/2013 08:00;4;AT;23;3479; ; ;0;1;0;0;0;0;0;0;0;0;0;0;0;0;0;0;0;18519;SUMARE, AV;;;61;PERDIZES;2;0
D061300103;19764;VINTE E TRES DE MAIO, AV;;;0;PROXIMO  - VD JACEGUA;19/06/2013 08:08;2;CO;5;4945; ; ;1;1;0;0;0;0;0;0;0;0;0;0;0;0;0;0;0;19764;VINTE E TRES DE MAIO, AV;;;17;CAMPO LIMPO;1;0
D061300817;43866;COLEGIO PIO XII, RUA;;;0;NADA CONSTA ;19/06/2013 08:20;2;SI;89;5530; ; ;1;1;0;0;0;0;0;0;0;0;0;0;0;0;0;0;0;43866;COLEGIO PIO XII, RUA;;;85;VILA ANDRADE;1;0
D061301883;4936;CEMBIRA, RUA;;;1481;;19/06/2013 08:30;2;CO;67;1674; ; ;0;1;0;0;0;0;0;0;0;0;0;1;0;0;0;0;0;4936;CEMBIRA, RUA;;;86;VILA CURUCA;1;0
D061300304;4882;CHIBARAS, AV;14531;NHAMBIQUARAS, AL DOS;0;;19/06/2013 08:43;2;CO;27;6492; ; ;2;0;0;0;0;0;0;0;0;0;0;0;0;0;0;0;0;4882;CHIBARAS, AV;14531;NHAMBIQUARAS, AL DOS;53;MOEMA;2;0
D061300816;8483;GUILHERME DUMONT VILARES, AV DR;;;0;PROXIMO  - BASE POLIC;19/06/2013 08:57;2;CO;89;5523; ; ;1;1;0;0;0;0;0;0;0;0;0;0;0;0;0;0;0;8483;GUILHERME DUMONT VILARES, AV DR;;;85;VILA ANDRADE;1;0
D061300959;541;ALCANTARA, RUA;1930;NADIR DIAS DE FIGUEIREDO, AV;0;;19/06/2013 09:00;2;CO;19;2320; ; ;2;0;0;0;0;0;0;0;0;0;0;0;0;0;0;0;0;541;ALCANTARA, RUA;1930;NADIR DIAS DE FIGUEIREDO, AV;88;VILA GUILHERME;3;0
D061301590;12134;ANTONIO RAMOS ROSA, RUA;;;973;;19/06/2013 09:10;2;CT;92;3829; ; ;1;1;0;0;0;0;0;0;0;0;0;0;0;0;0;0;0;12134;ANTONIO RAMOS ROSA, RUA;;;45;JARDIM SAO LUIS;1;0
D061300389;19583;VERGUEIRO, RUA;;;8900;;19/06/2013 09:14;2;CO;95;2827; ; ;1;1;0;0;0;0;0;0;0;0;0;0;0;0;0;0;0;19583;VERGUEIRO, RUA;;;33;IPIRANGA;1;0
D061301482;41808;JACEGUAVA, ES DO;;;2802;;19/06/2013 09:25;2;CH;25;1596; ; ;0;1;0;0;0;0;0;0;0;0;0;1;0;0;0;0;0;41808;JACEGUAVA, ES DO;;;76;SAO MIGUEL;1;0
D061300883;8466;GUILHERME, AV;;;0;NADA CONSTA ;19/06/2013 09:26;2;QM;9;3428; ; ;0;1;0;0;0;0;0;0;0;0;0;0;0;0;0;0;0;8466;GUILHERME, AV;;;88;VILA GUILHERME;1;0
D061300287;19100;BANDEIRANTES, AV DOS;;;5627;;19/06/2013 09:30;2;CO;27;5642; ; ;1;1;0;0;0;0;0;0;0;0;0;0;0;0;0;0;0;19100;BANDEIRANTES, AV DOS;;;24;CIDADE LIDER;1;0
D061301217;10471;JOAO SIMAO DE CASTRO, AV;;;0;PROXIMO  - SERGIO LUT;19/06/2013 09:40;2;SI;90;2453; ; ;2;0;0;0;0;0;0;0;0;0;0;0;0;0;0;0;0;10471;JOAO SIMAO DE CASTRO, AV;;;94;VILA MEDEIROS;1;0
D061301048;9078;IMIRIM, AV;;;4020;;19/06/2013 09:45;2;QM;38;3031; ; ;0;1;0;0;0;0;0;0;0;0;0;0;0;0;0;0;0;9078;IMIRIM, AV;;;71;SANTANA;1;0
D061300419;7682;GABRIEL DE REZENDE PASSOS, AV MIN;;;319;;19/06/2013 10:00;4;AT;96;6489; ; ;1;0;0;0;0;0;0;0;0;0;0;0;0;0;0;0;0;7682;GABRIEL DE REZENDE PASSOS, AV MIN;;;53;MOEMA;1;0
D061301591;35599;JOAO DIAS, PTE;;;0;NADA CONSTA ;19/06/2013 10:00;2;CO;92;3835; ; ;0;1;1;0;0;0;0;0;0;0;0;1;0;0;0;0;0;35599;JOAO DIAS, PTE;;;30;GRAJAU;1;0
D061301393;19018;TOBIAS BARRETO, RUA;;;812;;19/06/2013 10:08;2;CO;57;2469; ; ;1;1;0;0;0;0;0;0;0;0;0;0;0;0;0;0;0;19018;TOBIAS BARRETO, RUA;;;10;BRAS;1;0
D061302097;13317;MARIA PAULA, RUA;1003;SANTO AMARO, RUA;0;;19/06/2013 10:15;4;AT;1;4954; ; ;0;0;1;0;0;0;0;0;0;0;0;0;0;0;0;0;0;1003;SANTO AMARO, RUA;13317;MARIA PAULA, RUA;67;REPUBLICA;1;1
D061300549;29337;PACAEMBU, VD;;;0;NADA CONSTA ;19/06/2013 10:40;4;AT;23;3492; ; ;0;0;0;0;0;0;0;0;0;0;0;0;0;0;0;1;0;29337;PACAEMBU, VD;;;35;ITAIM PAULISTA;1;0
D061300681;9529;ITAPECERICA, ES DE;;;3000;;19/06/2013 10:40;4;AT;37;7700; ; ;0;1;0;0;0;0;0;0;0;0;0;0;0;0;0;0;0;9529;ITAPECERICA, ES DE;;;29;FREGUESIA DO O;1;0
D061300285;10918;JOSE DINIZ, AV VER;;;2534;;19/06/2013 11:30;2;CO;27;2293; ; ;1;1;0;0;0;0;0;0;0;0;0;0;0;0;0;0;0;10918;JOSE DINIZ, AV VER;;;15;CAMPO BELO;1;0
D061300760;16878;RAPOSO TAVARES, VIA;;;182;;19/06/2013 11:30;2;CO;75;2113; ; ;0;1;0;1;0;0;0;0;0;0;0;0;0;0;0;0;0;16878;RAPOSO TAVARES, VIA;;;13;CACHOEIRINHA;1;0
D061301290;17629;SALIM FARAH MALUF, RUA;;;4356;;19/06/2013 11:34;2;CT;29;1540; ; ;3;0;0;0;0;0;0;0;0;0;0;0;0;0;0;0;0;17629;SALIM FARAH MALUF, RUA;;;26;CONSOLACAO;1;0
D061300409;6238;NACOES UNIDAS, AV DAS;;;11500;;19/06/2013 12:00;2;CO;96;2272; ; ;0;1;0;0;0;0;0;0;0;0;0;1;0;0;0;0;0;13014;MARGINAL DO RIO PINHEIROS, AV;;;90;VILA LEOPOLDINA;1;0
D061300523;6238;NACOES UNIDAS, AV DAS;;;0;NADA CONSTA ;19/06/2013 12:03;2;CO;15;3021; ; ;1;1;0;0;0;0;0;0;0;0;0;0;0;0;0;0;0;13014;MARGINAL DO RIO PINHEIROS, AV;;;90;VILA LEOPOLDINA;1;0
D061301812;14094;MOGI DAS CRUZES, ES DE;;;1999;;19/06/2013 12:14;4;AT;62;2430;C; ;1;0;0;0;0;0;0;0;0;0;0;0;0;0;0;0;0;14094;MOGI DAS CRUZES, ES DE;;;65;PONTE RASA;1;0
D061301481;33015;SADAMU INOUE, AV;;;0;PROXIMO  - AV SEN TEO;19/06/2013 12:20;4;AT;25;1593; ; ;0;0;0;0;0;0;0;0;0;0;0;1;0;0;0;0;0;33015;SADAMU INOUE, AV;;;76;SAO MIGUEL;1;0
D061300165;4561;CASTELO BRANCO, AV PRES;12654;MANUEL DE ABREU, RUA;0;;19/06/2013 12:30;2;CO;12;3358; ; ;0;1;0;0;0;0;0;1;0;0;0;0;0;0;0;0;0;4561;CASTELO BRANCO, AV PRES;12654;MANUEL DE ABREU, RUA;  ;;1;0
D061302009;17824;SAPOPEMBA, AV;;;26000;;19/06/2013 12:40;2;CH;55;2385; ; ;1;0;0;0;0;0;0;0;0;0;0;0;0;0;0;0;0;17824;SAPOPEMBA, AV;;;33;IPIRANGA;1;0
D061301899;14720;GUADALUPE, AV NSRA DE;;;212;;19/06/2013 13:49;4;AT;103;2423; ; ;0;1;0;0;0;0;0;0;0;0;0;0;0;0;0;0;0;14720;GUADALUPE, AV NSRA DE;;;36;ITAQUERA;1;0
D061300164;4561;CASTELO BRANCO, AV PRES;4632;CATUMBI, RUA;0;;19/06/2013 14:16;2;CO;12;3355; ; ;1;1;0;1;0;0;0;0;0;0;0;0;0;0;0;0;0;4561;CASTELO BRANCO, AV PRES;4632;CATUMBI, RUA;8;BELEM;1;0
D061301422;19035;TOLEDO BARBOSA, RUA;16931;REDENCAO, RUA;0;;19/06/2013 14:35;4;AT;81;1770; ; ;0;0;1;0;0;0;0;0;0;0;0;0;0;0;0;0;0;16931;REDENCAO, RUA;19035;TOLEDO BARBOSA, RUA;8;BELEM;1;0
D061301663;8438;GUAVIRUTUBA, ES;;;1195;;19/06/2013 14:50;2;CO;100;3151; ; ;1;1;0;0;0;0;0;0;0;0;0;0;0;0;0;0;0;8438;GUAVIRUTUBA, ES;;;42;JARDIM ANGELA;1;0
D061301192;14736;O, AV NSRA DO;;;193;;19/06/2013 14:50;2;CH;74;2581;C; ;2;0;0;0;0;0;0;0;0;0;0;1;0;0;0;0;0;14736;O, AV NSRA DO;;;50;LIMAO;1;0
D061300004;15629;PAULA SOUSA, RUA;16438;PLINIO RAMOS, RUA;0;;19/06/2013 15:30;2;CL;1;3889; ; ;0;1;0;0;0;0;0;0;0;0;0;1;0;0;0;0;0;15629;PAULA SOUSA, RUA;16438;PLINIO RAMOS, RUA;  ;;1;0
D061301501;5606;CUPECE, AV;;;4893;;19/06/2013 15:59;2;CO;43;2349; ; ;0;1;0;0;0;0;0;0;0;0;0;1;0;0;0;0;0;5606;CUPECE, AV;;;22;CIDADE ADEMAR;1;0
D061300847;4427;CARLOS WEBER, RUA;13854;MERGENTHALER, RUA;0;;19/06/2013 16:00;4;AT;91;4575; ; ;0;1;0;0;0;0;0;0;0;0;0;0;0;0;0;0;0;4427;CARLOS WEBER, RUA;13854;MERGENTHALER, RUA;90;VILA LEOPOLDINA;1;0
D061301316;4144;CANTAGALO, RUA;;;2187;;19/06/2013 16:30;4;AT;30;3810; ; ;1;0;0;0;0;0;0;0;0;0;0;0;0;0;0;0;0;4144;CANTAGALO, RUA;;;20;CARRAO;1;0
D061300410;26502;ARY TORRES, PTE ENG;19100;BANDEIRANTES, AV DOS;0;;19/06/2013 16:30;2;CO;96;2958; ; ;1;1;0;0;0;0;0;0;0;0;0;0;0;0;0;0;0;19100;BANDEIRANTES, AV DOS;26502;ARY TORRES, PTE ENG;  ;;1;0
D061302125;7645;FRONTIN, AV CD DE;2181;ARICANDUVA, AV;0;;19/06/2013 16:42;2;CT;62;2438;B; ;1;0;1;0;0;0;0;0;0;0;0;0;0;0;0;0;0;2181;ARICANDUVA, AV;7645;FRONTIN, AV CD DE;93;VILA MATILDE;0;1
D061301305;7645;FRONTIN, AV CD DE;;;0;ACESSO  - AV.ARICAND;19/06/2013 16:42;2;CO;30;3179;B; ;1;0;1;0;0;0;0;0;0;0;0;0;0;0;0;0;0;7645;FRONTIN, AV CD DE;;;93;VILA MATILDE;1;0
D061300884;6110;DUARTE DE AZEVEDO, RUA;;;334;;19/06/2013 17:00;2;QF;9;3435; ; ;0;0;0;0;0;0;0;1;0;0;0;0;0;0;0;0;0;6110;DUARTE DE AZEVEDO, RUA;;;71;SANTANA;1;0