id_acidente;codloga;logradouroA;codlogb;logradouroB;alt_num;referencia;data;cod_acid;tipo_acidente;dp;numero_BO;sentido;pista;automovel;moto;onibus;caminhao;bicicleta;moto_taxi;onibus_fretado;onibus_urbano;microonibus;van;vuc;caminhonete;carreta;jipe;outros;sem_informacao;carroca;princ_a;paiA;princ_b;paiB;cod_distrito;distrito;vit_ferida;vit_morta
D061301789;9477;ITAJUIBE, RUA;;;1175;;19/06/2013 17:00;4;AT;50;7638; ; ;1;0;0;0;0;0;0;0;0;0;0;0;0;0;0;0;0;9477;ITAJUIBE, RUA;;;35;ITAIM PAULISTA;1;0
D061301412;43408;ABEL FERREIRA, AV VER;14196;MONTEMAGNO, AV;0;;19/06/2013 17:00;2;CL;58;3806; ; ;1;1;0;0;0;0;0;0;0;0;0;0;0;0;0;0;0;14196;MONTEMAGNO, AV;43408;ABEL FERREIRA, AV VER;1;AGUA RASA;1;0
D061302124;17824;SAPOPEMBA, AV;63256;CANDIDO XAVIER, RUA;0;;19/06/2013 17:05;4;AT;55;2389; ; ;0;0;1;0;0;0;0;0;0;0;0;0;0;0;0;0;0;17824;SAPOPEMBA, AV;63256;CANDIDO XAVIER, RUA;77;SAO RAFAEL;0;1
D061302055;78852;DOURADOQUARA, RUA;;;230;;19/06/2013 17:30;4;AT;69;7547; ; ;0;1;0;0;0;0;0;0;0;0;0;0;0;0;0;0;0;78852;DOURADOQUARA, RUA;;;56;PARELHEIROS;1;0
D061301788;17820;TITO, AV MAL;;;6035;;19/06/2013 17:30;4;AT;50;7620; ; ;0;0;0;0;0;0;0;0;0;0;0;1;0;0;0;0;0;17820;TITO, AV MAL;;;53;MOEMA;1;0
D061301534;63018;COELHO LOUSADA, RUA;;;0;NADA CONSTA ;19/06/2013 17:44;2;CH;47;7620; ; ;0;0;0;0;0;0;0;0;0;0;0;0;0;0;0;1;0;63018;COELHO LOUSADA, RUA;;;29;FREGUESIA DO O;1;0
D061301394;15034;ORATORIO, RUA DO;;;2670;;19/06/2013 17:50;2;CT;57;2502;B; ;1;0;0;0;0;0;0;0;0;0;0;1;0;0;0;0;0;15034;ORATORIO, RUA DO;;;16;CAMPO GRANDE;2;0
D061300748;13019;ESCOLA POLITECNICA, AV;1363;JORGE WARD, RUA;0;;19/06/2013 18:20;2;CO;51;6307; ; ;1;0;0;0;1;0;0;0;0;0;0;0;0;0;0;0;0;1363;JORGE WARD, RUA;22165;PABLO CASALS, AV;45;JARDIM SAO LUIS;1;0
D061301979;36387;JAIME RIBEIRO WRIGHT, RUA;;;1225;;19/06/2013 18:30;2;QM;53;4431; ; ;0;1;0;0;0;0;0;0;0;0;0;0;0;0;0;0;0;36387;JAIME RIBEIRO WRIGHT, RUA;;;50;LIMAO;1;0
D061301508;5606;CUPECE, AV;9091;MOACIR EIK ALVARO, RUA PROF;0;;19/06/2013 18:30;2;CT;43;2590; ; ;0;1;0;0;0;0;0;0;0;0;0;0;0;0;0;0;0;5606;CUPECE, AV;9091;MOACIR EIK ALVARO, RUA PROF;  ;;1;0
D061300378;5618;CURSINO, AV DO;;;3342;;19/06/2013 18:40;2;CO;83;5538; ; ;0;1;0;0;0;0;0;0;0;0;0;0;0;0;0;0;0;5618;CURSINO, AV DO;;;27;CURSINO;2;0
D061300089;989;AMARAL GURGEL, RUA;;;100;;19/06/2013 19:20;2;CO;4;5381; ; ;1;1;0;0;0;0;0;0;0;0;0;0;0;0;0;0;0;989;AMARAL GURGEL, RUA;;;67;REPUBLICA;1;0
D061301759;5687;DANFER, AV;;;100;;19/06/2013 19:58;2;CO;24;6698; ; ;1;0;0;0;0;0;0;0;0;0;0;0;0;0;0;0;0;5687;DANFER, AV;;;18;CANGAIBA;1;0
D061301516;5606;CUPECE, AV;;;2100;;19/06/2013 20:00;2;CL;43;6551; ; ;1;1;0;0;0;0;0;0;0;0;0;0;0;0;0;0;0;5606;CUPECE, AV;;;22;CIDADE ADEMAR;1;0
D061301535;73185;FELIPE GUITON, RUA ENG;;;143;;19/06/2013 20:00;4;AT;47;7647; ; ;0;1;0;0;0;0;0;0;0;0;0;0;0;0;0;0;0;73185;FELIPE GUITON, RUA ENG;;;29;FREGUESIA DO O;1;0
D061301052;15426;PARADA PINTO, AV;;;2262;;19/06/2013 20:00;2;QF;38;3271; ; ;0;0;0;0;0;0;0;1;0;0;0;0;0;0;0;0;0;15426;PARADA PINTO, AV;;;8;BELEM;1;0
D061300220;10004;JAU, AL;12165;LUIS ANTONIO, AV BRIG;0;;19/06/2013 20:10;2;CO;78;5382; ; ;1;0;0;0;1;0;0;0;0;0;0;0;0;0;0;0;0;10004;JAU, AL;12165;LUIS ANTONIO, AV BRIG;44;JARDIM PAULISTA;1;0
D061301094;6163;EDE, AV;;;383;;19/06/2013 20:30;2;CO;39;6657;C; ;1;1;0;0;0;0;0;0;0;0;0;0;0;0;0;0;0;6163;EDE, AV;;;94;VILA MEDEIROS;1;0
D061301673;31402;AGAMENON PEREIRA DA SILVA, RUA;;;200;;19/06/2013 20:50;4;AT;100;7632; ; ;1;0;0;0;0;0;0;0;0;0;0;0;0;0;0;0;0;31402;AGAMENON PEREIRA DA SILVA, RUA;;;32;IGUATEMI;1;0
D061301325;4502;CARRAO, AV CONS;;;3341;;19/06/2013 21:30;2;QD;31;3808; ; ;0;0;1;0;0;0;0;0;0;0;0;0;0;0;0;0;0;4502;CARRAO, AV CONS;;;20;CARRAO;1;0
D061300538;17252;ROCIO, RUA DO;;;109;;19/06/2013 22:50;2;CT;15;8423; ; ;1;1;0;0;0;0;0;0;0;0;0;0;0;0;0;0;0;17252;ROCIO, RUA DO;;;28;ERMELINO MATARA;1;0
D061301401;72835;JOAO INACIO TEIXEIRA, RUA DR;7033;FERNANDO FALCAO, RUA;0;;19/06/2013 22:50;2;SI;57;4157; ; ;1;1;0;0;0;0;0;0;0;0;0;0;0;0;0;0;0;4543;CASSANDOCA, AV;7033;FERNANDO FALCAO, RUA;54;MOOCA;1;0
D061300390;5762;DELAMARE, AV ALM;;;1335;;20/06/2013 02:00;2;CH;95;2857; ; ;1;0;0;0;0;0;0;0;0;0;0;0;0;0;0;0;0;5762;DELAMARE, AV ALM;;;33;IPIRANGA;1;0
D061301761;13881;MIGUEL, AV S;;;4078;;20/06/2013 04:40;2;CO;24;6714; ; ;1;0;0;1;0;0;0;0;0;0;0;0;0;0;0;0;0;13881;MIGUEL, AV S;;;65;PONTE RASA;1;0
D061300652;16339;CARLOS LACERDA, AV;;;185;;20/06/2013 05:25;4;AT;37;4764; ; ;0;1;0;0;0;0;0;0;0;0;0;0;0;0;0;0;0;16339;CARLOS LACERDA, AV;;;29;FREGUESIA DO O;1;0
D061300818;8000;GIOVANNI GRONCHI, AV;;;4499;;20/06/2013 06:00;2;CH;89;5552; ; ;1;0;0;0;0;0;0;0;0;0;0;0;0;0;0;0;0;8000;GIOVANNI GRONCHI, AV;;;55;MORUMBI;1;0
D061300912;19884;VOLUNTARIOS DA PATRIA, RUA;;;2600;;20/06/2013 06:10;2;CT;13;5944; ; ;1;1;0;0;0;0;0;0;0;0;0;0;0;0;0;0;0;19884;VOLUNTARIOS DA PATRIA, RUA;;;8;BELEM;1;0
D061301504;4734;CELSO DOS SANTOS, AV;;;717;;20/06/2013 06:20;2;CL;43;2357; ; ;0;1;0;0;0;0;0;0;0;0;0;1;0;0;0;0;0;4734;CELSO DOS SANTOS, AV;;;22;CIDADE ADEMAR;1;0
D061300988;18151;SEZEFREDO FAGUNDES, AV CEL;14847;TEIXEIRA DAS NEVES, RUA DR;0;;20/06/2013 06:30;2;QM;20;5820; ; ;0;1;0;0;0;0;0;0;0;0;0;0;0;0;0;0;0;14847;TEIXEIRA DAS NEVES, RUA DR;18151;SEZEFREDO FAGUNDES, AV CEL;83;TREMEMBE;1;0
D061300068;4659;CAXIAS, AV DUQ DE;11883;LIMEIRA, AL BR DE;0;;20/06/2013 06:38;2;CO;3;4938; ; ;1;1;0;0;0;0;0;0;0;0;0;0;0;0;0;0;0;4659;CAXIAS, AV DUQ DE;11883;LIMEIRA, AL BR DE;67;REPUBLICA;1;0
D061301503;5606;CUPECE, AV;;;3320;;20/06/2013 06:40;2;CO;43;2352; ; ;1;1;0;0;0;0;0;0;0;0;0;0;0;0;0;0;0;5606;CUPECE, AV;;;22;CIDADE ADEMAR;1;0
D061301082;6475;ALDEIA VINTE DE SETEMBRO, RUA;;;0;NADA CONSTA ;20/06/2013 07:00;2;QM;39;3443; ; ;0;1;0;0;0;0;0;0;0;0;0;0;0;0;0;0;0;6475;ALDEIA VINTE DE SETEMBRO, RUA;;;94;VILA MEDEIROS;1;0
D061301326;18615;TAMAINDE, RUA;14234;MORAVIA, RUA;0;;20/06/2013 08:00;2;CO;31;3815; ; ;1;1;0;0;0;0;0;0;0;0;0;0;0;0;0;0;0;14234;MORAVIA, RUA;18615;TAMAINDE, RUA;20;CARRAO;1;0
D061300373;13915;MIGUEL ESTEFANO, AV;;;999;;20/06/2013 08:08;2;CL;83;1392;B; ;0;1;0;0;0;0;0;0;0;0;0;1;0;0;0;0;0;13915;MIGUEL ESTEFANO, AV;;;27;CURSINO;1;0
D061301502;5606;CUPECE, AV;;;3689;;20/06/2013 08:10;2;CO;43;2351; ; ;1;1;0;0;0;0;0;0;0;0;0;0;0;0;0;0;0;5606;CUPECE, AV;;;22;CIDADE ADEMAR;1;0
D061301569;20048;YERVANT KISSAJIKIAN, AV;;;2874;;20/06/2013 08:30;2;CO;80;900016; ; ;1;1;0;0;0;0;0;0;0;0;0;0;0;0;0;0;0;20048;YERVANT KISSAJIKIAN, AV;;;29;FREGUESIA DO O;2;0
D061300374;13915;MIGUEL ESTEFANO, AV;;;999;;20/06/2013 08:40;2;CL;83;1393; ; ;1;1;0;0;0;0;0;0;0;0;0;0;0;0;0;0;0;13915;MIGUEL ESTEFANO, AV;;;27;CURSINO;1;0
D061300372;15239;OURIVES, AV DOS;;;632;;20/06/2013 08:44;2;CO;83;1391; ; ;1;1;0;0;0;0;0;0;0;0;0;0;0;0;0;0;0;15239;OURIVES, AV DOS;;;21;CASA VERDE;1;0
D061301074;9170;INES, AV STA;13554;MARQUES, RUA;0;;20/06/2013 08:45;2;CO;38;7062; ; ;1;1;0;0;0;0;0;0;0;0;0;0;0;0;0;0;0;9170;INES, AV STA;13554;MARQUES, RUA;51;MANDAQUI;1;0
D061301505;5606;CUPECE, AV;1072;ALVARES FAGUNDES, RUA;0;;20/06/2013 09:00;2;CO;43;2373; ; ;0;0;0;1;1;0;0;0;0;0;0;0;0;0;0;0;0;4657;NICOLAU MARIA ROSSETTI, RUA PROF;5606;CUPECE, AV;22;CIDADE ADEMAR;1;0
D061301760;954;AMADOR BUENO DA VEIGA, AV;;;2932;;20/06/2013 09:02;2;CO;24;6710; ; ;1;1;0;0;0;0;0;0;0;0;0;0;0;0;0;0;0;954;AMADOR BUENO DA VEIGA, AV;;;60;PENHA;2;0
D061300305;8944;IBIRAPUERA, AV;;;2000;;20/06/2013 09:30;2;QD;27;6527; ; ;0;0;1;0;0;0;0;0;0;0;0;0;0;0;0;0;0;8944;IBIRAPUERA, AV;;;53;MOEMA;1;0
D061301547;2483;ATLANTICA ANT. ROBERT KENNEDY, AV;;;5555;;20/06/2013 09:50;2;CL;48;2365; ; ;0;1;1;0;0;0;0;0;0;0;0;0;0;0;0;0;0;2483;ATLANTICA ANT. ROBERT KENNEDY, AV;;;23;CIDADE DUTRA;2;0
D061301636;6238;NACOES UNIDAS, AV DAS;9220;INTERLAGOS, AV;0;;20/06/2013 10:10;2;CO;99;2573; ; ;2;1;0;0;0;0;0;0;0;0;0;0;0;0;0;0;0;6238;NACOES UNIDAS, AV DAS;9220;INTERLAGOS, AV;16;CAMPO GRANDE;2;0
D061301664;12403;M'BOI MIRIM, ES;;;6150;;20/06/2013 10:13;2;CO;100;3177; ; ;0;1;0;0;0;0;0;1;0;0;0;0;0;0;0;0;0;12403;M'BOI MIRIM, ES;;;42;JARDIM ANGELA;1;0
D061300257;5421;COSTA AGUIAR, RUA;11874;LIMA E SILVA, RUA;0;;20/06/2013 10:31;4;AT;17;3242; ; ;0;0;0;0;0;0;0;0;0;0;0;1;0;0;0;0;0;5421;COSTA AGUIAR, RUA;11874;LIMA E SILVA, RUA;33;IPIRANGA;1;0
D061300117;11794;LEOPOLDO MIGUEZ, RUA;6642;ESTADO, AV DO;0;;20/06/2013 10:54;4;AT;6;2932; ; ;0;1;0;0;0;0;0;0;0;0;0;0;0;0;0;0;0;6642;ESTADO, AV DO;11794;LEOPOLDO MIGUEZ, RUA;14;CAMBUCI;1;0
D061301689;3509;BELMIRA MARIN, AV DONA;;;1277;;20/06/2013 11:30;4;AT;101;4857; ; ;0;1;0;0;0;0;0;0;0;0;0;0;0;0;0;0;0;3509;BELMIRA MARIN, AV DONA;;;30;GRAJAU;1;0
D061300885;36061;LUIZ DUMONT VILLARES, AV;;;542;;20/06/2013 11:45;2;CO;9;3454;B; ;0;1;0;0;0;0;0;0;0;1;0;0;0;0;0;0;0;36061;LUIZ DUMONT VILLARES, AV;;;22;CIDADE ADEMAR;1;0
D061301073;44645;DIREITOS HUMANOS, AV;;;100;;20/06/2013 11:49;4;AT;38;6888; ; ;1;0;0;0;0;0;0;0;0;0;0;0;0;0;0;0;0;44645;DIREITOS HUMANOS, AV;;;8;BELEM;1;0
D061301771;8214;GREGORIO RAMALHO, RUA;;;12;;20/06/2013 12:45;2;QD;32;3492; ; ;0;0;1;0;0;0;0;0;0;0;0;0;0;0;0;0;0;8214;GREGORIO RAMALHO, RUA;;;36;ITAQUERA;1;0
D061301247;4128;CANGAIBA, AV;;;2604;;20/06/2013 13:00;2;QM;10;7003; ; ;0;1;0;0;0;0;0;0;0;0;0;0;0;0;0;0;0;4128;CANGAIBA, AV;;;18;CANGAIBA;1;0
D061300148;16358;PIRATININGA, RUA;16673;PRUDENTE DE MORAIS, RUA;0;;20/06/2013 13:53;4;AT;8;4917; ; ;1;0;0;0;0;0;0;0;0;0;0;0;0;0;0;0;0;16358;PIRATININGA, RUA;44633;TORQUATO NETO, RUA;10;BRAS;1;0
D061302064;4683;MARIA DO CAMBUCA, RUA STA;;;321;;20/06/2013 14:00;4;AT;70;3015; ; ;0;1;0;0;0;0;0;0;0;0;0;0;0;0;0;0;0;4683;MARIA DO CAMBUCA, RUA STA;;;78;SAPOPEMBA;1;0
D061301337;5425;COSTA BARROS, RUA;9034;IGUARA, RUA;0;;20/06/2013 14:00;2;CO;42;2211; ; ;1;1;0;0;0;0;0;0;0;0;0;0;0;0;0;0;0;5425;COSTA BARROS, RUA;9034;IGUARA, RUA;95;VILA PRUDENTE;1;0
D061301622;852;ALVARENGA, ES DO;;;999;;20/06/2013 14:05;2;CO;98;6786; ; ;0;1;1;0;0;0;0;0;0;0;0;0;0;0;0;0;0;852;ALVARENGA, ES DO;;;59;PEDREIRA;1;0
D061301592;79059;JULIO LOURENCO PINTO, RUA;;;288;;20/06/2013 14:35;2;CO;92;3872; ; ;1;1;0;0;0;0;0;0;0;0;0;0;0;0;0;0;0;79059;JULIO LOURENCO PINTO, RUA;;;32;IGUATEMI;1;0
D061300852;13014;MARGINAL DO RIO PINHEIROS, AV;;;90000;;20/06/2013 14:45;2;CO;93;2771; ; ;1;1;0;0;0;0;0;0;0;0;0;1;0;0;0;0;0;13014;MARGINAL DO RIO PINHEIROS, AV;;;40;JAGUARE;1;0
D061301461;4053;MARIO LOPES LEAO, AV;;;100;;20/06/2013 14:55;2;QM;11;7161; ; ;0;1;0;0;0;0;0;0;0;0;0;0;0;0;0;0;0;4053;MARIO LOPES LEAO, AV;;;72;SANTO AMARO;1;0
D061300079;15206;OTAVIO MENDES, RUA PROF;;;36;;20/06/2013 15:00;4;AT;4;4293; ; ;0;1;0;0;0;0;0;0;0;0;0;0;0;0;0;0;0;15206;OTAVIO MENDES, RUA PROF;;;17;CAMPO LIMPO;1;0
D061301033;15188;OTAVIANO ALVES DE LIMA, AV;;;2200;;20/06/2013 15:50;2;CO;28;6981; ; ;1;1;0;0;0;0;0;0;0;0;0;0;0;0;0;0;0;29772;MARGINAL DO RIO TIETE, AV;;;23;CIDADE DUTRA;1;0
D061300551;2287;ARNOLFO AZEVEDO, AV;;;210;;20/06/2013 16:00;2;CO;23;3534; ; ;1;1;0;0;0;0;0;0;0;0;0;0;0;0;0;0;0;2287;ARNOLFO AZEVEDO, AV;;;26;CONSOLACAO;2;0
D061300618;3020;BEGONIAS, RUA DAS;;;0;NADA CONSTA ;20/06/2013 16:30;2;CO;34;3682; ; ;1;1;0;0;0;0;0;0;0;0;0;0;0;0;0;0;0;3020;BEGONIAS, RUA DAS;;;55;MORUMBI;1;0
D061301285;44742;BERNARDINO BRITO FONSECA DE CA, AV;;;100;;20/06/2013 16:49;4;AT;21;7014; ; ;0;1;0;0;0;0;0;0;0;0;0;0;0;0;0;0;0;44742;BERNARDINO BRITO FONSECA DE CA, AV;;;93;VILA MATILDE;1;0
D061301746;11542;NORDESTINA, AV;;;2370;;20/06/2013 16:50;2;CO;22;5186; ; ;2;0;0;0;0;0;0;0;1;0;0;0;0;0;0;0;0;11542;NORDESTINA, AV;;;76;SAO MIGUEL;2;0
D061301540;12403;M'BOI MIRIM, ES;;;3300;;20/06/2013 17:00;2;SI;47;8230; ; ;0;0;0;0;0;0;0;0;0;0;0;0;0;0;0;1;0;12403;M'BOI MIRIM, ES;;;42;JARDIM ANGELA;1;0
D061301470;10270;JOAO DIAS, AV;;;1332;;20/06/2013 17:20;2;CO;11;7420; ; ;0;2;0;0;0;0;0;0;0;0;0;0;0;0;0;0;0;10270;JOAO DIAS, AV;;;72;SANTO AMARO;1;0
D061301153;3771;INAJAR DE SOUZA, AV;;;6000;;20/06/2013 17:30;4;AT;72;900076; ; ;1;0;0;0;0;0;0;0;0;0;0;0;0;0;0;0;0;3771;INAJAR DE SOUZA, AV;;;50;LIMAO;1;0
D061300080;1497;ANTONIA DE QUEIROS, RUA DONA;5245;CONSOLACAO, RUA DA;0;;20/06/2013 17:40;2;CO;4;4296; ; ;1;1;0;0;0;0;0;0;0;0;0;0;0;0;0;0;0;1497;ANTONIA DE QUEIROS, RUA DONA;5245;CONSOLACAO, RUA DA;26;CONSOLACAO;1;0
D061301462;3516;MARIO VILAS BOAS RODRIGUES, AV DR;;;387;;20/06/2013 18:00;2;QM;11;7183; ; ;0;1;0;0;0;0;0;0;0;0;0;0;0;0;0;0;0;3516;MARIO VILAS BOAS RODRIGUES, AV DR;;;72;SANTO AMARO;2;0
D061301824;14094;MOGI DAS CRUZES, ES DE;;;505;;20/06/2013 18:15;2;CO;62;6731;C; ;1;1;0;0;0;0;0;0;0;0;0;0;0;0;0;0;0;14094;MOGI DAS CRUZES, ES DE;;;65;PONTE RASA;1;0
D061300637;21674;JORGE JOAO SAAD, AV;;;500;;20/06/2013 18:18;4;AT;34;5576;C; ;0;1;0;0;0;0;0;0;0;0;0;0;0;0;0;0;0;21674;JORGE JOAO SAAD, AV;;;13;CACHOEIRINHA;1;0
D061300989;11999;LARIVAL GEA SANCHES, RUA;;;100;;20/06/2013 18:20;2;CO;20;5834; ; ;1;1;0;0;0;0;0;0;0;0;0;0;0;0;0;0;0;11999;LARIVAL GEA SANCHES, RUA;;;51;MANDAQUI;1;0
D061300819;31981;PEDRO GOMES DA COSTA, RUA;;;89;;20/06/2013 18:30;4;AT;89;5577; ; ;0;0;0;0;0;0;0;0;0;0;0;0;0;0;0;1;0;31981;PEDRO GOMES DA COSTA, RUA;;;29;FREGUESIA DO O;1;0
D061301718;8368;GUARAPIRANGA, AV;;;0;NADA CONSTA ;20/06/2013 18:40;2;CO;102;7185; ; ;0;1;1;0;0;0;0;0;0;0;0;0;0;0;0;0;0;8368;GUARAPIRANGA, AV;;;45;JARDIM SAO LUIS;1;0
D061302039;63243;FIGUEIRA DA INDIA, RUA;;;200;;20/06/2013 18:45;2;CO;66;4794; ; ;1;1;0;0;0;0;0;0;0;0;0;0;0;0;0;0;0;63243;FIGUEIRA DA INDIA, RUA;;;38;JACANA;1;0
D061301845;13881;MIGUEL, AV S;;;7900;;20/06/2013 18:50;2;CL;63;5187; ; ;0;1;0;0;0;0;0;0;0;0;0;1;0;0;0;0;0;13881;MIGUEL, AV S;;;65;PONTE RASA;2;0
D061301065;73658;ANTONIO DIAS DA SILVA, RUA;;;100;;20/06/2013 18:52;2;CO;38;5716; ; ;1;1;0;0;0;0;0;0;0;0;0;0;0;0;0;0;0;73658;ANTONIO DIAS DA SILVA, RUA;;;8;BELEM;1;0
D061302070;64598;CAROLINA MARIA DE JESUS, RUA;;;234;;20/06/2013 18:55;2;SI;70;6632; ; ;1;0;0;0;0;0;0;0;0;0;0;0;0;0;0;0;0;64598;CAROLINA MARIA DE JESUS, RUA;;;56;PARELHEIROS;1;0
D061300669;9529;ITAPECERICA, ES DE;;;45;;20/06/2013 19:20;2;CL;37;5569; ; ;1;1;0;0;0;0;0;0;0;0;0;0;0;0;0;0;0;9529;ITAPECERICA, ES DE;;;29;FREGUESIA DO O;1;0
D061301620;5606;CUPECE, AV;;;5644;;20/06/2013 19:20;2;CH;98;6593; ; ;0;1;0;0;0;0;0;0;0;0;0;0;0;0;0;0;0;5606;CUPECE, AV;;;22;CIDADE ADEMAR;2;0
D061301536;17772;SANT'ANNA, AV COMEN;;;639;;20/06/2013 19:29;2;CT;47;7679; ; ;0;2;0;0;0;0;0;0;0;0;0;0;0;0;0;0;0;17772;SANT'ANNA, AV COMEN;;;29;FREGUESIA DO O;1;0
D061300636;16337;ELISEU DE ALMEIDA, AV;5996;DOMINGOS BARBIERI, RUA;0;;20/06/2013 19:52;2;CO;34;5572; ; ;1;1;0;0;0;0;0;0;0;0;0;0;0;0;0;0;0;6204;EDMUNDO SCANNAPIECO, RUA;16337;ELISEU DE ALMEIDA, AV;12;BUTANTA;1;0
D061300591;21629;ELISIO CORDEIRO DE SIQUEIRA, AV;;;632;;20/06/2013 20:00;2;CO;33;5902; ; ;1;1;0;0;0;0;0;0;0;0;0;0;0;0;0;0;0;21629;ELISIO CORDEIRO DE SIQUEIRA, AV;;;31;GUAIANASES;1;0
D061300060;19017;TOBIAS, RUA BRIG;19932;WASHINGTON LUIS, RUA;0;;20/06/2013 20:00;2;CO;3;3772; ; ;1;1;0;0;0;0;0;0;0;0;0;0;0;0;0;0;0;19017;TOBIAS, RUA BRIG;19932;WASHINGTON LUIS, RUA;  ;;1;0
D061301066;21770;JOSE DE ALMEIDA BOTELHO, RUA GAL;;;264;;20/06/2013 20:15;2;CO;38;5719; ; ;1;0;0;0;1;0;0;0;0;0;0;0;0;0;0;0;0;21770;JOSE DE ALMEIDA BOTELHO, RUA GAL;;;8;BELEM;1;0
D061300592;1429;ANHANGUERA, VIA;;;1;;20/06/2013 20:30;2;QM;33;5937; ; ;0;1;0;0;0;0;0;0;0;0;0;0;0;0;0;0;0;1429;ANHANGUERA, VIA;;;73;SAO DOMINGOS;1;0
D061300501;8714;HENRIQUE SCHAUMANN, RUA;;;332;;20/06/2013 22:05;2;SI;14;6348; ; ;0;1;0;0;0;0;0;0;0;0;0;1;0;0;0;0;0;8714;HENRIQUE SCHAUMANN, RUA;;;63;PINHEIROS;1;0
D061300438;15800;DOMICIANO LEITE RIBEIRO, RUA;;;30;;20/06/2013 22:30;2;CO;97;5290; ; ;0;2;0;0;0;0;0;0;0;0;0;0;0;0;0;0;0;15800;DOMICIANO LEITE RIBEIRO, RUA;;;42;JARDIM ANGELA;1;0
D061300821;13014;MARGINAL DO RIO PINHEIROS, AV;;;16741;;20/06/2013 23:30;2;QM;89;5702;B; ;0;1;0;0;0;0;0;0;0;0;0;0;0;0;0;0;0;13014;MARGINAL DO RIO PINHEIROS, AV;;;40;JAGUARE;1;0
D061300638;12502;MAGALHAES DE CASTRO, AV;;;12000;;20/06/2013 23:30;2;CO;34;5582; ; ;1;0;0;1;0;0;0;0;0;0;0;0;0;0;0;0;0;13014;MARGINAL DO RIO PINHEIROS, AV;;;12;BUTANTA;1;0
D061300971;5626;CURUCA, RUA;;;844;;21/06/2013 01:38;2;CO;19;5845; ; ;1;0;0;0;0;0;0;0;0;0;0;1;0;0;0;0;0;5626;CURUCA, RUA;;;91;VILA MARIA;1;0
D061300670;99949;CARLOS CALDEIRA FILHO, AV;8000;GIOVANNI GRONCHI, AV;0;;21/06/2013 03:10;2;QM;37;5584; ; ;0;1;0;0;0;0;0;0;0;0;0;0;0;0;0;0;0;8000;GIOVANNI GRONCHI, AV;99949;CARLOS CALDEIRA FILHO, AV;85;VILA ANDRADE;1;0
D061301642;9220;INTERLAGOS, AV;;;4300;;21/06/2013 05:00;2;CT;99;4872; ; ;0;2;0;0;0;0;0;0;0;0;0;0;0;0;0;0;0;9220;INTERLAGOS, AV;;;16;CAMPO GRANDE;2;0
D061301080;11321;JULIO BUONO, AV;;;578;;21/06/2013 05:00;4;AT;39;2827; ; ;0;0;0;0;0;0;0;0;0;0;0;0;0;0;0;1;0;11321;JULIO BUONO, AV;;;94;VILA MEDEIROS;1;0
D061300769;16878;RAPOSO TAVARES, VIA;;;17000;;21/06/2013 05:20;2;CH;75;2826; ; ;0;0;1;0;0;0;0;0;0;0;0;0;0;0;0;0;0;16878;RAPOSO TAVARES, VIA;;;13;CACHOEIRINHA;1;0
D061300326;36098;AFFONSO D'ESCRAGNOLLE TAUNAY, AV;;;0;NADA CONSTA ;21/06/2013 05:30;2;SI;35;4996; ; ;0;1;0;0;0;0;0;0;0;0;0;1;0;0;0;0;0;36098;AFFONSO D'ESCRAGNOLLE TAUNAY, AV;;;24;CIDADE LIDER;1;0
D061300653;9529;ITAPECERICA, ES DE;;;4015;;21/06/2013 05:30;4;AT;37;4812; ; ;0;0;0;0;0;0;0;0;0;0;0;0;0;0;0;1;0;9529;ITAPECERICA, ES DE;;;29;FREGUESIA DO O;1;0
D061300357;19764;VINTE E TRES DE MAIO, AV;;;3159;;21/06/2013 06:03;2;CH;36;2664; ; ;1;0;0;0;0;0;0;0;0;0;0;0;0;0;0;0;0;19764;VINTE E TRES DE MAIO, AV;;;17;CAMPO LIMPO;1;0
D061300356;19764;VINTE E TRES DE MAIO, AV;;;0;FRENTE  - GINASIO IB;21/06/2013 06:13;2;CO;36;2663; ; ;1;2;0;0;0;0;0;0;0;0;0;0;0;0;0;0;0;19764;VINTE E TRES DE MAIO, AV;;;17;CAMPO LIMPO;1;0
D061301463;6238;NACOES UNIDAS, AV DAS;;;15187;;21/06/2013 06:19;2;SI;11;7197; ; ;1;1;0;0;0;0;0;0;0;0;0;0;0;0;0;0;0;13014;MARGINAL DO RIO PINHEIROS, AV;;;90;VILA LEOPOLDINA;1;0
D061300761;16878;RAPOSO TAVARES, VIA;;;19750;;21/06/2013 06:23;2;CO;75;2115; ; ;1;1;0;0;0;0;0;0;0;0;0;0;0;0;0;0;0;16878;RAPOSO TAVARES, VIA;;;13;CACHOEIRINHA;1;0
D061300379;29772;MARGINAL DO RIO TIETE, AV;;;0;NADA CONSTA ;21/06/2013 06:45;2;QM;83;5576; ; ;0;1;0;0;0;0;0;0;0;0;0;0;0;0;0;0;0;29772;MARGINAL DO RIO TIETE, AV;;;13;CACHOEIRINHA;1;0
D061301772;98912;JOSE PINHEIRO BORGES, AV;;;0;PROXIMO  -  BENTO;21/06/2013 07:00;2;CO;32;3500; ; ;2;0;0;0;0;0;0;0;0;0;0;1;0;0;0;0;0;98912;JOSE PINHEIRO BORGES, AV;;;36;ITAQUERA;1;0