id_acidente;codloga;logradouroA;codlogb;logradouroB;alt_num;referencia;data;cod_acid;tipo_acidente;dp;numero_BO;sentido;pista;automovel;moto;onibus;caminhao;bicicleta;moto_taxi;onibus_fretado;onibus_urbano;microonibus;van;vuc;caminhonete;carreta;jipe;outros;sem_informacao;carroca;princ_a;paiA;princ_b;paiB;cod_distrito;distrito;vit_ferida;vit_morta
D061301223;10471;JOAO SIMAO DE CASTRO, AV;;;450;;21/06/2013 07:00;2;QM;90;2564; ; ;0;1;0;0;0;0;0;0;0;0;0;0;0;0;0;0;0;10471;JOAO SIMAO DE CASTRO, AV;;;94;VILA MEDEIROS;1;0
D061300328;36098;AFFONSO D'ESCRAGNOLLE TAUNAY, AV;;;100;;21/06/2013 07:30;2;SI;35;5009; ; ;0;1;0;0;0;0;0;0;0;0;0;1;0;0;0;0;0;36098;AFFONSO D'ESCRAGNOLLE TAUNAY, AV;;;24;CIDADE LIDER;1;0
D061300327;2235;ARMANDO DE ARRUDA PEREIRA, AV ENG;;;1900;;21/06/2013 07:30;4;AT;35;5005; ; ;0;1;0;0;0;0;0;0;0;0;0;0;0;0;0;0;0;2235;ARMANDO DE ARRUDA PEREIRA, AV ENG;;;37;JABAQUARA;1;0
D061301706;12751;OLIVIA GUEDES PENTEADO, RUA;6111;DUARTE COELHO, RUA;0;;21/06/2013 07:50;2;CO;102;1753; ; ;1;1;0;0;0;0;0;0;0;0;0;0;0;0;0;0;0;6111;DUARTE COELHO, RUA;12751;OLIVIA GUEDES PENTEADO, RUA;81;SOCORRO;1;0
D061300306;10918;JOSE DINIZ, AV VER;;;3000;;21/06/2013 08:06;4;AT;27;6571; ; ;0;1;0;0;0;0;0;0;0;0;0;0;0;0;0;0;0;10918;JOSE DINIZ, AV VER;;;15;CAMPO BELO;1;0
D061301179;19711;ABILIO PEDRO RAMOS, RUA;;;0;NADA CONSTA ;21/06/2013 08:30;2;CH;73;6685; ; ;0;0;0;1;1;0;0;0;0;0;0;0;0;0;0;0;0;19711;ABILIO PEDRO RAMOS, RUA;;;22;CIDADE ADEMAR;1;0
D061300431;24491;IMIGRANTES, VIA DOS;;;15000;;21/06/2013 08:35;2;CL;97;1698; ; ;0;2;0;0;0;0;0;0;0;0;0;0;0;0;0;0;0;24491;IMIGRANTES, VIA DOS;;;  ;;2;0
D061301992;13294;MARIA LUIZA AMERICANO, AV;;;1559;;21/06/2013 08:50;4;AT;53;900075; ; ;1;0;0;0;0;0;0;0;0;0;0;0;0;0;0;0;0;13294;MARIA LUIZA AMERICANO, AV;;;58;PARQUE DO CARMO;1;0
D061301338;24338;LUIZ IGNACIO ANHAIA MELLO, AV PROF;;;5311;;21/06/2013 09:00;4;AT;42;2216; ; ;1;1;0;0;0;0;0;0;0;0;0;0;0;0;0;0;0;24338;LUIZ IGNACIO ANHAIA MELLO, AV PROF;;;26;CONSOLACAO;1;0
D061301538;9529;ITAPECERICA, ES DE;;;5000;;21/06/2013 09:26;2;CO;47;7706; ; ;0;1;0;0;0;0;0;0;0;0;0;1;0;0;0;0;0;9529;ITAPECERICA, ES DE;;;29;FREGUESIA DO O;1;0
D061300729;16878;RAPOSO TAVARES, VIA;;;11200;;21/06/2013 09:30;2;QM;51;2786; ; ;0;1;0;0;0;0;0;0;0;0;0;0;0;0;0;0;0;16878;RAPOSO TAVARES, VIA;;;13;CACHOEIRINHA;2;0
D061300690;68226;MANUEL JOAQUIM DE GOIS, RUA;;;65;;21/06/2013 09:30;2;CO;46;2832; ; ;1;1;0;0;0;0;0;0;0;0;0;0;0;0;0;0;0;68226;MANUEL JOAQUIM DE GOIS, RUA;;;31;GUAIANASES;2;0
D061300244;17755;CRUZ, RUA STA;10567;JOAQUIM LIBANIO, RUA DEP;0;;21/06/2013 09:30;2;CO;16;8497; ; ;0;1;0;0;0;0;0;0;0;0;0;1;0;0;0;0;0;10567;JOAQUIM LIBANIO, RUA DEP;17755;CRUZ, RUA STA;92;VILA MARIANA;1;0
D061300364;15124;OSCAR PORTO, RUA CEL;16810;RAFAEL DE BARROS, RUA DR;0;;21/06/2013 09:38;2;CO;36;5432; ; ;1;1;0;0;0;0;0;0;0;0;0;0;0;0;0;0;0;15124;OSCAR PORTO, RUA CEL;16810;RAFAEL DE BARROS, RUA DR;92;VILA MARIANA;1;0
D061302050;59048;RIACHO DOS MACHADOS, AV;;;189;;21/06/2013 09:40;2;QV;69;6654; ; ;1;0;0;0;0;0;0;0;0;0;0;0;0;0;0;0;0;59048;RIACHO DOS MACHADOS, AV;;;56;PARELHEIROS;1;0
D061301297;7645;FRONTIN, AV CD DE;;;0;NADA CONSTA ;21/06/2013 09:40;2;CO;30;2092; ; ;0;1;0;0;0;0;0;0;0;1;0;0;0;0;0;0;0;7645;FRONTIN, AV CD DE;;;93;VILA MATILDE;1;0
D061301624;5606;CUPECE, AV;;;5300;;21/06/2013 10:00;2;CO;98;6918; ; ;0;1;0;0;0;0;0;0;0;0;0;1;0;0;0;0;0;5606;CUPECE, AV;;;22;CIDADE ADEMAR;1;0
D061301384;7990;GILIAS, RUA DAS;2729;BAIA GRANDE, RUA;0;;21/06/2013 10:15;2;TB;56;4192; ; ;0;0;0;1;0;0;0;0;0;0;0;0;0;0;0;0;0;2729;BAIA GRANDE, RUA;7990;GILIAS, RUA DAS;95;VILA PRUDENTE;2;0
D061301637;14743;SABARA, AV NSRA DO;17360;ALBERTO DE ZAGOTTIS, AV ENG;0;;21/06/2013 10:20;2;CO;99;2597; ; ;1;1;0;0;0;0;0;0;0;0;0;0;0;0;0;0;0;14743;SABARA, AV NSRA DO;17360;ALBERTO DE ZAGOTTIS, AV ENG;  ;;1;0
D061300001;16075;PEREIRA BARRETO, RUA;;;0;PROXIMO  -  SHOPPING;21/06/2013 11:20;2;CO;1;2417; ; ;1;1;0;0;0;0;0;0;0;0;0;0;0;0;0;0;0;16075;PEREIRA BARRETO, RUA;;;29;FREGUESIA DO O;1;0
D061301360;13115;MARIA, RUA STA;;;419;;21/06/2013 11:30;2;CO;52;1895; ; ;1;0;0;0;1;0;0;0;0;0;0;0;0;0;0;0;0;13115;MARIA, RUA STA;;;82;TATUAPE;1;0
D061300329;69575;LUIZ GOMES DE SAO TIAGO, RUA;;;57;;21/06/2013 12:00;4;AT;35;5025; ; ;0;1;0;0;0;0;0;0;0;0;0;0;0;0;0;0;0;69575;LUIZ GOMES DE SAO TIAGO, RUA;;;42;JARDIM ANGELA;1;0
D061300028;19745;VINTE E CINCO DE MARCO, RUA;;;100;;21/06/2013 12:01;4;AT;1;5041; ; ;0;0;0;0;0;0;0;0;0;0;0;0;0;0;0;1;0;19745;VINTE E CINCO DE MARCO, RUA;;;80;SE;1;0
D061300691;18262;SILVIO DE CAMPOS, AV DR;;;420;;21/06/2013 12:20;4;AT;46;2837; ; ;0;1;0;0;0;0;0;0;0;0;0;0;0;0;0;0;0;18262;SILVIO DE CAMPOS, AV DR;;;  ;;1;0
D061300762;16878;RAPOSO TAVARES, VIA;;;17500;;21/06/2013 12:35;2;CO;75;2133; ; ;1;0;0;0;0;0;0;1;0;0;0;0;0;0;0;0;0;16878;RAPOSO TAVARES, VIA;;;13;CACHOEIRINHA;1;0
D061301018;36284;PETRONIO PORTELA, AV MIN;;;824;;21/06/2013 12:40;2;CO;28;3308;B; ;2;0;0;0;0;0;0;0;0;0;0;0;0;0;0;0;0;36284;PETRONIO PORTELA, AV MIN;;;4;ARICANDUVA;1;0
D061300502;16919;REBOUCAS, AV;;;990;;21/06/2013 12:50;2;CL;14;6358; ; ;1;1;0;0;0;0;0;0;0;0;0;0;0;0;0;0;0;16919;REBOUCAS, AV;;;44;JARDIM PAULISTA;1;0
D061301638;14743;SABARA, AV NSRA DO;9220;INTERLAGOS, AV;0;;21/06/2013 13:03;2;CO;99;2600; ; ;0;1;0;1;0;0;0;0;0;0;0;0;0;0;0;0;0;9220;INTERLAGOS, AV;14743;SABARA, AV NSRA DO;16;CAMPO GRANDE;1;0
D061301218;67539;SALVADOR RODRIGUES PRADO, RUA;;;0;PROXIMO  - JOSE LEITE;21/06/2013 13:10;2;SI;90;2506; ; ;0;1;0;1;0;0;0;0;0;0;0;0;0;0;0;1;0;67539;SALVADOR RODRIGUES PRADO, RUA;;;36;ITAQUERA;1;0
D061301219;4573;CASTRO JUNIOR, AV PROF;;;248;;21/06/2013 13:26;4;AT;90;2509; ; ;1;0;0;0;0;0;0;0;0;0;0;0;0;0;0;0;0;4573;CASTRO JUNIOR, AV PROF;;;94;VILA MEDEIROS;1;0
D061301291;5988;DOMINGOS AFONSO, RUA;;;375;;21/06/2013 13:30;2;QM;29;1572; ; ;0;1;0;0;0;0;0;0;0;0;0;0;0;0;0;0;0;5988;DOMINGOS AFONSO, RUA;;;1;AGUA RASA;1;0
D061301966;16173;PESSEGO, ES DO;36386;SUGAYA, RUA AGRIM;0;;21/06/2013 13:30;2;QD;53;2456; ; ;0;0;1;0;0;0;0;0;0;0;0;0;0;0;0;0;0;16173;PESSEGO, ES DO;46936;JACU-PESSEGO/NOVA TRABALHADORE, AV;58;PARQUE DO CARMO;2;0
D061301361;1776;ANTONIO MACEDO, RUA;4597;CATARINA, RUA STA;0;;21/06/2013 13:40;2;CO;52;1901; ; ;0;1;0;0;0;0;0;0;0;1;0;0;0;0;0;0;0;1776;ANTONIO MACEDO, RUA;4597;CATARINA, RUA STA;82;TATUAPE;1;0
D061301248;13918;MIGUEL GARCIA, RUA;4128;CANGAIBA, AV;0;;21/06/2013 14:26;4;AT;10;7078; ; ;1;0;0;0;0;0;0;0;0;0;0;0;0;0;0;0;0;4128;CANGAIBA, AV;13918;MIGUEL GARCIA, RUA;18;CANGAIBA;1;0
D061300887;5204;CONCEICAO (ES.), AV;;;97;;21/06/2013 15:20;2;CT;9;3481; ; ;1;1;0;1;0;0;0;0;0;0;0;0;0;0;0;0;0;5204;CONCEICAO (ES.), AV;;;88;VILA GUILHERME;1;0
D061301271;8261;WALDEMAR CARLOS PEREIRA, AV;;;440;;21/06/2013 15:30;4;AT;21;2097; ; ;1;0;0;0;0;0;0;0;0;0;0;0;0;0;0;0;0;8261;WALDEMAR CARLOS PEREIRA, AV;;;93;VILA MATILDE;1;0
D061301690;15507;TEOTONIO VILELA, AV SEN;;;3161;;21/06/2013 15:30;2;CH;101;4892; ; ;0;1;0;0;0;0;0;0;0;0;0;0;0;0;0;0;0;15507;TEOTONIO VILELA, AV SEN;;;23;CIDADE DUTRA;1;0
D061300524;12326;JUSCELINO KUBITSCHEK, AV PRES;;;1200;;21/06/2013 16:20;2;CO;15;3087; ; ;1;1;0;0;0;0;0;0;0;0;0;0;0;0;0;0;0;12326;JUSCELINO KUBITSCHEK, AV PRES;;;34;ITAIM BIBI;1;0
D061300221;4526;CASA BRANCA, AL;;;1177;;21/06/2013 17:00;4;AT;78;5450; ; ;0;1;0;0;0;0;0;0;0;0;0;0;0;0;0;0;0;4526;CASA BRANCA, AL;;;44;JARDIM PAULISTA;1;0
D061302051;44674;MARA ROSA, RUA;;;0;PROXIMO  - PEDRO NUNE;21/06/2013 17:10;2;CO;69;6675; ; ;2;0;0;0;0;0;0;0;0;0;0;0;0;0;0;0;0;44674;MARA ROSA, RUA;;;78;SAPOPEMBA;1;0
D061300449;3973;CAMILO, RUA;;;287;;21/06/2013 17:30;4;AT;7;3805; ; ;0;0;0;0;0;0;0;0;0;0;0;1;0;0;0;0;0;3973;CAMILO, RUA;;;48;LAPA;1;0
D061301387;17595;SAQUAREMA, RUA;5836;DIANOPOLIS, RUA;0;;21/06/2013 17:40;4;AT;56;4290; ; ;0;0;0;0;0;0;0;0;0;0;0;1;0;0;0;0;0;5836;DIANOPOLIS, RUA;17595;SAQUAREMA, RUA;95;VILA PRUDENTE;1;0
D061301565;20048;YERVANT KISSAJIKIAN, AV;;;3016;;21/06/2013 18:00;4;AT;80;6632; ; ;0;1;0;0;0;0;0;0;0;0;0;0;0;0;0;0;0;20048;YERVANT KISSAJIKIAN, AV;;;29;FREGUESIA DO O;2;0
D061301068;45347;PALMAS DE SAO MOISES, RUA;4747;FORTE DE SAO CAETANO, RUA;0;;21/06/2013 18:20;2;CO;38;5756; ; ;1;0;1;0;0;0;0;0;0;0;0;0;0;0;0;0;0;4747;FORTE DE SAO CAETANO, RUA;45347;PALMAS DE SAO MOISES, RUA;13;CACHOEIRINHA;1;0
D061301913;2878;BARREIRA GRANDE, AV DA;;;168;;21/06/2013 18:23;4;AT;41;6673; ; ;0;1;0;0;0;0;0;0;0;0;0;0;0;0;0;0;0;2878;BARREIRA GRANDE, AV DA;;;78;SAPOPEMBA;2;0
D061300639;14267;MORUMBI, AV;;;600;;21/06/2013 18:28;2;CL;34;5597; ; ;1;1;0;0;0;0;0;0;0;0;0;0;0;0;0;0;0;14267;MORUMBI, AV;;;55;MORUMBI;1;0
D061301146;16051;PENHA BRASIL, AV GAL;;;1500;;21/06/2013 18:35;2;CO;72;5750; ; ;1;1;0;0;0;0;0;0;0;0;0;0;0;0;0;0;0;16051;PENHA BRASIL, AV GAL;;;48;LAPA;2;0
D061300997;18151;SEZEFREDO FAGUNDES, AV CEL;;;1690;;21/06/2013 18:40;2;CO;20;6048; ; ;1;1;0;0;0;0;0;0;0;0;0;0;0;0;0;0;0;18151;SEZEFREDO FAGUNDES, AV CEL;;;22;CIDADE ADEMAR;2;0
D061300749;12502;MAGALHAES DE CASTRO, AV;;;0;NADA CONSTA ;21/06/2013 18:40;2;SI;51;6380; ; ;0;1;0;0;0;0;0;0;0;0;0;0;0;0;0;1;0;13014;MARGINAL DO RIO PINHEIROS, AV;;;12;BUTANTA;1;0
D061300990;18151;SEZEFREDO FAGUNDES, AV CEL;;;19032;;21/06/2013 19:12;2;CH;20;5873; ; ;0;0;0;0;0;0;0;0;0;0;0;1;0;0;0;0;0;18151;SEZEFREDO FAGUNDES, AV CEL;;;22;CIDADE ADEMAR;1;0
D061301779;9278;CRUZ DO PIAUI, RUA STA;9580;ITAQUERA, AV;0;;21/06/2013 19:20;2;CF;32;5220; ; ;0;1;0;0;0;0;0;0;0;0;0;1;0;0;0;0;0;9278;CRUZ DO PIAUI, RUA STA;9580;ITAQUERA, AV;36;ITAQUERA;1;0
D061300421;14944;OLIMPIADAS, RUA;;;100;;21/06/2013 19:23;4;AT;96;6591; ; ;1;0;0;0;0;0;0;0;0;0;0;0;0;0;0;0;0;14944;OLIMPIADAS, RUA;;;28;ERMELINO MATARA;1;0
D061300380;37702;ADOLFO REILE, RUA;;;65;;21/06/2013 19:29;2;CT;83;5605; ; ;1;1;0;0;0;0;0;0;0;0;0;0;0;0;0;0;0;37702;ADOLFO REILE, RUA;;;21;CASA VERDE;1;0
D061300036;10376;JOAO MENDES, PCA DR;;;0;NADA CONSTA ;21/06/2013 20:00;2;CL;1;5452; ; ;0;2;0;0;0;0;0;0;0;0;0;0;0;0;0;0;0;10376;JOAO MENDES, PCA DR;;;80;SE;1;0
D061301113;60871;CARLOS PORTO CARREIRO, RUA;;;472;;21/06/2013 20:30;4;AT;40;6956; ; ;0;0;0;1;0;0;0;0;0;0;0;0;0;0;0;0;0;60871;CARLOS PORTO CARREIRO, RUA;;;0;NULL;1;0
D061301621;35723;TOMMASO GIORDANI, RUA;;;306;;21/06/2013 21:40;2;CO;98;6639; ; ;1;1;0;0;0;0;0;0;0;0;0;0;0;0;0;0;0;35723;TOMMASO GIORDANI, RUA;;;59;PEDREIRA;1;0
D061300280;5959;DIVINOPOLIS, RUA;;;540;;21/06/2013 22:57;2;CO;26;5614; ; ;3;0;0;0;0;0;0;0;0;0;0;0;0;0;0;0;0;5959;DIVINOPOLIS, RUA;;;27;CURSINO;1;0
D061302126;17824;SAPOPEMBA, AV;;;27000;;21/06/2013 23:10;4;AT;49;8687; ; ;1;0;0;0;0;0;0;0;0;0;0;0;0;0;0;0;0;17824;SAPOPEMBA, AV;;;33;IPIRANGA;0;1
D061300026;6642;ESTADO, AV DO;;;1200;;21/06/2013 23:15;2;QM;1;4944; ; ;0;1;0;0;0;0;0;0;0;0;0;0;0;0;0;0;0;6642;ESTADO, AV DO;;;9;BOM RETIRO;1;0
D061302128;74573;CARDOSO DE ABREU, RUA;64700;CRISTOVAO MENDES, RUA;0;;22/06/2013 00:25;4;AT;53;4486; ; ;0;0;1;0;0;0;0;0;0;0;0;0;0;0;0;0;0;64700;CRISTOVAO MENDES, RUA;74573;CARDOSO DE ABREU, RUA;3;ANHANGUERA;0;1
D061301067;64137;FRANCISCO MACHADO DA SILVA, AV;;;1;;22/06/2013 00:35;2;CO;38;5739; ; ;0;1;1;0;0;0;0;0;0;0;0;0;0;0;0;0;0;64137;FRANCISCO MACHADO DA SILVA, AV;;;13;CACHOEIRINHA;1;0
D061301655;9220;INTERLAGOS, AV;6810;EUSEBIO STEVAUX, AV ENG;0;;22/06/2013 01:00;2;CO;99;7240; ; ;1;1;0;0;0;0;0;0;0;0;0;0;0;0;0;0;0;6810;EUSEBIO STEVAUX, AV ENG;9220;INTERLAGOS, AV;16;CAMPO GRANDE;1;0
D061300750;19817;VITAL BRASIL, AV;855;ALVARENGA, RUA;0;;22/06/2013 01:20;2;CH;51;6391; ; ;1;0;0;0;0;0;0;0;0;0;0;0;0;0;0;0;0;855;ALVARENGA, RUA;19817;VITAL BRASIL, AV;12;BUTANTA;2;0
D061300991;14767;NOVA CANTAREIRA, AV;;;610;;22/06/2013 02:00;2;QM;20;5880;C; ;0;1;0;0;0;0;0;0;0;0;0;0;0;0;0;0;0;14767;NOVA CANTAREIRA, AV;;;83;TREMEMBE;2;0
D061300778;16878;RAPOSO TAVARES, VIA;;;16400;;22/06/2013 02:00;2;CP;75;5610; ; ;1;0;0;0;0;0;0;0;0;0;0;0;0;0;0;0;0;16878;RAPOSO TAVARES, VIA;;;13;CACHOEIRINHA;3;0
D061301517;34128;JOAO DE LUCA, AV VER;;;1721;;22/06/2013 02:00;2;CT;43;6640;C; ;1;0;0;0;0;0;0;0;0;0;0;1;0;0;0;0;0;34128;JOAO DE LUCA, AV VER;;;42;JARDIM ANGELA;3;0
D061302156;15507;TEOTONIO VILELA, AV SEN;2483;ATLANTICA ANT. ROBERT KENNEDY, AV;0;;22/06/2013 02:23;2;CL;48;4907;C; ;2;0;0;0;0;0;0;0;0;0;0;0;0;0;0;0;0;2483;ATLANTICA ANT. ROBERT KENNEDY, AV;15507;TEOTONIO VILELA, AV SEN;23;CIDADE DUTRA;0;1
D061301180;61021;ANTONIO NASCENTES, RUA;;;57;;22/06/2013 02:50;2;CH;73;6716; ; ;2;0;0;0;0;0;0;0;0;0;0;0;0;0;0;0;0;61021;ANTONIO NASCENTES, RUA;;;38;JACANA;1;0
D061300671;34682;CAMPO LIMPO, ES DO;16339;CARLOS LACERDA, AV;0;;22/06/2013 04:30;4;AT;37;5618; ; ;0;0;0;0;0;0;0;0;0;0;0;1;0;0;0;0;0;16339;CARLOS LACERDA, AV;34682;CAMPO LIMPO, ES DO;17;CAMPO LIMPO;1;0
D061301518;34128;JOAO DE LUCA, AV VER;;;0;NADA CONSTA ;22/06/2013 05:02;2;CT;43;6653;B; ;0;1;0;0;0;0;0;1;0;0;0;0;0;0;0;0;0;34128;JOAO DE LUCA, AV VER;;;42;JARDIM ANGELA;1;0
D061302152;16053;JOSE BARROS MAGALDI, RUA;;;867;;22/06/2013 06:00;2;CO;47;7746; ; ;1;1;0;0;0;0;0;0;0;0;0;0;0;0;0;0;0;16053;JOSE BARROS MAGALDI, RUA;;;32;IGUATEMI;2;3
D061301980;36318;OSVALDO PUCCI, AV;29409;BALTASAR SALDONI, RUA;0;;22/06/2013 06:00;2;CH;53;4489; ; ;1;0;0;0;0;0;0;0;0;0;0;0;0;0;0;0;0;29409;BALTASAR SALDONI, RUA;36318;OSVALDO PUCCI, AV;58;PARQUE DO CARMO;3;0
D061301595;78222;AURELIO DUARTE DE OLIVEIRA, RUA;;;17;;22/06/2013 06:15;4;AT;92;3994; ; ;1;0;0;0;0;0;0;0;0;0;0;0;0;0;0;0;0;78222;AURELIO DUARTE DE OLIVEIRA, RUA;;;29;FREGUESIA DO O;1;0
D061302071;17824;SAPOPEMBA, AV;;;7374;;22/06/2013 06:30;2;CO;70;6685; ; ;1;1;0;0;0;0;0;0;0;0;0;0;0;0;0;0;0;17824;SAPOPEMBA, AV;;;33;IPIRANGA;1;0
D061301519;34128;JOAO DE LUCA, AV VER;3234;BENTO IBANEZ, RUA PDE;0;;22/06/2013 07:36;2;CT;43;6668; ; ;0;2;0;0;0;0;0;0;0;0;0;0;0;0;0;0;0;3234;BENTO IBANEZ, RUA PDE;34128;JOAO DE LUCA, AV VER;22;CIDADE ADEMAR;1;0
D061301464;19931;WASHINGTON LUIS, AV;;;3010;;22/06/2013 07:55;2;CT;11;7256; ; ;1;1;0;0;0;0;0;0;0;0;0;0;0;0;0;0;0;19931;WASHINGTON LUIS, AV;;;30;GRAJAU;1;0
D061300848;6238;NACOES UNIDAS, AV DAS;;;1230;;22/06/2013 08:00;2;CO;91;4675; ; ;2;0;0;0;0;0;0;0;0;0;0;0;0;0;0;1;0;13014;MARGINAL DO RIO PINHEIROS, AV;;;90;VILA LEOPOLDINA;1;0
D061300903;3792;CACHOEIRA DO ARARI, RUA;;;126;;22/06/2013 08:00;2;CH;9;5886; ; ;1;0;0;0;0;0;0;0;0;0;0;0;0;0;0;0;0;3792;CACHOEIRA DO ARARI, RUA;;;88;VILA GUILHERME;2;0
D061301609;8368;GUARAPIRANGA, AV;;;1200;;22/06/2013 08:04;4;AT;92;7743; ; ;0;1;0;0;0;0;0;0;0;0;0;0;0;0;0;0;0;8368;GUARAPIRANGA, AV;;;45;JARDIM SAO LUIS;1;0
D061300281;6925;FAWCETT, RUA CEL;17579;EDUARDO FERREIRA FRANCA, RUA;0;;22/06/2013 08:10;2;CO;26;5646; ; ;0;1;0;0;0;0;0;0;0;0;0;0;0;0;0;0;0;6925;FAWCETT, RUA CEL;17579;EDUARDO FERREIRA FRANCA, RUA;27;CURSINO;1;0
D061301493;33015;SADAMU INOUE, AV;;;8400;;22/06/2013 08:22;2;CH;25;4909; ; ;1;0;0;0;0;0;0;0;0;0;0;0;0;0;0;0;0;33015;SADAMU INOUE, AV;;;76;SAO MIGUEL;2;0
D061301286;7645;FRONTIN, AV CD DE;;;0;PROXIMO  - VD VILA MA;22/06/2013 08:35;2;CT;21;7087; ; ;0;1;0;0;0;0;0;1;0;0;0;0;0;0;0;0;0;7645;FRONTIN, AV CD DE;;;93;VILA MATILDE;1;0
D061301539;99716;UNIAO DOS MOVIMENTOS, RUA;;;85;;22/06/2013 08:46;2;CH;47;7705; ; ;0;0;0;1;0;0;0;0;0;0;0;0;0;0;0;0;0;99716;UNIAO DOS MOVIMENTOS, RUA;;;29;FREGUESIA DO O;2;0
D061301352;17824;SAPOPEMBA, AV;;;6367;;22/06/2013 09:29;2;QD;42;4215; ; ;0;0;1;0;0;0;0;0;0;0;0;0;0;0;0;0;0;17824;SAPOPEMBA, AV;;;33;IPIRANGA;1;0
D061300992;351;AGUA FRIA, AV;;;393;;22/06/2013 10:00;2;QM;20;5892; ; ;0;1;0;0;0;0;0;0;0;0;0;0;0;0;0;0;0;351;AGUA FRIA, AV;;;71;SANTANA;1;0
D061301914;2878;BARREIRA GRANDE, AV DA;;;1379;;22/06/2013 10:30;2;CO;41;6712; ; ;1;1;0;0;0;0;0;0;0;0;0;0;0;0;0;0;0;2878;BARREIRA GRANDE, AV DA;;;78;SAPOPEMBA;1;0
D061300567;5565;CRUZEIRO, RUA;17054;RIBEIRO DE ALMEIDA, RUA DR;0;;22/06/2013 11:00;4;AT;23;5962; ; ;0;0;0;0;0;0;0;0;0;0;0;1;0;0;0;0;0;5565;CRUZEIRO, RUA;17054;RIBEIRO DE ALMEIDA, RUA DR;70;SANTA CECILIA;1;0
D061300311;19100;BANDEIRANTES, AV DOS;10678;JORGE FALEIROS, RUA;0;;22/06/2013 11:30;2;CO;27;6826; ; ;1;1;0;0;0;0;0;0;0;0;0;0;0;0;0;0;0;10678;JORGE FALEIROS, RUA;19100;BANDEIRANTES, AV DOS;63;PINHEIROS;1;0
D061301147;15425;CANTIDIO SAMPAIO, AV DEP;3771;INAJAR DE SOUZA, AV;0;;22/06/2013 11:45;2;CO;72;5777; ; ;1;1;0;0;0;0;0;0;0;0;0;0;0;0;0;0;0;3771;INAJAR DE SOUZA, AV;15425;CANTIDIO SAMPAIO, AV DEP;13;CACHOEIRINHA;1;0
D061301095;13768;MAZZINI, RUA;;;1433;;22/06/2013 12:00;2;CO;39;6731; ; ;1;1;0;0;0;0;0;0;0;0;0;0;0;0;0;0;0;13768;MAZZINI, RUA;;;49;LIBERDADE;1;0
D061302072;24338;LUIZ IGNACIO ANHAIA MELLO, AV PROF;;;0;NADA CONSTA ;22/06/2013 12:15;2;CO;70;6711; ; ;0;1;0;0;0;0;0;0;0;0;0;1;0;0;0;0;0;24338;LUIZ IGNACIO ANHAIA MELLO, AV PROF;;;26;CONSOLACAO;1;0
D061301249;43777;CARVALHO PINTO, AV GOV;8045;GODOI, RUA SEN;0;;22/06/2013 12:29;2;CT;10;7096; ; ;1;1;0;0;0;0;0;0;0;0;0;0;0;0;0;0;0;8045;GODOI, RUA SEN;43777;CARVALHO PINTO, AV GOV;60;PENHA;1;0
D061300711;46890;ALEXIOS JAFET (ESTR.CAMPINAS), AV;;;1400;;22/06/2013 12:36;4;AT;46;5979; ; ;0;1;0;0;0;0;0;0;0;0;0;0;0;0;0;0;0;46890;ALEXIOS JAFET (ESTR.CAMPINAS), AV;;;41;JARAGUA;1;0
D061301780;30240;CRIUVA, RUA;;;785;;22/06/2013 12:56;2;CT;32;5249; ; ;0;1;0;0;0;0;0;0;0;0;0;0;0;0;0;0;0;30240;CRIUVA, RUA;;;53;MOEMA;1;0
D061300313;35829;MOREIRA GUIMARAES, AV;;;1097;;22/06/2013 13:00;2;CO;27;9397; ; ;0;1;0;0;0;0;0;0;0;0;0;1;0;0;0;0;0;35829;MOREIRA GUIMARAES, AV;;;24;CIDADE LIDER;1;0
D061301221;8538;GUSTAVO ADOLFO, AV;;;100;;22/06/2013 13:05;2;CO;90;2543; ; ;1;1;0;0;0;0;0;0;0;0;0;0;0;0;0;0;0;8538;GUSTAVO ADOLFO, AV;;;94;VILA MEDEIROS;1;0
D061300659;99949;CARLOS CALDEIRA FILHO, AV;;;0;NADA CONSTA ;22/06/2013 13:30;2;CO;37;4938; ; ;0;1;0;0;0;0;0;0;0;0;0;0;0;0;0;1;0;99949;CARLOS CALDEIRA FILHO, AV;;;19;CAPAO REDONDO;1;0
D061300335;8431;GUATAPARA, RUA;;;215;;22/06/2013 13:45;2;CO;35;8561; ; ;1;1;0;0;0;0;0;0;0;0;0;0;0;0;0;0;0;8431;GUATAPARA, RUA;;;42;JARDIM ANGELA;1;0
D061300226;7691;GABRIEL MONTEIRO DA SILVA, AL;3581;BRASIL, AV;0;;22/06/2013 14:00;2;CO;78;6441; ; ;0;1;0;0;0;0;0;0;0;0;0;1;0;0;0;0;0;3581;BRASIL, AV;7691;GABRIEL MONTEIRO DA SILVA, AL;44;JARDIM PAULISTA;1;0
D061300027;10376;JOAO MENDES, PCA DR;;;0;NADA CONSTA ;22/06/2013 14:00;4;AT;1;4971;B; ;0;1;0;0;0;0;0;0;0;0;0;0;0;0;0;0;0;10376;JOAO MENDES, PCA DR;;;80;SE;1;0
D061301465;9573;LUIZ SERAPHICO JUNIOR, RUA;9600;BRAGANCA PAULISTA, RUA;0;;22/06/2013 14:15;2;CO;11;7265; ; ;0;0;1;1;0;0;0;0;0;0;0;0;0;0;0;0;0;9573;LUIZ SERAPHICO JUNIOR, RUA;9600;BRAGANCA PAULISTA, RUA;72;SANTO AMARO;4;0