id_acidente;codloga;logradouroA;codlogb;logradouroB;alt_num;referencia;data;cod_acid;tipo_acidente;dp;numero_BO;sentido;pista;automovel;moto;onibus;caminhao;bicicleta;moto_taxi;onibus_fretado;onibus_urbano;microonibus;van;vuc;caminhonete;carreta;jipe;outros;sem_informacao;carroca;princ_a;paiA;princ_b;paiB;cod_distrito;distrito;vit_ferida;vit_morta
D061301865;21253;AGUIA DE HAIA, AV;;;162;;22/06/2013 14:36;4;AT;64;6807; ; ;0;1;0;0;0;0;0;0;0;0;0;0;0;0;0;0;0;21253;AGUIA DE HAIA, AV;;;0;NULL;1;0
D061300222;11989;LORENA, AL;2497;AUGUSTA, RUA;0;;22/06/2013 15:11;2;CO;78;5478; ; ;0;1;0;0;0;0;0;0;0;0;0;1;0;0;0;0;0;2497;AUGUSTA, RUA;11989;LORENA, AL;44;JARDIM PAULISTA;1;0
D061301159;18447;BENJAMIN FERREIRA, RUA;;;265;;22/06/2013 15:16;2;CO;73;6020; ; ;0;1;0;0;0;0;0;0;0;0;0;0;0;0;0;1;0;18447;BENJAMIN FERREIRA, RUA;;;8;BELEM;1;0
D061301204;27601;FELICIANO MALABIA, RUA;;;80;;22/06/2013 15:17;4;AT;74;5779; ; ;0;0;0;0;0;0;0;0;0;0;0;0;0;0;0;1;0;27601;FELICIANO MALABIA, RUA;;;40;JAGUARE;1;0
D061301181;7061;FERNAO DIAS, VIA;;;83500;;22/06/2013 15:20;2;CP;73;6733; ; ;1;0;0;0;0;0;0;0;0;0;0;0;0;0;0;0;0;7061;FERNAO DIAS, VIA;;;38;JACANA;1;0
D061301719;2483;ATLANTICA ANT. ROBERT KENNEDY, AV;;;1741;;22/06/2013 15:42;4;AT;102;7269; ; ;1;0;0;0;0;0;0;0;0;0;0;0;0;0;0;0;0;2483;ATLANTICA ANT. ROBERT KENNEDY, AV;;;23;CIDADE DUTRA;1;0
D061301466;222;ADOLFO PINHEIRO, AV;3041;BELA VISTA, RUA;0;;22/06/2013 15:48;2;CO;11;7273; ; ;2;0;0;0;0;0;0;0;0;0;0;0;0;0;0;0;0;222;ADOLFO PINHEIRO, AV;999;SANTO AMARO, AV;72;SANTO AMARO;2;0
D061300504;7301;FRADIQUE COUTINHO, RUA;;;1640;;22/06/2013 15:50;2;CL;14;6419; ; ;1;1;0;0;0;0;0;0;0;0;0;0;0;0;0;0;0;7301;FRADIQUE COUTINHO, RUA;;;63;PINHEIROS;1;0
D061300307;14531;NHAMBIQUARAS, AL DOS;;;986;;22/06/2013 15:54;4;AT;27;6621; ; ;1;0;0;0;0;0;0;0;0;0;0;0;0;0;0;0;0;14531;NHAMBIQUARAS, AL DOS;;;53;MOEMA;2;0
D061300513;7301;FRADIQUE COUTINHO, RUA;;;0;NADA CONSTA ;22/06/2013 16:00;2;CO;14;6742; ; ;1;1;0;0;0;0;0;0;0;0;0;0;0;0;0;0;0;7301;FRADIQUE COUTINHO, RUA;;;63;PINHEIROS;1;0
D061302006;99312;EDUARDO SANCHEZ, RUA;;;170;;22/06/2013 16:04;4;AT;54;8730; ; ;1;0;0;0;0;0;0;0;0;0;0;0;0;0;0;0;0;99312;EDUARDO SANCHEZ, RUA;;;25;CIDADE TIRADENT;1;0
D061301903;37331;INACIO DONATI, RUA;;;200;;22/06/2013 16:23;4;AT;103;5251; ; ;0;0;0;0;0;0;0;0;0;0;0;0;0;0;0;1;0;37331;INACIO DONATI, RUA;;;51;MANDAQUI;1;0
D061301467;19931;WASHINGTON LUIS, AV;;;2737;;22/06/2013 16:30;2;CO;11;7276;B; ;1;1;0;0;0;0;0;0;0;0;0;0;0;0;0;0;0;19931;WASHINGTON LUIS, AV;;;30;GRAJAU;1;0
D061302073;70603;FAUSTINO XAVIER DE NOVAIS, RUA;44562;AVA GADNER, RUA;0;;22/06/2013 16:30;2;CO;70;6743; ; ;1;1;0;0;0;0;0;0;0;0;0;0;0;0;0;0;0;44562;AVA GADNER, RUA;70603;FAUSTINO XAVIER DE NOVAIS, RUA;78;SAPOPEMBA;2;0
D061300061;9276;IPIRANGA, AV;;;313;;22/06/2013 16:45;2;CO;3;3813; ; ;0;1;0;0;0;0;0;1;0;0;0;0;0;0;0;0;0;9276;IPIRANGA, AV;;;67;REPUBLICA;1;0
D061302104;9276;IPIRANGA, AV;;;313;;22/06/2013 16:45;2;CO;2;3813; ; ;0;1;1;0;0;0;0;0;0;0;0;0;0;0;0;0;0;9276;IPIRANGA, AV;;;67;REPUBLICA;0;1
D061301581;8368;GUARAPIRANGA, AV;;;2000;;22/06/2013 17:30;4;AA;92;1927; ; ;0;1;0;0;0;0;0;0;0;0;0;0;0;0;0;0;0;8368;GUARAPIRANGA, AV;;;45;JARDIM SAO LUIS;1;0
D061300619;855;ALVARENGA, RUA;;;11;;22/06/2013 19:00;2;CO;34;3749; ; ;0;1;0;0;0;0;0;0;0;0;0;1;0;0;0;0;0;855;ALVARENGA, RUA;;;55;MORUMBI;1;0
D061301130;64651;NICIA COUTINHO PATRICIO, RUA;;;300;;22/06/2013 19:00;2;CO;45;5785; ; ;0;1;0;0;0;0;0;0;0;0;0;1;0;0;0;0;0;64651;NICIA COUTINHO PATRICIO, RUA;;;40;JAGUARE;1;0
D061300336;14246;MOREIRA LIMA, RUA CD;;;470;;22/06/2013 19:06;4;AT;35;8576;B; ;0;1;0;0;0;0;0;0;0;0;0;0;0;0;0;0;0;14246;MOREIRA LIMA, RUA CD;;;42;JARDIM ANGELA;1;0
D061300037;11818;LIBERDADE, AV DA;17813;SAO JOAQUIM, RUA CDSSA DE;0;;22/06/2013 19:20;2;SI;1;5489; ; ;1;1;0;0;0;0;0;0;0;0;0;0;0;0;0;0;0;11818;LIBERDADE, AV DA;17813;SAO JOAQUIM, RUA CDSSA DE;  ;;1;0
D061301866;7344;FRANCISCO ALARICO BERGAMO, RUA;;;1084;;22/06/2013 19:30;2;CO;64;6823; ; ;0;1;0;0;0;0;0;0;0;0;0;0;0;0;0;1;0;7344;FRANCISCO ALARICO BERGAMO, RUA;;;36;ITAQUERA;1;0
D061301846;46936;JACU-PESSEGO/NOVA TRABALHADORE, AV;;;96;;22/06/2013 19:45;4;AT;63;5260; ; ;0;0;0;0;0;0;0;0;0;0;0;0;0;0;0;1;0;46936;JACU-PESSEGO/NOVA TRABALHADORE, AV;;;46;JOSE BONIFACIO;3;0
D061301220;39007;CAVALGADA, RUA DA;;;0;PROXIMO  - ALONSO PIR;22/06/2013 20:40;2;CO;90;2528; ; ;0;0;0;0;1;0;0;0;0;0;0;0;0;0;0;1;0;39007;CAVALGADA, RUA DA;;;22;CIDADE ADEMAR;1;0
D061301720;16247;PINEDO, AV DE;;;10;;22/06/2013 20:50;4;AT;102;7284; ; ;1;0;0;0;0;0;0;0;0;0;0;0;0;0;0;0;0;16247;PINEDO, AV DE;;;32;IGUATEMI;1;0
D061301790;17820;TITO, AV MAL;10393;JOAO NERY, ES DOM;0;;22/06/2013 20:50;2;CO;50;7753; ; ;1;1;0;0;0;0;0;0;0;0;0;0;0;0;0;0;0;10393;JOAO NERY, ES DOM;17820;TITO, AV MAL;35;ITAIM PAULISTA;2;0
D061301781;11542;NORDESTINA, AV;62951;ARVORE DA CERA, RUA;0;;22/06/2013 21:00;2;SI;32;5267; ; ;1;1;0;0;0;0;0;0;0;0;0;0;0;0;0;0;0;11542;NORDESTINA, AV;62951;ARVORE DA CERA, RUA;86;VILA CURUCA;1;0
D061300993;20087;ZUMKELLER, AV;8238;GUACA, AV DO;0;;22/06/2013 21:09;2;CO;20;5923; ; ;1;1;0;0;0;0;0;0;0;0;0;0;0;0;0;0;0;8238;GUACA, AV DO;20087;ZUMKELLER, AV;51;MANDAQUI;1;0
D061300127;8614;HEITOR PEIXOTO, RUA;;;569;;22/06/2013 21:50;2;CO;6;4991; ; ;1;1;0;0;0;0;0;0;0;0;0;0;0;0;0;0;0;8614;HEITOR PEIXOTO, RUA;;;14;CAMBUCI;1;0
D061300282;5689;DANIEL, RUA S;;;407;;22/06/2013 22:04;2;CO;26;5672;B; ;1;1;0;0;0;0;0;0;0;0;0;0;0;0;0;0;0;5689;DANIEL, RUA S;;;27;CURSINO;1;0
D061300422;19100;BANDEIRANTES, AV DOS;17064;RIBEIRO DO VALE, RUA;0;;22/06/2013 22:16;4;AT;96;6636; ; ;0;0;0;0;0;0;0;0;0;0;0;1;0;0;0;0;0;17064;RIBEIRO DO VALE, RUA;19100;BANDEIRANTES, AV DOS;34;ITAIM BIBI;1;0
D061301551;15979;PEDRO SANTALUCIA, RUA;;;273;;22/06/2013 22:30;2;CO;48;4922; ; ;0;1;0;0;0;0;0;0;0;0;0;0;0;0;0;1;0;15979;PEDRO SANTALUCIA, RUA;;;32;IGUATEMI;1;0
D061301918;98894;JAMES NARES, RUA;;;11;;22/06/2013 22:30;2;CO;41;900083; ; ;1;1;0;0;0;0;0;0;0;0;0;0;0;0;0;0;0;98894;JAMES NARES, RUA;;;78;SAPOPEMBA;1;0
D061301494;32541;PAULO GUILGUER REIMBERG, AV;;;3103;;22/06/2013 22:48;2;CF;25;4921; ; ;1;0;1;0;0;0;0;0;0;0;0;0;0;0;0;0;0;32541;PAULO GUILGUER REIMBERG, AV;;;32;IGUATEMI;4;0
D061301951;1306;ANDRE DE ALMEIDA, RUA;;;1885;;22/06/2013 23:00;2;CT;49;8758; ; ;2;0;0;0;0;0;0;0;0;0;0;0;0;0;0;0;0;1306;ANDRE DE ALMEIDA, RUA;;;75;SAO MATEUS;1;0
D061301353;10494;FIRMINO ALVES, RUA;;;75;;22/06/2013 23:00;2;QM;42;4248; ; ;0;1;0;0;0;0;0;0;0;0;0;0;0;0;0;0;0;10494;FIRMINO ALVES, RUA;;;74;SAO LUCAS;1;0
D061300820;9710;JOSE HOR. MEIRELLES TEIXEIRA, RUA PROF;;;40;;22/06/2013 23:30;2;CH;89;5659; ; ;3;0;0;0;0;0;0;0;0;0;0;0;0;0;0;0;0;9710;JOSE HOR. MEIRELLES TEIXEIRA, RUA PROF;;;96;VILA SONIA;1;0
D061300505;7257;FONSECA RODRIGUES, AV PROF;16082;PEREIRA DE ANDRADE, AV PDE;0;;22/06/2013 23:45;2;CL;14;6425; ; ;2;0;0;0;0;0;0;0;0;0;0;0;0;0;0;0;0;2714;BAGIRU, AV;7257;FONSECA RODRIGUES, AV PROF;  ;;1;0
D061300666;16339;CARLOS LACERDA, AV;;;585;;22/06/2013 23:50;4;AT;37;5204; ; ;1;0;0;0;0;0;0;0;0;0;0;0;0;0;0;0;0;16339;CARLOS LACERDA, AV;;;29;FREGUESIA DO O;1;0
D061300552;19259;TURIASSU, RUA;;;1170;;22/06/2013 23:50;4;AT;23;3558; ; ;1;0;0;0;0;0;0;0;0;0;0;0;0;0;0;0;0;19259;TURIASSU, RUA;;;19;CAPAO REDONDO;1;0
D061300308;24507;LINO DE MORAES LEME, AV DR;4596;CATARINA, AV STA;0;;23/06/2013 00:15;2;QF;27;6641; ; ;1;0;0;0;0;0;0;0;0;0;0;0;0;0;0;0;0;4596;CATARINA, AV STA;24507;LINO DE MORAES LEME, AV DR;15;CAMPO BELO;1;0
D061300433;2235;ARMANDO DE ARRUDA PEREIRA, AV ENG;;;5000;;23/06/2013 01:40;2;CO;97;1713; ; ;1;1;0;0;0;0;0;0;0;0;0;0;0;0;0;0;0;2235;ARMANDO DE ARRUDA PEREIRA, AV ENG;;;37;JABAQUARA;1;0
D061301287;36081;ALBERTO BADRA, VD ENG;;;0;NADA CONSTA ;23/06/2013 02:40;2;CH;21;7116; ; ;1;0;0;0;0;0;0;0;0;0;0;0;0;0;0;0;0;36081;ALBERTO BADRA, VD ENG;;;27;CURSINO;2;0
D061301791;17820;TITO, AV MAL;61027;ESTEVAO RIBEIRO GARCIA, RUA;0;;23/06/2013 03:00;2;CL;50;7759; ; ;1;1;0;0;0;0;0;0;0;0;0;0;0;0;0;0;0;17820;TITO, AV MAL;61027;ESTEVAO RIBEIRO GARCIA, RUA;  ;;2;0
D061301802;71944;DOMINGOS FERNANDES NOBRE, RUA;;;185;;23/06/2013 03:30;2;CO;59;7852; ; ;2;0;0;0;0;0;0;0;0;0;0;0;0;0;0;0;0;71944;DOMINGOS FERNANDES NOBRE, RUA;;;54;MOOCA;1;0
D061300128;6642;ESTADO, AV DO;;;5814;;23/06/2013 03:35;2;CH;6;4995; ; ;0;0;0;0;0;0;0;0;0;0;0;1;0;0;0;0;0;6642;ESTADO, AV DO;;;9;BOM RETIRO;4;0
D061301096;11321;JULIO BUONO, AV;5705;DANTAS CORTEZ, RUA MAJ;0;;23/06/2013 03:40;2;CO;39;6750; ; ;2;0;0;0;0;0;0;0;0;0;0;0;0;0;0;0;0;5705;DANTAS CORTEZ, RUA MAJ;11321;JULIO BUONO, AV;94;VILA MEDEIROS;2;0
D061301576;15507;TEOTONIO VILELA, AV SEN;44105;LUIZ ROTTA, RUA;0;;23/06/2013 04:20;2;CO;85;3239;B; ;0;1;0;0;0;0;0;0;0;0;0;0;0;0;0;0;0;13817;MENDES, ES DOS;15507;TEOTONIO VILELA, AV SEN;23;CIDADE DUTRA;2;0
D061301952;9044;RAGUEB CHOHFI, AV;75482;DOMINGOS DE MENDONCA, RUA;0;;23/06/2013 04:40;2;CO;49;8759; ; ;0;1;1;0;0;0;0;0;0;0;0;0;0;0;0;0;0;9044;RAGUEB CHOHFI, AV;75482;DOMINGOS DE MENDONCA, RUA;32;IGUATEMI;1;0
D061300640;16337;ELISEU DE ALMEIDA, AV;;;2700;;23/06/2013 05:00;2;CH;34;5665; ; ;1;0;0;0;0;0;0;0;0;0;0;0;0;0;0;0;0;16337;ELISEU DE ALMEIDA, AV;;;0;NULL;2;0
D061301413;3956;CAMBERRA, RUA;;;653;;23/06/2013 06:00;2;CH;58;3916; ; ;1;0;0;0;0;0;0;0;0;0;0;0;0;0;0;0;0;3956;CAMBERRA, RUA;;;87;VILA FORMOSA;1;0
D061301610;4754;AGOSTINHO RUBIN, AV;;;606;;23/06/2013 06:16;2;CT;92;7784; ; ;1;0;1;0;0;0;0;0;0;0;0;0;0;0;0;0;0;4754;AGOSTINHO RUBIN, AV;;;19;CAPAO REDONDO;2;0
D061300178;4561;CASTELO BRANCO, AV PRES;;;0;PROXIMO  - PTE.VILA G;23/06/2013 06:16;2;CH;12;4999; ; ;1;0;0;0;0;0;0;0;0;0;0;0;0;0;0;0;0;29772;MARGINAL DO RIO TIETE, AV;;;6;BARRA FUNDA;3;0
D061300441;2235;ARMANDO DE ARRUDA PEREIRA, AV ENG;;;3721;;23/06/2013 06:20;2;CH;97;5679; ; ;1;0;0;0;0;0;0;0;0;0;0;0;0;0;0;0;0;2235;ARMANDO DE ARRUDA PEREIRA, AV ENG;;;37;JABAQUARA;1;0
D061301566;42148;BRUNO TAUT, RUA;;;20;;23/06/2013 06:26;2;CL;80;6703; ; ;1;1;0;0;0;0;0;0;0;0;0;0;0;0;0;0;0;42148;BRUNO TAUT, RUA;;;22;CIDADE ADEMAR;1;0
D061300994;13133;MARIA AMALIA LOPES AZEVEDO, RUA;;;576;;23/06/2013 06:56;2;CO;20;5932; ; ;2;0;0;0;0;0;0;0;0;0;0;0;0;0;0;0;0;13133;MARIA AMALIA LOPES AZEVEDO, RUA;;;83;TREMEMBE;1;0
D061301182;16263;PINHEIROS, RUA DOS;;;29;;23/06/2013 07:00;2;CO;73;6755; ; ;0;1;0;0;0;0;0;0;0;0;0;0;0;0;0;1;0;16263;PINHEIROS, RUA DOS;;;63;PINHEIROS;1;0
D061302153;9220;INTERLAGOS, AV;5852;ANGELO BADA, RUA;0;;23/06/2013 07:00;2;CO;98;6725; ; ;2;0;0;0;0;0;0;0;0;0;0;0;0;0;0;0;0;5852;ANGELO BADA, RUA;9220;INTERLAGOS, AV;81;SOCORRO;0;1
D061300189;5797;DEODORO, PCA MAL;;;162;;23/06/2013 07:45;4;AT;77;2723; ; ;0;1;0;0;0;0;0;0;0;0;0;0;0;0;0;0;0;5797;DEODORO, PCA MAL;;;11;BRASILANDIA;3;0
D061300337;4597;CATARINA, RUA STA;;;2233;;23/06/2013 07:46;2;CH;35;8592; ; ;1;0;0;0;0;0;0;0;0;0;0;0;0;0;0;0;0;4597;CATARINA, RUA STA;;;82;TATUAPE;3;0
D061301862;23441;SONHO GAUCHO, RUA;14581;NICOLAU JACINTO, AV;0;;23/06/2013 08:00;2;SI;64;5124;B; ;1;1;0;0;0;0;0;0;0;0;0;0;0;0;0;0;0;13718;MORRO DO DESCANSO, RUA;23441;SONHO GAUCHO, RUA;65;PONTE RASA;1;0
D061301402;14213;MOOCA, RUA DA;7033;FERNANDO FALCAO, RUA;0;;23/06/2013 08:36;2;CO;57;4249; ; ;2;0;0;0;0;0;0;0;0;0;0;0;0;0;0;0;0;7033;FERNANDO FALCAO, RUA;14213;MOOCA, RUA DA;  ;;1;0
D061301762;9632;ITINGUCU, RUA;4387;CARLOS MARIA STEIMBERG, RUA;0;;23/06/2013 11:40;2;CL;24;6851; ; ;2;0;0;0;0;0;0;0;0;0;0;0;0;0;0;0;0;4387;CARLOS MARIA STEIMBERG, RUA;9632;ITINGUCU, RUA;5;ARTUR ALVIM;2;0
D061302056;17135;RIO DAS PEDRAS, AV;6648;ESTADO DO CEARA, RUA;0;;23/06/2013 11:40;2;QF;69;8782; ; ;0;0;1;0;0;0;0;0;0;0;0;0;0;0;0;0;0;6648;ESTADO DO CEARA, RUA;17135;RIO DAS PEDRAS, AV;75;SAO MATEUS;1;0
D061301184;42220;USHIKICHI KAMYIA, RUA;;;71;;23/06/2013 12:30;2;CO;73;6766; ; ;1;1;0;0;0;0;0;0;0;0;0;0;0;0;0;0;0;42220;USHIKICHI KAMYIA, RUA;;;38;JACANA;1;0
D061301953;9044;RAGUEB CHOHFI, AV;;;3000;;23/06/2013 13:00;2;CT;49;8767; ; ;0;2;0;0;0;0;0;0;0;0;0;0;0;0;0;0;0;9044;RAGUEB CHOHFI, AV;;;32;IGUATEMI;2;0
D061300381;64798;JORGE MORAIS, RUA;76119;JOSE PEREIRA CRUZ, RUA;0;;23/06/2013 13:12;4;AT;83;5697; ; ;0;1;0;0;0;0;0;0;0;0;0;0;0;0;0;0;0;64798;JORGE MORAIS, RUA;76119;JOSE PEREIRA CRUZ, RUA;69;SACOMA;1;0
D061301019;13417;MARINA, AV STA;;;2367;;23/06/2013 14:08;2;CO;28;3310; ; ;1;1;0;0;0;0;0;0;0;0;0;0;0;0;0;0;0;13417;MARINA, AV STA;;;6;BARRA FUNDA;1;0
D061300033;13853;MERCURIO, AV;;;0;NADA CONSTA ;23/06/2013 14:20;4;AT;1;5207; ; ;1;0;0;0;0;0;0;0;0;0;0;0;0;0;0;0;0;13853;MERCURIO, AV;;;9;BOM RETIRO;1;0
D061302074;4531;CASA GRANDE, ES;;;1500;;23/06/2013 14:31;2;CO;70;6750; ; ;1;1;0;0;0;0;0;0;0;0;0;0;0;0;0;0;0;4531;CASA GRANDE, ES;;;78;SAPOPEMBA;1;0
D061300245;9338;IRINEU, RUA STO;;;380;;23/06/2013 14:40;2;CO;16;8604; ; ;1;1;0;0;0;0;0;0;0;0;0;0;0;0;0;0;0;9338;IRINEU, RUA STO;;;79;SAUDE;1;0
D061300906;15038;ORDEM E PROGRESSO, AV;;;0;ACESSO  - PT LIMAO;23/06/2013 15:00;2;QM;13;2068; ; ;0;1;0;0;0;0;0;0;0;0;0;0;0;0;0;0;0;15038;ORDEM E PROGRESSO, AV;;;35;ITAIM PAULISTA;1;0
D061301183;7061;FERNAO DIAS, VIA;;;76000;;23/06/2013 15:00;2;CO;73;6765; ; ;2;0;0;0;0;0;0;0;0;0;0;0;0;0;0;0;0;7061;FERNAO DIAS, VIA;;;38;JACANA;4;0
D061301205;67402;ANTONIO SEBASTIAO SOBRINHO, RUA;;;633;;23/06/2013 15:00;2;QM;74;5825; ; ;0;1;0;0;0;0;0;0;0;0;0;0;0;0;0;0;0;67402;ANTONIO SEBASTIAO SOBRINHO, RUA;;;52;MARSILAC;1;0
D061301148;15425;CANTIDIO SAMPAIO, AV DEP;;;1465;;23/06/2013 15:00;2;CT;72;5827; ; ;2;0;0;0;0;0;0;0;0;0;0;0;0;0;0;0;0;15425;CANTIDIO SAMPAIO, AV DEP;;;41;JARAGUA;1;0
D061300399;11562;LAGRIMAS, ES DAS;;;3000;;23/06/2013 15:30;2;CH;95;5680; ; ;1;0;0;0;0;0;0;0;0;0;0;0;0;0;0;0;0;11562;LAGRIMAS, ES DAS;;;69;SACOMA;1;0
D061301552;15507;TEOTONIO VILELA, AV SEN;;;1109;;23/06/2013 16:13;2;CO;48;4949; ; ;1;1;0;0;0;0;0;0;0;0;0;0;0;0;0;0;0;15507;TEOTONIO VILELA, AV SEN;;;23;CIDADE DUTRA;2;0
D061301114;19045;THOMAZ ANTONIO VILLANI, RUA;;;194;;23/06/2013 16:30;2;SI;40;7030; ; ;1;1;0;0;0;0;0;0;0;0;0;0;0;0;0;0;0;19045;THOMAZ ANTONIO VILLANI, RUA;;;44;JARDIM PAULISTA;1;0
D061302035;9580;ITAQUERA, AV;;;2200;;23/06/2013 17:15;4;AT;66;4556; ; ;1;0;0;0;0;0;0;0;0;0;0;0;0;0;0;0;0;9580;ITAQUERA, AV;;;24;CIDADE LIDER;1;0
D061301981;60675;AFONSO DE SAMPAIO E SOUSA, AV;;;1034;;23/06/2013 17:20;2;QM;53;4557; ; ;0;1;0;0;0;0;0;0;0;0;0;0;0;0;0;0;0;60675;AFONSO DE SAMPAIO E SOUSA, AV;;;51;MANDAQUI;1;0
D061300119;12238;LUIS GAMA, RUA;4829;CESARIO RAMALHO, RUA;0;;23/06/2013 17:50;4;AT;6;3069; ; ;1;0;0;0;0;0;0;0;0;0;0;0;0;0;0;0;0;4829;CESARIO RAMALHO, RUA;12238;LUIS GAMA, RUA;14;CAMBUCI;1;0
D061300712;26611;ORLANDO VILLAS BOAS, R;;;0;PROXIMO  - EST.TURIST;23/06/2013 18:30;2;CO;46;6016; ; ;1;1;0;0;0;0;0;0;0;0;0;0;0;0;0;0;0;26611;ORLANDO VILLAS BOAS, R;;;73;SAO DOMINGOS;1;0
D061300569;1429;ANHANGUERA, VIA;;;0;NADA CONSTA ;23/06/2013 19:00;2;QM;33;3905; ; ;0;1;0;0;0;0;0;0;0;0;0;0;0;0;0;0;0;1429;ANHANGUERA, VIA;;;73;SAO DOMINGOS;1;0
D061301520;11116;JOSE NEVES, RUA;;;408;;23/06/2013 19:25;2;CO;43;6733; ; ;1;1;0;0;0;0;0;0;0;0;0;0;0;0;0;0;0;11116;JOSE NEVES, RUA;;;22;CIDADE ADEMAR;2;0
D061301403;906;ALVARO RAMOS, AV;6932;FEIJO, AV REG;0;;23/06/2013 19:30;2;CF;57;4268; ; ;0;1;1;0;0;0;0;0;0;0;0;0;0;0;0;0;0;906;ALVARO RAMOS, AV;6932;FEIJO, AV REG;1;AGUA RASA;2;0
D061300793;16838;RAIMUNDO PEREIRA DE MAGAL., AV;;;8272;;23/06/2013 19:45;2;CO;87;6022; ; ;2;0;0;0;0;0;0;0;0;0;0;0;0;0;0;0;0;16838;RAIMUNDO PEREIRA DE MAGAL., AV;;;31;GUAIANASES;1;0
D061301656;6238;NACOES UNIDAS, AV DAS;5503;CRISTALINO ROLIM DE FREITAS, RUA;0;;23/06/2013 19:55;2;CH;99;7317;C; ;1;0;0;0;0;0;0;0;0;0;0;0;0;0;0;0;0;5503;CRISTALINO ROLIM DE FREITAS, RUA;6238;NACOES UNIDAS, AV DAS;16;CAMPO GRANDE;1;0
D061301069;15426;PARADA PINTO, AV;;;2260;;23/06/2013 20:27;2;CO;38;5835; ; ;1;1;0;0;0;0;0;0;0;0;0;0;0;0;0;0;0;15426;PARADA PINTO, AV;;;8;BELEM;1;0
D061300571;33234;MARGINAL DIREITA DO TIETE, AV;;;2563;;23/06/2013 20:30;2;CO;33;4719; ; ;2;0;0;1;0;0;0;0;0;0;0;0;0;0;0;0;0;29772;MARGINAL DO RIO TIETE, AV;;;39;JAGUARA;1;0
D061301691;15507;TEOTONIO VILELA, AV SEN;;;4863;;23/06/2013 20:38;2;SI;101;4955; ; ;1;1;0;0;0;0;0;0;0;0;0;0;0;0;0;0;0;15507;TEOTONIO VILELA, AV SEN;;;23;CIDADE DUTRA;2;0
D061300247;10553;AGOSTINHO RODRIGUES FILHO, RUA;;;0;NADA CONSTA ;23/06/2013 21:00;2;CO;16;8623; ; ;1;1;0;0;0;0;0;0;0;0;0;0;0;0;0;0;0;10553;AGOSTINHO RODRIGUES FILHO, RUA;;;79;SAUDE;1;0
D061301852;2429;ASSIS RIBEIRO, RUA DR;;;10170;;23/06/2013 21:00;2;CT;63;7193; ; ;2;0;0;0;0;0;0;0;0;0;0;0;0;0;0;0;0;2429;ASSIS RIBEIRO, RUA DR;;;28;ERMELINO MATARA;1;0
D061300960;8695;HENRIQUE LEITAO, RUA;11576;LAMARTINE DOS SANTOS, RUA;0;;23/06/2013 21:40;2;CO;19;2376; ; ;1;1;0;0;0;0;0;0;0;0;0;0;0;0;0;0;0;1649;ANTONIO DA SILVA, RUA;8695;HENRIQUE LEITAO, RUA;91;VILA MARIA;1;0
D061301097;18664;TANQUE VELHO, RUA;4122;CANEDOS, RUA;0;;23/06/2013 21:51;2;CO;39;6773;B; ;2;0;0;0;0;0;0;0;0;0;0;0;0;0;0;0;0;4122;CANEDOS, RUA;18664;TANQUE VELHO, RUA;84;TUCURUVI;1;0
D061301999;99999;METALURGICOS, AV DOS;;;192;;23/06/2013 22:00;2;CO;54;3704; ; ;1;1;0;0;0;0;0;0;0;0;0;0;0;0;0;0;0;99999;METALURGICOS, AV DOS;;;25;CIDADE TIRADENT;1;0
D061302103;5845;DIAS DA SILVA, RUA;7840;GAVEA, RUA;0;;23/06/2013 22:36;2;CO;20;5964; ; ;1;1;0;0;0;0;0;0;0;0;0;0;0;0;0;0;0;5845;DIAS DA SILVA, RUA;7840;GAVEA, RUA;91;VILA MARIA;0;1
D061301115;5738;DARIO RIBEIRO, RUA PROF;;;1160;;23/06/2013 22:40;2;QM;40;7050; ; ;0;1;0;0;0;0;0;0;0;0;0;0;0;0;0;0;0;5738;DARIO RIBEIRO, RUA PROF;;;50;LIMAO;2;0
D061301763;9962;JARAUARA, RUA;14452;NEA, RUA;0;;23/06/2013 22:40;4;AT;24;6865; ; ;0;0;0;0;0;0;0;1;0;0;0;0;0;0;0;0;0;9962;JARAUARA, RUA;14452;NEA, RUA;60;PENHA;1;0
D061300382;5618;CURSINO, AV DO;;;3860;;23/06/2013 22:50;4;AT;83;5715; ; ;0;1;0;0;0;0;0;0;0;0;0;0;0;0;0;0;0;5618;CURSINO, AV DO;;;27;CURSINO;2;0
D061300713;27855;PIRAPORA, ES DE;;;2;;23/06/2013 22:59;2;CO;46;6023; ; ;1;1;0;0;0;0;0;0;0;0;0;0;0;0;0;0;0;27855;PIRAPORA, ES DE;;;52;MARSILAC;1;0
D061301034;6361;ELISIO TEIXEIRA LEITE, AV;;;250;;23/06/2013 23:50;2;CH;28;7048; ; ;1;0;0;0;0;0;0;0;0;0;0;0;0;0;0;0;0;6361;ELISIO TEIXEIRA LEITE, AV;;;29;FREGUESIA DO O;1;0
D061300283;64135;ARRIGO BOITO, RUA;;;169;;24/06/2013 00:05;4;AT;26;5722; ; ;1;0;0;0;0;0;0;0;0;0;0;0;0;0;0;0;0;64135;ARRIGO BOITO, RUA;;;0;NULL;1;0