id_acidente;codloga;logradouroA;codlogb;logradouroB;alt_num;referencia;data;cod_acid;tipo_acidente;dp;numero_BO;sentido;pista;automovel;moto;onibus;caminhao;bicicleta;moto_taxi;onibus_fretado;onibus_urbano;microonibus;van;vuc;caminhonete;carreta;jipe;outros;sem_informacao;carroca;princ_a;paiA;princ_b;paiB;cod_distrito;distrito;vit_ferida;vit_morta
D061302102;13019;ESCOLA POLITECNICA, AV;;;2600;;24/06/2013 01:50;2;CH;14;6453; ; ;2;0;0;0;0;0;0;0;0;0;0;0;0;0;0;0;0;13019;ESCOLA POLITECNICA, AV;;;40;JAGUARE;4;3
D061301251;929;ALVINOPOLIS, RUA;11790;LEOPOLDO DE FREITAS, RUA;0;;24/06/2013 05:45;2;CL;10;7171; ; ;1;0;0;0;0;0;0;1;0;0;0;0;0;0;0;0;0;929;ALVINOPOLIS, RUA;11790;LEOPOLDO DE FREITAS, RUA;60;PENHA;1;0
D061300593;33234;MARGINAL DIREITA DO TIETE, AV;;;15000;;24/06/2013 06:20;2;CO;33;6030; ; ;1;1;0;0;0;0;0;0;0;0;0;0;0;0;0;0;0;29772;MARGINAL DO RIO TIETE, AV;;;39;JAGUARA;1;0
D061301506;5606;CUPECE, AV;;;200;;24/06/2013 06:20;2;CO;43;2405; ; ;0;1;0;0;0;0;0;0;0;0;0;0;0;0;0;1;0;5606;CUPECE, AV;;;22;CIDADE ADEMAR;1;0
D061300995;19884;VOLUNTARIOS DA PATRIA, RUA;3813;CAETANO ALVARES, AV ENG;0;;24/06/2013 06:30;2;CO;20;5969; ; ;1;1;0;0;0;0;0;0;0;0;0;0;0;0;0;0;0;3813;CAETANO ALVARES, AV ENG;13534;MARIQUINHA VIANA, RUA;71;SANTANA;2;0
D061301773;17563;SABBADO D'ANGELO, RUA;;;482;;24/06/2013 06:40;2;CO;32;3527; ; ;1;1;0;0;0;0;0;0;0;0;0;0;0;0;0;0;0;17563;SABBADO D'ANGELO, RUA;;;36;ITAQUERA;1;0
D061300788;10251;JOAO DE OLIVEIRA, RUA SOLD;;;44;;24/06/2013 07:00;2;CO;87;3112; ; ;1;1;0;0;0;0;0;0;0;0;0;0;0;0;0;0;0;10251;JOAO DE OLIVEIRA, RUA SOLD;;;64;PIRITUBA;1;0
D061300029;6642;ESTADO, AV DO;;;2963;;24/06/2013 07:25;2;CL;1;5067; ; ;1;1;0;0;0;0;0;0;1;0;0;0;0;0;0;0;0;6642;ESTADO, AV DO;;;9;BOM RETIRO;1;0
D061301049;277;AFONSO LOPES VIEIRA, RUA;;;484;;24/06/2013 07:25;2;CO;38;3160; ; ;1;0;0;0;0;0;0;0;0;0;0;0;0;0;0;0;0;277;AFONSO LOPES VIEIRA, RUA;;;13;CACHOEIRINHA;1;0
D061300888;29772;MARGINAL DO RIO TIETE, AV;;;0;PROXIMO  -  R.CAMARES;24/06/2013 07:50;2;CO;9;3502; ; ;0;1;0;0;0;0;0;0;0;0;0;1;0;0;0;0;0;29772;MARGINAL DO RIO TIETE, AV;;;13;CACHOEIRINHA;1;0
D061301125;17789;SANTO ANGELO, RUA BR DE;;;544;;24/06/2013 07:50;2;QM;45;1620;C; ;0;1;0;0;0;0;0;0;0;0;0;0;0;0;0;0;0;17789;SANTO ANGELO, RUA BR DE;;;40;JAGUARE;1;0
D061300118;16128;PERO CORREIA, RUA;;;421;;24/06/2013 09:00;2;CO;6;2887; ; ;1;1;0;0;0;0;0;0;0;0;0;0;0;0;0;0;0;16128;PERO CORREIA, RUA;;;37;JABAQUARA;2;0
D061301468;6238;NACOES UNIDAS, AV DAS;;;14400;;24/06/2013 09:32;2;QM;11;7337; ; ;0;1;0;0;0;0;0;0;0;0;0;0;0;0;0;0;0;13014;MARGINAL DO RIO PINHEIROS, AV;;;90;VILA LEOPOLDINA;1;0
D061300974;19884;VOLUNTARIOS DA PATRIA, RUA;;;4040;;24/06/2013 10:00;2;CO;20;3237; ; ;1;1;0;0;0;0;0;0;0;0;0;0;0;0;0;0;0;19884;VOLUNTARIOS DA PATRIA, RUA;;;8;BELEM;1;0
D061300730;12502;MAGALHAES DE CASTRO, AV;;;12;;24/06/2013 10:30;2;CO;51;2822; ; ;1;2;0;0;0;0;0;0;0;0;0;0;0;0;0;0;0;13014;MARGINAL DO RIO PINHEIROS, AV;;;12;BUTANTA;1;0
D061300069;16725;QUEIROS, AV SEN;19745;VINTE E CINCO DE MARCO, RUA;0;;24/06/2013 11:10;2;CO;3;5021; ; ;1;1;0;0;0;0;0;0;0;0;0;0;0;0;0;0;0;16725;QUEIROS, AV SEN;19745;VINTE E CINCO DE MARCO, RUA;80;SE;1;0
D061301548;20936;GUAIUBA, RUA;;;357;;24/06/2013 11:25;4;AT;48;2402; ; ;1;0;0;0;0;0;0;0;0;0;0;0;0;0;0;0;0;20936;GUAIUBA, RUA;;;32;IGUATEMI;1;0
D061300822;8000;GIOVANNI GRONCHI, AV;;;3500;;24/06/2013 11:30;2;CO;89;5702; ; ;1;1;0;0;0;0;0;0;0;0;0;0;0;0;0;0;0;8000;GIOVANNI GRONCHI, AV;;;55;MORUMBI;1;0
D061301098;17728;SANATORIO, AV;18444;SOTOMANO, RUA TTE;0;;24/06/2013 11:30;2;CO;39;7007; ; ;2;0;0;0;0;0;0;0;0;0;0;0;0;0;0;0;0;17728;SANATORIO, AV;18444;SOTOMANO, RUA TTE;94;VILA MEDEIROS;1;0
D061301050;9170;INES, AV STA;;;0;QUILOMETRO  - 1;24/06/2013 12:00;2;TB;38;3116; ; ;0;0;0;0;0;0;0;0;0;0;0;1;0;0;0;0;0;9170;INES, AV STA;;;51;MANDAQUI;1;0
D061301414;24792;SAIGON, RUA;;;216;;24/06/2013 12:10;4;AT;58;900024; ; ;1;0;0;0;0;0;0;0;0;0;0;0;0;0;0;0;0;24792;SAIGON, RUA;;;46;JOSE BONIFACIO;1;0
D061301738;17820;TITO, AV MAL;;;2245;;24/06/2013 12:10;2;CF;22;2944; ; ;1;1;0;0;0;0;0;0;0;0;0;0;0;0;0;0;0;17820;TITO, AV MAL;;;53;MOEMA;1;0
D061300693;7153;FIORELLI PECCICACCO, RUA;;;536;;24/06/2013 13:00;2;QM;46;2862; ; ;0;1;0;0;0;0;0;0;0;0;0;0;0;0;0;0;0;7153;FIORELLI PECCICACCO, RUA;;;62;PERUS;2;0
D061301665;12403;M'BOI MIRIM, ES;;;3400;;24/06/2013 13:01;2;QM;100;3222; ; ;0;1;0;0;0;0;0;0;0;0;0;0;0;0;0;0;0;12403;M'BOI MIRIM, ES;;;42;JARDIM ANGELA;1;0
D061301792;3790;CACHOEIRA ALTA, RUA;;;1001;;24/06/2013 13:25;4;AT;50;7793; ; ;0;0;0;0;0;0;0;0;1;0;0;0;0;0;0;0;0;3790;CACHOEIRA ALTA, RUA;;;54;MOOCA;1;0
D061300866;17162;RIO PEQUENO, AV DO;;;900;;24/06/2013 13:35;2;SI;93;4412; ; ;0;1;0;0;0;0;0;0;0;0;0;0;0;0;0;0;0;17162;RIO PEQUENO, AV DO;;;13;CACHOEIRINHA;1;0
D061301982;18838;TERESA, RUA STA;;;611;;24/06/2013 13:43;4;AT;53;4572; ; ;1;0;0;0;0;0;0;0;0;0;0;0;0;0;0;0;0;18838;TERESA, RUA STA;;;1;AGUA RASA;1;0
D061300889;14916;OLAVO EGIDIO, RUA DR;;;324;;24/06/2013 14:08;4;AT;9;3510;B; ;1;0;0;0;0;0;0;0;0;0;0;0;0;0;0;0;0;14916;OLAVO EGIDIO, RUA DR;;;47;LAJEADO;1;0
D061300050;17799;SANTOS DUMONT, AV;;;153;;24/06/2013 15:30;4;AT;2;3861; ; ;1;0;0;0;0;0;0;0;0;0;0;0;0;0;0;0;0;17799;SANTOS DUMONT, AV;;;15;CAMPO BELO;3;0
D061300553;18519;SUMARE, AV;1940;APIACAS, RUA;0;;24/06/2013 16:30;2;CO;23;3589; ; ;0;1;0;0;0;0;0;0;0;0;0;1;0;0;0;0;0;1940;APIACAS, RUA;18519;SUMARE, AV;61;PERDIZES;1;0
D061301721;17110;RIO BONITO, AV DO;;;100;;24/06/2013 17:00;2;CO;102;7370; ; ;0;0;0;0;1;0;0;0;0;1;0;0;0;0;0;0;0;17110;RIO BONITO, AV DO;;;32;IGUATEMI;1;0
D061301035;10212;JOAO CORDEIRO, RUA;;;1146;;24/06/2013 17:56;4;AT;28;7080;C; ;1;0;0;0;0;0;0;0;0;0;0;0;0;0;0;0;0;10212;JOAO CORDEIRO, RUA;;;29;FREGUESIA DO O;1;0
D061300265;14245;MOREIRA E COSTA, RUA;19628;VICENTE DA COSTA, RUA;0;;24/06/2013 18:00;4;AT;17;8681; ; ;0;0;0;0;0;0;0;0;0;0;0;0;0;0;0;1;0;14245;MOREIRA E COSTA, RUA;19628;VICENTE DA COSTA, RUA;33;IPIRANGA;1;0
D061300391;1247;ANCHIETA, VIA;;;11500;;24/06/2013 18:05;2;CO;95;2901; ; ;0;1;0;0;0;0;0;0;0;0;0;1;0;0;0;0;0;1247;ANCHIETA, VIA;;;33;IPIRANGA;1;0
D061301339;5880;DINO, RUA DR;;;999;;24/06/2013 18:10;2;CO;42;2251; ; ;1;1;0;0;0;0;0;0;0;0;0;0;0;0;0;0;0;5880;DINO, RUA DR;;;74;SAO LUCAS;1;0
D061301327;4502;CARRAO, AV CONS;;;1306;;24/06/2013 18:14;2;CO;31;3949; ; ;2;0;0;0;0;0;0;1;0;0;0;0;0;0;0;0;0;4502;CARRAO, AV CONS;;;20;CARRAO;1;0
D061300450;4561;CASTELO BRANCO, AV PRES;;;0;NADA CONSTA ;24/06/2013 18:20;2;CL;7;3833; ; ;1;1;0;0;0;0;0;0;0;0;0;0;0;0;0;0;0;29772;MARGINAL DO RIO TIETE, AV;;;6;BARRA FUNDA;1;0
D061301475;10270;JOAO DIAS, AV;;;0;NADA CONSTA ;24/06/2013 18:30;2;SI;11;7606; ; ;1;1;0;0;0;0;0;0;0;0;0;0;0;0;0;0;0;10270;JOAO DIAS, AV;;;72;SANTO AMARO;1;0
D061300400;5762;DELAMARE, AV ALM;;;3000;;24/06/2013 18:42;2;CO;95;5744; ; ;3;0;0;0;0;0;0;0;0;0;0;0;0;0;0;0;0;5762;DELAMARE, AV ALM;;;33;IPIRANGA;1;0
D061300781;16728;QUEIROS TELES, AV ENG;;;502;;24/06/2013 18:42;2;CH;75;6485; ; ;0;1;0;0;0;0;0;0;0;0;0;0;0;0;0;0;0;16728;QUEIROS TELES, AV ENG;;;13;CACHOEIRINHA;1;0
D061300462;4561;CASTELO BRANCO, AV PRES;;;0;ACESSO  - PONTE DA F;24/06/2013 18:50;2;QM;7;5903; ; ;0;1;0;0;0;0;0;0;0;0;0;0;0;0;0;0;0;29772;MARGINAL DO RIO TIETE, AV;;;6;BARRA FUNDA;1;0
D061301578;15507;TEOTONIO VILELA, AV SEN;;;7000;;24/06/2013 18:52;4;AT;85;4983; ; ;1;1;0;0;0;0;0;0;0;0;0;0;0;0;0;0;0;15507;TEOTONIO VILELA, AV SEN;;;23;CIDADE DUTRA;2;0
D061300641;17822;SAPETUBA, RUA;3937;CAMARGO, RUA;0;;24/06/2013 19:00;2;CO;34;5724; ; ;1;1;0;0;0;0;0;0;0;0;0;0;0;0;0;0;0;3937;CAMARGO, RUA;17822;SAPETUBA, RUA;12;BUTANTA;1;0
D061300179;19713;VILA GUILHERME, PTE DA;;;0;NADA CONSTA ;24/06/2013 19:10;2;CO;12;5043; ; ;1;1;0;0;0;0;0;0;0;0;0;0;0;0;0;0;0;19713;VILA GUILHERME, PTE DA;;;47;LAJEADO;1;0
D061301386;65634;FRANCISCO FALCONI, AV;;;1030;;24/06/2013 19:19;4;AT;56;4288; ; ;1;0;0;0;0;0;0;0;0;0;0;0;0;0;0;0;0;65634;FRANCISCO FALCONI, AV;;;26;CONSOLACAO;1;0
D061302021;71582;DIOGO DE MORAES LARA, RUA;;;395;;24/06/2013 19:30;2;CH;55;8840; ; ;1;0;0;1;0;0;0;0;0;0;0;0;0;0;0;0;0;71582;DIOGO DE MORAES LARA, RUA;;;55;MORUMBI;1;0
D061300525;8699;HENRIQUE MARTINS, RUA;13814;MENA BARRETO, RUA GAL;0;;24/06/2013 19:30;4;AT;15;3124; ; ;1;0;0;0;0;0;0;0;0;0;0;0;0;0;0;0;0;8699;HENRIQUE MARTINS, RUA;13814;MENA BARRETO, RUA GAL;44;JARDIM PAULISTA;1;0
D061301825;3;PIROFONE, RUA DO;;;471;;24/06/2013 20:30;4;AT;62;6896; ; ;1;0;0;0;0;0;0;0;0;0;0;0;0;0;0;0;0;3;PIROFONE, RUA DO;;;42;JARDIM ANGELA;1;0
D061301867;21253;AGUIA DE HAIA, AV;;;2700;;24/06/2013 20:56;4;AT;64;6897; ; ;0;1;0;0;0;0;0;0;0;0;0;0;0;0;0;0;0;21253;AGUIA DE HAIA, AV;;;0;NULL;1;0
D061301722;2483;ATLANTICA ANT. ROBERT KENNEDY, AV;;;997;;24/06/2013 22:45;2;CO;102;7379; ; ;1;1;0;0;0;0;0;0;0;0;0;0;0;0;0;0;0;2483;ATLANTICA ANT. ROBERT KENNEDY, AV;;;23;CIDADE DUTRA;1;0
D061300507;6897;FARIA LIMA, AV BRIG;;;3000;;24/06/2013 22:58;2;CO;14;6487; ; ;1;1;0;0;0;0;0;0;0;0;0;1;0;0;0;0;0;6897;FARIA LIMA, AV BRIG;;;63;PINHEIROS;1;0
D061301185;9066;IMBIRAS, RUA;;;297;;25/06/2013 00:42;2;CO;73;6856; ; ;3;0;0;1;0;0;0;0;0;0;0;0;0;0;0;0;0;9066;IMBIRAS, RUA;;;83;TREMEMBE;3;0
D061301600;10270;JOAO DIAS, AV;;;2780;;25/06/2013 04:00;2;CO;92;5159; ; ;0;1;0;0;0;0;0;0;0;0;0;0;0;0;0;1;0;10270;JOAO DIAS, AV;;;72;SANTO AMARO;1;0
D061302052;17824;SAPOPEMBA, AV;;;12360;;25/06/2013 04:20;4;AT;69;6818; ; ;1;0;0;0;0;0;0;0;0;0;0;0;0;0;0;0;0;17824;SAPOPEMBA, AV;;;33;IPIRANGA;1;0
D061302105;15967;PEDRO I, AV DOM;;;982;;25/06/2013 05:11;2;QM;6;2991; ; ;0;1;0;0;0;0;0;0;0;0;0;0;0;0;0;0;0;15967;PEDRO I, AV DOM;;;12;BUTANTA;0;1
D061301469;10270;JOAO DIAS, AV;;;2200;;25/06/2013 06:30;2;QM;11;7392; ; ;0;1;0;0;0;0;0;0;0;0;0;0;0;0;0;1;0;10270;JOAO DIAS, AV;;;72;SANTO AMARO;1;0
D061301483;36031;COLONIA, ES DA;;;644;;25/06/2013 06:40;4;AT;25;1637; ; ;0;1;0;0;0;0;0;0;0;0;0;0;0;0;0;0;0;36031;COLONIA, ES DA;;;76;SAO MIGUEL;1;0
D061301922;9590;ITAQUERA-GUAIANAZES, ES;;;2172;;25/06/2013 07:00;2;QM;44;3685; ; ;1;1;0;0;0;0;0;0;0;0;0;0;0;0;0;0;0;9590;ITAQUERA-GUAIANAZES, ES;;;36;ITAQUERA;1;0
D061301410;5539;CRISTOVAO GIRAO, RUA;;;200;;25/06/2013 07:00;2;CH;58;1320; ; ;1;1;0;0;0;0;0;0;0;0;0;0;0;0;0;0;0;5539;CRISTOVAO GIRAO, RUA;;;87;VILA FORMOSA;1;0
D061301727;4936;CEMBIRA, RUA;;;532;;25/06/2013 07:30;2;CO;22;1709; ; ;2;0;0;0;0;0;0;0;0;0;0;0;0;0;0;0;0;4936;CEMBIRA, RUA;;;86;VILA CURUCA;1;0
D061300656;9529;ITAPECERICA, ES DE;;;2611;;25/06/2013 07:30;2;CO;37;4884; ; ;0;1;0;0;0;0;0;0;0;0;0;1;0;0;0;0;0;9529;ITAPECERICA, ES DE;;;29;FREGUESIA DO O;1;0
D061301222;7444;FRANCISCO FRANCO MACHADO, RUA;;;55;;25/06/2013 07:35;2;CL;90;2549; ; ;1;1;0;0;0;0;0;0;0;0;0;0;0;0;0;0;0;7444;FRANCISCO FRANCO MACHADO, RUA;;;94;VILA MEDEIROS;1;0
D061300150;543;ALCANTARA MACHADO, AV;;;2250;;25/06/2013 07:53;2;CO;8;5054; ; ;1;1;0;0;0;0;0;0;0;0;0;0;0;0;0;0;0;543;ALCANTARA MACHADO, AV;;;10;BRAS;1;0
D061301020;34562;JOAO PAULO I, AV;;;1246;;25/06/2013 08:00;2;CO;28;3358; ; ;1;1;0;0;0;0;0;0;0;0;0;0;0;0;0;0;0;34562;JOAO PAULO I, AV;;;4;ARICANDUVA;2;0
D061301476;4371;CARLOS GOMES, RUA;;;400;;25/06/2013 08:20;2;CO;11;7731; ; ;0;1;0;0;0;0;0;0;0;0;0;0;0;0;0;1;0;4371;CARLOS GOMES, RUA;;;72;SANTO AMARO;1;0
D061301593;59676;FRANCISCO ASSIS GARRIDO, RUA;;;250;;25/06/2013 08:30;2;CO;92;3954; ; ;1;1;0;0;0;0;0;0;0;0;0;0;0;0;0;0;0;59676;FRANCISCO ASSIS GARRIDO, RUA;;;29;FREGUESIA DO O;1;0
D061301983;6927;HARRY DANHENBERG, RUA;;;46;;25/06/2013 08:30;2;QD;53;4590; ; ;0;0;1;0;0;0;0;0;0;0;0;0;0;0;0;0;0;6927;HARRY DANHENBERG, RUA;;;24;CIDADE LIDER;1;0
D061301793;9477;ITAJUIBE, RUA;;;858;;25/06/2013 08:47;2;CO;50;7839; ; ;0;0;0;0;1;0;0;1;0;0;0;0;0;0;0;0;0;9477;ITAJUIBE, RUA;;;35;ITAIM PAULISTA;1;0
D061301799;9264;IPES, AV DOS;67835;BALIEIRA BRANCA, RUA;0;;25/06/2013 09:40;2;CO;59;2197; ; ;2;0;0;0;0;0;0;0;0;0;0;0;0;0;0;0;0;9264;IPES, AV DOS;67835;BALIEIRA BRANCA, RUA;86;VILA CURUCA;1;0
D061300411;7658;FUNCHAL, RUA;;;222;;25/06/2013 10:00;2;CO;96;2969; ; ;1;1;0;0;0;0;0;0;0;0;0;0;0;0;0;0;0;7658;FUNCHAL, RUA;;;34;ITAIM BIBI;1;0
D061300825;8000;GIOVANNI GRONCHI, AV;;;3500;;25/06/2013 10:00;2;CO;89;5794; ; ;2;0;0;0;0;0;0;0;0;0;0;0;0;0;0;0;0;8000;GIOVANNI GRONCHI, AV;;;55;MORUMBI;1;0
D061301307;6440;EMILIA MARENGO, RUA;12101;LUCILIA DE QUEIROZ, RUA;0;;25/06/2013 10:00;2;CO;30;3262; ; ;2;0;0;0;0;0;0;0;0;0;0;0;0;0;0;0;0;1967;APUCARANA, RUA;6440;EMILIA MARENGO, RUA;82;TATUAPE;1;0
D061300183;18197;SILVA TELES, RUA;17278;RODOVALHO DA FONSECA, RUA;0;;25/06/2013 10:05;2;CO;12;7223; ; ;1;1;0;0;0;0;0;0;0;0;0;0;0;0;0;0;0;17278;RODOVALHO DA FONSECA, RUA;18197;SILVA TELES, RUA;  ;;1;0
D061302130;15032;ORATORIO, AV DO;14792;NOVA TIMBOTEUA, RUA;0;;25/06/2013 11:00;4;AT;70;3077; ; ;0;0;1;0;0;0;0;0;0;0;0;0;0;0;0;0;0;14792;NOVA TIMBOTEUA, RUA;15032;ORATORIO, AV DO;74;SAO LUCAS;0;1
D061301004;99052;SANTA INES, ES;;;434;;25/06/2013 11:20;2;CO;20;900117; ; ;1;1;0;0;0;0;0;0;0;0;0;0;0;0;0;0;0;99052;SANTA INES, ES;;;13;CACHOEIRINHA;1;0
D061300849;12436;MACEDO SOARES, AV EMB;;;0;SOB  - PTE REMEDI;25/06/2013 11:30;2;SI;91;4762; ; ;0;1;0;0;0;0;0;0;0;0;0;0;0;0;0;0;0;29772;MARGINAL DO RIO TIETE, AV;;;48;LAPA;1;0
D061302107;12436;MACEDO SOARES, AV EMB;;;0;PROXIMO  - PTE DOS RE;25/06/2013 11:30;2;SI;14;4762; ; ;0;1;0;0;0;0;0;0;0;0;0;0;0;0;0;0;0;29772;MARGINAL DO RIO TIETE, AV;;;48;LAPA;0;1
D061301847;13881;MIGUEL, AV S;;;6300;;25/06/2013 12:00;2;CO;63;5350; ; ;1;1;0;0;0;0;0;0;0;0;0;0;0;0;0;0;0;13881;MIGUEL, AV S;;;65;PONTE RASA;1;0
D061301308;34122;MELO FREIRE, RUA;7014;FERNANDES PINHEIRO, RUA;0;;25/06/2013 12:09;2;CO;30;3264; ; ;1;1;0;0;0;0;0;0;0;0;0;0;0;0;0;0;0;7014;FERNANDES PINHEIRO, RUA;34122;MELO FREIRE, RUA;82;TATUAPE;1;0
D061301954;21220;CADENCIA, RUA;;;127;;25/06/2013 13:24;4;AT;49;8871; ; ;1;0;0;0;0;0;0;0;0;0;0;0;0;0;0;0;0;21220;CADENCIA, RUA;;;75;SAO MATEUS;1;0
D061301782;9806;PIRES DO RIO, AV;;;2980;;25/06/2013 13:30;2;CO;32;8197; ; ;1;0;0;0;0;0;0;1;0;0;0;0;0;0;0;0;0;9806;PIRES DO RIO, AV;;;76;SAO MIGUEL;2;0
D061301800;4751;TOMAS LOPES DE CAMARGO, AV;;;100;;25/06/2013 13:42;2;CF;59;2204; ; ;1;1;0;0;0;0;0;0;0;0;0;0;0;0;0;0;0;4751;TOMAS LOPES DE CAMARGO, AV;;;54;MOOCA;1;0
D061300081;21064;PLINIO DE QUEIROZ, VD DR;;;0;NADA CONSTA ;25/06/2013 14:00;2;CT;4;4396; ; ;0;1;0;0;0;0;0;0;1;0;0;0;0;0;0;0;0;21064;PLINIO DE QUEIROZ, VD DR;;;17;CAMPO LIMPO;1;0
D061301764;98965;CALIM EID, AV;;;444;;25/06/2013 14:33;2;CO;24;6924; ; ;1;1;0;0;0;0;0;0;0;0;0;0;0;0;0;0;0;98965;CALIM EID, AV;;;60;PENHA;1;0
D061301575;15507;TEOTONIO VILELA, AV SEN;;;7200;;25/06/2013 15:22;4;AT;85;3024; ; ;1;0;0;0;0;0;0;0;0;0;0;0;0;0;0;0;0;15507;TEOTONIO VILELA, AV SEN;;;23;CIDADE DUTRA;1;0
D061300564;8811;HOMEM DE MELO, RUA DR;4248;CARDOSO DE ALMEIDA, RUA;0;;25/06/2013 16:00;4;AT;23;4771; ; ;0;0;0;0;0;0;0;0;0;0;0;0;0;0;0;1;0;4248;CARDOSO DE ALMEIDA, RUA;8811;HOMEM DE MELO, RUA DR;61;PERDIZES;1;0
D061300943;21876;CAMPO DE BAGATELLE, PCA;;;0;NADA CONSTA ;25/06/2013 16:52;4;AT;13;7122; ; ;0;0;0;0;0;0;0;0;0;0;0;1;0;0;0;0;0;21876;CAMPO DE BAGATELLE, PCA;;;8;BELEM;1;0
D061300392;19583;VERGUEIRO, RUA;14326;MURIAE, RUA;0;;25/06/2013 17:00;2;CL;95;2921; ; ;1;1;0;0;0;0;0;0;0;0;0;0;0;0;0;0;0;14326;MURIAE, RUA;19583;VERGUEIRO, RUA;33;IPIRANGA;1;0
D061300594;1232;ANASTACIO, AV DO;;;500;;25/06/2013 17:40;2;QM;33;6081; ; ;0;1;0;0;0;0;0;0;0;0;0;0;0;0;0;0;0;1232;ANASTACIO, AV DO;;;73;SAO DOMINGOS;1;0
D061301693;15507;TEOTONIO VILELA, AV SEN;;;2000;;25/06/2013 18:20;2;QM;101;5031; ; ;0;1;0;0;0;0;0;0;0;0;0;0;0;0;0;0;0;15507;TEOTONIO VILELA, AV SEN;;;23;CIDADE DUTRA;1;0
D061300972;12897;MARCELINO MACHADO, PCA;17577;SABOIA DE MEDEIROS, RUA PDE;0;;25/06/2013 18:25;2;CO;19;6022; ; ;1;1;0;0;0;0;0;0;0;0;0;0;0;0;0;0;0;12897;MARCELINO MACHADO, PCA;17577;SABOIA DE MEDEIROS, RUA PDE;  ;;1;0
D061301229;15126;OSCAR ROSSINI, RUA CABO;3615;BASILIO NOGUEIRA DA COSTA, AL PSARG;0;;25/06/2013 18:41;2;CO;90;6852; ; ;0;1;0;0;0;0;0;0;0;0;0;1;0;0;0;0;0;3615;BASILIO NOGUEIRA DA COSTA, AL PSARG;15126;OSCAR ROSSINI, RUA CABO;91;VILA MARIA;1;0
D061300643;73482;BONIFACIO DUX, RUA FREI;;;87;;25/06/2013 18:50;4;AT;34;5754; ; ;1;0;0;0;0;0;0;0;0;0;0;0;0;0;0;0;0;73482;BONIFACIO DUX, RUA FREI;;;13;CACHOEIRINHA;1;0
D061301896;16679;PUCCI, RUA CAP;;;100;;25/06/2013 19:00;4;AT;68;7870; ; ;1;0;0;0;0;0;0;0;0;0;0;0;0;0;0;0;0;16679;PUCCI, RUA CAP;;;50;LIMAO;1;0
D061301747;17820;TITO, AV MAL;;;2068;;25/06/2013 19:30;2;CO;22;5359; ; ;1;1;0;0;0;0;0;0;0;0;0;0;0;0;0;0;0;17820;TITO, AV MAL;;;53;MOEMA;1;0
D061300672;99949;CARLOS CALDEIRA FILHO, AV;17566;SABIN, AV;0;;25/06/2013 20:00;2;SI;37;5752; ; ;0;1;0;0;0;0;0;0;0;0;0;0;0;0;0;0;0;17566;SABIN, AV;99949;CARLOS CALDEIRA FILHO, AV;19;CAPAO REDONDO;2;0
D061300463;6544;ERMANO MARCHETTI, AV;41846;PEDRO CORAZZA, PCA DR;0;;25/06/2013 20:06;2;CL;7;7177; ; ;0;2;0;0;0;0;0;0;0;0;0;0;0;0;0;0;0;6471;SAO VICENTE, AV MARQ DE;41846;PEDRO CORAZZA, PCA DR;6;BARRA FUNDA;1;0
D061300129;10908;JOSE DE QUEIROS ARANHA, RUA DR;553;ALCEU WAMOSY, RUA;0;;25/06/2013 20:30;4;AT;6;5067; ; ;1;0;0;0;0;0;0;0;0;0;0;0;0;0;0;0;0;553;ALCEU WAMOSY, RUA;10908;JOSE DE QUEIROS ARANHA, RUA DR;92;VILA MARIANA;1;0
D061300780;8603;HEITOR ANTONIO EIRAS GARCIA, AV ENG;;;100;;25/06/2013 21:00;2;CO;75;5757; ; ;1;1;0;0;0;0;0;0;0;0;0;0;0;0;0;0;0;8603;HEITOR ANTONIO EIRAS GARCIA, AV ENG;;;68;RIO PEQUENO;1;0
D061302007;26565;SOUZA RAMOS, AV;;;39;;25/06/2013 21:00;4;AT;54;8896; ; ;1;0;0;0;0;0;0;0;0;0;0;0;0;0;0;0;0;26565;SOUZA RAMOS, AV;;;50;LIMAO;1;0
D061301567;20048;YERVANT KISSAJIKIAN, AV;;;1757;;25/06/2013 22:00;4;AT;80;6813; ; ;1;0;0;0;0;0;0;0;0;0;0;0;0;0;0;0;0;20048;YERVANT KISSAJIKIAN, AV;;;29;FREGUESIA DO O;1;0
D061302106;1571;ANTONIO AYROSA, RUA;;;446;;25/06/2013 23:09;2;TB;33;6083; ; ;0;1;0;0;0;0;0;0;0;0;0;0;0;0;0;0;0;1571;ANTONIO AYROSA, RUA;;;39;JAGUARA;1;1
D061301692;10036;JEQUIRITUBA, RUA;;;2700;;25/06/2013 23:12;2;CO;101;5008;B; ;0;1;0;0;0;0;0;0;0;0;0;0;0;0;0;0;0;10036;JEQUIRITUBA, RUA;;;30;GRAJAU;1;0
D061301252;25957;ARICANDUVA, PTE;;;10;;25/06/2013 23:30;2;CO;10;7255; ; ;0;1;0;0;0;0;0;0;0;0;0;0;0;0;0;1;0;25957;ARICANDUVA, PTE;;;3;ANHANGUERA;1;0
D061301258;36081;ALBERTO BADRA, VD ENG;;;0;NADA CONSTA ;25/06/2013 23:30;2;QM;10;7919; ; ;1;1;0;0;0;0;0;0;0;0;0;0;0;0;0;0;0;36081;ALBERTO BADRA, VD ENG;;;27;CURSINO;2;0